version 1
nodes
0 "weapon_bone" -1
1 "weapon_bone_1" 0
2 "weapon_bone_2" 1
end
skeleton
time 0
0  0.000000 0.000000 0.000000  0.000000 -0.000000 0.000000
1  14.088358 31.544582 117.256065  0.000000 -0.000000 1.570796
2  45.980618 14.194363 2.605309  0.000000 -0.000000 -1.570796
end
triangles
Material_0
0  -0.354542 2.953266 1.640148  0.000000 -1.000000 0.000000  0.353755 0.846102 0
0  -0.355718 2.953266 1.652566  0.000000 -1.000000 0.000000  0.353755 0.846102 0
0  -0.421049 2.953266 1.573918  0.000000 -1.000000 0.000000  0.354615 0.846102 0
Material_0
0  0.456928 2.953266 1.573918  0.000000 -1.000000 -0.000003  0.343438 0.846102 0
0  0.391598 2.953266 1.652942  0.000000 -1.000000 -0.000003  0.344211 0.846102 0
0  0.390357 2.953266 1.640148  0.000000 -1.000000 -0.000003  0.344211 0.846102 0
Material_0
0  -0.138690 3.324188 0.852539  0.998223 0.050221 0.032087  0.351004 0.847569 0
0  -0.136861 3.295811 0.839745  0.998946 0.045858 0.001897  0.351004 0.847406 0
0  -0.136861 3.270330 0.781793  0.999940 0.010947 -0.000005  0.351004 0.847324 0
Material_0
0  0.172283 3.295811 0.839745  -0.998092 0.050259 -0.035866  0.347049 0.847406 0
0  0.174439 3.324188 0.852539  -0.997992 0.063312 0.001886  0.346963 0.847569 0
0  0.172283 3.270330 0.781793  -0.999940 0.010934 -0.000011  0.347049 0.847324 0
Material_0
0  -0.436466 -2.728406 -0.652686  -0.485203 -0.867846 -0.106874  0.145260 0.827437 0
0  -0.520481 -2.668468 -0.750525  -0.484206 -0.865667 -0.127144  0.152396 0.827926 0
0  -0.436466 -2.719140 -0.721550  -0.485201 -0.867847 -0.106874  0.145260 0.827518 0
Material_0
0  0.559367 -2.668468 -0.750525  0.484203 -0.865668 -0.127148  0.152396 0.827926 0
0  0.475287 -2.728406 -0.652686  0.485202 -0.867848 -0.106863  0.145260 0.827437 0
0  0.475287 -2.719140 -0.721550  0.485205 -0.867846 -0.106863  0.145260 0.827518 0
Material_0
0  -0.421049 2.600587 0.870978  -0.999998 0.002205 0.000000  0.148527 0.844634 0
0  -0.421048 2.600587 1.573918  -0.999998 0.002205 0.000000  0.148527 0.844634 0
0  -0.421049 3.247166 0.925166  -0.999998 0.002205 0.000000  0.148527 0.847243 0
Material_0
0  -0.421048 2.600587 1.573918  -0.999998 0.002205 0.000000  0.148527 0.844634 0
0  -0.421049 2.953266 1.573918  -0.999998 0.002205 0.000000  0.148527 0.846102 0
0  -0.421049 3.247166 0.925166  -0.999998 0.002205 0.000000  0.148527 0.847243 0
Material_0
0  -0.421049 3.247166 0.925166  -0.999998 0.002205 0.000000  0.148527 0.847243 0
0  -0.421049 2.953266 1.573918  -0.999998 0.002205 0.000000  0.148527 0.846102 0
0  -0.421049 3.120051 1.573918  -0.999998 0.002205 0.000000  0.148527 0.846754 0
Material_0
0  -0.417651 0.734686 2.472538  -0.994414 0.002182 0.105529  0.148441 0.837217 0
0  -0.417716 0.174395 2.472538  -0.994416 0.002420 0.105504  0.148441 0.835017 0
0  -0.329455 0.734686 3.072369  -0.999998 0.002175 0.000173  0.147323 0.837217 0
Material_0
0  -0.329455 0.734686 3.072369  -0.999998 0.002175 0.000173  0.147323 0.837217 0
0  -0.417716 0.174395 2.472538  -0.994416 0.002420 0.105504  0.148441 0.835017 0
0  -0.314951 0.245336 3.179617  -0.999997 0.002204 0.000026  0.147151 0.835343 0
Material_0
0  -0.417716 0.174395 2.472538  -0.994416 0.002420 0.105504  0.148441 0.835017 0
0  -0.183310 0.188873 3.191659  -0.000172 -0.990249 0.139311  0.145518 0.835098 0
0  -0.314951 0.245336 3.179617  -0.999997 0.002204 0.000026  0.147151 0.835343 0
Material_0
0  -0.183310 0.188873 3.191659  -0.000172 -0.990249 0.139311  0.145518 0.835098 0
0  -0.279738 0.287322 3.730906  -0.999998 -0.002183 0.000012  0.146722 0.835506 0
0  -0.314951 0.245336 3.179617  -0.999997 0.002204 0.000026  0.147151 0.835343 0
Material_0
0  -0.314951 0.245336 3.179617  -0.999997 0.002204 0.000026  0.147151 0.835343 0
0  -0.279738 0.287322 3.730906  -0.999998 -0.002183 0.000012  0.146722 0.835506 0
0  -0.329455 0.734686 3.072369  -0.999998 0.002175 0.000173  0.147323 0.837217 0
Material_0
0  -0.279738 0.287322 3.730906  -0.999998 -0.002183 0.000012  0.146722 0.835506 0
0  -0.279738 0.734686 3.796759  -0.999998 0.002183 -0.000008  0.146722 0.837217 0
0  -0.329455 0.734686 3.072369  -0.999998 0.002175 0.000173  0.147323 0.837217 0
Material_0
0  -0.417716 0.174395 2.472538  -0.994416 0.002420 0.105504  0.148441 0.835017 0
0  -0.186446 0.114168 2.447701  -0.003957 -0.982414 0.186671  0.145518 0.834772 0
0  -0.183310 0.188873 3.191659  -0.000172 -0.990249 0.139311  0.145518 0.835098 0
Material_0
0  -0.186446 0.114168 2.447701  -0.003957 -0.982414 0.186671  0.145518 0.834772 0
0  0.222588 0.114168 2.447701  -0.003627 -0.982408 0.186711  0.140273 0.834772 0
0  -0.183310 0.188873 3.191659  -0.000172 -0.990249 0.139311  0.145518 0.835098 0
Material_0
0  -0.183310 0.188873 3.191659  -0.000172 -0.990249 0.139311  0.145518 0.835098 0
0  0.222588 0.114168 2.447701  -0.003627 -0.982408 0.186711  0.140273 0.834772 0
0  0.222327 0.188873 3.191659  0.000207 -0.990249 0.139305  0.140273 0.835098 0
Material_0
0  0.222588 0.114168 2.447701  -0.003627 -0.982408 0.186711  0.140273 0.834772 0
0  0.353903 0.244468 3.179617  0.999997 0.002215 -0.000053  0.138640 0.835343 0
0  0.222327 0.188873 3.191659  0.000207 -0.990249 0.139305  0.140273 0.835098 0
Material_0
0  0.222327 0.188873 3.191659  0.000207 -0.990249 0.139305  0.140273 0.835098 0
0  0.353903 0.244468 3.179617  0.999997 0.002215 -0.000053  0.138640 0.835343 0
0  0.318690 0.282400 3.730906  0.999998 0.002199 -0.000013  0.139070 0.835424 0
Material_0
0  0.353903 0.244468 3.179617  0.999997 0.002215 -0.000053  0.138640 0.835343 0
0  0.368406 0.734687 3.072369  0.999998 0.002175 0.000151  0.138468 0.837217 0
0  0.318690 0.282400 3.730906  0.999998 0.002199 -0.000013  0.139070 0.835424 0
Material_0
0  0.318690 0.282400 3.730906  0.999998 0.002199 -0.000013  0.139070 0.835424 0
0  0.368406 0.734687 3.072369  0.999998 0.002175 0.000151  0.138468 0.837217 0
0  0.318690 0.734686 3.796759  0.999998 0.002185 0.000001  0.139070 0.837217 0
Material_0
0  0.453205 0.734687 2.472538  0.970984 0.002175 0.239133  0.137350 0.837217 0
0  0.368406 0.734687 3.072369  0.999998 0.002175 0.000151  0.138468 0.837217 0
0  0.453270 0.174395 2.472538  0.970943 0.002424 0.239300  0.137350 0.835017 0
Material_0
0  0.368406 0.734687 3.072369  0.999998 0.002175 0.000151  0.138468 0.837217 0
0  0.353903 0.244468 3.179617  0.999997 0.002215 -0.000053  0.138640 0.835343 0
0  0.453270 0.174395 2.472538  0.970943 0.002424 0.239300  0.137350 0.835017 0
Material_0
0  0.453270 0.174395 2.472538  0.970943 0.002424 0.239300  0.137350 0.835017 0
0  0.353903 0.244468 3.179617  0.999997 0.002215 -0.000053  0.138640 0.835343 0
0  0.222588 0.114168 2.447701  -0.003627 -0.982408 0.186711  0.140273 0.834772 0
Material_0
0  0.318690 0.282400 3.730906  0.999998 0.002199 -0.000013  0.139070 0.835424 0
0  0.251465 0.228253 3.730906  -0.007400 -0.994040 0.108768  0.139929 0.835261 0
0  0.222327 0.188873 3.191659  0.000207 -0.990249 0.139305  0.140273 0.835098 0
Material_0
0  0.222327 0.188873 3.191659  0.000207 -0.990249 0.139305  0.140273 0.835098 0
0  0.251465 0.228253 3.730906  -0.007400 -0.994040 0.108768  0.139929 0.835261 0
0  -0.183310 0.188873 3.191659  -0.000172 -0.990249 0.139311  0.145518 0.835098 0
Material_0
0  0.251465 0.228253 3.730906  -0.007400 -0.994040 0.108768  0.139929 0.835261 0
0  -0.212513 0.231727 3.730906  -0.007807 -0.994036 0.108771  0.145862 0.835261 0
0  -0.183310 0.188873 3.191659  -0.000172 -0.990249 0.139311  0.145518 0.835098 0
Material_0
0  -0.183310 0.188873 3.191659  -0.000172 -0.990249 0.139311  0.145518 0.835098 0
0  -0.212513 0.231727 3.730906  -0.007807 -0.994036 0.108771  0.145862 0.835261 0
0  -0.279738 0.287322 3.730906  -0.999998 -0.002183 0.000012  0.146722 0.835506 0
Material_0
0  -0.279738 0.287322 3.730906  -0.999998 -0.002183 0.000012  0.146722 0.835506 0
0  -0.212513 0.231727 3.730906  -0.007807 -0.994036 0.108771  0.145862 0.835261 0
0  -0.208593 0.283558 3.992815  -0.274897 -0.831105 0.483422  0.145776 0.835424 0
Material_0
0  -0.212513 0.231727 3.730906  -0.007807 -0.994036 0.108771  0.145862 0.835261 0
0  0.251465 0.228253 3.730906  -0.007400 -0.994040 0.108768  0.139929 0.835261 0
0  -0.208593 0.283558 3.992815  -0.274897 -0.831105 0.483422  0.145776 0.835424 0
Material_0
0  -0.208593 0.283558 3.992815  -0.274897 -0.831105 0.483422  0.145776 0.835424 0
0  0.251465 0.228253 3.730906  -0.007400 -0.994040 0.108768  0.139929 0.835261 0
0  0.247545 0.283268 3.992815  0.257832 -0.838309 0.480375  0.140015 0.835424 0
Material_0
0  0.251465 0.228253 3.730906  -0.007400 -0.994040 0.108768  0.139929 0.835261 0
0  0.318690 0.282400 3.730906  0.999998 0.002199 -0.000013  0.139070 0.835424 0
0  0.247545 0.283268 3.992815  0.257832 -0.838309 0.480375  0.140015 0.835424 0
Material_0
0  0.247545 0.283268 3.992815  0.257832 -0.838309 0.480375  0.140015 0.835424 0
0  0.318690 0.282400 3.730906  0.999998 0.002199 -0.000013  0.139070 0.835424 0
0  0.318690 0.336257 3.998083  0.999998 0.002007 0.000050  0.139070 0.835669 0
Material_0
0  0.318690 0.282400 3.730906  0.999998 0.002199 -0.000013  0.139070 0.835424 0
0  0.318690 0.734686 3.796759  0.999998 0.002185 0.000001  0.139070 0.837217 0
0  0.318690 0.336257 3.998083  0.999998 0.002007 0.000050  0.139070 0.835669 0
Material_0
0  0.318690 0.336257 3.998083  0.999998 0.002007 0.000050  0.139070 0.835669 0
0  0.318690 0.734686 3.796759  0.999998 0.002185 0.000001  0.139070 0.837217 0
0  0.318690 0.938824 4.116243  0.999998 0.002205 -0.000000  0.139070 0.838033 0
Material_0
0  0.318690 0.938824 4.116243  0.999998 0.002205 -0.000000  0.139070 0.838033 0
0  0.318690 0.734686 3.796759  0.999998 0.002185 0.000001  0.139070 0.837217 0
0  0.318690 1.336384 4.343908  0.999998 0.002205 -0.000000  0.139070 0.839663 0
Material_0
0  0.318690 0.734686 3.796759  0.999998 0.002185 0.000001  0.139070 0.837217 0
0  0.318689 2.142220 3.796759  0.999998 0.002190 -0.000000  0.139070 0.842841 0
0  0.318690 1.336384 4.343908  0.999998 0.002205 -0.000000  0.139070 0.839663 0
Material_0
0  0.318689 2.142220 3.796759  0.999998 0.002190 -0.000000  0.139070 0.842841 0
0  0.318690 2.006128 4.463198  0.999998 0.002166 0.000181  0.139070 0.842352 0
0  0.318690 1.336384 4.343908  0.999998 0.002205 -0.000000  0.139070 0.839663 0
Material_0
0  0.318690 1.336384 4.343908  0.999998 0.002205 -0.000000  0.139070 0.839663 0
0  0.318690 2.006128 4.463198  0.999998 0.002166 0.000181  0.139070 0.842352 0
0  0.318690 1.365919 4.463198  0.999998 0.002183 0.000196  0.139070 0.839744 0
Material_0
0  0.318690 1.365919 4.463198  0.999998 0.002183 0.000196  0.139070 0.839744 0
0  0.318690 2.006128 4.463198  0.999998 0.002166 0.000181  0.139070 0.842352 0
0  0.263159 1.378659 4.518515  0.000155 0.002003 0.999998  0.139757 0.839826 0
Material_0
0  0.318690 2.006128 4.463198  0.999998 0.002166 0.000181  0.139070 0.842352 0
0  0.277205 2.006128 4.517762  0.000203 0.002197 0.999998  0.139585 0.842352 0
0  0.263159 1.378659 4.518515  0.000155 0.002003 0.999998  0.139757 0.839826 0
Material_0
0  0.277205 2.006128 4.517762  0.000203 0.002197 0.999998  0.139585 0.842352 0
0  -0.224207 1.382424 4.518515  -0.000138 0.002053 0.999998  0.146034 0.839826 0
0  0.263159 1.378659 4.518515  0.000155 0.002003 0.999998  0.139757 0.839826 0
Material_0
0  0.263159 1.378659 4.518515  0.000155 0.002003 0.999998  0.139757 0.839826 0
0  -0.224207 1.382424 4.518515  -0.000138 0.002053 0.999998  0.146034 0.839826 0
0  0.263159 1.309745 4.464703  -0.003781 -0.852229 0.523155  0.139757 0.839500 0
Material_0
0  -0.224207 1.382424 4.518515  -0.000138 0.002053 0.999998  0.146034 0.839826 0
0  -0.224207 1.313509 4.464703  -0.003782 -0.852223 0.523165  0.146034 0.839581 0
0  0.263159 1.309745 4.464703  -0.003781 -0.852229 0.523155  0.139757 0.839500 0
Material_0
0  -0.224207 1.313509 4.464703  -0.003782 -0.852223 0.523165  0.146034 0.839581 0
0  -0.224207 1.292661 4.380410  -0.003834 -0.798109 0.602501  0.146034 0.839500 0
0  0.263159 1.309745 4.464703  -0.003781 -0.852229 0.523155  0.139757 0.839500 0
Material_0
0  0.263159 1.309745 4.464703  -0.003781 -0.852229 0.523155  0.139757 0.839500 0
0  -0.224207 1.292661 4.380410  -0.003834 -0.798109 0.602501  0.146034 0.839500 0
0  0.263159 1.288608 4.380410  -0.003787 -0.798089 0.602527  0.139757 0.839500 0
Material_0
0  0.263159 1.288608 4.380410  -0.003787 -0.798089 0.602527  0.139757 0.839500 0
0  -0.224207 1.292661 4.380410  -0.003834 -0.798109 0.602501  0.146034 0.839500 0
0  0.263159 0.919423 4.168926  0.000013 -0.352729 0.935726  0.139757 0.837951 0
Material_0
0  -0.224207 1.292661 4.380410  -0.003834 -0.798109 0.602501  0.146034 0.839500 0
0  -0.224207 0.923477 4.168926  -0.000031 -0.352709 0.935733  0.146034 0.838033 0
0  0.263159 0.919423 4.168926  0.000013 -0.352729 0.935726  0.139757 0.837951 0
Material_0
0  0.263159 0.919423 4.168926  0.000013 -0.352729 0.935726  0.139757 0.837951 0
0  -0.224207 0.923477 4.168926  -0.000031 -0.352709 0.935733  0.146034 0.838033 0
0  0.263159 0.369556 4.059045  -0.000015 -0.385039 0.922900  0.139757 0.835832 0
Material_0
0  -0.224207 0.923477 4.168926  -0.000031 -0.352709 0.935733  0.146034 0.838033 0
0  -0.224207 0.373320 4.059045  -0.000010 -0.385046 0.922898  0.146034 0.835832 0
0  0.263159 0.369556 4.059045  -0.000015 -0.385039 0.922900  0.139757 0.835832 0
Material_0
0  0.111135 2.192892 4.517762  0.000000 0.002205 0.999997  0.141735 0.843086 0
0  -0.071987 2.192892 4.517762  0.000000 0.002205 0.999998  0.144056 0.843086 0
0  0.261133 2.050141 4.517762  0.000000 0.002205 0.999998  0.139843 0.842515 0
Material_0
0  -0.071987 2.192892 4.517762  0.000000 0.002205 0.999998  0.144056 0.843086 0
0  -0.238318 2.006128 4.517762  -0.000199 0.002188 0.999998  0.146206 0.842352 0
0  0.261133 2.050141 4.517762  0.000000 0.002205 0.999998  0.139843 0.842515 0
Material_0
0  0.261133 2.050141 4.517762  0.000000 0.002205 0.999998  0.139843 0.842515 0
0  -0.238318 2.006128 4.517762  -0.000199 0.002188 0.999998  0.146206 0.842352 0
0  0.277205 2.006128 4.517762  0.000203 0.002197 0.999998  0.139585 0.842352 0
Material_0
0  0.277205 2.006128 4.517762  0.000203 0.002197 0.999998  0.139585 0.842352 0
0  -0.238318 2.006128 4.517762  -0.000199 0.002188 0.999998  0.146206 0.842352 0
0  -0.224207 1.382424 4.518515  -0.000138 0.002053 0.999998  0.146034 0.839826 0
Material_0
0  -0.224207 1.382424 4.518515  -0.000138 0.002053 0.999998  0.146034 0.839826 0
0  -0.238318 2.006128 4.517762  -0.000199 0.002188 0.999998  0.146206 0.842352 0
0  -0.279738 1.370842 4.463198  -0.999998 0.002157 0.000223  0.146722 0.839826 0
Material_0
0  -0.238318 2.006128 4.517762  -0.000199 0.002188 0.999998  0.146206 0.842352 0
0  -0.279738 2.006128 4.463198  -0.999998 0.002184 0.000172  0.146722 0.842352 0
0  -0.279738 1.370842 4.463198  -0.999998 0.002157 0.000223  0.146722 0.839826 0
Material_0
0  -0.279738 2.006128 4.463198  -0.999998 0.002184 0.000172  0.146722 0.842352 0
0  -0.279738 2.142219 3.796759  -0.999998 0.002152 -0.000232  0.146722 0.842841 0
0  -0.279738 1.370842 4.463198  -0.999998 0.002157 0.000223  0.146722 0.839826 0
Material_0
0  -0.279738 1.370842 4.463198  -0.999998 0.002157 0.000223  0.146722 0.839826 0
0  -0.279738 2.142219 3.796759  -0.999998 0.002152 -0.000232  0.146722 0.842841 0
0  -0.279738 1.341017 4.343908  -0.999998 0.002205 -0.000000  0.146722 0.839663 0
Material_0
0  -0.279738 1.341017 4.343908  -0.999998 0.002205 -0.000000  0.146722 0.839663 0
0  -0.279738 2.142219 3.796759  -0.999998 0.002152 -0.000232  0.146722 0.842841 0
0  -0.279738 0.943457 4.116243  -0.999998 0.002205 0.000000  0.146722 0.838114 0
Material_0
0  -0.279738 2.142219 3.796759  -0.999998 0.002152 -0.000232  0.146722 0.842841 0
0  -0.279738 0.734686 3.796759  -0.999998 0.002183 -0.000008  0.146722 0.837217 0
0  -0.279738 0.943457 4.116243  -0.999998 0.002205 0.000000  0.146722 0.838114 0
Material_0
0  -0.279738 0.943457 4.116243  -0.999998 0.002205 0.000000  0.146722 0.838114 0
0  -0.279738 0.734686 3.796759  -0.999998 0.002183 -0.000008  0.146722 0.837217 0
0  -0.279738 0.340890 3.998083  -0.999998 0.001962 0.000037  0.146722 0.835669 0
Material_0
0  -0.279738 0.734686 3.796759  -0.999998 0.002183 -0.000008  0.146722 0.837217 0
0  -0.279738 0.287322 3.730906  -0.999998 -0.002183 0.000012  0.146722 0.835506 0
0  -0.279738 0.340890 3.998083  -0.999998 0.001962 0.000037  0.146722 0.835669 0
Material_0
0  -0.279738 0.340890 3.998083  -0.999998 0.001962 0.000037  0.146722 0.835669 0
0  -0.279738 0.287322 3.730906  -0.999998 -0.002183 0.000012  0.146722 0.835506 0
0  -0.208593 0.283558 3.992815  -0.274897 -0.831105 0.483422  0.145776 0.835424 0
Material_0
0  -0.222182 2.050140 4.517762  0.000000 0.002205 0.999998  0.145948 0.842515 0
0  -0.238318 2.006128 4.517762  -0.000199 0.002188 0.999998  0.146206 0.842352 0
0  -0.071987 2.192892 4.517762  0.000000 0.002205 0.999998  0.144056 0.843086 0
Material_0
0  -0.279738 2.142219 3.796759  -0.999998 0.002152 -0.000232  0.146722 0.842841 0
0  -0.279738 2.006128 4.463198  -0.999998 0.002184 0.000172  0.146722 0.842352 0
0  -0.279738 2.142219 4.574208  -0.999998 0.002158 0.000023  0.146722 0.842841 0
Material_0
0  -0.279738 2.006128 4.463198  -0.999998 0.002184 0.000172  0.146722 0.842352 0
0  -0.279738 2.006128 4.574208  -0.999998 0.002205 0.000000  0.146722 0.842352 0
0  -0.279738 2.142219 4.574208  -0.999998 0.002158 0.000023  0.146722 0.842841 0
Material_0
0  -0.279738 2.006128 4.574208  -0.999998 0.002205 0.000000  0.146722 0.842352 0
0  -0.279738 2.006128 4.629148  -0.999998 0.002205 0.000000  0.146722 0.842352 0
0  -0.279738 2.142219 4.574208  -0.999998 0.002158 0.000023  0.146722 0.842841 0
Material_0
0  -0.279738 2.006128 4.629148  -0.999998 0.002205 0.000000  0.146722 0.842352 0
0  -0.279738 2.142219 4.629148  -0.999997 0.002259 -0.000169  0.146722 0.842841 0
0  -0.279738 2.142219 4.574208  -0.999998 0.002158 0.000023  0.146722 0.842841 0
Material_0
0  -0.279738 2.142219 4.629148  -0.999997 0.002259 -0.000169  0.146722 0.842841 0
0  -0.359833 2.201578 4.629148  -0.832222 -0.554443 0.000214  0.147753 0.843086 0
0  -0.279738 2.142219 4.574208  -0.999998 0.002158 0.000023  0.146722 0.842841 0
Material_0
0  -0.279738 2.142219 4.574208  -0.999998 0.002158 0.000023  0.146722 0.842841 0
0  -0.359833 2.201578 4.629148  -0.832222 -0.554443 0.000214  0.147753 0.843086 0
0  -0.279738 2.142219 3.796759  -0.999998 0.002152 -0.000232  0.146722 0.842841 0
Material_0
0  -0.279738 2.142219 3.796759  -0.999998 0.002152 -0.000232  0.146722 0.842841 0
0  -0.359833 2.201578 4.629148  -0.832222 -0.554443 0.000214  0.147753 0.843086 0
0  -0.359833 2.201289 3.796759  -0.832216 -0.554452 -0.000001  0.147753 0.843086 0
Material_0
0  -0.359833 2.201578 4.629148  -0.832222 -0.554443 0.000214  0.147753 0.843086 0
0  -0.440974 2.469128 4.629148  -0.999998 0.002163 0.000195  0.148785 0.844145 0
0  -0.359833 2.201289 3.796759  -0.832216 -0.554452 -0.000001  0.147753 0.843086 0
Material_0
0  -0.359833 2.201289 3.796759  -0.832216 -0.554452 -0.000001  0.147753 0.843086 0
0  -0.440974 2.469128 4.629148  -0.999998 0.002163 0.000195  0.148785 0.844145 0
0  -0.440974 2.468549 3.796759  -0.999998 0.002187 0.000035  0.148785 0.844145 0
Material_0
0  -0.440974 2.469128 4.629148  -0.999998 0.002163 0.000195  0.148785 0.844145 0
0  -0.346506 2.744786 4.629148  -0.824532 0.565275 0.024741  0.147581 0.845287 0
0  -0.440974 2.468549 3.796759  -0.999998 0.002187 0.000035  0.148785 0.844145 0
Material_0
0  -0.440974 2.468549 3.796759  -0.999998 0.002187 0.000035  0.148785 0.844145 0
0  -0.346506 2.744786 4.629148  -0.824532 0.565275 0.024741  0.147581 0.845287 0
0  -0.346506 2.744497 3.796759  -0.824516 0.565309 0.024496  0.147581 0.845287 0
Material_0
0  -0.346506 2.744497 3.796759  -0.824516 0.565309 0.024496  0.147581 0.845287 0
0  -0.346506 2.744786 4.629148  -0.824532 0.565275 0.024741  0.147581 0.845287 0
0  -0.243937 2.823545 3.796759  -0.735094 0.677962 -0.001885  0.146292 0.845531 0
Material_0
0  -0.346506 2.744786 4.629148  -0.824532 0.565275 0.024741  0.147581 0.845287 0
0  -0.244068 2.824124 4.629148  -0.735091 0.677966 -0.001845  0.146292 0.845531 0
0  -0.243937 2.823545 3.796759  -0.735094 0.677962 -0.001885  0.146292 0.845531 0
Material_0
0  -0.243937 2.823545 3.796759  -0.735094 0.677962 -0.001885  0.146292 0.845531 0
0  -0.244068 2.824124 4.629148  -0.735091 0.677966 -0.001845  0.146292 0.845531 0
0  -0.189909 2.927496 3.796759  -0.972797 0.231629 -0.003775  0.145604 0.845939 0
Material_0
0  -0.244068 2.824124 4.629148  -0.735091 0.677966 -0.001845  0.146292 0.845531 0
0  -0.189974 2.928654 4.629148  -0.971812 0.235751 -0.001877  0.145604 0.846020 0
0  -0.189909 2.927496 3.796759  -0.972797 0.231629 -0.003775  0.145604 0.845939 0
Material_0
0  -0.189974 2.928654 4.629148  -0.971812 0.235751 -0.001877  0.145604 0.846020 0
0  -0.189386 2.955004 4.629148  -0.999998 0.002119 0.000018  0.145604 0.846102 0
0  -0.189909 2.927496 3.796759  -0.972797 0.231629 -0.003775  0.145604 0.845939 0
Material_0
0  -0.189909 2.927496 3.796759  -0.972797 0.231629 -0.003775  0.145604 0.845939 0
0  -0.189386 2.955004 4.629148  -0.999998 0.002119 0.000018  0.145604 0.846102 0
0  -0.189386 2.953846 3.796759  -0.999997 0.002215 -0.000009  0.145604 0.846102 0
Material_0
0  -0.189386 2.955004 4.629148  -0.999998 0.002119 0.000018  0.145604 0.846102 0
0  -0.189386 3.108468 1.751158  -0.999998 0.002171 -0.000022  0.145604 0.846672 0
0  -0.189386 2.953846 3.796759  -0.999997 0.002215 -0.000009  0.145604 0.846102 0
Material_0
0  -0.189386 2.953846 3.796759  -0.999997 0.002215 -0.000009  0.145604 0.846102 0
0  -0.189386 3.108468 1.751158  -0.999998 0.002171 -0.000022  0.145604 0.846672 0
0  -0.189386 2.953266 1.751158  -0.999998 0.002170 0.000169  0.145604 0.846102 0
Material_0
0  -0.189386 2.953266 1.751158  -0.999998 0.002170 0.000169  0.145604 0.846102 0
0  -0.189386 3.108468 1.751158  -0.999998 0.002171 -0.000022  0.145604 0.846672 0
0  -0.254717 2.953266 1.672134  -0.510850 0.002139 0.859667  0.146378 0.846102 0
Material_0
0  -0.189386 3.108468 1.751158  -0.999998 0.002171 -0.000022  0.145604 0.846672 0
0  -0.254717 3.108468 1.672134  -0.510867 0.002369 0.859656  0.146378 0.846672 0
0  -0.254717 2.953266 1.672134  -0.510850 0.002139 0.859667  0.146378 0.846102 0
Material_0
0  -0.254717 2.953266 1.672134  -0.510850 0.002139 0.859667  0.146378 0.846102 0
0  -0.254717 3.108468 1.672134  -0.510867 0.002369 0.859656  0.146378 0.846672 0
0  -0.355718 3.108468 1.652566  -0.510839 0.002216 0.859674  0.147667 0.846672 0
Material_0
0  -0.355718 3.108468 1.652566  -0.510839 0.002216 0.859674  0.147667 0.846672 0
0  -0.254717 3.108468 1.672134  -0.510867 0.002369 0.859656  0.146378 0.846672 0
0  -0.365452 3.182016 1.604399  -0.000043 0.998130 0.061130  0.147839 0.846998 0
Material_0
0  -0.254717 3.108468 1.672134  -0.510867 0.002369 0.859656  0.146378 0.846672 0
0  -0.179195 3.184911 1.619827  -0.000118 0.998120 0.061292  0.145432 0.846998 0
0  -0.365452 3.182016 1.604399  -0.000043 0.998130 0.061130  0.147839 0.846998 0
Material_0
0  -0.365452 3.182016 1.604399  -0.000043 0.998130 0.061130  0.147839 0.846998 0
0  -0.179195 3.184911 1.619827  -0.000118 0.998120 0.061292  0.145432 0.846998 0
0  -0.155480 3.208365 1.468929  -0.000853 0.998120 0.061285  0.145088 0.847080 0
Material_0
0  -0.155480 3.208365 1.468929  -0.000853 0.998120 0.061285  0.145088 0.847080 0
0  -0.179195 3.184911 1.619827  -0.000118 0.998120 0.061292  0.145432 0.846998 0
0  -0.044222 3.208365 1.468929  0.000210 0.998126 0.061199  0.143712 0.847080 0
Material_0
0  -0.179195 3.184911 1.619827  -0.000118 0.998120 0.061292  0.145432 0.846998 0
0  -0.044222 3.185201 1.618698  0.000172 0.998127 0.061181  0.143712 0.846998 0
0  -0.044222 3.208365 1.468929  0.000210 0.998126 0.061199  0.143712 0.847080 0
Material_0
0  -0.044222 3.208365 1.468929  0.000210 0.998126 0.061199  0.143712 0.847080 0
0  -0.044222 3.185201 1.618698  0.000172 0.998127 0.061181  0.143712 0.846998 0
0  0.005364 3.130475 1.684552  0.688863 0.724646 0.018851  0.143110 0.846754 0
Material_0
0  -0.044222 3.185201 1.618698  0.000172 0.998127 0.061181  0.143712 0.846998 0
0  -0.044222 3.174777 1.751158  -0.000017 1.000000 -0.000009  0.143712 0.846998 0
0  0.005364 3.130475 1.684552  0.688863 0.724646 0.018851  0.143110 0.846754 0
Material_0
0  -0.044222 3.174777 1.751158  -0.000017 1.000000 -0.000009  0.143712 0.846998 0
0  0.019475 3.117734 1.684552  -0.013103 0.999914 0.000008  0.142853 0.846754 0
0  0.005364 3.130475 1.684552  0.688863 0.724646 0.018851  0.143110 0.846754 0
Material_0
0  0.005364 3.130475 1.684552  0.688863 0.724646 0.018851  0.143110 0.846754 0
0  0.019475 3.117734 1.684552  -0.013103 0.999914 0.000008  0.142853 0.846754 0
0  0.019475 3.118024 1.500914  0.028409 0.998130 0.054130  0.142853 0.846754 0
Material_0
0  0.019475 3.117734 1.684552  -0.013103 0.999914 0.000008  0.142853 0.846754 0
0  0.083172 3.185201 1.618698  -0.000016 0.998128 0.061156  0.142079 0.846998 0
0  0.019475 3.118024 1.500914  0.028409 0.998130 0.054130  0.142853 0.846754 0
Material_0
0  0.019475 3.118024 1.500914  0.028409 0.998130 0.054130  0.142853 0.846754 0
0  0.083172 3.185201 1.618698  -0.000016 0.998128 0.061156  0.142079 0.846998 0
0  0.083172 3.208365 1.468929  -0.000190 0.998128 0.061152  0.142079 0.847080 0
Material_0
0  0.083172 3.208365 1.468929  -0.000190 0.998128 0.061152  0.142079 0.847080 0
0  0.083172 3.185201 1.618698  -0.000016 0.998128 0.061156  0.142079 0.846998 0
0  0.194430 3.208365 1.468929  0.000035 0.998118 0.061324  0.140703 0.847080 0
Material_0
0  0.083172 3.185201 1.618698  -0.000016 0.998128 0.061156  0.142079 0.846998 0
0  0.218080 3.184911 1.619827  0.000142 0.998119 0.061299  0.140359 0.846998 0
0  0.194430 3.208365 1.468929  0.000035 0.998118 0.061324  0.140703 0.847080 0
Material_0
0  0.218080 3.184911 1.619827  0.000142 0.998119 0.061299  0.140359 0.846998 0
0  0.401985 3.182016 1.604022  0.000033 0.998128 0.061159  0.138038 0.846998 0
0  0.194430 3.208365 1.468929  0.000035 0.998118 0.061324  0.140703 0.847080 0
Material_0
0  0.194430 3.208365 1.468929  0.000035 0.998118 0.061324  0.140703 0.847080 0
0  0.401985 3.182016 1.604022  0.000033 0.998128 0.061159  0.138038 0.846998 0
0  0.174439 3.324188 0.852539  -0.000018 0.998120 0.061298  0.140875 0.847569 0
Material_0
0  0.401985 3.182016 1.604022  0.000033 0.998128 0.061159  0.138038 0.846998 0
0  0.381733 3.311158 0.939089  -0.000029 0.998119 0.061308  0.138296 0.847487 0
0  0.174439 3.324188 0.852539  -0.000018 0.998120 0.061298  0.140875 0.847569 0
Material_0
0  -0.355718 2.953266 1.652566  -0.510692 0.002203 0.859761  0.147667 0.846102 0
0  -0.254717 2.953266 1.672134  -0.510850 0.002139 0.859667  0.146378 0.846102 0
0  -0.355718 3.108468 1.652566  -0.510839 0.002216 0.859674  0.147667 0.846672 0
Material_0
0  -0.365452 3.182016 1.604399  -0.000043 0.998130 0.061130  0.147839 0.846998 0
0  -0.155480 3.208365 1.468929  -0.000853 0.998120 0.061285  0.145088 0.847080 0
0  -0.345788 3.311158 0.939089  0.000029 0.998118 0.061329  0.147581 0.847487 0
Material_0
0  -0.345788 3.311158 0.939089  0.000029 0.998118 0.061329  0.147581 0.847487 0
0  -0.155480 3.208365 1.468929  -0.000853 0.998120 0.061285  0.145088 0.847080 0
0  -0.138690 3.324188 0.852539  0.000036 0.998118 0.061325  0.144916 0.847569 0
Material_0
0  0.019475 3.118024 1.500914  0.028409 0.998130 0.054130  0.142853 0.846754 0
0  -0.044222 3.208365 1.468929  0.000210 0.998126 0.061199  0.143712 0.847080 0
0  0.005364 3.130475 1.684552  0.688863 0.724646 0.018851  0.143110 0.846754 0
Material_0
0  -0.044222 3.185201 1.618698  0.000172 0.998127 0.061181  0.143712 0.846998 0
0  -0.179195 3.184911 1.619827  -0.000118 0.998120 0.061292  0.145432 0.846998 0
0  -0.044222 3.174777 1.751158  -0.000017 1.000000 -0.000009  0.143712 0.846998 0
Material_0
0  0.401985 3.182016 1.604022  0.000033 0.998128 0.061159  0.138038 0.846998 0
0  0.218080 3.184911 1.619827  0.000142 0.998119 0.061299  0.140359 0.846998 0
0  0.391990 3.108469 1.652942  0.510854 -0.002218 0.859665  0.138124 0.846672 0
Material_0
0  0.391990 3.108469 1.652942  0.510854 -0.002218 0.859665  0.138124 0.846672 0
0  0.218080 3.184911 1.619827  0.000142 0.998119 0.061299  0.140359 0.846998 0
0  0.293667 3.108469 1.671758  0.510840 -0.002158 0.859673  0.139413 0.846672 0
Material_0
0  0.218080 3.184911 1.619827  0.000142 0.998119 0.061299  0.140359 0.846998 0
0  0.228271 3.108469 1.751158  0.999998 0.002144 0.000038  0.140273 0.846672 0
0  0.293667 3.108469 1.671758  0.510840 -0.002158 0.859673  0.139413 0.846672 0
Material_0
0  0.228271 3.108469 1.751158  0.999998 0.002144 0.000038  0.140273 0.846672 0
0  0.228272 2.953266 1.751158  1.000000 0.000000 0.000169  0.140273 0.846102 0
0  0.293667 3.108469 1.671758  0.510840 -0.002158 0.859673  0.139413 0.846672 0
Material_0
0  0.228272 2.953266 1.751158  1.000000 0.000000 0.000169  0.140273 0.846102 0
0  0.293667 2.953266 1.671758  0.510863 -0.002218 0.859659  0.139413 0.846102 0
0  0.293667 3.108469 1.671758  0.510840 -0.002158 0.859673  0.139413 0.846672 0
Material_0
0  0.293667 2.953266 1.671758  0.510863 -0.002218 0.859659  0.139413 0.846102 0
0  0.391598 2.953266 1.652942  0.510696 -0.002173 0.859758  0.138124 0.846102 0
0  0.293667 3.108469 1.671758  0.510840 -0.002158 0.859673  0.139413 0.846672 0
Material_0
0  0.293667 3.108469 1.671758  0.510840 -0.002158 0.859673  0.139413 0.846672 0
0  0.391598 2.953266 1.652942  0.510696 -0.002173 0.859758  0.138124 0.846102 0
0  0.391990 3.108469 1.652942  0.510854 -0.002218 0.859665  0.138124 0.846672 0
Material_0
0  0.228271 3.108469 1.751158  0.999998 0.002144 0.000038  0.140273 0.846672 0
0  0.218080 3.184911 1.619827  0.000142 0.998119 0.061299  0.140359 0.846998 0
0  0.161765 3.174777 1.751158  0.000012 1.000000 -0.000038  0.141047 0.846998 0
Material_0
0  0.161765 3.174777 1.751158  0.000012 1.000000 -0.000038  0.141047 0.846998 0
0  0.218080 3.184911 1.619827  0.000142 0.998119 0.061299  0.140359 0.846998 0
0  0.083172 3.185201 1.618698  -0.000016 0.998128 0.061156  0.142079 0.846998 0
Material_0
0  0.228272 2.953266 1.751158  1.000000 0.000000 0.000169  0.140273 0.846102 0
0  0.228271 3.108469 1.751158  0.999998 0.002144 0.000038  0.140273 0.846672 0
0  0.228272 3.108468 4.302139  0.999998 0.002177 0.000012  0.140273 0.846672 0
Material_0
0  0.228272 3.108468 4.302139  0.999998 0.002177 0.000012  0.140273 0.846672 0
0  0.228271 3.108469 1.751158  0.999998 0.002144 0.000038  0.140273 0.846672 0
0  0.161765 3.174777 4.253595  -0.000025 1.000000 0.000090  0.141047 0.846998 0
Material_0
0  0.228271 3.108469 1.751158  0.999998 0.002144 0.000038  0.140273 0.846672 0
0  0.161765 3.174777 1.751158  0.000012 1.000000 -0.000038  0.141047 0.846998 0
0  0.161765 3.174777 4.253595  -0.000025 1.000000 0.000090  0.141047 0.846998 0
Material_0
0  0.228272 2.953266 1.751158  1.000000 0.000000 0.000169  0.140273 0.846102 0
0  0.228272 3.108468 4.302139  0.999998 0.002177 0.000012  0.140273 0.846672 0
0  0.228272 2.953846 3.796759  0.999997 0.002200 -0.000001  0.140273 0.846102 0
Material_0
0  0.228272 3.108468 4.302139  0.999998 0.002177 0.000012  0.140273 0.846672 0
0  0.228272 2.955004 4.629148  0.999998 0.002123 -0.000006  0.140273 0.846102 0
0  0.228272 2.953846 3.796759  0.999997 0.002200 -0.000001  0.140273 0.846102 0
Material_0
0  0.228272 2.953846 3.796759  0.999997 0.002200 -0.000001  0.140273 0.846102 0
0  0.228272 2.955004 4.629148  0.999998 0.002123 -0.000006  0.140273 0.846102 0
0  0.228925 2.928654 4.629148  0.972839 0.227384 -0.043373  0.140187 0.846020 0
Material_0
0  0.228272 2.955004 4.629148  0.999998 0.002123 -0.000006  0.140273 0.846102 0
0  0.165751 2.927785 4.695379  0.000200 0.002272 0.999997  0.141047 0.845939 0
0  0.228925 2.928654 4.629148  0.972839 0.227384 -0.043373  0.140187 0.846020 0
Material_0
0  0.165751 2.927785 4.695379  0.000200 0.002272 0.999997  0.141047 0.845939 0
0  0.282170 2.822966 4.629148  0.746378 0.664991 0.026580  0.139585 0.845531 0
0  0.228925 2.928654 4.629148  0.972839 0.227384 -0.043373  0.140187 0.846020 0
Material_0
0  0.228925 2.928654 4.629148  0.972839 0.227384 -0.043373  0.140187 0.846020 0
0  0.282170 2.822966 4.629148  0.746378 0.664991 0.026580  0.139585 0.845531 0
0  0.282104 2.822677 3.796759  0.746385 0.664991 0.026384  0.139585 0.845531 0
Material_0
0  0.282170 2.822966 4.629148  0.746378 0.664991 0.026580  0.139585 0.845531 0
0  0.385457 2.739574 3.796759  0.829779 0.558088 0.001876  0.138210 0.845205 0
0  0.282104 2.822677 3.796759  0.746385 0.664991 0.026384  0.139585 0.845531 0
Material_0
0  0.228272 2.953846 3.796759  0.999997 0.002200 -0.000001  0.140273 0.846102 0
0  0.228925 2.928654 4.629148  0.972839 0.227384 -0.043373  0.140187 0.846020 0
0  0.228795 2.927496 3.796759  0.972837 0.227398 -0.043336  0.140187 0.845939 0
Material_0
0  0.228925 2.928654 4.629148  0.972839 0.227384 -0.043373  0.140187 0.846020 0
0  0.282104 2.822677 3.796759  0.746385 0.664991 0.026384  0.139585 0.845531 0
0  0.228795 2.927496 3.796759  0.972837 0.227398 -0.043336  0.140187 0.845939 0
Material_0
0  0.165751 2.927785 4.695379  0.000200 0.002272 0.999997  0.141047 0.845939 0
0  0.228272 2.955004 4.629148  0.999998 0.002123 -0.000006  0.140273 0.846102 0
0  0.161766 2.955004 4.695379  0.000015 0.849961 0.526846  0.141047 0.846102 0
Material_0
0  0.228272 2.955004 4.629148  0.999998 0.002123 -0.000006  0.140273 0.846102 0
0  0.228272 3.108468 4.302139  0.999998 0.002177 0.000012  0.140273 0.846672 0
0  0.161766 2.955004 4.695379  0.000015 0.849961 0.526846  0.141047 0.846102 0
Material_0
0  0.161766 2.955004 4.695379  0.000015 0.849961 0.526846  0.141047 0.846102 0
0  0.228272 3.108468 4.302139  0.999998 0.002177 0.000012  0.140273 0.846672 0
0  0.161765 3.141478 4.377400  0.000183 0.849987 0.526803  0.141047 0.846835 0
Material_0
0  0.228272 3.108468 4.302139  0.999998 0.002177 0.000012  0.140273 0.846672 0
0  0.161765 3.174777 4.253595  -0.000025 1.000000 0.000090  0.141047 0.846998 0
0  0.161765 3.141478 4.377400  0.000183 0.849987 0.526803  0.141047 0.846835 0
Material_0
0  0.161765 3.141478 4.377400  0.000183 0.849987 0.526803  0.141047 0.846835 0
0  0.161765 3.174777 4.253595  -0.000025 1.000000 0.000090  0.141047 0.846998 0
0  0.083108 3.174777 4.253595  -0.000020 1.000000 -0.000004  0.142079 0.846998 0
Material_0
0  0.161765 3.174777 4.253595  0.000000 1.000000 -0.000000  0.141047 0.846998 0
0  0.161765 3.174777 1.751158  0.000000 1.000000 -0.000000  0.141047 0.846998 0
0  0.083108 3.174777 4.253595  0.000000 1.000000 -0.000000  0.142079 0.846998 0
Material_0
0  0.083108 3.174777 4.253595  0.000000 1.000000 0.000000  0.142079 0.846998 0
0  0.161765 3.174777 1.751158  0.000000 1.000000 0.000000  0.141047 0.846998 0
0  0.083172 3.174777 1.751158  0.000000 1.000000 0.000000  0.142079 0.846998 0
Material_0
0  0.161765 3.174777 1.751158  0.000012 1.000000 -0.000038  0.141047 0.846998 0
0  0.083172 3.185201 1.618698  -0.000016 0.998128 0.061156  0.142079 0.846998 0
0  0.083172 3.174777 1.751158  -0.000011 1.000000 -0.000010  0.142079 0.846998 0
Material_0
0  0.083172 3.174777 1.751158  -0.000011 1.000000 -0.000010  0.142079 0.846998 0
0  0.083172 3.185201 1.618698  -0.000016 0.998128 0.061156  0.142079 0.846998 0
0  0.033587 3.130475 1.684552  -0.675790 0.733616 0.071521  0.142681 0.846754 0
Material_0
0  0.083172 3.185201 1.618698  -0.000016 0.998128 0.061156  0.142079 0.846998 0
0  0.019475 3.117734 1.684552  -0.013103 0.999914 0.000008  0.142853 0.846754 0
0  0.033587 3.130475 1.684552  -0.675790 0.733616 0.071521  0.142681 0.846754 0
Material_0
0  0.033587 3.130475 1.684552  -0.675790 0.733616 0.071521  0.142681 0.846754 0
0  0.019475 3.117734 1.684552  -0.013103 0.999914 0.000008  0.142853 0.846754 0
0  0.019476 3.117734 4.418417  -0.000001 0.850048 0.526705  0.142853 0.846754 0
Material_0
0  0.019475 3.117734 1.684552  -0.013103 0.999914 0.000008  0.142853 0.846754 0
0  -0.044222 3.174777 1.751158  -0.000017 1.000000 -0.000009  0.143712 0.846998 0
0  0.019476 3.117734 4.418417  -0.000001 0.850048 0.526705  0.142853 0.846754 0
Material_0
0  0.083172 3.174777 1.751158  -0.000011 1.000000 -0.000010  0.142079 0.846998 0
0  0.033587 3.130475 1.684552  -0.675790 0.733616 0.071521  0.142681 0.846754 0
0  0.083108 3.174777 4.253595  -0.000020 1.000000 -0.000004  0.142079 0.846998 0
Material_0
0  0.033587 3.130475 1.684552  -0.675790 0.733616 0.071521  0.142681 0.846754 0
0  0.019476 3.117734 4.418417  -0.000001 0.850048 0.526705  0.142853 0.846754 0
0  0.083108 3.174777 4.253595  -0.000020 1.000000 -0.000004  0.142079 0.846998 0
Material_0
0  0.083108 3.174777 4.253595  -0.000020 1.000000 -0.000004  0.142079 0.846998 0
0  0.019476 3.117734 4.418417  -0.000001 0.850048 0.526705  0.142853 0.846754 0
0  0.050638 3.141767 4.377400  -0.000126 0.850018 0.526753  0.142509 0.846835 0
Material_0
0  0.019476 3.117734 4.418417  -0.000001 0.850048 0.526705  0.142853 0.846754 0
0  0.161765 3.141478 4.377400  0.000183 0.849987 0.526803  0.141047 0.846835 0
0  0.050638 3.141767 4.377400  -0.000126 0.850018 0.526753  0.142509 0.846835 0
Material_0
0  0.050638 3.141767 4.377400  -0.000126 0.850018 0.526753  0.142509 0.846835 0
0  0.161765 3.141478 4.377400  0.000183 0.849987 0.526803  0.141047 0.846835 0
0  0.083108 3.174777 4.253595  -0.000020 1.000000 -0.000004  0.142079 0.846998 0
Material_0
0  0.161765 3.141478 4.377400  0.000183 0.849987 0.526803  0.141047 0.846835 0
0  0.019476 3.117734 4.418417  -0.000001 0.850048 0.526705  0.142853 0.846754 0
0  0.161766 2.955004 4.695379  0.000015 0.849961 0.526846  0.141047 0.846102 0
Material_0
0  0.019476 3.117734 4.418417  -0.000001 0.850048 0.526705  0.142853 0.846754 0
0  -0.122814 2.955004 4.695379  0.000013 0.849964 0.526840  0.144744 0.846102 0
0  0.161766 2.955004 4.695379  0.000015 0.849961 0.526846  0.141047 0.846102 0
Material_0
0  0.161766 2.955004 4.695379  0.000015 0.849961 0.526846  0.141047 0.846102 0
0  -0.122814 2.955004 4.695379  0.000013 0.849964 0.526840  0.144744 0.846102 0
0  -0.126865 2.927785 4.695379  -0.000193 0.002254 0.999997  0.144744 0.845939 0
Material_0
0  -0.122814 2.955004 4.695379  0.000013 0.849964 0.526840  0.144744 0.846102 0
0  -0.189974 2.928654 4.629148  -0.971812 0.235751 -0.001877  0.145604 0.846020 0
0  -0.126865 2.927785 4.695379  -0.000193 0.002254 0.999997  0.144744 0.845939 0
Material_0
0  -0.126865 2.927785 4.695379  -0.000193 0.002254 0.999997  0.144744 0.845939 0
0  -0.189974 2.928654 4.629148  -0.971812 0.235751 -0.001877  0.145604 0.846020 0
0  -0.168676 2.798354 4.695379  -0.000185 0.002306 0.999997  0.145260 0.845450 0
Material_0
0  -0.189974 2.928654 4.629148  -0.971812 0.235751 -0.001877  0.145604 0.846020 0
0  -0.244068 2.824124 4.629148  -0.735091 0.677966 -0.001845  0.146292 0.845531 0
0  -0.168676 2.798354 4.695379  -0.000185 0.002306 0.999997  0.145260 0.845450 0
Material_0
0  -0.244068 2.824124 4.629148  -0.735091 0.677966 -0.001845  0.146292 0.845531 0
0  -0.346506 2.744786 4.629148  -0.824532 0.565275 0.024741  0.147581 0.845287 0
0  -0.168676 2.798354 4.695379  -0.000185 0.002306 0.999997  0.145260 0.845450 0
Material_0
0  -0.168676 2.798354 4.695379  -0.000185 0.002306 0.999997  0.145260 0.845450 0
0  -0.346506 2.744786 4.629148  -0.824532 0.565275 0.024741  0.147581 0.845287 0
0  -0.279934 2.744496 4.695379  0.000019 0.002157 0.999998  0.146722 0.845287 0
Material_0
0  -0.346506 2.744786 4.629148  -0.824532 0.565275 0.024741  0.147581 0.845287 0
0  -0.440974 2.469128 4.629148  -0.999998 0.002163 0.000195  0.148785 0.844145 0
0  -0.279934 2.744496 4.695379  0.000019 0.002157 0.999998  0.146722 0.845287 0
Material_0
0  -0.279934 2.744496 4.695379  0.000019 0.002157 0.999998  0.146722 0.845287 0
0  -0.440974 2.469128 4.629148  -0.999998 0.002163 0.000195  0.148785 0.844145 0
0  -0.374402 2.468839 4.695379  0.000003 0.002217 0.999998  0.147925 0.844145 0
Material_0
0  -0.440974 2.469128 4.629148  -0.999998 0.002163 0.000195  0.148785 0.844145 0
0  -0.359833 2.201578 4.629148  -0.832222 -0.554443 0.000214  0.147753 0.843086 0
0  -0.374402 2.468839 4.695379  0.000003 0.002217 0.999998  0.147925 0.844145 0
Material_0
0  -0.374402 2.468839 4.695379  0.000003 0.002217 0.999998  0.147925 0.844145 0
0  -0.359833 2.201578 4.629148  -0.832222 -0.554443 0.000214  0.147753 0.843086 0
0  -0.293261 2.201289 4.695379  -0.000020 0.002251 0.999997  0.146893 0.843086 0
Material_0
0  -0.359833 2.201578 4.629148  -0.832222 -0.554443 0.000214  0.147753 0.843086 0
0  -0.279738 2.142219 4.629148  -0.999997 0.002259 -0.000169  0.146722 0.842841 0
0  -0.293261 2.201289 4.695379  -0.000020 0.002251 0.999997  0.146893 0.843086 0
Material_0
0  -0.293261 2.201289 4.695379  -0.000020 0.002251 0.999997  0.146893 0.843086 0
0  -0.279738 2.142219 4.629148  -0.999997 0.002259 -0.000169  0.146722 0.842841 0
0  -0.215453 2.159303 4.695379  -0.000186 0.002062 0.999998  0.145862 0.842923 0
Material_0
0  -0.279738 2.142219 4.629148  -0.999997 0.002259 -0.000169  0.146722 0.842841 0
0  -0.279738 2.075621 4.629148  -0.497637 0.037162 0.866589  0.146722 0.842597 0
0  -0.215453 2.159303 4.695379  -0.000186 0.002062 0.999998  0.145862 0.842923 0
Material_0
0  0.161766 2.955004 4.695379  0.000015 0.849961 0.526846  0.141047 0.846102 0
0  -0.126865 2.927785 4.695379  -0.000193 0.002254 0.999997  0.144744 0.845939 0
0  0.165751 2.927785 4.695379  0.000200 0.002272 0.999997  0.141047 0.845939 0
Material_0
0  -0.126865 2.927785 4.695379  -0.000193 0.002254 0.999997  0.144744 0.845939 0
0  0.206909 2.798354 4.695379  0.000138 0.002293 0.999997  0.140531 0.845450 0
0  0.165751 2.927785 4.695379  0.000200 0.002272 0.999997  0.141047 0.845939 0
Material_0
0  0.165751 2.927785 4.695379  0.000200 0.002272 0.999997  0.141047 0.845939 0
0  0.206909 2.798354 4.695379  0.000138 0.002293 0.999997  0.140531 0.845450 0
0  0.282170 2.822966 4.629148  0.746378 0.664991 0.026580  0.139585 0.845531 0
Material_0
0  -0.168676 2.798354 4.695379  -0.000185 0.002306 0.999997  0.145260 0.845450 0
0  0.206909 2.798354 4.695379  0.000138 0.002293 0.999997  0.140531 0.845450 0
0  -0.126865 2.927785 4.695379  -0.000193 0.002254 0.999997  0.144744 0.845939 0
Material_0
0  -0.279738 2.006128 4.629148  -0.999998 0.002161 -0.000038  0.146722 0.842352 0
0  -0.238318 2.006128 4.695379  -0.758421 0.150189 0.634225  0.146206 0.842352 0
0  -0.279738 2.075621 4.629148  -0.497637 0.037162 0.866589  0.146722 0.842597 0
Material_0
0  -0.238318 2.006128 4.695379  -0.758421 0.150189 0.634225  0.146206 0.842352 0
0  -0.222182 2.050140 4.695379  0.000198 0.002162 0.999998  0.145948 0.842515 0
0  -0.279738 2.075621 4.629148  -0.497637 0.037162 0.866589  0.146722 0.842597 0
Material_0
0  -0.279738 2.075621 4.629148  -0.497637 0.037162 0.866589  0.146722 0.842597 0
0  -0.222182 2.050140 4.695379  0.000198 0.002162 0.999998  0.145948 0.842515 0
0  -0.215453 2.159303 4.695379  -0.000186 0.002062 0.999998  0.145862 0.842923 0
Material_0
0  -0.222182 2.050140 4.695379  0.000198 0.002162 0.999998  0.145948 0.842515 0
0  -0.071987 2.192892 4.695379  0.000000 0.002206 0.999998  0.144056 0.843086 0
0  -0.215453 2.159303 4.695379  -0.000186 0.002062 0.999998  0.145862 0.842923 0
Material_0
0  -0.215453 2.159303 4.695379  -0.000186 0.002062 0.999998  0.145862 0.842923 0
0  -0.071987 2.192892 4.695379  0.000000 0.002206 0.999998  0.144056 0.843086 0
0  -0.293261 2.201289 4.695379  -0.000020 0.002251 0.999997  0.146893 0.843086 0
Material_0
0  -0.293261 2.201289 4.695379  -0.000020 0.002251 0.999997  0.146893 0.843086 0
0  -0.071987 2.192892 4.695379  0.000000 0.002206 0.999998  0.144056 0.843086 0
0  -0.374402 2.468839 4.695379  0.000003 0.002217 0.999998  0.147925 0.844145 0
Material_0
0  -0.071987 2.192892 4.695379  0.000000 0.002206 0.999998  0.144056 0.843086 0
0  0.413354 2.464495 4.695378  0.000042 0.002173 0.999998  0.137866 0.844145 0
0  -0.374402 2.468839 4.695379  0.000003 0.002217 0.999998  0.147925 0.844145 0
Material_0
0  -0.374402 2.468839 4.695379  0.000003 0.002217 0.999998  0.147925 0.844145 0
0  0.413354 2.464495 4.695378  0.000042 0.002173 0.999998  0.137866 0.844145 0
0  0.318886 2.740443 4.695379  -0.000006 0.002146 0.999998  0.139070 0.845205 0
Material_0
0  0.413354 2.464495 4.695378  0.000042 0.002173 0.999998  0.137866 0.844145 0
0  0.385457 2.739863 4.629148  0.829783 0.558082 0.002079  0.138210 0.845205 0
0  0.318886 2.740443 4.695379  -0.000006 0.002146 0.999998  0.139070 0.845205 0
Material_0
0  0.318886 2.740443 4.695379  -0.000006 0.002146 0.999998  0.139070 0.845205 0
0  0.385457 2.739863 4.629148  0.829783 0.558082 0.002079  0.138210 0.845205 0
0  0.282170 2.822966 4.629148  0.746378 0.664991 0.026580  0.139585 0.845531 0
Material_0
0  0.282170 2.822966 4.629148  0.746378 0.664991 0.026580  0.139585 0.845531 0
0  0.385457 2.739863 4.629148  0.829783 0.558082 0.002079  0.138210 0.845205 0
0  0.385457 2.739574 3.796759  0.829779 0.558088 0.001876  0.138210 0.845205 0
Material_0
0  0.385457 2.739863 4.629148  0.829783 0.558082 0.002079  0.138210 0.845205 0
0  0.479860 2.464206 4.629148  0.999998 0.002226 0.000212  0.137006 0.844145 0
0  0.385457 2.739574 3.796759  0.829779 0.558088 0.001876  0.138210 0.845205 0
Material_0
0  0.385457 2.739574 3.796759  0.829779 0.558088 0.001876  0.138210 0.845205 0
0  0.479860 2.464206 4.629148  0.999998 0.002226 0.000212  0.137006 0.844145 0
0  0.479860 2.463916 3.796759  0.999998 0.002184 -0.000001  0.137006 0.844145 0
Material_0
0  -0.071987 2.192892 4.695379  0.000000 0.002206 0.999998  0.144056 0.843086 0
0  0.111135 2.192892 4.695379  0.000000 0.002206 0.999998  0.141735 0.843086 0
0  0.413354 2.464495 4.695378  0.000042 0.002173 0.999998  0.137866 0.844145 0
Material_0
0  0.413354 2.464495 4.695378  0.000042 0.002173 0.999998  0.137866 0.844145 0
0  0.111135 2.192892 4.695379  0.000000 0.002206 0.999998  0.141735 0.843086 0
0  0.332213 2.197235 4.695378  -0.000027 0.002162 0.999998  0.138898 0.843086 0
Material_0
0  0.332213 2.197235 4.695378  -0.000027 0.002162 0.999998  0.138898 0.843086 0
0  0.111135 2.192892 4.695379  0.000000 0.002206 0.999998  0.141735 0.843086 0
0  0.254404 2.159303 4.695378  0.000179 0.002081 0.999998  0.139929 0.842923 0
Material_0
0  0.111135 2.192892 4.695379  0.000000 0.002206 0.999998  0.141735 0.843086 0
0  0.261133 2.050141 4.695378  -0.000179 0.002132 0.999998  0.139843 0.842515 0
0  0.254404 2.159303 4.695378  0.000179 0.002081 0.999998  0.139929 0.842923 0
Material_0
0  -0.374402 2.468839 4.695379  0.000003 0.002217 0.999998  0.147925 0.844145 0
0  0.318886 2.740443 4.695379  -0.000006 0.002146 0.999998  0.139070 0.845205 0
0  -0.279934 2.744496 4.695379  0.000019 0.002157 0.999998  0.146722 0.845287 0
Material_0
0  -0.279934 2.744496 4.695379  0.000019 0.002157 0.999998  0.146722 0.845287 0
0  0.318886 2.740443 4.695379  -0.000006 0.002146 0.999998  0.139070 0.845205 0
0  -0.168676 2.798354 4.695379  -0.000185 0.002306 0.999997  0.145260 0.845450 0
Material_0
0  -0.168676 2.798354 4.695379  -0.000185 0.002306 0.999997  0.145260 0.845450 0
0  0.318886 2.740443 4.695379  -0.000006 0.002146 0.999998  0.139070 0.845205 0
0  0.206909 2.798354 4.695379  0.000138 0.002293 0.999997  0.140531 0.845450 0
Material_0
0  0.318886 2.740443 4.695379  -0.000006 0.002146 0.999998  0.139070 0.845205 0
0  0.282170 2.822966 4.629148  0.746378 0.664991 0.026580  0.139585 0.845531 0
0  0.206909 2.798354 4.695379  0.000138 0.002293 0.999997  0.140531 0.845450 0
Material_0
0  0.385457 2.739863 4.629148  0.829783 0.558082 0.002079  0.138210 0.845205 0
0  0.413354 2.464495 4.695378  0.000042 0.002173 0.999998  0.137866 0.844145 0
0  0.479860 2.464206 4.629148  0.999998 0.002226 0.000212  0.137006 0.844145 0
Material_0
0  0.413354 2.464495 4.695378  0.000042 0.002173 0.999998  0.137866 0.844145 0
0  0.332213 2.197235 4.695378  -0.000027 0.002162 0.999998  0.138898 0.843086 0
0  0.479860 2.464206 4.629148  0.999998 0.002226 0.000212  0.137006 0.844145 0
Material_0
0  0.479860 2.464206 4.629148  0.999998 0.002226 0.000212  0.137006 0.844145 0
0  0.332213 2.197235 4.695378  -0.000027 0.002162 0.999998  0.138898 0.843086 0
0  0.398719 2.196656 4.629148  0.819705 -0.572467 0.019099  0.138038 0.843086 0
Material_0
0  0.332213 2.197235 4.695378  -0.000027 0.002162 0.999998  0.138898 0.843086 0
0  0.254404 2.159303 4.695378  0.000179 0.002081 0.999998  0.139929 0.842923 0
0  0.398719 2.196656 4.629148  0.819705 -0.572467 0.019099  0.138038 0.843086 0
Material_0
0  0.254404 2.159303 4.695378  0.000179 0.002081 0.999998  0.139929 0.842923 0
0  0.318690 2.142220 4.629148  0.787428 -0.448753 0.422585  0.139070 0.842841 0
0  0.398719 2.196656 4.629148  0.819705 -0.572467 0.019099  0.138038 0.843086 0
Material_0
0  0.398719 2.196656 4.629148  0.819705 -0.572467 0.019099  0.138038 0.843086 0
0  0.318690 2.142220 4.629148  0.787428 -0.448753 0.422585  0.139070 0.842841 0
0  0.398719 2.196366 3.796759  0.819698 -0.572484 0.018883  0.138038 0.843086 0
Material_0
0  0.318690 2.142220 4.629148  0.787428 -0.448753 0.422585  0.139070 0.842841 0
0  0.318690 2.142220 4.574208  0.999998 0.002191 0.000042  0.139070 0.842841 0
0  0.398719 2.196366 3.796759  0.819698 -0.572484 0.018883  0.138038 0.843086 0
Material_0
0  0.398719 2.196366 3.796759  0.819698 -0.572484 0.018883  0.138038 0.843086 0
0  0.318690 2.142220 4.574208  0.999998 0.002191 0.000042  0.139070 0.842841 0
0  0.318689 2.142220 3.796759  0.999998 0.002190 -0.000000  0.139070 0.842841 0
Material_0
0  0.318689 2.142220 3.796759  0.999998 0.002190 -0.000000  0.139070 0.842841 0
0  0.318690 2.142220 4.574208  0.999998 0.002191 0.000042  0.139070 0.842841 0
0  0.318690 2.006128 4.463198  0.999998 0.002166 0.000181  0.139070 0.842352 0
Material_0
0  0.318690 2.006128 4.463198  0.999998 0.002166 0.000181  0.139070 0.842352 0
0  0.318690 2.142220 4.574208  0.999998 0.002191 0.000042  0.139070 0.842841 0
0  0.318690 2.006128 4.574208  0.999998 0.002205 -0.000000  0.139070 0.842352 0
Material_0
0  0.318690 2.142220 4.574208  0.999998 0.002191 0.000042  0.139070 0.842841 0
0  0.318690 2.075622 4.629148  0.932256 0.010924 0.361634  0.139070 0.842597 0
0  0.318690 2.006128 4.574208  0.999998 0.002205 -0.000000  0.139070 0.842352 0
Material_0
0  0.318690 2.006128 4.574208  0.999998 0.002205 -0.000000  0.139070 0.842352 0
0  0.318690 2.075622 4.629148  0.932256 0.010924 0.361634  0.139070 0.842597 0
0  0.318690 2.006128 4.629148  0.943556 0.045891 0.328018  0.139070 0.842352 0
Material_0
0  0.318690 2.075622 4.629148  0.932256 0.010924 0.361634  0.139070 0.842597 0
0  0.261133 2.050141 4.695378  -0.000179 0.002132 0.999998  0.139843 0.842515 0
0  0.318690 2.006128 4.629148  0.943556 0.045891 0.328018  0.139070 0.842352 0
Material_0
0  0.318690 2.006128 4.629148  0.943556 0.045891 0.328018  0.139070 0.842352 0
0  0.261133 2.050141 4.695378  -0.000179 0.002132 0.999998  0.139843 0.842515 0
0  0.277205 2.006128 4.695378  0.809366 0.294848 0.507928  0.139585 0.842352 0
Material_0
0  0.479860 2.464206 4.629148  0.999998 0.002226 0.000212  0.137006 0.844145 0
0  0.398719 2.196656 4.629148  0.819705 -0.572467 0.019099  0.138038 0.843086 0
0  0.479860 2.463916 3.796759  0.999998 0.002184 -0.000001  0.137006 0.844145 0
Material_0
0  0.479860 2.463916 3.796759  0.999998 0.002184 -0.000001  0.137006 0.844145 0
0  0.398719 2.196656 4.629148  0.819705 -0.572467 0.019099  0.138038 0.843086 0
0  0.398719 2.196366 3.796759  0.819698 -0.572484 0.018883  0.138038 0.843086 0
Material_0
0  0.318690 2.142220 4.574208  0.999998 0.002191 0.000042  0.139070 0.842841 0
0  0.318690 2.142220 4.629148  0.787428 -0.448753 0.422585  0.139070 0.842841 0
0  0.318690 2.075622 4.629148  0.932256 0.010924 0.361634  0.139070 0.842597 0
Material_0
0  0.318690 2.142220 4.629148  0.787428 -0.448753 0.422585  0.139070 0.842841 0
0  0.254404 2.159303 4.695378  0.000179 0.002081 0.999998  0.139929 0.842923 0
0  0.318690 2.075622 4.629148  0.932256 0.010924 0.361634  0.139070 0.842597 0
Material_0
0  0.318690 2.075622 4.629148  0.932256 0.010924 0.361634  0.139070 0.842597 0
0  0.254404 2.159303 4.695378  0.000179 0.002081 0.999998  0.139929 0.842923 0
0  0.261133 2.050141 4.695378  -0.000179 0.002132 0.999998  0.139843 0.842515 0
Material_0
0  -0.189974 2.928654 4.629148  -0.971812 0.235751 -0.001877  0.145604 0.846020 0
0  -0.122814 2.955004 4.695379  0.000013 0.849964 0.526840  0.144744 0.846102 0
0  -0.189386 2.955004 4.629148  -0.999998 0.002119 0.000018  0.145604 0.846102 0
Material_0
0  -0.189386 2.955004 4.629148  -0.999998 0.002119 0.000018  0.145604 0.846102 0
0  -0.122814 2.955004 4.695379  0.000013 0.849964 0.526840  0.144744 0.846102 0
0  -0.122814 3.141478 4.377400  -0.000167 0.850008 0.526770  0.144744 0.846835 0
Material_0
0  -0.122814 2.955004 4.695379  0.000013 0.849964 0.526840  0.144744 0.846102 0
0  0.019476 3.117734 4.418417  -0.000001 0.850048 0.526705  0.142853 0.846754 0
0  -0.122814 3.141478 4.377400  -0.000167 0.850008 0.526770  0.144744 0.846835 0
Material_0
0  -0.122814 3.141478 4.377400  -0.000167 0.850008 0.526770  0.144744 0.846835 0
0  0.019476 3.117734 4.418417  -0.000001 0.850048 0.526705  0.142853 0.846754 0
0  -0.011687 3.141767 4.377400  0.000139 0.850009 0.526768  0.143282 0.846835 0
Material_0
0  0.019476 3.117734 4.418417  -0.000001 0.850048 0.526705  0.142853 0.846754 0
0  -0.044222 3.174777 1.751158  -0.000017 1.000000 -0.000009  0.143712 0.846998 0
0  -0.011687 3.141767 4.377400  0.000139 0.850009 0.526768  0.143282 0.846835 0
Material_0
0  -0.011687 3.141767 4.377400  0.000139 0.850009 0.526768  0.143282 0.846835 0
0  -0.044222 3.174777 1.751158  -0.000017 1.000000 -0.000009  0.143712 0.846998 0
0  -0.044222 3.174777 4.253595  0.000012 1.000000 0.000092  0.143712 0.846998 0
Material_0
0  -0.044222 3.174777 1.751158  0.000000 1.000000 0.000000  0.143712 0.846998 0
0  -0.122814 3.174777 4.253595  0.000000 1.000000 0.000000  0.144744 0.846998 0
0  -0.044222 3.174777 4.253595  0.000000 1.000000 0.000000  0.143712 0.846998 0
Material_0
0  -0.044222 3.174777 4.253595  0.000012 1.000000 0.000092  0.143712 0.846998 0
0  -0.122814 3.174777 4.253595  0.000012 1.000000 -0.000026  0.144744 0.846998 0
0  -0.011687 3.141767 4.377400  0.000139 0.850009 0.526768  0.143282 0.846835 0
Material_0
0  -0.011687 3.141767 4.377400  0.000139 0.850009 0.526768  0.143282 0.846835 0
0  -0.122814 3.174777 4.253595  0.000012 1.000000 -0.000026  0.144744 0.846998 0
0  -0.122814 3.141478 4.377400  -0.000167 0.850008 0.526770  0.144744 0.846835 0
Material_0
0  -0.122814 3.174777 4.253595  0.000012 1.000000 -0.000026  0.144744 0.846998 0
0  -0.189386 3.108468 4.302139  -0.999998 0.002204 0.000034  0.145604 0.846672 0
0  -0.122814 3.141478 4.377400  -0.000167 0.850008 0.526770  0.144744 0.846835 0
Material_0
0  -0.122814 3.141478 4.377400  -0.000167 0.850008 0.526770  0.144744 0.846835 0
0  -0.189386 3.108468 4.302139  -0.999998 0.002204 0.000034  0.145604 0.846672 0
0  -0.189386 2.955004 4.629148  -0.999998 0.002119 0.000018  0.145604 0.846102 0
Material_0
0  -0.189386 2.955004 4.629148  -0.999998 0.002119 0.000018  0.145604 0.846102 0
0  -0.189386 3.108468 4.302139  -0.999998 0.002204 0.000034  0.145604 0.846672 0
0  -0.189386 3.108468 1.751158  -0.999998 0.002171 -0.000022  0.145604 0.846672 0
Material_0
0  -0.189386 3.108468 4.302139  -0.999998 0.002204 0.000034  0.145604 0.846672 0
0  -0.122815 3.174777 1.751158  0.000015 1.000000 0.000043  0.144744 0.846998 0
0  -0.189386 3.108468 1.751158  -0.999998 0.002171 -0.000022  0.145604 0.846672 0
Material_0
0  -0.189386 3.108468 1.751158  -0.999998 0.002171 -0.000022  0.145604 0.846672 0
0  -0.122815 3.174777 1.751158  0.000015 1.000000 0.000043  0.144744 0.846998 0
0  -0.254717 3.108468 1.672134  -0.510867 0.002369 0.859656  0.146378 0.846672 0
Material_0
0  -0.254717 3.108468 1.672134  -0.510867 0.002369 0.859656  0.146378 0.846672 0
0  -0.122815 3.174777 1.751158  0.000015 1.000000 0.000043  0.144744 0.846998 0
0  -0.179195 3.184911 1.619827  -0.000118 0.998120 0.061292  0.145432 0.846998 0
Material_0
0  -0.179195 3.184911 1.619827  -0.000118 0.998120 0.061292  0.145432 0.846998 0
0  -0.122815 3.174777 1.751158  0.000015 1.000000 0.000043  0.144744 0.846998 0
0  -0.044222 3.174777 1.751158  -0.000017 1.000000 -0.000009  0.143712 0.846998 0
Material_0
0  -0.044222 3.174777 1.751158  0.000000 1.000000 -0.000000  0.143712 0.846998 0
0  -0.122815 3.174777 1.751158  0.000000 1.000000 -0.000000  0.144744 0.846998 0
0  -0.122814 3.174777 4.253595  0.000000 1.000000 -0.000000  0.144744 0.846998 0
Material_0
0  -0.122815 3.174777 1.751158  0.000015 1.000000 0.000043  0.144744 0.846998 0
0  -0.189386 3.108468 4.302139  -0.999998 0.002204 0.000034  0.145604 0.846672 0
0  -0.122814 3.174777 4.253595  0.000012 1.000000 -0.000026  0.144744 0.846998 0
Material_0
0  0.172283 1.283975 -0.528505  0.000000 1.000000 -0.000000  0.140961 0.839418 0
0  -0.136861 1.283975 -0.528505  0.000000 1.000000 -0.000000  0.144916 0.839418 0
0  0.172283 1.283975 -0.104408  0.000000 1.000000 -0.000000  0.140961 0.839418 0
Material_0
0  -0.136861 1.283975 -0.528505  -0.000000 1.000000 -0.000000  0.144916 0.839418 0
0  -0.136861 1.283975 -0.104408  -0.000000 1.000000 -0.000000  0.144916 0.839418 0
0  0.172283 1.283975 -0.104408  -0.000000 1.000000 -0.000000  0.140961 0.839418 0
Material_0
0  0.172283 1.283975 -0.104408  -0.000000 1.000000 -0.000204  0.140961 0.839418 0
0  -0.136861 1.283975 -0.104408  -0.000000 1.000000 -0.000204  0.144916 0.839418 0
0  0.172283 1.551814 0.725348  -0.000001 0.742451 -0.669900  0.140961 0.840478 0
Material_0
0  -0.136861 1.283975 -0.104408  -0.000000 1.000000 -0.000204  0.144916 0.839418 0
0  -0.136861 1.551814 0.725348  -0.000000 0.742464 -0.669886  0.144916 0.840478 0
0  0.172283 1.551814 0.725348  -0.000001 0.742451 -0.669900  0.140961 0.840478 0
Material_0
0  0.172283 1.551814 0.725348  -0.000001 0.742451 -0.669900  0.140961 0.840478 0
0  -0.136861 1.551814 0.725348  -0.000000 0.742464 -0.669886  0.144916 0.840478 0
0  0.172283 1.979489 0.912748  -0.000000 0.249148 -0.968466  0.140961 0.842189 0
Material_0
0  -0.136861 1.551814 0.725348  -0.000000 0.742464 -0.669886  0.144916 0.840478 0
0  -0.136861 1.979489 0.912748  -0.000000 0.248591 -0.968609  0.144916 0.842189 0
0  0.172283 1.979489 0.912748  -0.000000 0.249148 -0.968466  0.140961 0.842189 0
Material_0
0  0.172283 1.979489 0.912748  -0.000000 0.249148 -0.968466  0.140961 0.842189 0
0  -0.136861 1.979489 0.912748  -0.000000 0.248591 -0.968609  0.144916 0.842189 0
0  0.172283 3.155666 1.019619  -0.000005 0.089376 -0.995998  0.140961 0.846917 0
Material_0
0  -0.136861 1.979489 0.912748  -0.000000 0.248591 -0.968609  0.144916 0.842189 0
0  -0.136861 3.155955 1.019619  0.000013 0.089612 -0.995977  0.144916 0.846917 0
0  0.172283 3.155666 1.019619  -0.000005 0.089376 -0.995998  0.140961 0.846917 0
Material_0
0  -0.190693 -2.671653 -1.990830  0.000000 -0.991985 -0.126354  0.145604 0.824747 0
0  0.226181 -2.671653 -1.990830  0.000000 -0.991971 -0.126465  0.140273 0.824747 0
0  -0.421310 -2.689026 -1.857242  -0.000000 -0.991959 -0.126557  0.148527 0.824666 0
Material_0
0  0.226181 -2.671653 -1.990830  0.000000 -0.991971 -0.126465  0.140273 0.824747 0
0  0.456733 -2.845387 -0.655696  -0.000002 -0.991956 -0.126580  0.137350 0.824014 0
0  -0.421310 -2.689026 -1.857242  -0.000000 -0.991959 -0.126557  0.148527 0.824666 0
Material_0
0  0.456733 -2.845387 -0.655696  -0.000002 -0.991956 -0.126580  0.137350 0.824014 0
0  0.222719 -2.868262 -0.479961  -0.000001 -0.991987 -0.126337  0.140273 0.823932 0
0  -0.421310 -2.689026 -1.857242  -0.000000 -0.991959 -0.126557  0.148527 0.824666 0
Material_0
0  -0.421310 -2.689026 -1.857242  -0.000000 -0.991959 -0.126557  0.148527 0.824666 0
0  0.222719 -2.868262 -0.479961  -0.000001 -0.991987 -0.126337  0.140273 0.823932 0
0  -0.187295 -2.868262 -0.479961  0.000001 -0.991988 -0.126335  0.145518 0.823932 0
Material_0
0  0.222719 -2.868262 -0.479961  -0.000001 -0.991987 -0.126337  0.140273 0.823932 0
0  0.128839 -2.872605 -0.419752  0.000000 -0.998130 -0.061134  0.141477 0.823932 0
0  -0.187295 -2.868262 -0.479961  0.000001 -0.991988 -0.126335  0.145518 0.823932 0
Material_0
0  -0.187295 -2.868262 -0.479961  0.000001 -0.991988 -0.126335  0.145518 0.823932 0
0  0.128839 -2.872605 -0.419752  0.000000 -0.998130 -0.061134  0.141477 0.823932 0
0  -0.093415 -2.872605 -0.419752  0.000000 -0.998128 -0.061152  0.144314 0.823932 0
Material_0
0  0.456733 -2.689026 -1.857242  -0.000001 -0.991975 -0.126431  0.137350 0.824666 0
0  0.456733 -2.845387 -0.655696  -0.000002 -0.991956 -0.126580  0.137350 0.824014 0
0  0.226181 -2.671653 -1.990830  0.000000 -0.991971 -0.126465  0.140273 0.824747 0
Material_0
0  -0.421310 -2.689026 -1.857242  -0.000000 -0.991959 -0.126557  0.148527 0.824666 0
0  -0.187295 -2.868262 -0.479961  0.000001 -0.991988 -0.126335  0.145518 0.823932 0
0  -0.421309 -2.845387 -0.655696  0.000004 -0.991969 -0.126478  0.148527 0.824014 0
Material_0
0  -0.354542 2.953266 1.640148  -0.000000 0.002205 0.999998  0.147667 0.846102 0
0  -0.345853 2.584661 1.640148  -0.000000 0.002205 0.999998  0.147581 0.844634 0
0  0.390357 2.953266 1.640148  -0.000000 0.002205 0.999998  0.138210 0.846102 0
Material_0
0  -0.345853 2.584661 1.640148  -0.000000 0.002205 0.999998  0.147581 0.844634 0
0  -0.280130 2.303213 1.640148  -0.000000 0.002205 0.999998  0.146722 0.843493 0
0  0.390357 2.953266 1.640148  -0.000000 0.002205 0.999998  0.138210 0.846102 0
Material_0
0  0.390357 2.953266 1.640148  -0.000000 0.002205 0.999998  0.138210 0.846102 0
0  -0.280130 2.303213 1.640148  -0.000000 0.002205 0.999998  0.146722 0.843493 0
0  0.390357 2.008734 1.640148  0.000000 0.002205 0.999998  0.138210 0.842352 0
Material_0
0  -0.280130 2.303213 1.640148  -0.000000 0.002205 0.999998  0.146722 0.843493 0
0  -0.280130 1.545444 1.640148  0.000000 0.002205 0.999998  0.146722 0.840478 0
0  0.390357 2.008734 1.640148  0.000000 0.002205 0.999998  0.138210 0.842352 0
Material_0
0  0.390357 2.008734 1.640148  0.000000 0.002205 0.999998  0.138210 0.842352 0
0  -0.280130 1.545444 1.640148  0.000000 0.002205 0.999998  0.146722 0.840478 0
0  0.390357 1.545444 1.640148  0.000000 0.002205 0.999998  0.138210 0.840478 0
Material_0
0  -0.280130 1.545444 1.640148  0.000000 0.002205 0.999998  0.146722 0.840478 0
0  -0.354868 1.259073 1.640148  0.000000 0.002205 0.999998  0.147667 0.839337 0
0  0.390357 1.545444 1.640148  0.000000 0.002205 0.999998  0.138210 0.840478 0
Material_0
0  0.390357 1.545444 1.640148  0.000000 0.002205 0.999998  0.138210 0.840478 0
0  -0.354868 1.259073 1.640148  0.000000 0.002205 0.999998  0.147667 0.839337 0
0  0.390226 0.879465 1.640148  0.000233 0.002339 0.999997  0.138210 0.837870 0
Material_0
0  -0.354868 1.259073 1.640148  0.000000 0.002205 0.999998  0.147667 0.839337 0
0  -0.354738 0.879465 1.640148  0.000000 0.002343 0.999997  0.147667 0.837870 0
0  0.390226 0.879465 1.640148  0.000233 0.002339 0.999997  0.138210 0.837870 0
Material_0
0  0.390226 0.879465 1.640148  0.000233 0.002339 0.999997  0.138210 0.837870 0
0  -0.354738 0.879465 1.640148  0.000000 0.002343 0.999997  0.147667 0.837870 0
0  0.390226 0.812867 1.706754  -0.000000 1.000000 -0.000180  0.138210 0.837543 0
Material_0
0  -0.354738 0.879465 1.640148  0.000000 0.002343 0.999997  0.147667 0.837870 0
0  -0.354738 0.812867 1.706754  -0.000000 1.000000 -0.000179  0.147667 0.837543 0
0  0.390226 0.812867 1.706754  -0.000000 1.000000 -0.000180  0.138210 0.837543 0
Material_0
0  -0.354738 0.812867 1.706754  -0.000000 1.000000 0.000000  0.147667 0.837543 0
0  -0.354738 0.812867 2.447701  -0.000000 1.000000 0.000000  0.147667 0.837543 0
0  0.390226 0.812867 1.706754  -0.000000 1.000000 0.000000  0.138210 0.837543 0
Material_0
0  0.390226 0.812867 1.706754  -0.000000 1.000000 0.000000  0.138210 0.837543 0
0  -0.354738 0.812867 2.447701  -0.000000 1.000000 0.000000  0.147667 0.837543 0
0  0.390226 0.812867 2.447701  -0.000000 1.000000 0.000000  0.138210 0.837543 0
Material_0
0  -0.354738 0.812867 2.447701  -0.000000 1.000000 -0.000000  0.147667 0.837543 0
0  -0.271637 0.812867 3.072369  -0.000000 1.000000 -0.000000  0.146636 0.837543 0
0  0.390226 0.812867 2.447701  -0.000000 1.000000 -0.000000  0.138210 0.837543 0
Material_0
0  0.390226 0.812867 2.447701  0.000000 1.000000 0.000000  0.138210 0.837543 0
0  -0.271637 0.812867 3.072369  0.000000 1.000000 0.000000  0.146636 0.837543 0
0  0.310589 0.812867 3.072369  0.000000 1.000000 0.000000  0.139156 0.837543 0
Material_0
0  -0.271637 0.812867 3.072369  0.000000 1.000000 -0.000000  0.146636 0.837543 0
0  -0.222770 0.812867 3.664299  0.000000 1.000000 -0.000000  0.145948 0.837543 0
0  0.310589 0.812867 3.072369  0.000000 1.000000 -0.000000  0.139156 0.837543 0
Material_0
0  0.310589 0.812867 3.072369  -0.000010 1.000000 -0.000010  0.139156 0.837543 0
0  -0.222770 0.812867 3.664299  -0.000010 1.000000 -0.000007  0.145948 0.837543 0
0  0.261721 0.808523 3.664299  -0.000011 1.000000 -0.000176  0.139843 0.837543 0
Material_0
0  0.261721 0.808523 3.664299  -0.000011 1.000000 -0.000176  0.139843 0.837543 0
0  -0.222770 0.812867 3.664299  -0.000010 1.000000 -0.000007  0.145948 0.837543 0
0  0.252118 0.875121 3.730906  0.000032 0.002355 -0.999997  0.139929 0.837788 0
Material_0
0  -0.222770 0.812867 3.664299  -0.000010 1.000000 -0.000007  0.145948 0.837543 0
0  -0.213166 0.878886 3.730906  0.000008 0.002326 -0.999997  0.145862 0.837870 0
0  0.252118 0.875121 3.730906  0.000032 0.002355 -0.999997  0.139929 0.837788 0
Material_0
0  0.252118 0.875121 3.730906  0.000032 0.002355 -0.999997  0.139929 0.837788 0
0  -0.213166 0.878886 3.730906  0.000008 0.002326 -0.999997  0.145862 0.837870 0
0  0.252118 2.142220 3.730906  0.000000 0.002205 -0.999998  0.139929 0.842841 0
Material_0
0  -0.213166 0.878886 3.730906  0.000008 0.002326 -0.999997  0.145862 0.837870 0
0  -0.213166 2.142219 3.730906  0.000000 0.002205 -0.999998  0.145862 0.842841 0
0  0.252118 2.142220 3.730906  0.000000 0.002205 -0.999998  0.139929 0.842841 0
Material_0
0  -0.213166 2.142219 3.730906  0.000000 0.002205 -0.999998  0.145862 0.842841 0
0  -0.293262 2.200710 3.730906  -0.000001 0.002205 -0.999998  0.146893 0.843086 0
0  0.252118 2.142220 3.730906  0.000000 0.002205 -0.999998  0.139929 0.842841 0
Material_0
0  0.252118 2.142220 3.730906  0.000000 0.002205 -0.999998  0.139929 0.842841 0
0  -0.293262 2.200710 3.730906  -0.000001 0.002205 -0.999998  0.146893 0.843086 0
0  0.332213 2.196656 3.730906  0.000000 0.002205 -0.999998  0.138898 0.843086 0
Material_0
0  -0.293262 2.200710 3.730906  -0.000001 0.002205 -0.999998  0.146893 0.843086 0
0  -0.374402 2.468260 3.730906  0.000000 0.002205 -0.999998  0.147925 0.844145 0
0  0.332213 2.196656 3.730906  0.000000 0.002205 -0.999998  0.138898 0.843086 0
Material_0
0  0.332213 2.196656 3.730906  0.000000 0.002205 -0.999998  0.138898 0.843086 0
0  -0.374402 2.468260 3.730906  0.000000 0.002205 -0.999998  0.147925 0.844145 0
0  0.413353 2.464206 3.730906  0.000000 0.002205 -0.999998  0.137866 0.844145 0
Material_0
0  -0.374402 2.468260 3.730906  0.000000 0.002205 -0.999998  0.147925 0.844145 0
0  -0.279934 2.743917 3.730906  -0.000000 0.002205 -0.999998  0.146722 0.845287 0
0  0.413353 2.464206 3.730906  0.000000 0.002205 -0.999998  0.137866 0.844145 0
Material_0
0  0.413353 2.464206 3.730906  0.000000 0.002205 -0.999998  0.137866 0.844145 0
0  -0.279934 2.743917 3.730906  -0.000000 0.002205 -0.999998  0.146722 0.845287 0
0  0.318885 2.739864 3.730906  -0.000001 0.002205 -0.999998  0.139070 0.845205 0
Material_0
0  0.318885 2.739864 3.730906  -0.000001 0.002205 -0.999998  0.139070 0.845205 0
0  -0.279934 2.743917 3.730906  -0.000000 0.002205 -0.999998  0.146722 0.845287 0
0  0.163660 2.864372 3.730906  0.000000 0.002205 -0.999998  0.141047 0.845694 0
Material_0
0  -0.279934 2.743917 3.730906  -0.000000 0.002205 -0.999998  0.146722 0.845287 0
0  -0.124709 2.864372 3.730906  0.000000 0.002205 -0.999998  0.144744 0.845694 0
0  0.163660 2.864372 3.730906  0.000000 0.002205 -0.999998  0.141047 0.845694 0
Material_0
0  -0.124709 2.864372 3.730906  0.000000 0.002205 -0.999998  0.144744 0.845694 0
0  -0.122814 2.953846 3.730906  -0.000000 0.002205 -0.999998  0.144744 0.846102 0
0  0.163660 2.864372 3.730906  0.000000 0.002205 -0.999998  0.141047 0.845694 0
Material_0
0  0.163660 2.864372 3.730906  0.000000 0.002205 -0.999998  0.141047 0.845694 0
0  -0.122814 2.953846 3.730906  -0.000000 0.002205 -0.999998  0.144744 0.846102 0
0  0.161765 2.953846 3.730906  0.000000 0.002205 -0.999998  0.141047 0.846102 0
Material_0
0  -0.155480 3.138003 1.455757  -0.000003 1.000000 0.000007  0.145088 0.846835 0
0  -0.044222 3.138003 1.455757  -0.000003 0.994042 0.108995  0.143712 0.846835 0
0  -0.136861 3.155955 1.019619  0.000002 1.000000 0.000030  0.144916 0.846917 0
Material_0
0  -0.044222 3.138003 1.455757  -0.000003 0.994042 0.108995  0.143712 0.846835 0
0  0.194430 3.138003 1.455757  0.000001 1.000000 0.000012  0.140703 0.846835 0
0  -0.136861 3.155955 1.019619  0.000002 1.000000 0.000030  0.144916 0.846917 0
Material_0
0  -0.136861 3.155955 1.019619  0.000002 1.000000 0.000030  0.144916 0.846917 0
0  0.194430 3.138003 1.455757  0.000001 1.000000 0.000012  0.140703 0.846835 0
0  0.172283 3.155666 1.019619  -0.000002 1.000000 0.000026  0.140961 0.846917 0
Material_0
0  0.019475 3.118024 1.500914  0.003704 0.915068 0.403282  0.142853 0.846754 0
0  0.083172 3.138003 1.455757  -0.286509 0.661879 -0.692697  0.142079 0.846835 0
0  -0.044222 3.138003 1.455757  0.000009 0.994020 0.109199  0.143712 0.846835 0
Material_0
0  -0.355718 2.953266 1.652566  0.000000 -1.000000 0.000000  0.147667 0.846102 0
0  -0.354542 2.953266 1.640148  0.000000 -1.000000 0.000000  0.147667 0.846102 0
0  -0.254717 2.953266 1.672134  0.000000 -1.000000 0.000000  0.146378 0.846102 0
Material_0
0  -0.354542 2.953266 1.640148  0.000000 -1.000000 -0.000014  0.147667 0.846102 0
0  0.293667 2.953266 1.671758  0.000000 -1.000000 -0.000014  0.139413 0.846102 0
0  -0.254717 2.953266 1.672134  0.000000 -1.000000 -0.000014  0.146378 0.846102 0
Material_0
0  0.293667 2.953266 1.671758  0.000000 -1.000000 0.000005  0.139413 0.846102 0
0  0.228272 2.953266 1.751158  0.000000 -1.000000 0.000005  0.140273 0.846102 0
0  -0.254717 2.953266 1.672134  0.000000 -1.000000 0.000005  0.146378 0.846102 0
Material_0
0  -0.254717 2.953266 1.672134  0.000000 -1.000000 0.000000  0.146378 0.846102 0
0  0.228272 2.953266 1.751158  0.000000 -1.000000 0.000000  0.140273 0.846102 0
0  -0.189386 2.953266 1.751158  0.000000 -1.000000 0.000000  0.145604 0.846102 0
Material_0
0  0.228272 2.953266 1.751158  0.000000 -1.000000 0.000293  0.140273 0.846102 0
0  0.161765 2.953846 3.730906  0.000000 -1.000000 0.000293  0.141047 0.846102 0
0  -0.189386 2.953266 1.751158  0.000000 -1.000000 0.000293  0.145604 0.846102 0
Material_0
0  0.161765 2.953846 3.730906  0.000000 -1.000000 0.000293  0.141047 0.846102 0
0  -0.122814 2.953846 3.730906  0.000000 -1.000000 0.000293  0.144744 0.846102 0
0  -0.189386 2.953266 1.751158  0.000000 -1.000000 0.000293  0.145604 0.846102 0
Material_0
0  -0.189386 2.953266 1.751158  -0.000057 -1.000000 -0.000057  0.145604 0.846102 0
0  -0.122814 2.953846 3.730906  -0.000057 -1.000000 -0.000057  0.144744 0.846102 0
0  -0.189386 2.953846 3.796759  -0.000057 -1.000000 -0.000057  0.145604 0.846102 0
Material_0
0  0.293667 2.953266 1.671758  0.000000 -1.000000 0.000000  0.139413 0.846102 0
0  -0.354542 2.953266 1.640148  0.000000 -1.000000 0.000000  0.147667 0.846102 0
0  0.391598 2.953266 1.652942  0.000000 -1.000000 0.000000  0.138124 0.846102 0
Material_0
0  0.391598 2.953266 1.652942  0.000000 -1.000000 0.000000  0.138124 0.846102 0
0  -0.354542 2.953266 1.640148  0.000000 -1.000000 0.000000  0.147667 0.846102 0
0  0.390357 2.953266 1.640148  0.000000 -1.000000 0.000000  0.138210 0.846102 0
Material_0
0  0.228272 2.953266 1.751158  0.000057 -1.000000 -0.000058  0.140273 0.846102 0
0  0.228272 2.953846 3.796759  0.000057 -1.000000 -0.000058  0.140273 0.846102 0
0  0.161765 2.953846 3.730906  0.000057 -1.000000 -0.000058  0.141047 0.846102 0
Material_0
0  0.456993 3.247166 0.925166  0.999998 0.002150 -0.000012  0.137350 0.847243 0
0  0.457451 3.120051 1.573918  0.999998 0.002146 0.000010  0.137350 0.846754 0
0  0.456928 2.011051 0.822811  0.999998 0.002184 -0.000000  0.137350 0.842352 0
Material_0
0  0.457451 3.120051 1.573918  0.999998 0.002146 0.000010  0.137350 0.846754 0
0  0.456928 2.953266 1.573918  0.999998 0.002126 0.000039  0.137350 0.846102 0
0  0.456928 2.011051 0.822811  0.999998 0.002184 -0.000000  0.137350 0.842352 0
Material_0
0  0.456928 2.953266 1.573918  0.999998 0.002126 0.000039  0.137350 0.846102 0
0  0.456928 2.009024 1.573918  0.999998 0.002205 -0.000000  0.137350 0.842352 0
0  0.456928 2.011051 0.822811  0.999998 0.002184 -0.000000  0.137350 0.842352 0
Material_0
0  0.456928 2.009024 1.573918  0.999998 0.002205 -0.000000  0.137350 0.842352 0
0  0.456929 1.545444 1.573918  0.999998 0.001989 -0.000000  0.137350 0.840478 0
0  0.456928 2.011051 0.822811  0.999998 0.002184 -0.000000  0.137350 0.842352 0
Material_0
0  0.456928 2.011051 0.822811  0.999998 0.002184 -0.000000  0.137350 0.842352 0
0  0.456929 1.545444 1.573918  0.999998 0.001989 -0.000000  0.137350 0.840478 0
0  0.456928 1.546602 0.619229  0.999998 0.002126 0.000001  0.137350 0.840478 0
Material_0
0  0.456929 1.545444 1.573918  0.999998 0.001989 -0.000000  0.137350 0.840478 0
0  0.456733 0.734687 1.573918  0.999998 0.002123 -0.000000  0.137350 0.837217 0
0  0.456928 1.546602 0.619229  0.999998 0.002126 0.000001  0.137350 0.840478 0
Material_0
0  0.456928 1.546602 0.619229  0.999998 0.002126 0.000001  0.137350 0.840478 0
0  0.456733 0.734687 1.573918  0.999998 0.002123 -0.000000  0.137350 0.837217 0
0  0.456928 1.229828 -0.104408  0.999998 0.002096 0.000001  0.137350 0.839255 0
Material_0
0  0.456733 0.734687 1.573918  0.999998 0.002123 -0.000000  0.137350 0.837217 0
0  0.456732 0.734687 -0.528505  0.999998 0.002192 -0.000021  0.137350 0.837217 0
0  0.456928 1.229828 -0.104408  0.999998 0.002096 0.000001  0.137350 0.839255 0
Material_0
0  0.456928 1.229828 -0.104408  0.999998 0.002096 0.000001  0.137350 0.839255 0
0  0.456732 0.734687 -0.528505  0.999998 0.002192 -0.000021  0.137350 0.837217 0
0  0.456928 1.229828 -0.528505  1.000000 -0.000396 -0.000019  0.137350 0.839255 0
Material_0
0  0.456928 1.229828 -0.528505  1.000000 -0.000396 -0.000019  0.137350 0.839255 0
0  0.456732 0.734687 -0.528505  0.999998 0.002192 -0.000021  0.137350 0.837217 0
0  0.163398 1.229828 -0.695961  0.000082 0.282128 -0.959377  0.141047 0.839255 0
Material_0
0  0.456732 0.734687 -0.528505  0.999998 0.002192 -0.000021  0.137350 0.837217 0
0  0.163398 0.734687 -0.695961  0.000163 0.311501 -0.950246  0.141047 0.837217 0
0  0.163398 1.229828 -0.695961  0.000082 0.282128 -0.959377  0.141047 0.839255 0
Material_0
0  0.163398 0.734687 -0.695961  0.000163 0.311501 -0.950246  0.141047 0.837217 0
0  -0.127976 0.734687 -0.695961  -0.000162 0.311525 -0.950238  0.144744 0.837217 0
0  0.163398 1.229828 -0.695961  0.000082 0.282128 -0.959377  0.141047 0.839255 0
Material_0
0  0.163398 1.229828 -0.695961  0.000082 0.282128 -0.959377  0.141047 0.839255 0
0  -0.127976 0.734687 -0.695961  -0.000162 0.311525 -0.950238  0.144744 0.837217 0
0  -0.127976 1.229828 -0.695961  -0.000176 0.282181 -0.959361  0.144744 0.839255 0
Material_0
0  -0.127976 1.229828 -0.695961  -0.000176 0.282181 -0.959361  0.144744 0.839255 0
0  -0.127976 0.734687 -0.695961  -0.000162 0.311525 -0.950238  0.144744 0.837217 0
0  -0.421114 1.229828 -0.528505  -0.999998 0.001937 0.000024  0.148527 0.839255 0
Material_0
0  -0.127976 0.734687 -0.695961  -0.000162 0.311525 -0.950238  0.144744 0.837217 0
0  -0.421310 0.734686 -0.528505  -0.999998 0.002141 -0.000009  0.148527 0.837217 0
0  -0.421114 1.229828 -0.528505  -0.999998 0.001937 0.000024  0.148527 0.839255 0
Material_0
0  -0.421114 1.229828 -0.528505  -0.999998 0.001937 0.000024  0.148527 0.839255 0
0  -0.421310 0.734686 -0.528505  -0.999998 0.002141 -0.000009  0.148527 0.837217 0
0  -0.421114 1.229828 -0.104408  -0.999998 0.002169 0.000000  0.148527 0.839255 0
Material_0
0  -0.421114 1.229828 -0.104408  -0.999998 0.002169 0.000000  0.148527 0.839255 0
0  -0.421310 0.734686 -0.528505  -0.999998 0.002141 -0.000009  0.148527 0.837217 0
0  -0.421114 1.229828 1.573918  -0.999998 0.002169 0.000000  0.148527 0.839255 0
Material_0
0  -0.421114 1.229828 1.573918  -0.999998 0.002169 0.000000  0.148527 0.839255 0
0  -0.421310 0.734686 -0.528505  -0.999998 0.002141 -0.000009  0.148527 0.837217 0
0  -0.421310 0.734686 1.573918  -0.999998 0.002001 0.000000  0.148527 0.837217 0
Material_0
0  -0.421310 0.734686 1.573918  -0.999998 0.002001 0.000000  0.148527 0.837217 0
0  -0.421310 0.734686 -0.528505  -0.999998 0.002141 -0.000009  0.148527 0.837217 0
0  -0.421310 -0.298450 0.217711  -0.999998 0.002127 -0.000007  0.148527 0.833142 0
Material_0
0  -0.421310 -0.298450 0.217711  -0.999998 0.002127 -0.000007  0.148527 0.833142 0
0  -0.421310 0.734686 -0.528505  -0.999998 0.002141 -0.000009  0.148527 0.837217 0
0  -0.421310 -0.052617 -1.049313  -0.999998 0.002166 -0.000015  0.148527 0.834120 0
Material_0
0  -0.421310 -0.052617 -1.049313  -0.999998 0.002166 -0.000015  0.148527 0.834120 0
0  -0.421310 0.734686 -0.528505  -0.999998 0.002141 -0.000009  0.148527 0.837217 0
0  -0.190693 0.035987 -1.168225  -0.000204 0.510037 -0.860152  0.145604 0.834446 0
Material_0
0  -0.421310 0.734686 -0.528505  -0.999998 0.002141 -0.000009  0.148527 0.837217 0
0  -0.127976 0.734687 -0.695961  -0.000162 0.311525 -0.950238  0.144744 0.837217 0
0  -0.190693 0.035987 -1.168225  -0.000204 0.510037 -0.860152  0.145604 0.834446 0
Material_0
0  -0.127976 0.734687 -0.695961  -0.000162 0.311525 -0.950238  0.144744 0.837217 0
0  0.163398 0.734687 -0.695961  0.000163 0.311501 -0.950246  0.141047 0.837217 0
0  -0.190693 0.035987 -1.168225  -0.000204 0.510037 -0.860152  0.145604 0.834446 0
Material_0
0  -0.190693 0.035987 -1.168225  -0.000204 0.510037 -0.860152  0.145604 0.834446 0
0  0.163398 0.734687 -0.695961  0.000163 0.311501 -0.950246  0.141047 0.837217 0
0  0.226181 0.035987 -1.168225  0.000226 0.510043 -0.860149  0.140273 0.834446 0
Material_0
0  0.163398 0.734687 -0.695961  0.000163 0.311501 -0.950246  0.141047 0.837217 0
0  0.456732 0.734687 -0.528505  0.999998 0.002192 -0.000021  0.137350 0.837217 0
0  0.226181 0.035987 -1.168225  0.000226 0.510043 -0.860149  0.140273 0.834446 0
Material_0
0  0.456732 0.734687 -0.528505  0.999998 0.002192 -0.000021  0.137350 0.837217 0
0  0.456732 -0.052617 -1.049313  0.999998 0.002182 -0.000009  0.137350 0.834120 0
0  0.226181 0.035987 -1.168225  0.000226 0.510043 -0.860149  0.140273 0.834446 0
Material_0
0  0.226181 0.035987 -1.168225  0.000226 0.510043 -0.860149  0.140273 0.834446 0
0  0.456732 -0.052617 -1.049313  0.999998 0.002182 -0.000009  0.137350 0.834120 0
0  0.226181 -0.795618 -1.583667  0.000192 0.373082 -0.927798  0.140273 0.831186 0
Material_0
0  0.456732 -0.052617 -1.049313  0.999998 0.002182 -0.000009  0.137350 0.834120 0
0  0.456732 -0.848607 -1.461367  0.999998 0.002135 0.000017  0.137350 0.830941 0
0  0.226181 -0.795618 -1.583667  0.000192 0.373082 -0.927798  0.140273 0.831186 0
Material_0
0  0.456732 -0.848607 -1.461367  0.999998 0.002135 0.000017  0.137350 0.830941 0
0  0.226181 -1.648071 -1.853479  0.000216 0.206053 -0.978541  0.140273 0.827763 0
0  0.226181 -0.795618 -1.583667  0.000192 0.373082 -0.927798  0.140273 0.831186 0
Material_0
0  0.226181 -1.648071 -1.853479  0.000216 0.206053 -0.978541  0.140273 0.827763 0
0  -0.190693 -0.795618 -1.583667  -0.000198 0.373066 -0.927805  0.145604 0.831186 0
0  0.226181 -0.795618 -1.583667  0.000192 0.373082 -0.927798  0.140273 0.831186 0
Material_0
0  0.226181 -0.795618 -1.583667  0.000192 0.373082 -0.927798  0.140273 0.831186 0
0  -0.190693 -0.795618 -1.583667  -0.000198 0.373066 -0.927805  0.145604 0.831186 0
0  -0.190693 0.035987 -1.168225  -0.000204 0.510037 -0.860152  0.145604 0.834446 0
Material_0
0  -0.190693 0.035987 -1.168225  -0.000204 0.510037 -0.860152  0.145604 0.834446 0
0  -0.190693 -0.795618 -1.583667  -0.000198 0.373066 -0.927805  0.145604 0.831186 0
0  -0.421310 -0.052617 -1.049313  -0.999998 0.002166 -0.000015  0.148527 0.834120 0
Material_0
0  -0.190693 -0.795618 -1.583667  -0.000198 0.373066 -0.927805  0.145604 0.831186 0
0  -0.421310 -0.848607 -1.461367  -0.999998 0.002171 -0.000024  0.148527 0.830941 0
0  -0.421310 -0.052617 -1.049313  -0.999998 0.002166 -0.000015  0.148527 0.834120 0
Material_0
0  -0.421310 -0.052617 -1.049313  -0.999998 0.002166 -0.000015  0.148527 0.834120 0
0  -0.421310 -0.848607 -1.461367  -0.999998 0.002171 -0.000024  0.148527 0.830941 0
0  -0.421310 -0.737127 -0.129620  -0.999998 0.002208 0.000048  0.148527 0.831431 0
Material_0
0  -0.421310 -0.737127 -0.129620  -0.999998 0.002208 0.000048  0.148527 0.831431 0
0  -0.421310 -0.848607 -1.461367  -0.999998 0.002171 -0.000024  0.148527 0.830941 0
0  -0.421310 -1.304658 -0.412226  -0.999998 0.002205 0.000029  0.148527 0.829148 0
Material_0
0  -0.421310 -1.304658 -0.412226  -0.999998 0.002205 0.000029  0.148527 0.829148 0
0  -0.421310 -0.848607 -1.461367  -0.999998 0.002171 -0.000024  0.148527 0.830941 0
0  -0.421310 -1.685135 -1.701451  -0.999998 0.002173 -0.000012  0.148527 0.827600 0
Material_0
0  -0.421310 -0.848607 -1.461367  -0.999998 0.002171 -0.000024  0.148527 0.830941 0
0  -0.190693 -1.648071 -1.853479  -0.000179 0.206066 -0.978538  0.145604 0.827763 0
0  -0.421310 -1.685135 -1.701451  -0.999998 0.002173 -0.000012  0.148527 0.827600 0
Material_0
0  -0.421310 -1.685135 -1.701451  -0.999998 0.002173 -0.000012  0.148527 0.827600 0
0  -0.190693 -1.648071 -1.853479  -0.000179 0.206066 -0.978538  0.145604 0.827763 0
0  -0.190693 -2.671653 -1.990830  -0.000201 0.111208 -0.993797  0.145604 0.824747 0
Material_0
0  -0.190693 -2.671653 -1.990830  -0.000201 0.111208 -0.993797  0.145604 0.824747 0
0  -0.190693 -1.648071 -1.853479  -0.000179 0.206066 -0.978538  0.145604 0.827763 0
0  0.226181 -2.671653 -1.990830  0.000173 0.111223 -0.993795  0.140273 0.824747 0
Material_0
0  0.226181 -2.671653 -1.990830  0.000173 0.111223 -0.993795  0.140273 0.824747 0
0  -0.190693 -1.648071 -1.853479  -0.000179 0.206066 -0.978538  0.145604 0.827763 0
0  0.226181 -1.648071 -1.853479  0.000216 0.206053 -0.978541  0.140273 0.827763 0
Material_0
0  0.226181 -1.648071 -1.853479  0.000216 0.206053 -0.978541  0.140273 0.827763 0
0  -0.190693 -1.648071 -1.853479  -0.000179 0.206066 -0.978538  0.145604 0.827763 0
0  -0.190693 -0.795618 -1.583667  -0.000198 0.373066 -0.927805  0.145604 0.831186 0
Material_0
0  -0.190693 -1.648071 -1.853479  -0.000179 0.206066 -0.978538  0.145604 0.827763 0
0  -0.421310 -0.848607 -1.461367  -0.999998 0.002171 -0.000024  0.148527 0.830941 0
0  -0.190693 -0.795618 -1.583667  -0.000198 0.373066 -0.927805  0.145604 0.831186 0
Material_0
0  0.226181 0.035987 -1.168225  0.000226 0.510043 -0.860149  0.140273 0.834446 0
0  0.226181 -0.795618 -1.583667  0.000192 0.373082 -0.927798  0.140273 0.831186 0
0  -0.190693 0.035987 -1.168225  -0.000204 0.510037 -0.860152  0.145604 0.834446 0
Material_0
0  -0.421310 -0.737127 -0.129620  -0.999998 0.002208 0.000048  0.148527 0.831431 0
0  -0.421310 -0.298450 0.217711  -0.999998 0.002127 -0.000007  0.148527 0.833142 0
0  -0.421310 -0.052617 -1.049313  -0.999998 0.002166 -0.000015  0.148527 0.834120 0
Material_0
0  -0.190693 -2.671653 -1.990830  -0.000201 0.111208 -0.993797  0.145604 0.824747 0
0  -0.421310 -2.689026 -1.857242  -0.999998 0.002163 0.000009  0.148527 0.824666 0
0  -0.421310 -1.685135 -1.701451  -0.999998 0.002173 -0.000012  0.148527 0.827600 0
Material_0
0  -0.421310 -2.689026 -1.857242  -0.999998 0.002163 0.000009  0.148527 0.824666 0
0  -0.421310 -1.968031 -0.538665  -0.999998 0.002171 0.000016  0.148527 0.826540 0
0  -0.421310 -1.685135 -1.701451  -0.999998 0.002173 -0.000012  0.148527 0.827600 0
Material_0
0  -0.421310 -1.685135 -1.701451  -0.999998 0.002173 -0.000012  0.148527 0.827600 0
0  -0.421310 -1.968031 -0.538665  -0.999998 0.002171 0.000016  0.148527 0.826540 0
0  -0.421310 -1.304658 -0.412226  -0.999998 0.002205 0.000029  0.148527 0.829148 0
Material_0
0  -0.421310 -2.689026 -1.857242  -0.999998 0.002163 0.000009  0.148527 0.824666 0
0  -0.421309 -2.845387 -0.655696  -0.999998 0.002241 0.000018  0.148527 0.824014 0
0  -0.421310 -1.968031 -0.538665  -0.999998 0.002171 0.000016  0.148527 0.826540 0
Material_0
0  -0.421310 -1.968031 -0.538665  -0.999998 0.002171 0.000016  0.148527 0.826540 0
0  -0.421309 -2.845387 -0.655696  -0.999998 0.002241 0.000018  0.148527 0.824014 0
0  -0.187296 -2.007121 -0.378358  -0.886027 -0.063299 0.459292  0.145518 0.826377 0
Material_0
0  -0.421309 -2.845387 -0.655696  -0.999998 0.002241 0.000018  0.148527 0.824014 0
0  -0.187295 -2.868262 -0.479961  -0.884846 -0.037149 0.464400  0.145518 0.823932 0
0  -0.187296 -2.007121 -0.378358  -0.886027 -0.063299 0.459292  0.145518 0.826377 0
Material_0
0  -0.187295 -2.868262 -0.479961  -0.884846 -0.037149 0.464400  0.145518 0.823932 0
0  -0.093415 -2.872605 -0.419752  -0.000202 -0.076421 0.997076  0.144314 0.823932 0
0  -0.187296 -2.007121 -0.378358  -0.886027 -0.063299 0.459292  0.145518 0.826377 0
Material_0
0  -0.093415 -2.872605 -0.419752  -0.000202 -0.076421 0.997076  0.144314 0.823932 0
0  -0.093416 -2.011754 -0.318149  0.003562 -0.145855 0.989299  0.144314 0.826377 0
0  -0.187296 -2.007121 -0.378358  -0.886027 -0.063299 0.459292  0.145518 0.826377 0
Material_0
0  -0.093416 -2.011754 -0.318149  0.003562 -0.145855 0.989299  0.144314 0.826377 0
0  -0.187296 -1.374441 -0.251167  -0.891431 -0.141534 0.430487  0.145518 0.828904 0
0  -0.187296 -2.007121 -0.378358  -0.886027 -0.063299 0.459292  0.145518 0.826377 0
Material_0
0  -0.187296 -2.007121 -0.378358  -0.886027 -0.063299 0.459292  0.145518 0.826377 0
0  -0.187296 -1.374441 -0.251167  -0.891431 -0.141534 0.430487  0.145518 0.828904 0
0  -0.421310 -1.968031 -0.538665  -0.999998 0.002171 0.000016  0.148527 0.826540 0
Material_0
0  -0.421310 -1.968031 -0.538665  -0.999998 0.002171 0.000016  0.148527 0.826540 0
0  -0.187296 -1.374441 -0.251167  -0.891431 -0.141534 0.430487  0.145518 0.828904 0
0  -0.421310 -1.304658 -0.412226  -0.999998 0.002205 0.000029  0.148527 0.829148 0
Material_0
0  -0.187296 -1.374441 -0.251167  -0.891431 -0.141534 0.430487  0.145518 0.828904 0
0  -0.187296 -0.826600 -0.009578  -0.886162 -0.231655 0.401313  0.145518 0.831023 0
0  -0.421310 -1.304658 -0.412226  -0.999998 0.002205 0.000029  0.148527 0.829148 0
Material_0
0  -0.421310 -1.304658 -0.412226  -0.999998 0.002205 0.000029  0.148527 0.829148 0
0  -0.187296 -0.826600 -0.009578  -0.886162 -0.231655 0.401313  0.145518 0.831023 0
0  -0.421310 -0.737127 -0.129620  -0.999998 0.002208 0.000048  0.148527 0.831431 0
Material_0
0  -0.187296 -0.826600 -0.009578  -0.886162 -0.231655 0.401313  0.145518 0.831023 0
0  -0.187296 -0.390529 0.301251  -0.873642 -0.413246 0.256861  0.145518 0.832816 0
0  -0.421310 -0.737127 -0.129620  -0.999998 0.002208 0.000048  0.148527 0.831431 0
Material_0
0  -0.421310 -0.737127 -0.129620  -0.999998 0.002208 0.000048  0.148527 0.831431 0
0  -0.187296 -0.390529 0.301251  -0.873642 -0.413246 0.256861  0.145518 0.832816 0
0  -0.421310 -0.298450 0.217711  -0.999998 0.002127 -0.000007  0.148527 0.833142 0
Material_0
0  -0.187296 -0.390529 0.301251  -0.873642 -0.413246 0.256861  0.145518 0.832816 0
0  -0.183310 -0.292370 0.727605  -0.084915 -0.974298 0.208643  0.145518 0.833142 0
0  -0.421310 -0.298450 0.217711  -0.999998 0.002127 -0.000007  0.148527 0.833142 0
Material_0
0  -0.183310 -0.292370 0.727605  -0.084915 -0.974298 0.208643  0.145518 0.833142 0
0  -0.421309 0.007032 1.640148  -0.999997 0.002418 -0.000010  0.148527 0.834365 0
0  -0.421310 -0.298450 0.217711  -0.999998 0.002127 -0.000007  0.148527 0.833142 0
Material_0
0  -0.421310 -0.298450 0.217711  -0.999998 0.002127 -0.000007  0.148527 0.833142 0
0  -0.421309 0.007032 1.640148  -0.999997 0.002418 -0.000010  0.148527 0.834365 0
0  -0.421310 0.734686 1.573918  -0.999998 0.002001 0.000000  0.148527 0.837217 0
Material_0
0  -0.421309 0.007032 1.640148  -0.999997 0.002418 -0.000010  0.148527 0.834365 0
0  -0.421309 0.171789 2.447701  -0.999998 0.002197 0.000051  0.148527 0.835017 0
0  -0.421310 0.734686 1.573918  -0.999998 0.002001 0.000000  0.148527 0.837217 0
Material_0
0  -0.421310 0.734686 1.573918  -0.999998 0.002001 0.000000  0.148527 0.837217 0
0  -0.421309 0.171789 2.447701  -0.999998 0.002197 0.000051  0.148527 0.835017 0
0  -0.421309 0.734686 2.447701  -0.999998 0.002205 0.000000  0.148527 0.837217 0
Material_0
0  -0.421309 0.171789 2.447701  -0.999998 0.002197 0.000051  0.148527 0.835017 0
0  -0.421309 0.007032 1.640148  -0.999997 0.002418 -0.000010  0.148527 0.834365 0
0  -0.186446 0.114168 2.447701  -0.003957 -0.982414 0.186671  0.145518 0.834772 0
Material_0
0  -0.186446 0.114168 2.447701  -0.003957 -0.982414 0.186671  0.145518 0.834772 0
0  -0.421309 0.007032 1.640148  -0.999997 0.002418 -0.000010  0.148527 0.834365 0
0  -0.183310 -0.043930 1.649556  0.003627 -0.974293 0.225257  0.145518 0.834120 0
Material_0
0  -0.183310 -0.043930 1.649556  0.003627 -0.974293 0.225257  0.145518 0.834120 0
0  -0.421309 0.007032 1.640148  -0.999997 0.002418 -0.000010  0.148527 0.834365 0
0  -0.183310 -0.153672 1.283034  -0.003886 -0.909769 0.415097  0.145518 0.833713 0
Material_0
0  -0.421309 0.007032 1.640148  -0.999997 0.002418 -0.000010  0.148527 0.834365 0
0  -0.183310 -0.292370 0.727605  -0.084915 -0.974298 0.208643  0.145518 0.833142 0
0  -0.183310 -0.153672 1.283034  -0.003886 -0.909769 0.415097  0.145518 0.833713 0
Material_0
0  -0.183310 -0.153672 1.283034  -0.003886 -0.909769 0.415097  0.145518 0.833713 0
0  -0.183310 -0.292370 0.727605  -0.084915 -0.974298 0.208643  0.145518 0.833142 0
0  -0.093416 -0.460312 0.327592  -0.003909 -0.909665 0.415324  0.144314 0.832490 0
Material_0
0  -0.183310 -0.292370 0.727605  -0.084915 -0.974298 0.208643  0.145518 0.833142 0
0  -0.187296 -0.390529 0.301251  -0.873642 -0.413246 0.256861  0.145518 0.832816 0
0  -0.093416 -0.460312 0.327592  -0.003909 -0.909665 0.415324  0.144314 0.832490 0
Material_0
0  -0.093416 -0.460312 0.327592  -0.003909 -0.909665 0.415324  0.144314 0.832490 0
0  -0.187296 -0.390529 0.301251  -0.873642 -0.413246 0.256861  0.145518 0.832816 0
0  -0.093416 -0.855556 0.056275  0.003560 -0.491138 0.871075  0.144314 0.830941 0
Material_0
0  -0.187296 -0.390529 0.301251  -0.873642 -0.413246 0.256861  0.145518 0.832816 0
0  -0.187296 -0.826600 -0.009578  -0.886162 -0.231655 0.401313  0.145518 0.831023 0
0  -0.093416 -0.855556 0.056275  0.003560 -0.491138 0.871075  0.144314 0.830941 0
Material_0
0  -0.093416 -0.855556 0.056275  0.003560 -0.491138 0.871075  0.144314 0.830941 0
0  -0.187296 -0.826600 -0.009578  -0.886162 -0.231655 0.401313  0.145518 0.831023 0
0  -0.093416 -1.403397 -0.185690  -0.000183 -0.307343 0.951599  0.144314 0.828741 0
Material_0
0  -0.187296 -0.826600 -0.009578  -0.886162 -0.231655 0.401313  0.145518 0.831023 0
0  -0.187296 -1.374441 -0.251167  -0.891431 -0.141534 0.430487  0.145518 0.828904 0
0  -0.093416 -1.403397 -0.185690  -0.000183 -0.307343 0.951599  0.144314 0.828741 0
Material_0
0  -0.187296 -1.374441 -0.251167  -0.891431 -0.141534 0.430487  0.145518 0.828904 0
0  -0.093416 -2.011754 -0.318149  0.003562 -0.145855 0.989299  0.144314 0.826377 0
0  -0.093416 -1.403397 -0.185690  -0.000183 -0.307343 0.951599  0.144314 0.828741 0
Material_0
0  -0.093416 -2.011754 -0.318149  0.003562 -0.145855 0.989299  0.144314 0.826377 0
0  0.128839 -1.403397 -0.185690  0.000176 -0.304789 0.952420  0.141477 0.828741 0
0  -0.093416 -1.403397 -0.185690  -0.000183 -0.307343 0.951599  0.144314 0.828741 0
Material_0
0  0.128839 -1.403397 -0.185690  0.000176 -0.304789 0.952420  0.141477 0.828741 0
0  0.128839 -0.855556 0.056275  0.003992 -0.491140 0.871071  0.141477 0.830941 0
0  -0.093416 -1.403397 -0.185690  -0.000183 -0.307343 0.951599  0.144314 0.828741 0
Material_0
0  -0.093416 -1.403397 -0.185690  -0.000183 -0.307343 0.951599  0.144314 0.828741 0
0  0.128839 -0.855556 0.056275  0.003992 -0.491140 0.871071  0.141477 0.830941 0
0  -0.093416 -0.855556 0.056275  0.003560 -0.491138 0.871075  0.144314 0.830941 0
Material_0
0  0.128839 -0.855556 0.056275  0.003992 -0.491140 0.871071  0.141477 0.830941 0
0  0.128839 -0.460312 0.327592  -0.003665 -0.909672 0.415310  0.141477 0.832490 0
0  -0.093416 -0.855556 0.056275  0.003560 -0.491138 0.871075  0.144314 0.830941 0
Material_0
0  -0.093416 -0.855556 0.056275  0.003560 -0.491138 0.871075  0.144314 0.830941 0
0  0.128839 -0.460312 0.327592  -0.003665 -0.909672 0.415310  0.141477 0.832490 0
0  -0.093416 -0.460312 0.327592  -0.003909 -0.909665 0.415324  0.144314 0.832490 0
Material_0
0  0.128839 -0.460312 0.327592  -0.003665 -0.909672 0.415310  0.141477 0.832490 0
0  0.222327 -0.153672 1.283034  -0.003617 -0.909761 0.415116  0.140273 0.833713 0
0  -0.093416 -0.460312 0.327592  -0.003909 -0.909665 0.415324  0.144314 0.832490 0
Material_0
0  -0.093416 -0.460312 0.327592  -0.003909 -0.909665 0.415324  0.144314 0.832490 0
0  0.222327 -0.153672 1.283034  -0.003617 -0.909761 0.415116  0.140273 0.833713 0
0  -0.183310 -0.153672 1.283034  -0.003886 -0.909769 0.415097  0.145518 0.833713 0
Material_0
0  -0.183310 -0.153672 1.283034  -0.003886 -0.909769 0.415097  0.145518 0.833713 0
0  0.222327 -0.153672 1.283034  -0.003617 -0.909761 0.415116  0.140273 0.833713 0
0  -0.183310 -0.043930 1.649556  0.003627 -0.974293 0.225257  0.145518 0.834120 0
Material_0
0  0.222327 -0.153672 1.283034  -0.003617 -0.909761 0.415116  0.140273 0.833713 0
0  0.222327 -0.043930 1.649556  0.003932 -0.974291 0.225259  0.140273 0.834120 0
0  -0.183310 -0.043930 1.649556  0.003627 -0.974293 0.225257  0.145518 0.834120 0
Material_0
0  -0.183310 -0.043930 1.649556  0.003627 -0.974293 0.225257  0.145518 0.834120 0
0  0.222327 -0.043930 1.649556  0.003932 -0.974291 0.225259  0.140273 0.834120 0
0  0.222588 0.114168 2.447701  -0.003627 -0.982408 0.186711  0.140273 0.834772 0
Material_0
0  0.222327 -0.043930 1.649556  0.003932 -0.974291 0.225259  0.140273 0.834120 0
0  0.456733 0.007032 1.640148  0.999997 0.002391 -0.000007  0.137350 0.834365 0
0  0.222588 0.114168 2.447701  -0.003627 -0.982408 0.186711  0.140273 0.834772 0
Material_0
0  0.222588 0.114168 2.447701  -0.003627 -0.982408 0.186711  0.140273 0.834772 0
0  0.456733 0.007032 1.640148  0.999997 0.002391 -0.000007  0.137350 0.834365 0
0  0.456733 0.171790 2.447701  0.999997 0.002216 0.000001  0.137350 0.835017 0
Material_0
0  0.456733 0.007032 1.640148  0.999997 0.002391 -0.000007  0.137350 0.834365 0
0  0.456733 0.734687 1.573918  0.999998 0.002123 -0.000000  0.137350 0.837217 0
0  0.456733 0.171790 2.447701  0.999997 0.002216 0.000001  0.137350 0.835017 0
Material_0
0  0.456733 0.171790 2.447701  0.999997 0.002216 0.000001  0.137350 0.835017 0
0  0.456733 0.734687 1.573918  0.999998 0.002123 -0.000000  0.137350 0.837217 0
0  0.456733 0.734687 2.447701  0.999998 0.002205 -0.000000  0.137350 0.837217 0
Material_0
0  -0.186446 0.114168 2.447701  -0.003957 -0.982414 0.186671  0.145518 0.834772 0
0  -0.183310 -0.043930 1.649556  0.003627 -0.974293 0.225257  0.145518 0.834120 0
0  0.222588 0.114168 2.447701  -0.003627 -0.982408 0.186711  0.140273 0.834772 0
Material_0
0  0.222327 -0.043930 1.649556  0.003932 -0.974291 0.225259  0.140273 0.834120 0
0  0.222327 -0.153672 1.283034  -0.003617 -0.909761 0.415116  0.140273 0.833713 0
0  0.456733 0.007032 1.640148  0.999997 0.002391 -0.000007  0.137350 0.834365 0
Material_0
0  0.222327 -0.153672 1.283034  -0.003617 -0.909761 0.415116  0.140273 0.833713 0
0  0.456733 -0.298450 0.217711  0.999998 0.002175 0.000017  0.137350 0.833142 0
0  0.456733 0.007032 1.640148  0.999997 0.002391 -0.000007  0.137350 0.834365 0
Material_0
0  0.456733 0.007032 1.640148  0.999997 0.002391 -0.000007  0.137350 0.834365 0
0  0.456733 -0.298450 0.217711  0.999998 0.002175 0.000017  0.137350 0.833142 0
0  0.456732 0.734687 -0.528505  0.999998 0.002192 -0.000021  0.137350 0.837217 0
Material_0
0  0.456732 0.734687 -0.528505  0.999998 0.002192 -0.000021  0.137350 0.837217 0
0  0.456733 -0.298450 0.217711  0.999998 0.002175 0.000017  0.137350 0.833142 0
0  0.456732 -0.052617 -1.049313  0.999998 0.002182 -0.000009  0.137350 0.834120 0
Material_0
0  0.456733 -0.298450 0.217711  0.999998 0.002175 0.000017  0.137350 0.833142 0
0  0.456733 -0.737127 -0.129620  0.999998 0.002208 0.000047  0.137350 0.831431 0
0  0.456732 -0.052617 -1.049313  0.999998 0.002182 -0.000009  0.137350 0.834120 0
Material_0
0  0.456732 -0.052617 -1.049313  0.999998 0.002182 -0.000009  0.137350 0.834120 0
0  0.456733 -0.737127 -0.129620  0.999998 0.002208 0.000047  0.137350 0.831431 0
0  0.456732 -0.848607 -1.461367  0.999998 0.002135 0.000017  0.137350 0.830941 0
Material_0
0  0.456733 -0.737127 -0.129620  0.999998 0.002208 0.000047  0.137350 0.831431 0
0  0.456733 -1.304658 -0.412226  0.999998 0.002204 0.000029  0.137350 0.829148 0
0  0.456732 -0.848607 -1.461367  0.999998 0.002135 0.000017  0.137350 0.830941 0
Material_0
0  0.456733 -1.304658 -0.412226  0.999998 0.002204 0.000029  0.137350 0.829148 0
0  0.456732 -1.685135 -1.701451  0.999998 0.002205 -0.000005  0.137350 0.827600 0
0  0.456732 -0.848607 -1.461367  0.999998 0.002135 0.000017  0.137350 0.830941 0
Material_0
0  0.456732 -0.848607 -1.461367  0.999998 0.002135 0.000017  0.137350 0.830941 0
0  0.456732 -1.685135 -1.701451  0.999998 0.002205 -0.000005  0.137350 0.827600 0
0  0.226181 -1.648071 -1.853479  0.000216 0.206053 -0.978541  0.140273 0.827763 0
Material_0
0  0.226181 -1.648071 -1.853479  0.000216 0.206053 -0.978541  0.140273 0.827763 0
0  0.456732 -1.685135 -1.701451  0.999998 0.002205 -0.000005  0.137350 0.827600 0
0  0.226181 -2.671653 -1.990830  0.000173 0.111223 -0.993795  0.140273 0.824747 0
Material_0
0  0.226181 -2.671653 -1.990830  0.000173 0.111223 -0.993795  0.140273 0.824747 0
0  0.456732 -1.685135 -1.701451  0.999998 0.002205 -0.000005  0.137350 0.827600 0
0  0.456733 -2.689026 -1.857242  0.999998 0.002207 0.000007  0.137350 0.824666 0
Material_0
0  0.456733 -2.689026 -1.857242  0.999998 0.002207 0.000007  0.137350 0.824666 0
0  0.456732 -1.685135 -1.701451  0.999998 0.002205 -0.000005  0.137350 0.827600 0
0  0.456733 -1.968031 -0.538665  0.999997 0.002230 0.000026  0.137350 0.826540 0
Material_0
0  0.456732 -1.685135 -1.701451  0.999998 0.002205 -0.000005  0.137350 0.827600 0
0  0.456733 -1.304658 -0.412226  0.999998 0.002204 0.000029  0.137350 0.829148 0
0  0.456733 -1.968031 -0.538665  0.999997 0.002230 0.000026  0.137350 0.826540 0
Material_0
0  0.456733 0.734687 1.573918  0.999998 0.002123 -0.000000  0.137350 0.837217 0
0  0.456733 0.007032 1.640148  0.999997 0.002391 -0.000007  0.137350 0.834365 0
0  0.456732 0.734687 -0.528505  0.999998 0.002192 -0.000021  0.137350 0.837217 0
Material_0
0  0.456733 -2.689026 -1.857242  0.999998 0.002207 0.000007  0.137350 0.824666 0
0  0.456733 -1.968031 -0.538665  0.999997 0.002230 0.000026  0.137350 0.826540 0
0  0.456733 -2.845387 -0.655696  0.999990 0.004416 0.000296  0.137350 0.824014 0
Material_0
0  0.456733 -1.968031 -0.538665  0.999997 0.002230 0.000026  0.137350 0.826540 0
0  0.222719 -2.007121 -0.378358  0.886023 -0.063350 0.459293  0.140273 0.826377 0
0  0.456733 -2.845387 -0.655696  0.999990 0.004416 0.000296  0.137350 0.824014 0
Material_0
0  0.456733 -2.845387 -0.655696  0.999990 0.004416 0.000296  0.137350 0.824014 0
0  0.222719 -2.007121 -0.378358  0.886023 -0.063350 0.459293  0.140273 0.826377 0
0  0.222719 -2.868262 -0.479961  0.884830 -0.037162 0.464429  0.140273 0.823932 0
Material_0
0  0.222719 -2.007121 -0.378358  0.886023 -0.063350 0.459293  0.140273 0.826377 0
0  0.128839 -2.011754 -0.318149  0.003951 -0.145859 0.989298  0.141477 0.826377 0
0  0.222719 -2.868262 -0.479961  0.884830 -0.037162 0.464429  0.140273 0.823932 0
Material_0
0  0.222719 -2.868262 -0.479961  0.884830 -0.037162 0.464429  0.140273 0.823932 0
0  0.128839 -2.011754 -0.318149  0.003951 -0.145859 0.989298  0.141477 0.826377 0
0  0.128839 -2.872605 -0.419752  0.000194 -0.076437 0.997074  0.141477 0.823932 0
Material_0
0  0.128839 -2.872605 -0.419752  0.000194 -0.076437 0.997074  0.141477 0.823932 0
0  0.128839 -2.011754 -0.318149  0.003951 -0.145859 0.989298  0.141477 0.826377 0
0  -0.093415 -2.872605 -0.419752  -0.000202 -0.076421 0.997076  0.144314 0.823932 0
Material_0
0  -0.093415 -2.872605 -0.419752  -0.000202 -0.076421 0.997076  0.144314 0.823932 0
0  0.128839 -2.011754 -0.318149  0.003951 -0.145859 0.989298  0.141477 0.826377 0
0  -0.093416 -2.011754 -0.318149  0.003562 -0.145855 0.989299  0.144314 0.826377 0
Material_0
0  -0.093416 -2.011754 -0.318149  0.003562 -0.145855 0.989299  0.144314 0.826377 0
0  0.128839 -2.011754 -0.318149  0.003951 -0.145859 0.989298  0.141477 0.826377 0
0  0.128839 -1.403397 -0.185690  0.000176 -0.304789 0.952420  0.141477 0.828741 0
Material_0
0  0.128839 -2.011754 -0.318149  0.003951 -0.145859 0.989298  0.141477 0.826377 0
0  0.222719 -2.007121 -0.378358  0.886023 -0.063350 0.459293  0.140273 0.826377 0
0  0.128839 -1.403397 -0.185690  0.000176 -0.304789 0.952420  0.141477 0.828741 0
Material_0
0  0.128839 -1.403397 -0.185690  0.000176 -0.304789 0.952420  0.141477 0.828741 0
0  0.222719 -2.007121 -0.378358  0.886023 -0.063350 0.459293  0.140273 0.826377 0
0  0.222719 -1.374441 -0.251167  0.891416 -0.141543 0.430515  0.140273 0.828904 0
Material_0
0  0.222719 -2.007121 -0.378358  0.886023 -0.063350 0.459293  0.140273 0.826377 0
0  0.456733 -1.968031 -0.538665  0.999997 0.002230 0.000026  0.137350 0.826540 0
0  0.222719 -1.374441 -0.251167  0.891416 -0.141543 0.430515  0.140273 0.828904 0
Material_0
0  0.456733 -1.968031 -0.538665  0.999997 0.002230 0.000026  0.137350 0.826540 0
0  0.456733 -1.304658 -0.412226  0.999998 0.002204 0.000029  0.137350 0.829148 0
0  0.222719 -1.374441 -0.251167  0.891416 -0.141543 0.430515  0.140273 0.828904 0
Material_0
0  0.222719 -1.374441 -0.251167  0.891416 -0.141543 0.430515  0.140273 0.828904 0
0  0.456733 -1.304658 -0.412226  0.999998 0.002204 0.000029  0.137350 0.829148 0
0  0.222719 -0.826600 -0.009578  0.886157 -0.231683 0.401310  0.140273 0.831023 0
Material_0
0  0.456733 -1.304658 -0.412226  0.999998 0.002204 0.000029  0.137350 0.829148 0
0  0.456733 -0.737127 -0.129620  0.999998 0.002208 0.000047  0.137350 0.831431 0
0  0.222719 -0.826600 -0.009578  0.886157 -0.231683 0.401310  0.140273 0.831023 0
Material_0
0  0.222719 -0.826600 -0.009578  0.886157 -0.231683 0.401310  0.140273 0.831023 0
0  0.456733 -0.737127 -0.129620  0.999998 0.002208 0.000047  0.137350 0.831431 0
0  0.222719 -0.390529 0.301251  0.873632 -0.413253 0.256884  0.140273 0.832816 0
Material_0
0  0.456733 -0.737127 -0.129620  0.999998 0.002208 0.000047  0.137350 0.831431 0
0  0.456733 -0.298450 0.217711  0.999998 0.002175 0.000017  0.137350 0.833142 0
0  0.222719 -0.390529 0.301251  0.873632 -0.413253 0.256884  0.140273 0.832816 0
Material_0
0  0.222719 -0.390529 0.301251  0.873632 -0.413253 0.256884  0.140273 0.832816 0
0  0.456733 -0.298450 0.217711  0.999998 0.002175 0.000017  0.137350 0.833142 0
0  0.222327 -0.292370 0.727605  0.149326 -0.945358 0.289826  0.140273 0.833142 0
Material_0
0  0.456733 -0.298450 0.217711  0.999998 0.002175 0.000017  0.137350 0.833142 0
0  0.222327 -0.153672 1.283034  -0.003617 -0.909761 0.415116  0.140273 0.833713 0
0  0.222327 -0.292370 0.727605  0.149326 -0.945358 0.289826  0.140273 0.833142 0
Material_0
0  0.222327 -0.153672 1.283034  -0.003617 -0.909761 0.415116  0.140273 0.833713 0
0  0.128839 -0.460312 0.327592  -0.003665 -0.909672 0.415310  0.141477 0.832490 0
0  0.222327 -0.292370 0.727605  0.149326 -0.945358 0.289826  0.140273 0.833142 0
Material_0
0  0.222327 -0.292370 0.727605  0.149326 -0.945358 0.289826  0.140273 0.833142 0
0  0.128839 -0.460312 0.327592  -0.003665 -0.909672 0.415310  0.141477 0.832490 0
0  0.222719 -0.390529 0.301251  0.873632 -0.413253 0.256884  0.140273 0.832816 0
Material_0
0  0.222719 -0.390529 0.301251  0.873632 -0.413253 0.256884  0.140273 0.832816 0
0  0.128839 -0.460312 0.327592  -0.003665 -0.909672 0.415310  0.141477 0.832490 0
0  0.222719 -0.826600 -0.009578  0.886157 -0.231683 0.401310  0.140273 0.831023 0
Material_0
0  0.128839 -0.460312 0.327592  -0.003665 -0.909672 0.415310  0.141477 0.832490 0
0  0.128839 -0.855556 0.056275  0.003992 -0.491140 0.871071  0.141477 0.830941 0
0  0.222719 -0.826600 -0.009578  0.886157 -0.231683 0.401310  0.140273 0.831023 0
Material_0
0  0.222719 -0.826600 -0.009578  0.886157 -0.231683 0.401310  0.140273 0.831023 0
0  0.128839 -0.855556 0.056275  0.003992 -0.491140 0.871071  0.141477 0.830941 0
0  0.222719 -1.374441 -0.251167  0.891416 -0.141543 0.430515  0.140273 0.828904 0
Material_0
0  0.128839 -0.855556 0.056275  0.003992 -0.491140 0.871071  0.141477 0.830941 0
0  0.128839 -1.403397 -0.185690  0.000176 -0.304789 0.952420  0.141477 0.828741 0
0  0.222719 -1.374441 -0.251167  0.891416 -0.141543 0.430515  0.140273 0.828904 0
Material_0
0  -0.413274 1.283975 0.042352  -0.984092 0.171808 -0.045226  0.148441 0.839418 0
0  -0.413274 1.283975 1.573918  -0.984097 0.171771 -0.045254  0.148441 0.839418 0
0  -0.346702 1.546602 0.619229  -0.999997 0.002362 -0.000014  0.147581 0.840478 0
Material_0
0  -0.413274 1.283975 1.573918  -0.984097 0.171771 -0.045254  0.148441 0.839418 0
0  -0.346702 1.545444 1.573918  -0.999997 0.002345 0.000024  0.147581 0.840478 0
0  -0.346702 1.546602 0.619229  -0.999997 0.002362 -0.000014  0.147581 0.840478 0
Material_0
0  -0.346702 1.546602 0.619229  -0.999997 0.002362 -0.000014  0.147581 0.840478 0
0  -0.346702 1.545444 1.573918  -0.999997 0.002345 0.000024  0.147581 0.840478 0
0  -0.346702 2.011050 0.822811  -0.999998 0.002205 0.000000  0.147581 0.842352 0
Material_0
0  -0.346702 1.545444 1.573918  -0.999997 0.002345 0.000024  0.147581 0.840478 0
0  -0.346702 2.294526 1.573918  -0.999998 0.002029 0.000000  0.147581 0.843493 0
0  -0.346702 2.011050 0.822811  -0.999998 0.002205 0.000000  0.147581 0.842352 0
Material_0
0  -0.346702 2.011050 0.822811  -0.999998 0.002205 0.000000  0.147581 0.842352 0
0  -0.346702 2.294526 1.573918  -0.999998 0.002029 0.000000  0.147581 0.843493 0
0  -0.346702 2.294526 0.845765  -0.999998 0.001998 0.000011  0.147581 0.843493 0
Material_0
0  -0.346702 2.294526 0.845765  -0.999998 0.001998 0.000011  0.147581 0.843493 0
0  -0.346702 2.294526 1.573918  -0.999998 0.002029 0.000000  0.147581 0.843493 0
0  -0.415626 2.557733 0.867591  -0.996186 -0.072192 0.049001  0.148441 0.844472 0
Material_0
0  -0.346702 2.294526 1.573918  -0.999998 0.002029 0.000000  0.147581 0.843493 0
0  -0.415626 2.557733 1.573918  -0.996185 -0.072198 0.049024  0.148441 0.844472 0
0  -0.415626 2.557733 0.867591  -0.996186 -0.072192 0.049001  0.148441 0.844472 0
Material_0
0  0.172283 3.270330 0.781793  0.325317 0.348471 -0.879055  0.140961 0.847324 0
0  0.415182 3.257879 0.866839  0.325296 0.348441 -0.879074  0.137866 0.847324 0
0  0.172283 1.997152 0.674546  0.325278 0.348481 -0.879065  0.140961 0.842271 0
Material_0
0  0.415182 3.257879 0.866839  0.325296 0.348441 -0.879074  0.137866 0.847324 0
0  0.415313 2.009313 0.763354  0.325293 0.348453 -0.879071  0.137866 0.842352 0
0  0.172283 1.997152 0.674546  0.325278 0.348481 -0.879065  0.140961 0.842271 0
Material_0
0  0.172283 1.997152 0.674546  0.325278 0.348481 -0.879065  0.140961 0.842271 0
0  0.415313 2.009313 0.763354  0.325293 0.348453 -0.879071  0.137866 0.842352 0
0  0.172283 1.607409 0.503703  0.299963 0.687521 -0.661315  0.140961 0.840722 0
Material_0
0  0.415313 2.009313 0.763354  0.325293 0.348453 -0.879071  0.137866 0.842352 0
0  0.414790 1.555579 0.564289  0.299939 0.687531 -0.661315  0.137866 0.840559 0
0  0.172283 1.607409 0.503703  0.299963 0.687521 -0.661315  0.140961 0.840722 0
Material_0
0  0.172283 1.607409 0.503703  0.299963 0.687521 -0.661315  0.140961 0.840722 0
0  0.414790 1.555579 0.564289  0.299939 0.687531 -0.661315  0.137866 0.840559 0
0  0.172283 1.350283 -0.104408  0.279910 0.949561 -0.141367  0.140961 0.839663 0
Material_0
0  0.414790 1.555579 0.564289  0.299939 0.687531 -0.661315  0.137866 0.840559 0
0  0.414333 1.283975 -0.104408  0.279901 0.949560 -0.141388  0.137866 0.839418 0
0  0.172283 1.350283 -0.104408  0.279910 0.949561 -0.141367  0.140961 0.839663 0
Material_0
0  0.172283 1.350283 -0.104408  0.279910 0.949561 -0.141367  0.140961 0.839663 0
0  0.414333 1.283975 -0.104408  0.279901 0.949560 -0.141388  0.137866 0.839418 0
0  0.172283 1.350283 -0.528505  0.279816 0.949563 -0.141537  0.140961 0.839663 0
Material_0
0  0.414333 1.283975 -0.104408  0.279901 0.949560 -0.141388  0.137866 0.839418 0
0  0.413679 1.283975 -0.528505  0.279909 0.949564 -0.141350  0.137866 0.839418 0
0  0.172283 1.350283 -0.528505  0.279816 0.949563 -0.141537  0.140961 0.839663 0
Material_0
0  0.413679 1.283975 -0.528505  0.279909 0.949564 -0.141350  0.137866 0.839418 0
0  0.165489 1.283975 -0.655696  0.000063 0.724786 -0.688974  0.141047 0.839418 0
0  0.172283 1.350283 -0.528505  0.279816 0.949563 -0.141537  0.140961 0.839663 0
Material_0
0  0.172283 1.350283 -0.528505  0.279816 0.949563 -0.141537  0.140961 0.839663 0
0  0.165489 1.283975 -0.655696  0.000063 0.724786 -0.688974  0.141047 0.839418 0
0  -0.136861 1.350283 -0.528505  -0.289756 0.946795 -0.140077  0.144916 0.839663 0
Material_0
0  0.165489 1.283975 -0.655696  0.000063 0.724786 -0.688974  0.141047 0.839418 0
0  -0.130067 1.283975 -0.655696  -0.000068 0.724762 -0.688999  0.144830 0.839418 0
0  -0.136861 1.350283 -0.528505  -0.289756 0.946795 -0.140077  0.144916 0.839663 0
Material_0
0  -0.130067 1.283975 -0.655696  -0.000068 0.724762 -0.688999  0.144830 0.839418 0
0  -0.377800 1.283975 -0.528505  -0.289864 0.946790 -0.139885  0.147925 0.839418 0
0  -0.136861 1.350283 -0.528505  -0.289756 0.946795 -0.140077  0.144916 0.839663 0
Material_0
0  -0.136861 1.350283 -0.528505  -0.289756 0.946795 -0.140077  0.144916 0.839663 0
0  -0.377800 1.283975 -0.528505  -0.289864 0.946790 -0.139885  0.147925 0.839418 0
0  -0.136861 1.350283 -0.104408  -0.289871 0.946785 -0.139904  0.144916 0.839663 0
Material_0
0  -0.377800 1.283975 -0.528505  -0.289864 0.946790 -0.139885  0.147925 0.839418 0
0  -0.378453 1.283975 -0.104408  -0.289869 0.946784 -0.139916  0.147925 0.839418 0
0  -0.136861 1.350283 -0.104408  -0.289871 0.946785 -0.139904  0.144916 0.839663 0
Material_0
0  -0.136861 1.350283 -0.104408  -0.289871 0.946785 -0.139904  0.144916 0.839663 0
0  -0.378453 1.283975 -0.104408  -0.289869 0.946784 -0.139916  0.147925 0.839418 0
0  -0.136861 1.607409 0.503703  -0.367019 0.677951 -0.636930  0.144916 0.840722 0
Material_0
0  -0.378453 1.283975 -0.104408  -0.289869 0.946784 -0.139916  0.147925 0.839418 0
0  -0.306132 1.558474 0.561278  -0.367026 0.677952 -0.636925  0.147065 0.840559 0
0  -0.136861 1.607409 0.503703  -0.367019 0.677951 -0.636930  0.144916 0.840722 0
Material_0
0  -0.136861 1.607409 0.503703  -0.367019 0.677951 -0.636930  0.144916 0.840722 0
0  -0.306132 1.558474 0.561278  -0.367026 0.677952 -0.636925  0.147065 0.840559 0
0  -0.136861 1.997152 0.674546  -0.463393 0.235885 -0.854181  0.144916 0.842271 0
Material_0
0  -0.306132 1.558474 0.561278  -0.367026 0.677952 -0.636925  0.147065 0.840559 0
0  -0.306981 2.008734 0.758839  -0.463361 0.235877 -0.854200  0.147065 0.842352 0
0  -0.136861 1.997152 0.674546  -0.463393 0.235885 -0.854181  0.144916 0.842271 0
Material_0
0  -0.306981 2.008734 0.758839  -0.463361 0.235877 -0.854200  0.147065 0.842352 0
0  -0.305348 2.301186 0.785933  -0.463339 0.235707 -0.854259  0.147065 0.843493 0
0  -0.136861 1.997152 0.674546  -0.463393 0.235885 -0.854181  0.144916 0.842271 0
Material_0
0  -0.136861 1.997152 0.674546  -0.463393 0.235885 -0.854181  0.144916 0.842271 0
0  -0.305348 2.301186 0.785933  -0.463339 0.235707 -0.854259  0.147065 0.843493 0
0  -0.136861 3.270330 0.781793  -0.463285 0.235752 -0.854276  0.144916 0.847324 0
Material_0
0  -0.305348 2.301186 0.785933  -0.463339 0.235707 -0.854259  0.147065 0.843493 0
0  -0.379760 2.585530 0.809264  -0.463290 0.235786 -0.854264  0.148011 0.844634 0
0  -0.136861 3.270330 0.781793  -0.463285 0.235752 -0.854276  0.144916 0.847324 0
Material_0
0  -0.136861 3.270330 0.781793  -0.463285 0.235752 -0.854276  0.144916 0.847324 0
0  -0.379760 2.585530 0.809264  -0.463290 0.235786 -0.854264  0.148011 0.844634 0
0  -0.379368 3.257879 0.866839  -0.463292 0.235785 -0.854263  0.148011 0.847324 0
Material_0
0  0.277205 2.006128 4.695378  0.000000 -1.000000 0.000000  0.139585 0.842352 0
0  0.277205 2.006128 4.517762  0.000000 -1.000000 0.000000  0.139585 0.842352 0
0  0.318690 2.006128 4.629148  0.000000 -1.000000 0.000000  0.139070 0.842352 0
Material_0
0  0.318690 2.006128 4.629148  0.000000 -1.000000 0.000000  0.139070 0.842352 0
0  0.277205 2.006128 4.517762  0.000000 -1.000000 0.000000  0.139585 0.842352 0
0  0.318690 2.006128 4.574208  0.000000 -1.000000 0.000000  0.139070 0.842352 0
Material_0
0  0.277205 2.006128 4.517762  0.000000 -1.000000 -0.000000  0.139585 0.842352 0
0  0.318690 2.006128 4.463198  0.000000 -1.000000 -0.000000  0.139070 0.842352 0
0  0.318690 2.006128 4.574208  0.000000 -1.000000 -0.000000  0.139070 0.842352 0
Material_0
0  -0.136861 1.283975 -0.528505  0.999998 0.002206 -0.000000  0.144916 0.839418 0
0  -0.136861 1.350283 -0.528505  0.999998 0.002206 -0.000000  0.144916 0.839663 0
0  -0.136861 1.283975 -0.104408  0.999998 0.002205 -0.000000  0.144916 0.839418 0
Material_0
0  -0.136861 1.350283 -0.528505  0.999998 0.002206 -0.000000  0.144916 0.839663 0
0  -0.136861 1.350283 -0.104408  0.999998 0.002205 0.000001  0.144916 0.839663 0
0  -0.136861 1.283975 -0.104408  0.999998 0.002205 -0.000000  0.144916 0.839418 0
Material_0
0  -0.136861 1.283975 -0.104408  0.999998 0.002205 -0.000000  0.144916 0.839418 0
0  -0.136861 1.350283 -0.104408  0.999998 0.002205 0.000001  0.144916 0.839663 0
0  -0.136861 1.551814 0.725348  0.999998 0.002205 0.000000  0.144916 0.840478 0
Material_0
0  -0.136861 1.350283 -0.104408  0.999998 0.002205 0.000001  0.144916 0.839663 0
0  -0.136861 1.607409 0.503703  0.999998 0.002205 -0.000000  0.144916 0.840722 0
0  -0.136861 1.551814 0.725348  0.999998 0.002205 0.000000  0.144916 0.840478 0
Material_0
0  -0.136861 1.551814 0.725348  0.999998 0.002205 0.000000  0.144916 0.840478 0
0  -0.136861 1.607409 0.503703  0.999998 0.002205 -0.000000  0.144916 0.840722 0
0  -0.136861 1.979489 0.912748  0.999998 0.002205 -0.000000  0.144916 0.842189 0
Material_0
0  -0.136861 1.607409 0.503703  0.999998 0.002205 -0.000000  0.144916 0.840722 0
0  -0.136861 1.997152 0.674546  0.999998 0.002205 -0.000000  0.144916 0.842271 0
0  -0.136861 1.979489 0.912748  0.999998 0.002205 -0.000000  0.144916 0.842189 0
Material_0
0  -0.136861 1.979489 0.912748  0.999998 0.002205 -0.000000  0.144916 0.842189 0
0  -0.136861 1.997152 0.674546  0.999998 0.002205 -0.000000  0.144916 0.842271 0
0  -0.136861 3.155955 1.019619  0.999597 0.028396 -0.000003  0.144916 0.846917 0
Material_0
0  -0.136861 1.997152 0.674546  0.999998 0.002205 -0.000000  0.144916 0.842271 0
0  -0.136861 3.295811 0.839745  0.998946 0.045861 0.001888  0.144916 0.847406 0
0  -0.136861 3.155955 1.019619  0.999597 0.028396 -0.000003  0.144916 0.846917 0
Material_0
0  -0.136861 3.295811 0.839745  0.998946 0.045861 0.001888  0.144916 0.847406 0
0  -0.138690 3.324188 0.852539  0.998222 0.050224 0.032093  0.144916 0.847569 0
0  -0.136861 3.155955 1.019619  0.999597 0.028396 -0.000003  0.144916 0.846917 0
Material_0
0  -0.136861 3.155955 1.019619  0.999597 0.028396 -0.000003  0.144916 0.846917 0
0  -0.138690 3.324188 0.852539  0.998222 0.050224 0.032093  0.144916 0.847569 0
0  -0.155480 3.138003 1.455757  0.999979 0.006553 0.000016  0.145088 0.846835 0
Material_0
0  -0.138690 3.324188 0.852539  0.998222 0.050224 0.032093  0.144916 0.847569 0
0  -0.155480 3.208365 1.468929  0.999979 -0.006555 -0.000009  0.145088 0.847080 0
0  -0.155480 3.138003 1.455757  0.999979 0.006553 0.000016  0.145088 0.846835 0
Material_0
0  -0.136861 3.270330 0.781793  0.999940 0.010930 -0.000001  0.144916 0.847324 0
0  -0.136861 3.295811 0.839745  0.998946 0.045861 0.001888  0.144916 0.847406 0
0  -0.136861 1.997152 0.674546  0.999998 0.002205 -0.000000  0.144916 0.842271 0
Material_0
0  -0.155480 3.208365 1.468929  0.000000 0.184465 -0.982839  0.145088 0.847080 0
0  -0.044222 3.208365 1.468929  0.209672 0.180342 -0.960997  0.143712 0.847080 0
0  -0.155480 3.138003 1.455757  0.000000 0.184324 -0.982866  0.145088 0.846835 0
Material_0
0  -0.155480 3.138003 1.455757  0.000000 0.184324 -0.982866  0.145088 0.846835 0
0  -0.044222 3.208365 1.468929  0.209672 0.180342 -0.960997  0.143712 0.847080 0
0  -0.044222 3.138003 1.455757  0.333078 0.175977 -0.926332  0.143712 0.846835 0
Material_0
0  -0.044222 3.208365 1.468929  0.209672 0.180342 -0.960997  0.143712 0.847080 0
0  0.019475 3.118024 1.500914  0.603256 0.145852 -0.784098  0.142853 0.846754 0
0  -0.044222 3.138003 1.455757  0.333078 0.175977 -0.926332  0.143712 0.846835 0
Material_0
0  0.174439 3.324188 0.852539  -0.997992 0.063311 0.001922  0.140875 0.847569 0
0  0.172283 3.295811 0.839745  -0.998094 0.050238 -0.035843  0.140961 0.847406 0
0  0.194430 3.208365 1.468929  -0.998173 0.002184 0.060378  0.140703 0.847080 0
Material_0
0  0.172283 3.295811 0.839745  -0.998094 0.050238 -0.035843  0.140961 0.847406 0
0  0.172283 3.155666 1.019619  -0.999597 0.028395 0.000012  0.140961 0.846917 0
0  0.194430 3.208365 1.468929  -0.998173 0.002184 0.060378  0.140703 0.847080 0
Material_0
0  0.194430 3.208365 1.468929  -0.998173 0.002184 0.060378  0.140703 0.847080 0
0  0.172283 3.155666 1.019619  -0.999597 0.028395 0.000012  0.140961 0.846917 0
0  0.194430 3.138003 1.455757  -0.998117 -0.010923 0.060367  0.140703 0.846835 0
Material_0
0  0.172283 3.295811 0.839745  -0.998094 0.050238 -0.035843  0.140961 0.847406 0
0  0.172283 3.270330 0.781793  -0.999940 0.010929 0.000001  0.140961 0.847324 0
0  0.172283 3.155666 1.019619  -0.999597 0.028395 0.000012  0.140961 0.846917 0
Material_0
0  0.172283 3.155666 1.019619  -0.999597 0.028395 0.000012  0.140961 0.846917 0
0  0.172283 3.270330 0.781793  -0.999940 0.010929 0.000001  0.140961 0.847324 0
0  0.172283 1.979489 0.912748  -0.999998 -0.002205 0.000000  0.140961 0.842189 0
Material_0
0  0.172283 3.270330 0.781793  -0.999940 0.010929 0.000001  0.140961 0.847324 0
0  0.172283 1.997152 0.674546  -0.999998 -0.002205 0.000000  0.140961 0.842271 0
0  0.172283 1.979489 0.912748  -0.999998 -0.002205 0.000000  0.140961 0.842189 0
Material_0
0  0.172283 1.979489 0.912748  -0.999998 -0.002205 0.000000  0.140961 0.842189 0
0  0.172283 1.997152 0.674546  -0.999998 -0.002205 0.000000  0.140961 0.842271 0
0  0.172283 1.551814 0.725348  -0.999998 -0.002205 0.000000  0.140961 0.840478 0
Material_0
0  0.172283 1.997152 0.674546  -0.999998 -0.002205 0.000000  0.140961 0.842271 0
0  0.172283 1.607409 0.503703  -0.999998 -0.002205 0.000000  0.140961 0.840722 0
0  0.172283 1.551814 0.725348  -0.999998 -0.002205 0.000000  0.140961 0.840478 0
Material_0
0  0.172283 1.551814 0.725348  -0.999998 -0.002205 0.000000  0.140961 0.840478 0
0  0.172283 1.607409 0.503703  -0.999998 -0.002205 0.000000  0.140961 0.840722 0
0  0.172283 1.283975 -0.104408  -0.999998 -0.002205 0.000000  0.140961 0.839418 0
Material_0
0  0.172283 1.607409 0.503703  -0.999998 -0.002205 0.000000  0.140961 0.840722 0
0  0.172283 1.350283 -0.104408  -0.999998 -0.002205 0.000000  0.140961 0.839663 0
0  0.172283 1.283975 -0.104408  -0.999998 -0.002205 0.000000  0.140961 0.839418 0
Material_0
0  0.172283 1.283975 -0.104408  -0.999998 -0.002205 0.000000  0.140961 0.839418 0
0  0.172283 1.350283 -0.104408  -0.999998 -0.002205 0.000000  0.140961 0.839663 0
0  0.172283 1.283975 -0.528505  -0.999998 -0.002205 0.000000  0.140961 0.839418 0
Material_0
0  0.172283 1.350283 -0.104408  -0.999998 -0.002205 0.000000  0.140961 0.839663 0
0  0.172283 1.350283 -0.528505  -0.999998 -0.002205 0.000000  0.140961 0.839663 0
0  0.172283 1.283975 -0.528505  -0.999998 -0.002205 0.000000  0.140961 0.839418 0
Material_0
0  -0.136861 1.350283 -0.528505  0.000000 0.002205 0.999998  0.144916 0.839663 0
0  -0.136861 1.283975 -0.528505  -0.000000 0.002205 0.999998  0.144916 0.839418 0
0  0.172283 1.350283 -0.528505  -0.000000 0.002205 0.999998  0.140961 0.839663 0
Material_0
0  -0.136861 1.283975 -0.528505  -0.000000 0.002205 0.999998  0.144916 0.839418 0
0  0.172283 1.283975 -0.528505  0.000000 0.002205 0.999998  0.140961 0.839418 0
0  0.172283 1.350283 -0.528505  -0.000000 0.002205 0.999998  0.140961 0.839663 0
Material_0
0  0.194430 3.138003 1.455757  -0.000000 0.184465 -0.982839  0.140703 0.846835 0
0  0.083172 3.138003 1.455757  -0.333093 0.175998 -0.926323  0.142079 0.846835 0
0  0.194430 3.208365 1.468929  -0.000000 0.184324 -0.982866  0.140703 0.847080 0
Material_0
0  0.194430 3.208365 1.468929  -0.000000 0.184324 -0.982866  0.140703 0.847080 0
0  0.083172 3.138003 1.455757  -0.333093 0.175998 -0.926323  0.142079 0.846835 0
0  0.083172 3.208365 1.468929  -0.209618 0.180336 -0.961010  0.142079 0.847080 0
Material_0
0  0.083172 3.138003 1.455757  -0.333093 0.175998 -0.926323  0.142079 0.846835 0
0  0.019475 3.118024 1.500914  -0.603191 0.145917 -0.784135  0.142853 0.846754 0
0  0.083172 3.208365 1.468929  -0.209618 0.180336 -0.961010  0.142079 0.847080 0
Material_0
0  -0.355718 2.953266 1.652566  -0.511017 0.002182 0.859568  0.353755 0.846102 0
0  -0.355718 3.108468 1.652566  -0.510993 0.002254 0.859582  0.353755 0.846672 0
0  -0.421049 2.953266 1.573918  -0.999998 0.002145 -0.000168  0.354615 0.846102 0
Material_0
0  -0.421049 2.953266 1.573918  -0.999998 0.002145 -0.000168  0.354615 0.846102 0
0  -0.355718 3.108468 1.652566  -0.510993 0.002254 0.859582  0.353755 0.846672 0
0  -0.421049 3.120051 1.573918  -0.999998 0.002180 -0.000024  0.354615 0.846754 0
Material_0
0  -0.355718 3.108468 1.652566  -0.510993 0.002254 0.859582  0.353755 0.846672 0
0  -0.365452 3.182016 1.604399  -0.000002 0.998131 0.061114  0.353841 0.846998 0
0  -0.421049 3.120051 1.573918  -0.999998 0.002180 -0.000024  0.354615 0.846754 0
Material_0
0  -0.365452 3.182016 1.604399  -0.000002 0.998131 0.061114  0.353841 0.846998 0
0  -0.345788 3.311158 0.939089  -0.000008 0.998129 0.061151  0.353669 0.847487 0
0  -0.421049 3.120051 1.573918  -0.999998 0.002180 -0.000024  0.354615 0.846754 0
Material_0
0  -0.421049 3.120051 1.573918  -0.999998 0.002180 -0.000024  0.354615 0.846754 0
0  -0.345788 3.311158 0.939089  -0.000008 0.998129 0.061151  0.353669 0.847487 0
0  -0.421049 3.247166 0.925166  -0.999998 0.002001 0.000086  0.354615 0.847243 0
Material_0
0  -0.345788 3.311158 0.939089  -0.000008 0.998129 0.061151  0.353669 0.847487 0
0  -0.379368 3.257879 0.866839  -0.463289 0.235939 -0.854222  0.354099 0.847324 0
0  -0.421049 3.247166 0.925166  -0.999998 0.002001 0.000086  0.354615 0.847243 0
Material_0
0  -0.379368 3.257879 0.866839  -0.463289 0.235939 -0.854222  0.354099 0.847324 0
0  -0.379760 2.585530 0.809264  -0.463375 0.235929 -0.854179  0.354099 0.844634 0
0  -0.421049 3.247166 0.925166  -0.999998 0.002001 0.000086  0.354615 0.847243 0
Material_0
0  -0.421049 3.247166 0.925166  -0.999998 0.002001 0.000086  0.354615 0.847243 0
0  -0.379760 2.585530 0.809264  -0.463375 0.235929 -0.854179  0.354099 0.844634 0
0  -0.421049 2.600587 0.870978  -0.999998 0.002161 -0.000183  0.354615 0.844634 0
Material_0
0  -0.421049 2.600587 0.870978  -0.999998 0.002161 -0.000183  0.354615 0.844634 0
0  -0.379760 2.585530 0.809264  -0.463375 0.235929 -0.854179  0.354099 0.844634 0
0  -0.415626 2.557733 0.867591  -0.996197 -0.072027 0.049035  0.354529 0.844472 0
Material_0
0  -0.415626 2.557733 0.867591  -0.996197 -0.072027 0.049035  0.354529 0.844472 0
0  -0.379760 2.585530 0.809264  -0.463375 0.235929 -0.854179  0.354099 0.844634 0
0  -0.346702 2.294526 0.845765  -0.999997 0.002223 0.000169  0.353669 0.843493 0
Material_0
0  -0.379760 2.585530 0.809264  -0.463375 0.235929 -0.854179  0.354099 0.844634 0
0  -0.305348 2.301186 0.785933  -0.463413 0.235908 -0.854164  0.353153 0.843493 0
0  -0.346702 2.294526 0.845765  -0.999997 0.002223 0.000169  0.353669 0.843493 0
Material_0
0  -0.305348 2.301186 0.785933  -0.463413 0.235908 -0.854164  0.353153 0.843493 0
0  -0.306981 2.008734 0.758839  -0.463403 0.235899 -0.854172  0.353153 0.842352 0
0  -0.346702 2.294526 0.845765  -0.999997 0.002223 0.000169  0.353669 0.843493 0
Material_0
0  -0.346702 2.294526 0.845765  -0.999997 0.002223 0.000169  0.353669 0.843493 0
0  -0.306981 2.008734 0.758839  -0.463403 0.235899 -0.854172  0.353153 0.842352 0
0  -0.346702 2.011050 0.822811  -0.999998 0.002195 0.000008  0.353669 0.842352 0
Material_0
0  -0.306981 2.008734 0.758839  -0.463403 0.235899 -0.854172  0.353153 0.842352 0
0  -0.306132 1.558474 0.561278  -0.367090 0.677945 -0.636896  0.353153 0.840559 0
0  -0.346702 2.011050 0.822811  -0.999998 0.002195 0.000008  0.353669 0.842352 0
Material_0
0  -0.346702 2.011050 0.822811  -0.999998 0.002195 0.000008  0.353669 0.842352 0
0  -0.306132 1.558474 0.561278  -0.367090 0.677945 -0.636896  0.353153 0.840559 0
0  -0.346702 1.546602 0.619229  -0.999998 0.002074 0.000129  0.353669 0.840478 0
Material_0
0  -0.306132 1.558474 0.561278  -0.367090 0.677945 -0.636896  0.353153 0.840559 0
0  -0.378453 1.283975 -0.104408  -0.289869 0.946808 -0.139750  0.354013 0.839418 0
0  -0.346702 1.546602 0.619229  -0.999998 0.002074 0.000129  0.353669 0.840478 0
Material_0
0  -0.346702 1.546602 0.619229  -0.999998 0.002074 0.000129  0.353669 0.840478 0
0  -0.378453 1.283975 -0.104408  -0.289869 0.946808 -0.139750  0.354013 0.839418 0
0  -0.413274 1.283975 0.042352  -0.984072 0.171900 -0.045306  0.354529 0.839418 0
Material_0
0  -0.413274 1.283975 0.042352  -0.984072 0.171900 -0.045306  0.354529 0.839418 0
0  -0.378453 1.283975 -0.104408  -0.289869 0.946808 -0.139750  0.354013 0.839418 0
0  -0.421114 1.229828 -0.104408  -0.999998 0.002025 -0.000044  0.354615 0.839255 0
Material_0
0  -0.378453 1.283975 -0.104408  -0.289869 0.946808 -0.139750  0.354013 0.839418 0
0  -0.377800 1.283975 -0.528505  -0.289861 0.946826 -0.139649  0.354013 0.839418 0
0  -0.421114 1.229828 -0.104408  -0.999998 0.002025 -0.000044  0.354615 0.839255 0
Material_0
0  -0.421114 1.229828 -0.104408  -0.999998 0.002025 -0.000044  0.354615 0.839255 0
0  -0.377800 1.283975 -0.528505  -0.289861 0.946826 -0.139649  0.354013 0.839418 0
0  -0.421114 1.229828 -0.528505  -0.999998 0.002030 0.000138  0.354615 0.839255 0
Material_0
0  -0.377800 1.283975 -0.528505  -0.289861 0.946826 -0.139649  0.354013 0.839418 0
0  -0.130067 1.283975 -0.655696  -0.000163 0.724567 -0.689204  0.350918 0.839418 0
0  -0.421114 1.229828 -0.528505  -0.999998 0.002030 0.000138  0.354615 0.839255 0
Material_0
0  -0.421114 1.229828 -0.528505  -0.999998 0.002030 0.000138  0.354615 0.839255 0
0  -0.130067 1.283975 -0.655696  -0.000163 0.724567 -0.689204  0.350918 0.839418 0
0  -0.127976 1.229828 -0.695961  -0.000124 0.282442 -0.959284  0.350832 0.839255 0
Material_0
0  -0.130067 1.283975 -0.655696  -0.000163 0.724567 -0.689204  0.350918 0.839418 0
0  0.165489 1.283975 -0.655696  0.000155 0.724564 -0.689208  0.347135 0.839418 0
0  -0.127976 1.229828 -0.695961  -0.000124 0.282442 -0.959284  0.350832 0.839255 0
Material_0
0  -0.127976 1.229828 -0.695961  -0.000124 0.282442 -0.959284  0.350832 0.839255 0
0  0.165489 1.283975 -0.655696  0.000155 0.724564 -0.689208  0.347135 0.839418 0
0  0.163398 1.229828 -0.695961  0.000081 0.282441 -0.959285  0.347135 0.839255 0
Material_0
0  0.165489 1.283975 -0.655696  0.000155 0.724564 -0.689208  0.347135 0.839418 0
0  0.413679 1.283975 -0.528505  0.279769 0.949629 -0.141192  0.343953 0.839418 0
0  0.163398 1.229828 -0.695961  0.000081 0.282441 -0.959285  0.347135 0.839255 0
Material_0
0  0.163398 1.229828 -0.695961  0.000081 0.282441 -0.959285  0.347135 0.839255 0
0  0.413679 1.283975 -0.528505  0.279769 0.949629 -0.141192  0.343953 0.839418 0
0  0.456928 1.229828 -0.528505  0.999998 0.001982 0.000127  0.343438 0.839255 0
Material_0
0  0.413679 1.283975 -0.528505  0.279769 0.949629 -0.141192  0.343953 0.839418 0
0  0.414333 1.283975 -0.104408  0.279781 0.949600 -0.141362  0.343953 0.839418 0
0  0.456928 1.229828 -0.528505  0.999998 0.001982 0.000127  0.343438 0.839255 0
Material_0
0  0.456928 1.229828 -0.528505  0.999998 0.001982 0.000127  0.343438 0.839255 0
0  0.414333 1.283975 -0.104408  0.279781 0.949600 -0.141362  0.343953 0.839418 0
0  0.456928 1.229828 -0.104408  0.999998 0.002018 0.000002  0.343438 0.839255 0
Material_0
0  0.414333 1.283975 -0.104408  0.279781 0.949600 -0.141362  0.343953 0.839418 0
0  0.414790 1.555579 0.564289  0.299960 0.687442 -0.661398  0.343953 0.840559 0
0  0.456928 1.229828 -0.104408  0.999998 0.002018 0.000002  0.343438 0.839255 0
Material_0
0  0.456928 1.229828 -0.104408  0.999998 0.002018 0.000002  0.343438 0.839255 0
0  0.414790 1.555579 0.564289  0.299960 0.687442 -0.661398  0.343953 0.840559 0
0  0.456928 1.546602 0.619229  0.999998 0.002114 0.000175  0.343438 0.840478 0
Material_0
0  0.414790 1.555579 0.564289  0.299960 0.687442 -0.661398  0.343953 0.840559 0
0  0.415313 2.009313 0.763354  0.325140 0.348668 -0.879042  0.343953 0.842352 0
0  0.456928 1.546602 0.619229  0.999998 0.002114 0.000175  0.343438 0.840478 0
Material_0
0  0.456928 1.546602 0.619229  0.999998 0.002114 0.000175  0.343438 0.840478 0
0  0.415313 2.009313 0.763354  0.325140 0.348668 -0.879042  0.343953 0.842352 0
0  0.456928 2.011051 0.822811  0.999998 0.002117 0.000135  0.343438 0.842352 0
Material_0
0  0.415313 2.009313 0.763354  0.325140 0.348668 -0.879042  0.343953 0.842352 0
0  0.415182 3.257879 0.866839  0.325376 0.348543 -0.879004  0.343953 0.847324 0
0  0.456928 2.011051 0.822811  0.999998 0.002117 0.000135  0.343438 0.842352 0
Material_0
0  0.456928 2.011051 0.822811  0.999998 0.002117 0.000135  0.343438 0.842352 0
0  0.415182 3.257879 0.866839  0.325376 0.348543 -0.879004  0.343953 0.847324 0
0  0.456993 3.247166 0.925166  0.999998 0.002046 0.000205  0.343438 0.847243 0
Material_0
0  0.415182 3.257879 0.866839  0.325376 0.348543 -0.879004  0.343953 0.847324 0
0  0.381733 3.311158 0.939089  0.000039 0.998121 0.061280  0.344383 0.847487 0
0  0.456993 3.247166 0.925166  0.999998 0.002046 0.000205  0.343438 0.847243 0
Material_0
0  0.381733 3.311158 0.939089  0.000039 0.998121 0.061280  0.344383 0.847487 0
0  0.401985 3.182016 1.604022  -0.000057 0.998126 0.061193  0.344125 0.846998 0
0  0.456993 3.247166 0.925166  0.999998 0.002046 0.000205  0.343438 0.847243 0
Material_0
0  0.456993 3.247166 0.925166  0.999998 0.002046 0.000205  0.343438 0.847243 0
0  0.401985 3.182016 1.604022  -0.000057 0.998126 0.061193  0.344125 0.846998 0
0  0.457451 3.120051 1.573918  0.999998 0.002175 0.000009  0.343352 0.846754 0
Material_0
0  0.401985 3.182016 1.604022  -0.000057 0.998126 0.061193  0.344125 0.846998 0
0  0.391990 3.108469 1.652942  0.511006 -0.002132 0.859574  0.344211 0.846672 0
0  0.457451 3.120051 1.573918  0.999998 0.002175 0.000009  0.343352 0.846754 0
Material_0
0  0.391990 3.108469 1.652942  0.511006 -0.002132 0.859574  0.344211 0.846672 0
0  0.391598 2.953266 1.652942  0.511027 -0.002130 0.859562  0.344211 0.846102 0
0  0.457451 3.120051 1.573918  0.999998 0.002175 0.000009  0.343352 0.846754 0
Material_0
0  0.457451 3.120051 1.573918  0.999998 0.002175 0.000009  0.343352 0.846754 0
0  0.391598 2.953266 1.652942  0.511027 -0.002130 0.859562  0.344211 0.846102 0
0  0.456928 2.953266 1.573918  0.999998 0.002176 -0.000197  0.343438 0.846102 0
Material_0
0  -0.345788 3.311158 0.939089  -0.000008 0.998129 0.061151  0.353669 0.847487 0
0  -0.138690 3.324188 0.852539  0.000076 0.998119 0.061305  0.351004 0.847569 0
0  -0.379368 3.257879 0.866839  -0.463289 0.235939 -0.854222  0.354099 0.847324 0
Material_0
0  -0.379368 3.257879 0.866839  -0.463289 0.235939 -0.854222  0.354099 0.847324 0
0  -0.138690 3.324188 0.852539  0.000076 0.998119 0.061305  0.351004 0.847569 0
0  -0.136861 3.270330 0.781793  -0.463468 0.235702 -0.854191  0.351004 0.847324 0
Material_0
0  0.415182 3.257879 0.866839  0.325376 0.348543 -0.879004  0.343953 0.847324 0
0  0.172283 3.270330 0.781793  0.325254 0.348645 -0.879009  0.347049 0.847324 0
0  0.381733 3.311158 0.939089  0.000039 0.998121 0.061280  0.344383 0.847487 0
Material_0
0  0.381733 3.311158 0.939089  0.000039 0.998121 0.061280  0.344383 0.847487 0
0  0.172283 3.270330 0.781793  0.325254 0.348645 -0.879009  0.347049 0.847324 0
0  0.174439 3.324188 0.852539  -0.000059 0.998118 0.061321  0.346963 0.847569 0
Material_0
0  -0.415626 2.557733 0.867591  -0.996197 -0.072027 0.049035  0.354529 0.844472 0
0  -0.415626 2.557733 1.573918  -0.996196 -0.072022 0.049058  0.354529 0.844472 0
0  -0.421049 2.600587 0.870978  -0.999998 0.002161 -0.000183  0.354615 0.844634 0
Material_0
0  -0.421049 2.600587 0.870978  -0.999998 0.002161 -0.000183  0.354615 0.844634 0
0  -0.415626 2.557733 1.573918  -0.996196 -0.072022 0.049058  0.354529 0.844472 0
0  -0.421048 2.600587 1.573918  -0.999998 0.002078 -0.000022  0.354615 0.844634 0
Material_0
0  -0.415626 2.557733 1.573918  -0.996196 -0.072022 0.049058  0.354529 0.844472 0
0  -0.345853 2.584661 1.640148  0.000173 0.002167 0.999998  0.353669 0.844634 0
0  -0.421048 2.600587 1.573918  -0.999998 0.002078 -0.000022  0.354615 0.844634 0
Material_0
0  -0.345853 2.584661 1.640148  0.000173 0.002167 0.999998  0.353669 0.844634 0
0  -0.354542 2.953266 1.640148  0.000195 0.002164 0.999998  0.353755 0.846102 0
0  -0.421048 2.600587 1.573918  -0.999998 0.002078 -0.000022  0.354615 0.844634 0
Material_0
0  -0.421048 2.600587 1.573918  -0.999998 0.002078 -0.000022  0.354615 0.844634 0
0  -0.354542 2.953266 1.640148  0.000195 0.002164 0.999998  0.353755 0.846102 0
0  -0.421049 2.953266 1.573918  -0.999998 0.002208 -0.000193  0.354615 0.846102 0
Material_0
0  -0.415626 2.557733 1.573918  -0.996196 -0.072022 0.049058  0.354529 0.844472 0
0  -0.346702 2.294526 1.573918  -0.999998 0.002192 -0.000186  0.353669 0.843493 0
0  -0.345853 2.584661 1.640148  0.000173 0.002167 0.999998  0.353669 0.844634 0
Material_0
0  -0.345853 2.584661 1.640148  0.000173 0.002167 0.999998  0.353669 0.844634 0
0  -0.346702 2.294526 1.573918  -0.999998 0.002192 -0.000186  0.353669 0.843493 0
0  -0.280130 2.303213 1.640148  0.000162 0.002269 0.999997  0.352809 0.843493 0
Material_0
0  -0.280130 2.303213 1.640148  0.000162 0.002269 0.999997  0.352809 0.843493 0
0  -0.346702 2.294526 1.573918  -0.999998 0.002192 -0.000186  0.353669 0.843493 0
0  -0.280130 1.545444 1.640148  0.000163 0.002209 0.999998  0.352809 0.840478 0
Material_0
0  -0.346702 2.294526 1.573918  -0.999998 0.002192 -0.000186  0.353669 0.843493 0
0  -0.346702 1.545444 1.573918  -0.999998 0.002163 -0.000188  0.353669 0.840478 0
0  -0.280130 1.545444 1.640148  0.000163 0.002209 0.999998  0.352809 0.840478 0
Material_0
0  -0.346702 1.545444 1.573918  -0.999998 0.002163 -0.000188  0.353669 0.840478 0
0  -0.413274 1.283975 1.573918  -0.983098 0.177859 -0.043403  0.354529 0.839418 0
0  -0.280130 1.545444 1.640148  0.000163 0.002209 0.999998  0.352809 0.840478 0
Material_0
0  -0.280130 1.545444 1.640148  0.000163 0.002209 0.999998  0.352809 0.840478 0
0  -0.413274 1.283975 1.573918  -0.983098 0.177859 -0.043403  0.354529 0.839418 0
0  -0.354868 1.259073 1.640148  0.000204 0.002105 0.999998  0.353755 0.839337 0
Material_0
0  -0.413274 1.283975 1.573918  -0.983098 0.177859 -0.043403  0.354529 0.839418 0
0  -0.421114 1.229828 1.573918  -0.999997 0.002267 -0.000040  0.354615 0.839255 0
0  -0.354868 1.259073 1.640148  0.000204 0.002105 0.999998  0.353755 0.839337 0
Material_0
0  -0.421114 1.229828 1.573918  -0.999997 0.002267 -0.000040  0.354615 0.839255 0
0  -0.421310 0.734686 1.573918  -0.999998 0.002171 -0.000010  0.354615 0.837217 0
0  -0.354868 1.259073 1.640148  0.000204 0.002105 0.999998  0.353755 0.839337 0
Material_0
0  -0.354868 1.259073 1.640148  0.000204 0.002105 0.999998  0.353755 0.839337 0
0  -0.421310 0.734686 1.573918  -0.999998 0.002171 -0.000010  0.354615 0.837217 0
0  -0.354738 0.879465 1.640148  0.000046 0.002385 0.999997  0.353755 0.837870 0
Material_0
0  -0.354738 0.879465 1.640148  0.000046 0.002385 0.999997  0.353755 0.837870 0
0  -0.421310 0.734686 1.573918  -0.999998 0.002171 -0.000010  0.354615 0.837217 0
0  -0.354738 0.812867 1.706754  0.000025 1.000000 0.000197  0.353755 0.837543 0
Material_0
0  -0.421310 0.734686 1.573918  -0.999998 0.002171 -0.000010  0.354615 0.837217 0
0  -0.421309 0.734686 2.447701  -0.999998 0.002175 0.000089  0.354615 0.837217 0
0  -0.354738 0.812867 1.706754  0.000025 1.000000 0.000197  0.353755 0.837543 0
Material_0
0  -0.354738 0.812867 1.706754  0.000025 1.000000 0.000197  0.353755 0.837543 0
0  -0.421309 0.734686 2.447701  -0.999998 0.002175 0.000089  0.354615 0.837217 0
0  -0.354738 0.812867 2.447701  0.000160 1.000000 0.000020  0.353755 0.837543 0
Material_0
0  -0.421309 0.734686 2.447701  -0.999998 0.002175 0.000089  0.354615 0.837217 0
0  -0.417651 0.734686 2.472538  -0.994409 0.002195 0.105571  0.354529 0.837217 0
0  -0.354738 0.812867 2.447701  0.000160 1.000000 0.000020  0.353755 0.837543 0
Material_0
0  -0.417651 0.734686 2.472538  -0.994409 0.002195 0.105571  0.354529 0.837217 0
0  -0.329455 0.734686 3.072369  -0.999998 0.002009 -0.000010  0.353411 0.837217 0
0  -0.354738 0.812867 2.447701  0.000160 1.000000 0.000020  0.353755 0.837543 0
Material_0
0  -0.354738 0.812867 2.447701  0.000160 1.000000 0.000020  0.353755 0.837543 0
0  -0.329455 0.734686 3.072369  -0.999998 0.002009 -0.000010  0.353411 0.837217 0
0  -0.271637 0.812867 3.072369  0.000023 1.000000 0.000012  0.352723 0.837543 0
Material_0
0  -0.329455 0.734686 3.072369  -0.999998 0.002009 -0.000010  0.353411 0.837217 0
0  -0.279738 0.734686 3.796759  -0.999998 0.002204 0.000003  0.352809 0.837217 0
0  -0.271637 0.812867 3.072369  0.000023 1.000000 0.000012  0.352723 0.837543 0
Material_0
0  -0.271637 0.812867 3.072369  0.000023 1.000000 0.000012  0.352723 0.837543 0
0  -0.279738 0.734686 3.796759  -0.999998 0.002204 0.000003  0.352809 0.837217 0
0  -0.222770 0.812867 3.664299  0.000007 1.000000 -0.000233  0.352035 0.837543 0
Material_0
0  -0.222770 0.812867 3.664299  0.000007 1.000000 -0.000233  0.352035 0.837543 0
0  -0.279738 0.734686 3.796759  -0.999998 0.002204 0.000003  0.352809 0.837217 0
0  -0.213166 0.878886 3.730906  0.000007 0.002178 -0.999998  0.351949 0.837870 0
Material_0
0  -0.279738 0.734686 3.796759  -0.999998 0.002204 0.000003  0.352809 0.837217 0
0  -0.279738 2.142219 3.796759  -0.999997 0.002243 0.000123  0.352809 0.842841 0
0  -0.213166 0.878886 3.730906  0.000007 0.002178 -0.999998  0.351949 0.837870 0
Material_0
0  -0.213166 0.878886 3.730906  0.000007 0.002178 -0.999998  0.351949 0.837870 0
0  -0.279738 2.142219 3.796759  -0.999997 0.002243 0.000123  0.352809 0.842841 0
0  -0.213166 2.142219 3.730906  0.000152 0.002254 -0.999997  0.351949 0.842841 0
Material_0
0  -0.279738 2.142219 3.796759  -0.999997 0.002243 0.000123  0.352809 0.842841 0
0  -0.359833 2.201289 3.796759  -0.832206 -0.554467 0.000216  0.353841 0.843086 0
0  -0.213166 2.142219 3.730906  0.000152 0.002254 -0.999997  0.351949 0.842841 0
Material_0
0  -0.213166 2.142219 3.730906  0.000152 0.002254 -0.999997  0.351949 0.842841 0
0  -0.359833 2.201289 3.796759  -0.832206 -0.554467 0.000216  0.353841 0.843086 0
0  -0.293262 2.200710 3.730906  0.000017 0.002242 -0.999998  0.352981 0.843086 0
Material_0
0  -0.359833 2.201289 3.796759  -0.832206 -0.554467 0.000216  0.353841 0.843086 0
0  -0.440974 2.468549 3.796759  -0.999998 0.002183 0.000195  0.354873 0.844145 0
0  -0.293262 2.200710 3.730906  0.000017 0.002242 -0.999998  0.352981 0.843086 0
Material_0
0  -0.293262 2.200710 3.730906  0.000017 0.002242 -0.999998  0.352981 0.843086 0
0  -0.440974 2.468549 3.796759  -0.999998 0.002183 0.000195  0.354873 0.844145 0
0  -0.374402 2.468260 3.730906  0.000214 0.002169 -0.999998  0.354013 0.844145 0
Material_0
0  -0.440974 2.468549 3.796759  -0.999998 0.002183 0.000195  0.354873 0.844145 0
0  -0.346506 2.744497 3.796759  -0.824525 0.565284 0.024731  0.353669 0.845287 0
0  -0.374402 2.468260 3.730906  0.000214 0.002169 -0.999998  0.354013 0.844145 0
Material_0
0  -0.374402 2.468260 3.730906  0.000214 0.002169 -0.999998  0.354013 0.844145 0
0  -0.346506 2.744497 3.796759  -0.824525 0.565284 0.024731  0.353669 0.845287 0
0  -0.279934 2.743917 3.730906  -0.000017 0.002141 -0.999998  0.352809 0.845287 0
Material_0
0  -0.346506 2.744497 3.796759  -0.824525 0.565284 0.024731  0.353669 0.845287 0
0  -0.243937 2.823545 3.796759  -0.735246 0.677798 -0.001729  0.352293 0.845531 0
0  -0.279934 2.743917 3.730906  -0.000017 0.002141 -0.999998  0.352809 0.845287 0
Material_0
0  -0.279934 2.743917 3.730906  -0.000017 0.002141 -0.999998  0.352809 0.845287 0
0  -0.243937 2.823545 3.796759  -0.735246 0.677798 -0.001729  0.352293 0.845531 0
0  -0.124709 2.864372 3.730906  0.000196 0.002151 -0.999998  0.350832 0.845694 0
Material_0
0  -0.243937 2.823545 3.796759  -0.735246 0.677798 -0.001729  0.352293 0.845531 0
0  -0.189909 2.927496 3.796759  -0.972800 0.231617 -0.003623  0.351605 0.845939 0
0  -0.124709 2.864372 3.730906  0.000196 0.002151 -0.999998  0.350832 0.845694 0
Material_0
0  -0.189909 2.927496 3.796759  -0.972800 0.231617 -0.003623  0.351605 0.845939 0
0  -0.189386 2.953846 3.796759  -0.999997 0.002199 0.000187  0.351605 0.846102 0
0  -0.124709 2.864372 3.730906  0.000196 0.002151 -0.999998  0.350832 0.845694 0
Material_0
0  -0.124709 2.864372 3.730906  0.000196 0.002151 -0.999998  0.350832 0.845694 0
0  -0.189386 2.953846 3.796759  -0.999997 0.002199 0.000187  0.351605 0.846102 0
0  -0.122814 2.953846 3.730906  0.000198 0.002168 -0.999998  0.350832 0.846102 0
Material_0
0  -0.413274 1.283975 1.573918  -0.983098 0.177859 -0.043403  0.354529 0.839418 0
0  -0.413274 1.283975 0.042352  -0.984072 0.171900 -0.045306  0.354529 0.839418 0
0  -0.421114 1.229828 1.573918  -0.999997 0.002267 -0.000040  0.354615 0.839255 0
Material_0
0  -0.421114 1.229828 1.573918  -0.999997 0.002267 -0.000040  0.354615 0.839255 0
0  -0.413274 1.283975 0.042352  -0.984072 0.171900 -0.045306  0.354529 0.839418 0
0  -0.421114 1.229828 -0.104408  -0.999998 0.002025 -0.000044  0.354615 0.839255 0
Material_0
0  -0.417651 0.734686 2.472538  -0.994409 0.002195 0.105571  0.354529 0.837217 0
0  -0.421309 0.734686 2.447701  -0.999998 0.002175 0.000089  0.354615 0.837217 0
0  -0.417716 0.174395 2.472538  -0.994410 0.002226 0.105568  0.354529 0.835017 0
Material_0
0  -0.421309 0.734686 2.447701  -0.999998 0.002175 0.000089  0.354615 0.837217 0
0  -0.421309 0.171789 2.447701  -0.999997 0.002402 -0.000048  0.354615 0.835017 0
0  -0.417716 0.174395 2.472538  -0.994410 0.002226 0.105568  0.354529 0.835017 0
Material_0
0  -0.417716 0.174395 2.472538  -0.994410 0.002226 0.105568  0.354529 0.835017 0
0  -0.421309 0.171789 2.447701  -0.999997 0.002402 -0.000048  0.354615 0.835017 0
0  -0.186446 0.114168 2.447701  -0.003958 -0.982407 0.186711  0.351605 0.834772 0
Material_0
0  0.390357 2.953266 1.640148  -0.000199 0.002198 0.999998  0.344211 0.846102 0
0  0.390357 2.008734 1.640148  -0.000198 0.002199 0.999998  0.344211 0.842352 0
0  0.456928 2.953266 1.573918  0.999998 0.002210 -0.000180  0.343438 0.846102 0
Material_0
0  0.456928 2.953266 1.573918  0.999998 0.002210 -0.000180  0.343438 0.846102 0
0  0.390357 2.008734 1.640148  -0.000198 0.002199 0.999998  0.344211 0.842352 0
0  0.456928 2.009024 1.573918  0.999998 0.002210 -0.000181  0.343438 0.842352 0
Material_0
0  0.390357 2.008734 1.640148  -0.000198 0.002199 0.999998  0.344211 0.842352 0
0  0.390357 1.545444 1.640148  -0.000178 0.002180 0.999998  0.344211 0.840478 0
0  0.456928 2.009024 1.573918  0.999998 0.002210 -0.000181  0.343438 0.842352 0
Material_0
0  0.456928 2.009024 1.573918  0.999998 0.002210 -0.000181  0.343438 0.842352 0
0  0.390357 1.545444 1.640148  -0.000178 0.002180 0.999998  0.344211 0.840478 0
0  0.456929 1.545444 1.573918  0.999998 0.002160 -0.000172  0.343438 0.840478 0
Material_0
0  0.390357 1.545444 1.640148  -0.000178 0.002180 0.999998  0.344211 0.840478 0
0  0.390226 0.879465 1.640148  -0.000021 0.002236 0.999997  0.344211 0.837870 0
0  0.456929 1.545444 1.573918  0.999998 0.002160 -0.000172  0.343438 0.840478 0
Material_0
0  0.456929 1.545444 1.573918  0.999998 0.002160 -0.000172  0.343438 0.840478 0
0  0.390226 0.879465 1.640148  -0.000021 0.002236 0.999997  0.344211 0.837870 0
0  0.456733 0.734687 1.573918  0.999998 0.002187 0.000007  0.343438 0.837217 0
Material_0
0  0.390226 0.879465 1.640148  -0.000021 0.002236 0.999997  0.344211 0.837870 0
0  0.390226 0.812867 1.706754  -0.000006 1.000000 0.000220  0.344211 0.837543 0
0  0.456733 0.734687 1.573918  0.999998 0.002187 0.000007  0.343438 0.837217 0
Material_0
0  0.390226 0.812867 1.706754  -0.000006 1.000000 0.000220  0.344211 0.837543 0
0  0.390226 0.812867 2.447701  -0.000172 1.000000 -0.000062  0.344211 0.837543 0
0  0.456733 0.734687 1.573918  0.999998 0.002187 0.000007  0.343438 0.837217 0
Material_0
0  0.456733 0.734687 1.573918  0.999998 0.002187 0.000007  0.343438 0.837217 0
0  0.390226 0.812867 2.447701  -0.000172 1.000000 -0.000062  0.344211 0.837543 0
0  0.456733 0.734687 2.447701  0.999998 0.002204 0.000021  0.343438 0.837217 0
Material_0
0  0.390226 0.812867 2.447701  -0.000172 1.000000 -0.000062  0.344211 0.837543 0
0  0.453205 0.734687 2.472538  0.970960 0.002181 0.239233  0.343438 0.837217 0
0  0.456733 0.734687 2.447701  0.999998 0.002204 0.000021  0.343438 0.837217 0
Material_0
0  0.456733 0.734687 2.447701  0.999998 0.002204 0.000021  0.343438 0.837217 0
0  0.453205 0.734687 2.472538  0.970960 0.002181 0.239233  0.343438 0.837217 0
0  0.456733 0.171790 2.447701  0.999997 0.002404 -0.000051  0.343438 0.835017 0
Material_0
0  0.453205 0.734687 2.472538  0.970960 0.002181 0.239233  0.343438 0.837217 0
0  0.453270 0.174395 2.472538  0.970945 0.002223 0.239290  0.343438 0.835017 0
0  0.456733 0.171790 2.447701  0.999997 0.002404 -0.000051  0.343438 0.835017 0
Material_0
0  0.456733 0.171790 2.447701  0.999997 0.002404 -0.000051  0.343438 0.835017 0
0  0.453270 0.174395 2.472538  0.970945 0.002223 0.239290  0.343438 0.835017 0
0  0.222588 0.114168 2.447701  -0.003625 -0.982413 0.186686  0.346361 0.834772 0
Material_0
0  0.390226 0.812867 2.447701  -0.000172 1.000000 -0.000062  0.344211 0.837543 0
0  0.310589 0.812867 3.072369  -0.000021 1.000000 0.000051  0.345243 0.837543 0
0  0.453205 0.734687 2.472538  0.970960 0.002181 0.239233  0.343438 0.837217 0
Material_0
0  0.453205 0.734687 2.472538  0.970960 0.002181 0.239233  0.343438 0.837217 0
0  0.310589 0.812867 3.072369  -0.000021 1.000000 0.000051  0.345243 0.837543 0
0  0.368406 0.734687 3.072369  0.999998 0.001991 -0.000021  0.344555 0.837217 0
Material_0
0  0.310589 0.812867 3.072369  -0.000021 1.000000 0.000051  0.345243 0.837543 0
0  0.261721 0.808523 3.664299  -0.000006 1.000000 -0.000223  0.345931 0.837543 0
0  0.368406 0.734687 3.072369  0.999998 0.001991 -0.000021  0.344555 0.837217 0
Material_0
0  0.368406 0.734687 3.072369  0.999998 0.001991 -0.000021  0.344555 0.837217 0
0  0.261721 0.808523 3.664299  -0.000006 1.000000 -0.000223  0.345931 0.837543 0
0  0.318690 0.734686 3.796759  0.999998 0.002190 -0.000003  0.345157 0.837217 0
Material_0
0  0.261721 0.808523 3.664299  -0.000006 1.000000 -0.000223  0.345931 0.837543 0
0  0.252118 0.875121 3.730906  -0.000060 0.002431 -0.999997  0.346017 0.837788 0
0  0.318690 0.734686 3.796759  0.999998 0.002190 -0.000003  0.345157 0.837217 0
Material_0
0  0.252118 0.875121 3.730906  -0.000060 0.002431 -0.999997  0.346017 0.837788 0
0  0.252118 2.142220 3.730906  -0.000153 0.002243 -0.999998  0.346017 0.842841 0
0  0.318690 0.734686 3.796759  0.999998 0.002190 -0.000003  0.345157 0.837217 0
Material_0
0  0.318690 0.734686 3.796759  0.999998 0.002190 -0.000003  0.345157 0.837217 0
0  0.252118 2.142220 3.730906  -0.000153 0.002243 -0.999998  0.346017 0.842841 0
0  0.318689 2.142220 3.796759  0.999997 0.002441 -0.000027  0.345157 0.842841 0
Material_0
0  0.252118 2.142220 3.730906  -0.000153 0.002243 -0.999998  0.346017 0.842841 0
0  0.332213 2.196656 3.730906  0.000016 0.002211 -0.999998  0.344985 0.843086 0
0  0.318689 2.142220 3.796759  0.999997 0.002441 -0.000027  0.345157 0.842841 0
Material_0
0  0.318689 2.142220 3.796759  0.999997 0.002441 -0.000027  0.345157 0.842841 0
0  0.332213 2.196656 3.730906  0.000016 0.002211 -0.999998  0.344985 0.843086 0
0  0.398719 2.196366 3.796759  0.819694 -0.572482 0.019111  0.344125 0.843086 0
Material_0
0  0.332213 2.196656 3.730906  0.000016 0.002211 -0.999998  0.344985 0.843086 0
0  0.413353 2.464206 3.730906  -0.000220 0.002173 -0.999998  0.343953 0.844145 0
0  0.398719 2.196366 3.796759  0.819694 -0.572482 0.019111  0.344125 0.843086 0
Material_0
0  0.398719 2.196366 3.796759  0.819694 -0.572482 0.019111  0.344125 0.843086 0
0  0.413353 2.464206 3.730906  -0.000220 0.002173 -0.999998  0.343953 0.844145 0
0  0.479860 2.463916 3.796759  0.999998 0.002190 0.000187  0.343094 0.844145 0
Material_0
0  0.413353 2.464206 3.730906  -0.000220 0.002173 -0.999998  0.343953 0.844145 0
0  0.318885 2.739864 3.730906  -0.000008 0.002183 -0.999998  0.345157 0.845205 0
0  0.479860 2.463916 3.796759  0.999998 0.002190 0.000187  0.343094 0.844145 0
Material_0
0  0.479860 2.463916 3.796759  0.999998 0.002190 0.000187  0.343094 0.844145 0
0  0.318885 2.739864 3.730906  -0.000008 0.002183 -0.999998  0.345157 0.845205 0
0  0.385457 2.739574 3.796759  0.829776 0.558092 0.002100  0.344297 0.845205 0
Material_0
0  0.318885 2.739864 3.730906  -0.000008 0.002183 -0.999998  0.345157 0.845205 0
0  0.163660 2.864372 3.730906  -0.000148 0.002083 -0.999998  0.347135 0.845694 0
0  0.385457 2.739574 3.796759  0.829776 0.558092 0.002100  0.344297 0.845205 0
Material_0
0  0.385457 2.739574 3.796759  0.829776 0.558092 0.002100  0.344297 0.845205 0
0  0.163660 2.864372 3.730906  -0.000148 0.002083 -0.999998  0.347135 0.845694 0
0  0.282104 2.822677 3.796759  0.746360 0.665012 0.026570  0.345673 0.845531 0
Material_0
0  0.282104 2.822677 3.796759  0.746360 0.665012 0.026570  0.345673 0.845531 0
0  0.163660 2.864372 3.730906  -0.000148 0.002083 -0.999998  0.347135 0.845694 0
0  0.228795 2.927496 3.796759  0.972839 0.227421 -0.043173  0.346275 0.845939 0
Material_0
0  0.163660 2.864372 3.730906  -0.000148 0.002083 -0.999998  0.347135 0.845694 0
0  0.161765 2.953846 3.730906  -0.000195 0.002164 -0.999998  0.347135 0.846102 0
0  0.228795 2.927496 3.796759  0.972839 0.227421 -0.043173  0.346275 0.845939 0
Material_0
0  0.228795 2.927496 3.796759  0.972839 0.227421 -0.043173  0.346275 0.845939 0
0  0.161765 2.953846 3.730906  -0.000195 0.002164 -0.999998  0.347135 0.846102 0
0  0.228272 2.953846 3.796759  0.999998 0.002195 0.000221  0.346275 0.846102 0
Material_0
0  -0.238318 2.006128 4.695379  0.000002 -1.000000 0.000000  0.146206 0.842352 0
0  -0.279738 2.006128 4.629148  0.000002 -1.000000 0.000000  0.146722 0.842352 0
0  -0.238318 2.006128 4.517762  0.000002 -1.000000 0.000000  0.146206 0.842352 0
Material_0
0  -0.279738 2.006128 4.629148  0.000006 -1.000000 0.000000  0.146722 0.842352 0
0  -0.279738 2.006128 4.574208  0.000006 -1.000000 0.000000  0.146722 0.842352 0
0  -0.238318 2.006128 4.517762  0.000006 -1.000000 0.000000  0.146206 0.842352 0
Material_0
0  -0.238318 2.006128 4.517762  0.000006 -1.000000 0.000000  0.146206 0.842352 0
0  -0.279738 2.006128 4.574208  0.000006 -1.000000 0.000000  0.146722 0.842352 0
0  -0.279738 2.006128 4.463198  0.000006 -1.000000 0.000000  0.146722 0.842352 0
Material_0
0  -0.238318 2.006128 4.695379  0.938771 -0.344537 -0.001939  0.146206 0.842352 0
0  -0.238318 2.006128 4.517762  0.938779 -0.344516 -0.001797  0.146206 0.842352 0
0  -0.222182 2.050140 4.695379  0.836494 -0.547143 -0.030202  0.145948 0.842515 0
Material_0
0  -0.238318 2.006128 4.517762  0.938779 -0.344516 -0.001797  0.146206 0.842352 0
0  -0.222182 2.050140 4.517762  0.836494 -0.547143 0.030199  0.145948 0.842515 0
0  -0.222182 2.050140 4.695379  0.836494 -0.547143 -0.030202  0.145948 0.842515 0
Material_0
0  -0.222182 2.050140 4.695379  0.836494 -0.547143 -0.030202  0.145948 0.842515 0
0  -0.222182 2.050140 4.517762  0.836494 -0.547143 0.030199  0.145948 0.842515 0
0  -0.071987 2.192892 4.695379  0.370927 -0.928662 -0.000001  0.144056 0.843086 0
Material_0
0  -0.222182 2.050140 4.517762  0.836494 -0.547143 0.030199  0.145948 0.842515 0
0  -0.071987 2.192892 4.517762  0.370906 -0.928670 -0.000000  0.144056 0.843086 0
0  -0.071987 2.192892 4.695379  0.370927 -0.928662 -0.000001  0.144056 0.843086 0
Material_0
0  -0.071987 2.192892 4.695379  0.370927 -0.928662 -0.000001  0.144056 0.843086 0
0  -0.071987 2.192892 4.517762  0.370906 -0.928670 -0.000000  0.144056 0.843086 0
0  0.111135 2.192892 4.695379  -0.371208 -0.928550 -0.000000  0.141735 0.843086 0
Material_0
0  -0.071987 2.192892 4.517762  0.370906 -0.928670 -0.000000  0.144056 0.843086 0
0  0.111135 2.192892 4.517762  -0.371228 -0.928542 0.000001  0.141735 0.843086 0
0  0.111135 2.192892 4.695379  -0.371208 -0.928550 -0.000000  0.141735 0.843086 0
Material_0
0  0.111135 2.192892 4.695379  -0.371208 -0.928550 -0.000000  0.141735 0.843086 0
0  0.111135 2.192892 4.517762  -0.371228 -0.928542 0.000001  0.141735 0.843086 0
0  0.261133 2.050141 4.695378  -0.836494 -0.547143 -0.030196  0.139843 0.842515 0
Material_0
0  0.111135 2.192892 4.517762  -0.371228 -0.928542 0.000001  0.141735 0.843086 0
0  0.261133 2.050141 4.517762  -0.836495 -0.547142 -0.030199  0.139843 0.842515 0
0  0.261133 2.050141 4.695378  -0.836494 -0.547143 -0.030196  0.139843 0.842515 0
Material_0
0  0.261133 2.050141 4.695378  -0.836494 -0.547143 -0.030196  0.139843 0.842515 0
0  0.261133 2.050141 4.517762  -0.836495 -0.547142 -0.030199  0.139843 0.842515 0
0  0.277205 2.006128 4.695378  -0.938774 -0.344528 -0.001888  0.139585 0.842352 0
Material_0
0  0.261133 2.050141 4.517762  -0.836495 -0.547142 -0.030199  0.139843 0.842515 0
0  0.277205 2.006128 4.517762  -0.938785 -0.344498 -0.001851  0.139585 0.842352 0
0  0.277205 2.006128 4.695378  -0.938774 -0.344528 -0.001888  0.139585 0.842352 0
Material_0
0  -0.224207 1.382424 4.518515  0.000133 0.002301 0.999997  0.352121 0.839826 0
0  -0.279738 1.370842 4.463198  -0.999997 0.002349 -0.000132  0.352809 0.839826 0
0  -0.224207 1.313509 4.464703  -0.003587 -0.852236 0.523146  0.352121 0.839581 0
Material_0
0  -0.279738 1.370842 4.463198  -0.999997 0.002349 -0.000132  0.352809 0.839826 0
0  -0.279738 1.341017 4.343908  -0.999997 0.002349 -0.000056  0.352809 0.839663 0
0  -0.224207 1.313509 4.464703  -0.003587 -0.852236 0.523146  0.352121 0.839581 0
Material_0
0  -0.224207 1.313509 4.464703  -0.003587 -0.852236 0.523146  0.352121 0.839581 0
0  -0.279738 1.341017 4.343908  -0.999997 0.002349 -0.000056  0.352809 0.839663 0
0  -0.224207 1.292661 4.380410  -0.003612 -0.798074 0.602548  0.352121 0.839500 0
Material_0
0  -0.279738 1.341017 4.343908  -0.999997 0.002349 -0.000056  0.352809 0.839663 0
0  -0.279738 0.943457 4.116243  -0.999997 0.002247 -0.000162  0.352809 0.838114 0
0  -0.224207 1.292661 4.380410  -0.003612 -0.798074 0.602548  0.352121 0.839500 0
Material_0
0  -0.224207 1.292661 4.380410  -0.003612 -0.798074 0.602548  0.352121 0.839500 0
0  -0.279738 0.943457 4.116243  -0.999997 0.002247 -0.000162  0.352809 0.838114 0
0  -0.224207 0.923477 4.168926  0.000163 -0.352735 0.935723  0.352121 0.838033 0
Material_0
0  -0.279738 0.943457 4.116243  -0.999997 0.002247 -0.000162  0.352809 0.838114 0
0  -0.279738 0.340890 3.998083  -0.999998 0.002185 0.000002  0.352809 0.835669 0
0  -0.224207 0.923477 4.168926  0.000163 -0.352735 0.935723  0.352121 0.838033 0
Material_0
0  -0.224207 0.923477 4.168926  0.000163 -0.352735 0.935723  0.352121 0.838033 0
0  -0.279738 0.340890 3.998083  -0.999998 0.002185 0.000002  0.352809 0.835669 0
0  -0.224207 0.373320 4.059045  -0.000003 -0.385285 0.922798  0.352121 0.835832 0
Material_0
0  -0.279738 0.340890 3.998083  -0.999998 0.002185 0.000002  0.352809 0.835669 0
0  -0.208593 0.283558 3.992815  -0.274803 -0.830941 0.483756  0.351863 0.835424 0
0  -0.224207 0.373320 4.059045  -0.000003 -0.385285 0.922798  0.352121 0.835832 0
Material_0
0  -0.208593 0.283558 3.992815  -0.274803 -0.830941 0.483756  0.351863 0.835424 0
0  0.247545 0.283268 3.992815  0.257760 -0.838152 0.480689  0.346103 0.835424 0
0  -0.224207 0.373320 4.059045  -0.000003 -0.385285 0.922798  0.352121 0.835832 0
Material_0
0  -0.224207 0.373320 4.059045  -0.000003 -0.385285 0.922798  0.352121 0.835832 0
0  0.247545 0.283268 3.992815  0.257760 -0.838152 0.480689  0.346103 0.835424 0
0  0.263159 0.369556 4.059045  -0.000013 -0.385295 0.922794  0.345845 0.835832 0
Material_0
0  0.247545 0.283268 3.992815  0.257760 -0.838152 0.480689  0.346103 0.835424 0
0  0.318690 0.336257 3.998083  0.999998 0.002175 -0.000030  0.345157 0.835669 0
0  0.263159 0.369556 4.059045  -0.000013 -0.385295 0.922794  0.345845 0.835832 0
Material_0
0  0.318690 0.336257 3.998083  0.999998 0.002175 -0.000030  0.345157 0.835669 0
0  0.318690 0.938824 4.116243  0.999997 0.002300 -0.000151  0.345157 0.838033 0
0  0.263159 0.369556 4.059045  -0.000013 -0.385295 0.922794  0.345845 0.835832 0
Material_0
0  0.263159 0.369556 4.059045  -0.000013 -0.385295 0.922794  0.345845 0.835832 0
0  0.318690 0.938824 4.116243  0.999997 0.002300 -0.000151  0.345157 0.838033 0
0  0.263159 0.919423 4.168926  -0.000177 -0.352701 0.935736  0.345845 0.837951 0
Material_0
0  0.318690 0.938824 4.116243  0.999997 0.002300 -0.000151  0.345157 0.838033 0
0  0.318690 1.336384 4.343908  0.999997 0.002299 -0.000110  0.345157 0.839663 0
0  0.263159 0.919423 4.168926  -0.000177 -0.352701 0.935736  0.345845 0.837951 0
Material_0
0  0.263159 0.919423 4.168926  -0.000177 -0.352701 0.935736  0.345845 0.837951 0
0  0.318690 1.336384 4.343908  0.999997 0.002299 -0.000110  0.345157 0.839663 0
0  0.263159 1.288608 4.380410  -0.003946 -0.798096 0.602518  0.345845 0.839500 0
Material_0
0  0.318690 1.336384 4.343908  0.999997 0.002299 -0.000110  0.345157 0.839663 0
0  0.318690 1.365919 4.463198  0.999997 0.002392 -0.000082  0.345157 0.839744 0
0  0.263159 1.288608 4.380410  -0.003946 -0.798096 0.602518  0.345845 0.839500 0
Material_0
0  0.263159 1.288608 4.380410  -0.003946 -0.798096 0.602518  0.345845 0.839500 0
0  0.318690 1.365919 4.463198  0.999997 0.002392 -0.000082  0.345157 0.839744 0
0  0.263159 1.309745 4.464703  -0.003991 -0.852224 0.523163  0.345845 0.839500 0
Material_0
0  0.318690 1.365919 4.463198  0.999997 0.002392 -0.000082  0.345157 0.839744 0
0  0.263159 1.378659 4.518515  -0.000129 0.002333 0.999997  0.345845 0.839826 0
0  0.263159 1.309745 4.464703  -0.003991 -0.852224 0.523163  0.345845 0.839500 0
Material_0
0  -0.708437 0.758140 1.279647  0.000000 -1.000000 0.000000  0.152138 0.837380 0
0  -0.708437 0.758140 1.179550  0.000000 -1.000000 0.000000  0.152138 0.837380 0
0  -0.442281 0.758140 1.279647  0.000000 -1.000000 0.000000  0.148785 0.837380 0
Material_0
0  -0.442281 0.758140 1.279647  0.000000 -1.000000 0.000000  0.148785 0.837380 0
0  -0.708437 0.758140 1.179550  0.000000 -1.000000 0.000000  0.152138 0.837380 0
0  -0.442281 0.758140 1.223954  0.000000 -1.000000 0.000000  0.148785 0.837380 0
Material_0
0  -0.708437 0.758140 1.179550  0.000000 -1.000000 -0.000001  0.152138 0.837380 0
0  -0.486575 0.758140 1.179550  0.000000 -1.000000 -0.000001  0.149301 0.837380 0
0  -0.442281 0.758140 1.223954  0.000000 -1.000000 -0.000001  0.148785 0.837380 0
Material_0
0  -0.442281 0.758141 1.564887  -0.000000 0.002205 0.999998  0.148785 0.837380 0
0  -0.442281 1.147594 1.564887  -0.000000 0.002205 0.999998  0.148785 0.838929 0
0  -0.708437 0.758141 1.564887  -0.217381 0.002045 0.976085  0.152138 0.837380 0
Material_0
0  -0.442281 1.147594 1.564887  -0.000000 0.002205 0.999998  0.148785 0.838929 0
0  -0.708437 1.147594 1.564887  -0.304709 -0.002206 0.952443  0.152138 0.838929 0
0  -0.708437 0.758141 1.564887  -0.217381 0.002045 0.976085  0.152138 0.837380 0
Material_0
0  -0.708437 0.758141 1.564887  -0.217381 0.002045 0.976085  0.152138 0.837380 0
0  -0.708437 1.147594 1.564887  -0.304709 -0.002206 0.952443  0.152138 0.838929 0
0  -0.752797 0.802443 1.533277  -0.580429 0.002249 0.814307  0.152740 0.837543 0
Material_0
0  -0.752797 0.802443 1.533277  -0.580429 0.002249 0.814307  0.152740 0.837543 0
0  -0.708437 1.147594 1.564887  -0.304709 -0.002206 0.952443  0.152138 0.838929 0
0  -0.752797 1.147594 1.533277  -0.580422 -0.002203 0.814313  0.152740 0.838929 0
Material_0
0  -0.708437 1.147594 1.564887  -0.304709 -0.002206 0.952443  0.152138 0.838929 0
0  -0.713141 2.445674 1.564887  -0.228403 -0.080736 0.970213  0.152224 0.843819 0
0  -0.752797 1.147594 1.533277  -0.580422 -0.002203 0.814313  0.152740 0.838929 0
Material_0
0  -0.752797 1.147594 1.533277  -0.580422 -0.002203 0.814313  0.152740 0.838929 0
0  -0.713141 2.445674 1.564887  -0.228403 -0.080736 0.970213  0.152224 0.843819 0
0  -0.752797 2.409769 1.533277  -0.589201 -0.058949 0.805833  0.152740 0.843656 0
Material_0
0  -0.752797 2.409769 1.533277  -0.589201 -0.058949 0.805833  0.152740 0.843656 0
0  -0.713141 2.445674 1.564887  -0.228403 -0.080736 0.970213  0.152224 0.843819 0
0  -0.762139 2.438725 1.533277  -0.492973 -0.269662 0.827200  0.152826 0.843819 0
Material_0
0  -0.762139 2.438725 1.533277  -0.492973 -0.269662 0.827200  0.152826 0.843819 0
0  -0.713141 2.445674 1.564887  -0.228403 -0.080736 0.970213  0.152224 0.843819 0
0  -0.874181 2.594795 1.533277  -0.338449 -0.487317 0.804969  0.154288 0.844390 0
Material_0
0  -0.713141 2.445674 1.564887  -0.228403 -0.080736 0.970213  0.152224 0.843819 0
0  -0.849225 2.629542 1.564887  -0.067981 -0.821117 0.566698  0.153944 0.844553 0
0  -0.874181 2.594795 1.533277  -0.338449 -0.487317 0.804969  0.154288 0.844390 0
Material_0
0  -0.874181 2.594795 1.533277  -0.338449 -0.487317 0.804969  0.154288 0.844390 0
0  -0.849225 2.629542 1.564887  -0.067981 -0.821117 0.566698  0.153944 0.844553 0
0  -0.899660 2.630411 1.564887  -0.015203 -0.943967 0.329690  0.154631 0.844553 0
Material_0
0  -0.849225 2.629542 1.564887  -0.067981 -0.821117 0.566698  0.153944 0.844553 0
0  -0.849225 2.629542 1.767716  -0.017037 -0.999847 -0.003877  0.153944 0.844553 0
0  -0.899660 2.630411 1.564887  -0.015203 -0.943967 0.329690  0.154631 0.844553 0
Material_0
0  -0.899660 2.630411 1.564887  -0.015203 -0.943967 0.329690  0.154631 0.844553 0
0  -0.849225 2.629542 1.767716  -0.017037 -0.999847 -0.003877  0.153944 0.844553 0
0  -0.899660 2.630411 1.723312  -0.017038 -0.999847 -0.003875  0.154631 0.844553 0
Material_0
0  -0.442281 2.257752 1.564887  -0.000000 0.002205 0.999998  0.148785 0.843330 0
0  -0.447769 2.288156 1.564887  -0.000000 0.002205 0.999998  0.148871 0.843412 0
0  -0.442281 1.147594 1.564887  -0.000000 0.002205 0.999998  0.148785 0.838929 0
Material_0
0  -0.442281 1.147594 1.564887  -0.000000 0.002205 0.999998  0.148785 0.838929 0
0  -0.447769 2.288156 1.564887  -0.000000 0.002205 0.999998  0.148871 0.843412 0
0  -0.708437 1.147594 1.564887  -0.304709 -0.002206 0.952443  0.152138 0.838929 0
Material_0
0  -0.708437 1.147594 1.564887  -0.304709 -0.002206 0.952443  0.152138 0.838929 0
0  -0.447769 2.288156 1.564887  -0.000000 0.002205 0.999998  0.148871 0.843412 0
0  -0.713141 2.445674 1.564887  -0.228403 -0.080736 0.970213  0.152224 0.843819 0
Material_0
0  -0.447769 2.288156 1.564887  -0.000000 0.002205 0.999998  0.148871 0.843412 0
0  -0.520547 2.542097 1.564887  -0.000000 0.002205 0.999998  0.149817 0.844227 0
0  -0.713141 2.445674 1.564887  -0.228403 -0.080736 0.970213  0.152224 0.843819 0
Material_0
0  -0.713141 2.445674 1.564887  -0.228403 -0.080736 0.970213  0.152224 0.843819 0
0  -0.520547 2.542097 1.564887  -0.000000 0.002205 0.999998  0.149817 0.844227 0
0  -0.849225 2.629542 1.564887  -0.067981 -0.821117 0.566698  0.153944 0.844553 0
Material_0
0  -0.520547 2.542097 1.564887  -0.000000 0.002205 0.999998  0.149817 0.844227 0
0  -0.520547 2.698457 1.564887  0.157327 -0.736594 0.657782  0.149817 0.844797 0
0  -0.849225 2.629542 1.564887  -0.067981 -0.821117 0.566698  0.153944 0.844553 0
Material_0
0  -0.520547 2.698457 1.564887  0.157327 -0.736594 0.657782  0.149817 0.844797 0
0  -0.520547 2.698457 1.767716  0.208198 -0.978085 -0.001896  0.149817 0.844797 0
0  -0.849225 2.629542 1.564887  -0.067981 -0.821117 0.566698  0.153944 0.844553 0
Material_0
0  -0.849225 2.629542 1.564887  -0.067981 -0.821117 0.566698  0.153944 0.844553 0
0  -0.520547 2.698457 1.767716  0.208198 -0.978085 -0.001896  0.149817 0.844797 0
0  -0.849225 2.629542 1.767716  0.208198 -0.978085 -0.001896  0.153944 0.844553 0
Material_0
0  -0.708437 0.758140 1.179550  0.000000 -0.006764 -0.999977  0.152138 0.837380 0
0  -0.708437 1.147594 1.176915  -0.000171 0.002113 -0.999998  0.152138 0.838929 0
0  -0.486575 0.758140 1.179550  0.000000 -0.006764 -0.999977  0.149301 0.837380 0
Material_0
0  -0.486575 0.758140 1.179550  0.000000 -0.006764 -0.999977  0.149301 0.837380 0
0  -0.708437 1.147594 1.176915  -0.000171 0.002113 -0.999998  0.152138 0.838929 0
0  -0.486575 1.147594 1.176915  0.000204 0.002127 -0.999998  0.149301 0.838929 0
Material_0
0  -0.708437 1.147594 1.176915  -0.000171 0.002113 -0.999998  0.152138 0.838929 0
0  -0.723071 1.160044 1.176915  0.000028 0.002215 -0.999997  0.152396 0.838929 0
0  -0.486575 1.147594 1.176915  0.000204 0.002127 -0.999998  0.149301 0.838929 0
Material_0
0  -0.486575 1.147594 1.176915  0.000204 0.002127 -0.999998  0.149301 0.838929 0
0  -0.723071 1.160044 1.176915  0.000028 0.002215 -0.999997  0.152396 0.838929 0
0  -0.472006 1.160044 1.176915  -0.000001 0.002194 -0.999997  0.149129 0.838929 0
Material_0
0  -0.723071 1.160044 1.176915  0.000028 0.002215 -0.999997  0.152396 0.838929 0
0  -0.486575 1.224616 1.203633  0.000178 0.521315 -0.853364  0.149301 0.839174 0
0  -0.472006 1.160044 1.176915  -0.000001 0.002194 -0.999997  0.149129 0.838929 0
Material_0
0  -0.486575 1.224616 1.203633  0.000178 0.521315 -0.853364  0.149301 0.839174 0
0  -0.442281 1.176260 1.216427  0.999998 0.002154 -0.000027  0.148785 0.839011 0
0  -0.472006 1.160044 1.176915  -0.000001 0.002194 -0.999997  0.149129 0.838929 0
Material_0
0  -0.472006 1.160044 1.176915  -0.000001 0.002194 -0.999997  0.149129 0.838929 0
0  -0.442281 1.176260 1.216427  0.999998 0.002154 -0.000027  0.148785 0.839011 0
0  -0.442281 1.147594 1.221319  0.999998 0.002119 -0.000187  0.148785 0.838929 0
Material_0
0  -0.442281 1.176260 1.216427  0.999998 0.002154 -0.000027  0.148785 0.839011 0
0  -0.442281 1.147594 1.278518  0.999998 0.002205 -0.000000  0.148785 0.838929 0
0  -0.442281 1.147594 1.221319  0.999998 0.002119 -0.000187  0.148785 0.838929 0
Material_0
0  -0.442281 1.147594 1.221319  0.999998 0.002119 -0.000187  0.148785 0.838929 0
0  -0.442281 1.147594 1.278518  0.999998 0.002205 -0.000000  0.148785 0.838929 0
0  -0.442281 0.758140 1.223954  0.999998 0.002205 -0.000015  0.148785 0.837380 0
Material_0
0  -0.442281 1.147594 1.278518  0.999998 0.002205 -0.000000  0.148785 0.838929 0
0  -0.442281 0.758140 1.279647  0.999998 0.002205 -0.000000  0.148785 0.837380 0
0  -0.442281 0.758140 1.223954  0.999998 0.002205 -0.000015  0.148785 0.837380 0
Material_0
0  -0.472006 1.160044 1.176915  -0.000001 0.002194 -0.999997  0.149129 0.838929 0
0  -0.442281 1.147594 1.221319  0.999998 0.002119 -0.000187  0.148785 0.838929 0
0  -0.486575 1.147594 1.176915  0.000204 0.002127 -0.999998  0.149301 0.838929 0
Material_0
0  -0.442281 1.147594 1.221319  0.999998 0.002119 -0.000187  0.148785 0.838929 0
0  -0.442281 0.758140 1.223954  0.707156 -0.006428 -0.707029  0.148785 0.837380 0
0  -0.486575 1.147594 1.176915  0.000204 0.002127 -0.999998  0.149301 0.838929 0
Material_0
0  -0.486575 1.147594 1.176915  0.000204 0.002127 -0.999998  0.149301 0.838929 0
0  -0.442281 0.758140 1.223954  0.707156 -0.006428 -0.707029  0.148785 0.837380 0
0  -0.486575 0.758140 1.179550  0.707078 -0.006586 -0.707105  0.149301 0.837380 0
Material_0
0  -0.442281 1.147594 1.278518  0.999998 0.002205 -0.000000  0.148785 0.838929 0
0  -0.442281 1.176260 1.216427  0.999998 0.002154 -0.000027  0.148785 0.839011 0
0  -0.442281 1.147594 1.463284  0.999998 0.002205 -0.000000  0.148785 0.838929 0
Material_0
0  -0.442281 1.147594 1.463284  0.999998 0.002205 -0.000000  0.148785 0.838929 0
0  -0.442281 1.176260 1.216427  0.999998 0.002154 -0.000027  0.148785 0.839011 0
0  -0.442281 1.370262 1.372594  0.999997 0.002269 -0.000196  0.148785 0.839744 0
Material_0
0  -0.442281 1.370262 1.372594  0.999997 0.002269 -0.000196  0.148785 0.839744 0
0  -0.442281 1.176260 1.216427  0.999998 0.002154 -0.000027  0.148785 0.839011 0
0  -0.486575 1.350572 1.302225  0.000008 0.521275 -0.853389  0.149301 0.839663 0
Material_0
0  -0.442281 1.176260 1.216427  0.999998 0.002154 -0.000027  0.148785 0.839011 0
0  -0.486575 1.224616 1.203633  0.000178 0.521315 -0.853364  0.149301 0.839174 0
0  -0.486575 1.350572 1.302225  0.000008 0.521275 -0.853389  0.149301 0.839663 0
Material_0
0  -0.486575 1.350572 1.302225  0.000008 0.521275 -0.853389  0.149301 0.839663 0
0  -0.486575 1.224616 1.203633  0.000178 0.521315 -0.853364  0.149301 0.839174 0
0  -0.708437 1.224616 1.203633  -0.000226 0.521296 -0.853376  0.152138 0.839174 0
Material_0
0  -0.486575 1.224616 1.203633  0.000178 0.521315 -0.853364  0.149301 0.839174 0
0  -0.723071 1.160044 1.176915  0.000028 0.002215 -0.999997  0.152396 0.838929 0
0  -0.708437 1.224616 1.203633  -0.000226 0.521296 -0.853376  0.152138 0.839174 0
Material_0
0  -0.708437 1.224616 1.203633  -0.000226 0.521296 -0.853376  0.152138 0.839174 0
0  -0.723071 1.160044 1.176915  0.000028 0.002215 -0.999997  0.152396 0.838929 0
0  -0.752797 1.176260 1.216427  -0.999997 0.002239 -0.000006  0.152740 0.839011 0
Material_0
0  -0.723071 1.160044 1.176915  0.000028 0.002215 -0.999997  0.152396 0.838929 0
0  -0.708437 1.147594 1.176915  -0.000171 0.002113 -0.999998  0.152138 0.838929 0
0  -0.752797 1.176260 1.216427  -0.999997 0.002239 -0.000006  0.152740 0.839011 0
Material_0
0  -0.752797 1.176260 1.216427  -0.999997 0.002239 -0.000006  0.152740 0.839011 0
0  -0.708437 1.147594 1.176915  -0.000171 0.002113 -0.999998  0.152138 0.838929 0
0  -0.752797 1.147594 1.221319  -0.999997 0.002198 -0.000197  0.152740 0.838929 0
Material_0
0  -0.708437 1.147594 1.176915  -0.000171 0.002113 -0.999998  0.152138 0.838929 0
0  -0.708437 0.758140 1.179550  -0.707078 -0.006451 -0.707106  0.152138 0.837380 0
0  -0.752797 1.147594 1.221319  -0.999997 0.002198 -0.000197  0.152740 0.838929 0
Material_0
0  -0.708437 0.758140 1.179550  -0.707078 -0.006451 -0.707106  0.152138 0.837380 0
0  -0.752797 0.802443 1.223577  -0.999998 0.002203 -0.000024  0.152740 0.837543 0
0  -0.752797 1.147594 1.221319  -0.999997 0.002198 -0.000197  0.152740 0.838929 0
Material_0
0  -0.752797 0.802443 1.223577  -0.999998 0.002203 -0.000024  0.152740 0.837543 0
0  -0.752797 1.147594 1.234114  -0.999998 0.002180 0.000190  0.152740 0.838929 0
0  -0.752797 1.147594 1.221319  -0.999997 0.002198 -0.000197  0.152740 0.838929 0
Material_0
0  -0.752797 1.147594 1.234114  -0.999998 0.002180 0.000190  0.152740 0.838929 0
0  -0.752797 1.370262 1.372594  -0.999997 0.002250 -0.000167  0.152740 0.839744 0
0  -0.752797 1.147594 1.221319  -0.999997 0.002198 -0.000197  0.152740 0.838929 0
Material_0
0  -0.752797 1.147594 1.221319  -0.999997 0.002198 -0.000197  0.152740 0.838929 0
0  -0.752797 1.370262 1.372594  -0.999997 0.002250 -0.000167  0.152740 0.839744 0
0  -0.752797 1.176260 1.216427  -0.999997 0.002239 -0.000006  0.152740 0.839011 0
Material_0
0  -0.752797 1.176260 1.216427  -0.999997 0.002239 -0.000006  0.152740 0.839011 0
0  -0.752797 1.370262 1.372594  -0.999997 0.002250 -0.000167  0.152740 0.839744 0
0  -0.708437 1.224616 1.203633  -0.000226 0.521296 -0.853376  0.152138 0.839174 0
Material_0
0  -0.752797 1.370262 1.372594  -0.999997 0.002250 -0.000167  0.152740 0.839744 0
0  -0.708437 1.350572 1.302225  -0.000015 0.521265 -0.853395  0.152138 0.839663 0
0  -0.708437 1.224616 1.203633  -0.000226 0.521296 -0.853376  0.152138 0.839174 0
Material_0
0  -0.708437 1.224616 1.203633  -0.000226 0.521296 -0.853376  0.152138 0.839174 0
0  -0.708437 1.350572 1.302225  -0.000015 0.521265 -0.853395  0.152138 0.839663 0
0  -0.486575 1.350572 1.302225  0.000008 0.521275 -0.853389  0.149301 0.839663 0
Material_0
0  -0.708437 1.350572 1.302225  -0.000015 0.521265 -0.853395  0.152138 0.839663 0
0  -0.486575 1.429911 1.329319  0.000021 0.002183 -0.999998  0.149301 0.839989 0
0  -0.486575 1.350572 1.302225  0.000008 0.521275 -0.853389  0.149301 0.839663 0
Material_0
0  -0.486575 1.350572 1.302225  0.000008 0.521275 -0.853389  0.149301 0.839663 0
0  -0.486575 1.429911 1.329319  0.000021 0.002183 -0.999998  0.149301 0.839989 0
0  -0.442281 1.370262 1.372594  0.999997 0.002269 -0.000196  0.148785 0.839744 0
Material_0
0  -0.486575 1.429911 1.329319  0.000021 0.002183 -0.999998  0.149301 0.839989 0
0  -0.708437 1.350572 1.302225  -0.000015 0.521265 -0.853395  0.152138 0.839663 0
0  -0.708437 1.429911 1.329319  -0.000010 0.002247 -0.999998  0.152138 0.839989 0
Material_0
0  -0.708437 1.350572 1.302225  -0.000015 0.521265 -0.853395  0.152138 0.839663 0
0  -0.752797 1.370262 1.372594  -0.999997 0.002250 -0.000167  0.152740 0.839744 0
0  -0.708437 1.429911 1.329319  -0.000010 0.002247 -0.999998  0.152138 0.839989 0
Material_0
0  -0.708437 1.429911 1.329319  -0.000010 0.002247 -0.999998  0.152138 0.839989 0
0  -0.752797 1.370262 1.372594  -0.999997 0.002250 -0.000167  0.152740 0.839744 0
0  -0.752797 2.409769 1.372594  -0.999998 0.002190 -0.000053  0.152740 0.843656 0
Material_0
0  -0.752797 1.370262 1.372594  -0.999997 0.002250 -0.000167  0.152740 0.839744 0
0  -0.752797 1.147594 1.507689  -0.999998 0.002175 -0.000167  0.152740 0.838929 0
0  -0.752797 2.409769 1.372594  -0.999998 0.002190 -0.000053  0.152740 0.843656 0
Material_0
0  -0.752797 2.409769 1.372594  -0.999998 0.002190 -0.000053  0.152740 0.843656 0
0  -0.752797 1.147594 1.507689  -0.999998 0.002175 -0.000167  0.152740 0.838929 0
0  -0.752797 1.147594 1.533277  -0.999998 0.002205 0.000000  0.152740 0.838929 0
Material_0
0  -0.752797 1.147594 1.507689  -0.999998 0.002175 -0.000167  0.152740 0.838929 0
0  -0.752797 0.802443 1.533277  -0.999998 0.002166 0.000000  0.152740 0.837543 0
0  -0.752797 1.147594 1.533277  -0.999998 0.002205 0.000000  0.152740 0.838929 0
Material_0
0  -0.752797 1.147594 1.234114  -0.999998 0.002180 0.000190  0.152740 0.838929 0
0  -0.752797 1.147594 1.507689  -0.999998 0.002175 -0.000167  0.152740 0.838929 0
0  -0.752797 1.370262 1.372594  -0.999997 0.002250 -0.000167  0.152740 0.839744 0
Material_0
0  -0.752797 1.147594 1.533277  -0.999998 0.002205 0.000000  0.152740 0.838929 0
0  -0.752797 2.409769 1.533277  -0.999998 0.002000 0.000000  0.152740 0.843656 0
0  -0.752797 2.409769 1.372594  -0.999998 0.002190 -0.000053  0.152740 0.843656 0
Material_0
0  -0.752797 2.409769 1.372594  -0.999998 0.002190 -0.000053  0.152740 0.843656 0
0  -0.752797 2.409769 1.533277  -0.999998 0.002000 0.000000  0.152740 0.843656 0
0  -0.762139 2.438725 1.372594  -0.984244 -0.176000 0.016973  0.152826 0.843819 0
Material_0
0  -0.752797 2.409769 1.533277  -0.999998 0.002000 0.000000  0.152740 0.843656 0
0  -0.762139 2.438725 1.533277  -0.984203 -0.176228 0.016971  0.152826 0.843819 0
0  -0.762139 2.438725 1.372594  -0.984244 -0.176000 0.016973  0.152826 0.843819 0
Material_0
0  -0.762139 2.438725 1.533277  -0.984203 -0.176228 0.016971  0.152826 0.843819 0
0  -0.874181 2.594795 1.533277  -0.984231 -0.176070 0.016961  0.154288 0.844390 0
0  -0.762139 2.438725 1.372594  -0.984244 -0.176000 0.016973  0.152826 0.843819 0
Material_0
0  -0.762139 2.438725 1.372594  -0.984244 -0.176000 0.016973  0.152826 0.843819 0
0  -0.874181 2.594795 1.533277  -0.984231 -0.176070 0.016961  0.154288 0.844390 0
0  -0.905474 2.638229 1.372594  -0.984237 -0.176061 0.016753  0.154717 0.844553 0
Material_0
0  -0.874181 2.594795 1.533277  -0.984231 -0.176070 0.016961  0.154288 0.844390 0
0  -0.899660 2.630411 1.564887  -0.984240 -0.176020 0.016988  0.154631 0.844553 0
0  -0.905474 2.638229 1.372594  -0.984237 -0.176061 0.016753  0.154717 0.844553 0
Material_0
0  -0.905474 2.638229 1.372594  -0.984237 -0.176061 0.016753  0.154717 0.844553 0
0  -0.899660 2.630411 1.564887  -0.984240 -0.176020 0.016988  0.154631 0.844553 0
0  -0.905474 2.638229 1.564887  -0.984236 -0.176044 0.016967  0.154717 0.844553 0
Material_0
0  -0.899660 2.630411 1.564887  -0.984240 -0.176020 0.016988  0.154631 0.844553 0
0  -0.899660 2.630411 1.723312  -0.984237 -0.176041 0.016961  0.154631 0.844553 0
0  -0.905474 2.638229 1.564887  -0.984236 -0.176044 0.016967  0.154717 0.844553 0
Material_0
0  -0.905474 2.638229 1.564887  -0.984236 -0.176044 0.016967  0.154717 0.844553 0
0  -0.899660 2.630411 1.723312  -0.984237 -0.176041 0.016961  0.154631 0.844553 0
0  -0.905474 2.638229 1.723312  -0.984222 -0.176101 0.017207  0.154717 0.844553 0
Material_0
0  -0.905474 2.638229 1.723312  -0.984222 -0.176101 0.017207  0.154717 0.844553 0
0  -0.899660 2.630411 1.723312  -0.984237 -0.176041 0.016961  0.154631 0.844553 0
0  -0.890775 2.692086 1.767716  -0.604490 -0.405245 0.685834  0.154459 0.844797 0
Material_0
0  -0.899660 2.630411 1.723312  -0.984237 -0.176041 0.016961  0.154631 0.844553 0
0  -0.849225 2.629542 1.767716  -0.610116 -0.405270 0.680819  0.153944 0.844553 0
0  -0.890775 2.692086 1.767716  -0.604490 -0.405245 0.685834  0.154459 0.844797 0
Material_0
0  -0.890775 2.692086 1.767716  -0.965243 0.261355 0.000001  0.154459 0.844797 0
0  -0.890775 2.692086 1.564887  -0.395332 0.911509 0.113414  0.154459 0.844797 0
0  -0.905474 2.638229 1.723312  -0.984222 -0.176101 0.017207  0.154717 0.844553 0
Material_0
0  -0.905474 2.638229 1.723312  -0.984222 -0.176101 0.017207  0.154717 0.844553 0
0  -0.890775 2.692086 1.564887  -0.395332 0.911509 0.113414  0.154459 0.844797 0
0  -0.905474 2.638229 1.564887  -0.984236 -0.176044 0.016967  0.154717 0.844553 0
Material_0
0  -0.890775 2.692086 1.564887  -0.395332 0.911509 0.113414  0.154459 0.844797 0
0  -0.890775 2.692086 1.372594  -0.395217 0.911538 0.113582  0.154459 0.844797 0
0  -0.905474 2.638229 1.564887  -0.984236 -0.176044 0.016967  0.154717 0.844553 0
Material_0
0  -0.905474 2.638229 1.564887  -0.984236 -0.176044 0.016967  0.154717 0.844553 0
0  -0.890775 2.692086 1.372594  -0.395217 0.911538 0.113582  0.154459 0.844797 0
0  -0.905474 2.638229 1.372594  -0.984237 -0.176061 0.016753  0.154717 0.844553 0
Material_0
0  -0.890775 2.692086 1.372594  -0.395217 0.911538 0.113582  0.154459 0.844797 0
0  -0.863401 2.655602 1.329319  0.000011 0.002220 -0.999997  0.154116 0.844634 0
0  -0.905474 2.638229 1.372594  -0.984237 -0.176061 0.016753  0.154717 0.844553 0
Material_0
0  -0.863401 2.655602 1.329319  0.000011 0.002220 -0.999997  0.154116 0.844634 0
0  -0.713141 2.445674 1.329319  -0.000192 0.002096 -0.999998  0.152224 0.843819 0
0  -0.905474 2.638229 1.372594  -0.984237 -0.176061 0.016753  0.154717 0.844553 0
Material_0
0  -0.905474 2.638229 1.372594  -0.984237 -0.176061 0.016753  0.154717 0.844553 0
0  -0.713141 2.445674 1.329319  -0.000192 0.002096 -0.999998  0.152224 0.843819 0
0  -0.762139 2.438725 1.372594  -0.984244 -0.176000 0.016973  0.152826 0.843819 0
Material_0
0  -0.762139 2.438725 1.372594  -0.984244 -0.176000 0.016973  0.152826 0.843819 0
0  -0.713141 2.445674 1.329319  -0.000192 0.002096 -0.999998  0.152224 0.843819 0
0  -0.752797 2.409769 1.372594  -0.999998 0.002190 -0.000053  0.152740 0.843656 0
Material_0
0  -0.752797 2.409769 1.372594  -0.999998 0.002190 -0.000053  0.152740 0.843656 0
0  -0.713141 2.445674 1.329319  -0.000192 0.002096 -0.999998  0.152224 0.843819 0
0  -0.708437 1.429911 1.329319  -0.000010 0.002247 -0.999998  0.152138 0.839989 0
Material_0
0  -0.708437 1.429911 1.329319  -0.000010 0.002247 -0.999998  0.152138 0.839989 0
0  -0.713141 2.445674 1.329319  -0.000192 0.002096 -0.999998  0.152224 0.843819 0
0  -0.486575 1.429911 1.329319  0.000021 0.002183 -0.999998  0.149301 0.839989 0
Material_0
0  -0.713141 2.445674 1.329319  -0.000192 0.002096 -0.999998  0.152224 0.843819 0
0  -0.486575 2.273388 1.329319  -0.000001 0.002174 -0.999998  0.149301 0.843330 0
0  -0.486575 1.429911 1.329319  0.000021 0.002183 -0.999998  0.149301 0.839989 0
Material_0
0  -0.486575 1.429911 1.329319  0.000021 0.002183 -0.999998  0.149301 0.839989 0
0  -0.486575 2.273388 1.329319  -0.000001 0.002174 -0.999998  0.149301 0.843330 0
0  -0.442281 1.370262 1.372594  0.999997 0.002269 -0.000196  0.148785 0.839744 0
Material_0
0  -0.561182 2.837154 1.767716  -0.403255 0.915086 -0.001816  0.150333 0.845368 0
0  -0.561182 2.837154 1.564887  -0.395301 0.911520 0.113443  0.150333 0.845368 0
0  -0.890775 2.692086 1.767716  -0.403267 0.915081 -0.001862  0.154459 0.844797 0
Material_0
0  -0.890775 2.692086 1.767716  -0.403267 0.915081 -0.001862  0.154459 0.844797 0
0  -0.561182 2.837154 1.564887  -0.395301 0.911520 0.113443  0.150333 0.845368 0
0  -0.890775 2.692086 1.564887  -0.395332 0.911509 0.113414  0.154459 0.844797 0
Material_0
0  -0.890775 2.692086 1.564887  -0.395332 0.911509 0.113414  0.154459 0.844797 0
0  -0.561182 2.837154 1.564887  -0.395301 0.911520 0.113443  0.150333 0.845368 0
0  -0.890775 2.692086 1.372594  -0.395217 0.911538 0.113582  0.154459 0.844797 0
Material_0
0  -0.561182 2.837154 1.564887  -0.395301 0.911520 0.113443  0.150333 0.845368 0
0  -0.561182 2.837154 1.372594  -0.395479 0.911428 0.113562  0.150333 0.845368 0
0  -0.890775 2.692086 1.372594  -0.395217 0.911538 0.113582  0.154459 0.844797 0
Material_0
0  -0.890775 2.692086 1.372594  -0.395217 0.911538 0.113582  0.154459 0.844797 0
0  -0.561182 2.837154 1.372594  -0.395479 0.911428 0.113562  0.150333 0.845368 0
0  -0.863401 2.655602 1.329319  0.000011 0.002220 -0.999997  0.154116 0.844634 0
Material_0
0  -0.561182 2.837154 1.372594  -0.395479 0.911428 0.113562  0.150333 0.845368 0
0  -0.564972 2.787061 1.329319  0.000017 0.002224 -0.999998  0.150333 0.845205 0
0  -0.863401 2.655602 1.329319  0.000011 0.002220 -0.999997  0.154116 0.844634 0
Material_0
0  -0.564972 2.787061 1.329319  0.000017 0.002224 -0.999998  0.150333 0.845205 0
0  -0.560202 2.522407 1.329319  0.000196 0.002184 -0.999998  0.150247 0.844145 0
0  -0.863401 2.655602 1.329319  0.000011 0.002220 -0.999997  0.154116 0.844634 0
Material_0
0  -0.863401 2.655602 1.329319  0.000011 0.002220 -0.999997  0.154116 0.844634 0
0  -0.560202 2.522407 1.329319  0.000196 0.002184 -0.999998  0.150247 0.844145 0
0  -0.713141 2.445674 1.329319  -0.000192 0.002096 -0.999998  0.152224 0.843819 0
Material_0
0  -0.560202 2.522407 1.329319  0.000196 0.002184 -0.999998  0.150247 0.844145 0
0  -0.486575 2.273388 1.329319  -0.000001 0.002174 -0.999998  0.149301 0.843330 0
0  -0.713141 2.445674 1.329319  -0.000192 0.002096 -0.999998  0.152224 0.843819 0
Material_0
0  -0.520547 2.810515 1.767716  0.545353 0.838204 0.001856  0.149817 0.845287 0
0  -0.520547 2.810515 1.564887  0.999998 0.002190 -0.000023  0.149817 0.845287 0
0  -0.561182 2.837154 1.767716  0.545388 0.838182 0.001833  0.150333 0.845368 0
Material_0
0  -0.561182 2.837154 1.767716  0.545388 0.838182 0.001833  0.150333 0.845368 0
0  -0.520547 2.810515 1.564887  0.999998 0.002190 -0.000023  0.149817 0.845287 0
0  -0.561182 2.837154 1.564887  -0.395301 0.911520 0.113443  0.150333 0.845368 0
Material_0
0  -0.520547 2.810515 1.564887  0.999998 0.002190 -0.000023  0.149817 0.845287 0
0  -0.520547 2.810515 1.372594  0.999998 0.002197 0.000093  0.149817 0.845287 0
0  -0.561182 2.837154 1.564887  -0.395301 0.911520 0.113443  0.150333 0.845368 0
Material_0
0  -0.561182 2.837154 1.564887  -0.395301 0.911520 0.113443  0.150333 0.845368 0
0  -0.520547 2.810515 1.372594  0.999998 0.002197 0.000093  0.149817 0.845287 0
0  -0.561182 2.837154 1.372594  -0.395479 0.911428 0.113562  0.150333 0.845368 0
Material_0
0  -0.561182 2.837154 1.372594  -0.395479 0.911428 0.113562  0.150333 0.845368 0
0  -0.520547 2.810515 1.372594  0.999998 0.002197 0.000093  0.149817 0.845287 0
0  -0.564972 2.787061 1.329319  0.000017 0.002224 -0.999998  0.150333 0.845205 0
Material_0
0  -0.520547 2.810515 1.372594  0.999998 0.002197 0.000093  0.149817 0.845287 0
0  -0.520547 2.542097 1.372594  0.999997 0.002252 -0.000173  0.149817 0.844227 0
0  -0.564972 2.787061 1.329319  0.000017 0.002224 -0.999998  0.150333 0.845205 0
Material_0
0  -0.564972 2.787061 1.329319  0.000017 0.002224 -0.999998  0.150333 0.845205 0
0  -0.520547 2.542097 1.372594  0.999997 0.002252 -0.000173  0.149817 0.844227 0
0  -0.560202 2.522407 1.329319  0.000196 0.002184 -0.999998  0.150247 0.844145 0
Material_0
0  -0.560202 2.522407 1.329319  0.000196 0.002184 -0.999998  0.150247 0.844145 0
0  -0.520547 2.542097 1.372594  0.999997 0.002252 -0.000173  0.149817 0.844227 0
0  -0.486575 2.273388 1.329319  -0.000001 0.002174 -0.999998  0.149301 0.843330 0
Material_0
0  -0.520547 2.542097 1.372594  0.999997 0.002252 -0.000173  0.149817 0.844227 0
0  -0.447769 2.288156 1.372594  0.983598 0.180369 0.001671  0.148871 0.843412 0
0  -0.486575 2.273388 1.329319  -0.000001 0.002174 -0.999998  0.149301 0.843330 0
Material_0
0  -0.486575 2.273388 1.329319  -0.000001 0.002174 -0.999998  0.149301 0.843330 0
0  -0.447769 2.288156 1.372594  0.983598 0.180369 0.001671  0.148871 0.843412 0
0  -0.442281 2.257752 1.372594  0.999998 0.002189 -0.000191  0.148785 0.843330 0
Material_0
0  -0.447769 2.288156 1.372594  0.983598 0.180369 0.001671  0.148871 0.843412 0
0  -0.447769 2.288156 1.564887  0.983602 0.180343 0.001886  0.148871 0.843412 0
0  -0.442281 2.257752 1.372594  0.999998 0.002189 -0.000191  0.148785 0.843330 0
Material_0
0  -0.447769 2.288156 1.564887  0.983602 0.180343 0.001886  0.148871 0.843412 0
0  -0.442281 2.257752 1.564887  0.999998 0.002211 -0.000000  0.148785 0.843330 0
0  -0.442281 2.257752 1.372594  0.999998 0.002189 -0.000191  0.148785 0.843330 0
Material_0
0  -0.442281 2.257752 1.372594  0.999998 0.002189 -0.000191  0.148785 0.843330 0
0  -0.442281 2.257752 1.564887  0.999998 0.002211 -0.000000  0.148785 0.843330 0
0  -0.442281 1.370262 1.372594  0.999997 0.002269 -0.000196  0.148785 0.839744 0
Material_0
0  -0.442281 2.257752 1.564887  0.999998 0.002211 -0.000000  0.148785 0.843330 0
0  -0.442281 1.147594 1.463284  0.999998 0.002205 -0.000000  0.148785 0.838929 0
0  -0.442281 1.370262 1.372594  0.999997 0.002269 -0.000196  0.148785 0.839744 0
Material_0
0  -0.520547 2.810515 1.372594  0.999998 0.002197 0.000093  0.149817 0.845287 0
0  -0.520547 2.810515 1.564887  0.999998 0.002190 -0.000023  0.149817 0.845287 0
0  -0.520547 2.542097 1.372594  0.999997 0.002252 -0.000173  0.149817 0.844227 0
Material_0
0  -0.520547 2.810515 1.564887  0.999998 0.002190 -0.000023  0.149817 0.845287 0
0  -0.520547 2.698457 1.564887  0.999998 0.002205 -0.000000  0.149817 0.844797 0
0  -0.520547 2.542097 1.372594  0.999997 0.002252 -0.000173  0.149817 0.844227 0
Material_0
0  -0.520547 2.698457 1.564887  0.999998 0.002205 -0.000000  0.149817 0.844797 0
0  -0.520547 2.542097 1.564887  0.999997 0.002372 -0.000000  0.149817 0.844227 0
0  -0.520547 2.542097 1.372594  0.999997 0.002252 -0.000173  0.149817 0.844227 0
Material_0
0  -0.520547 2.542097 1.372594  0.999997 0.002252 -0.000173  0.149817 0.844227 0
0  -0.520547 2.542097 1.564887  0.999997 0.002372 -0.000000  0.149817 0.844227 0
0  -0.447769 2.288156 1.372594  0.983598 0.180369 0.001671  0.148871 0.843412 0
Material_0
0  -0.520547 2.542097 1.564887  0.999997 0.002372 -0.000000  0.149817 0.844227 0
0  -0.447769 2.288156 1.564887  0.983602 0.180343 0.001886  0.148871 0.843412 0
0  -0.447769 2.288156 1.372594  0.983598 0.180369 0.001671  0.148871 0.843412 0
Material_0
0  -0.442281 2.257752 1.372594  0.999998 0.002189 -0.000191  0.148785 0.843330 0
0  -0.442281 1.370262 1.372594  0.999997 0.002269 -0.000196  0.148785 0.839744 0
0  -0.486575 2.273388 1.329319  -0.000001 0.002174 -0.999998  0.149301 0.843330 0
Material_0
0  -0.520547 2.810515 1.564887  0.999998 0.002190 -0.000023  0.149817 0.845287 0
0  -0.520547 2.810515 1.767716  0.999998 0.002205 -0.000000  0.149817 0.845287 0
0  -0.520547 2.698457 1.564887  0.999998 0.002205 -0.000000  0.149817 0.844797 0
Material_0
0  -0.520547 2.698457 1.564887  0.999998 0.002205 -0.000000  0.149817 0.844797 0
0  -0.520547 2.810515 1.767716  0.999998 0.002205 -0.000000  0.149817 0.845287 0
0  -0.520547 2.698457 1.767716  0.999997 0.002205 -0.000000  0.149817 0.844797 0
Material_0
0  -0.442281 2.257752 1.564887  0.999998 0.002211 -0.000000  0.148785 0.843330 0
0  -0.442281 1.147594 1.564887  0.999998 0.002205 -0.000000  0.148785 0.838929 0
0  -0.442281 1.147594 1.463284  0.999998 0.002205 -0.000000  0.148785 0.838929 0
Material_0
0  -0.442281 1.147594 1.564887  0.999998 0.002205 -0.000000  0.148785 0.838929 0
0  -0.442281 0.758141 1.564887  0.999998 0.002205 -0.000000  0.148785 0.837380 0
0  -0.442281 1.147594 1.463284  0.999998 0.002205 -0.000000  0.148785 0.838929 0
Material_0
0  -0.442281 1.147594 1.463284  0.999998 0.002205 -0.000000  0.148785 0.838929 0
0  -0.442281 0.758141 1.564887  0.999998 0.002205 -0.000000  0.148785 0.837380 0
0  -0.442281 0.758141 1.464789  0.999998 0.002206 -0.000009  0.148785 0.837380 0
Material_0
0  -0.708437 0.758140 1.279647  -0.707111 0.002186 0.707099  0.152138 0.837380 0
0  -0.708437 1.147594 1.278518  -0.707017 0.002150 0.707193  0.152138 0.838929 0
0  -0.752797 0.802443 1.235243  -0.999998 0.002172 0.000012  0.152740 0.837543 0
Material_0
0  -0.708437 1.147594 1.278518  -0.707017 0.002150 0.707193  0.152138 0.838929 0
0  -0.752797 1.147594 1.234114  -0.999998 0.002180 0.000190  0.152740 0.838929 0
0  -0.752797 0.802443 1.235243  -0.999998 0.002172 0.000012  0.152740 0.837543 0
Material_0
0  -0.752797 1.147594 1.234114  -0.999998 0.002180 0.000190  0.152740 0.838929 0
0  -0.752797 0.802443 1.223577  -0.999998 0.002203 -0.000024  0.152740 0.837543 0
0  -0.752797 0.802443 1.235243  -0.999998 0.002172 0.000012  0.152740 0.837543 0
Material_0
0  -0.752797 0.802443 1.235243  -0.999998 0.002172 0.000012  0.152740 0.837543 0
0  -0.752797 0.802443 1.223577  -0.999998 0.002203 -0.000024  0.152740 0.837543 0
0  -0.708437 0.758140 1.279647  -0.707316 -0.706331 0.028296  0.152138 0.837380 0
Material_0
0  -0.752797 0.802443 1.223577  -0.999998 0.002203 -0.000024  0.152740 0.837543 0
0  -0.708437 0.758140 1.179550  -0.707314 -0.706333 0.028296  0.152138 0.837380 0
0  -0.708437 0.758140 1.279647  -0.707316 -0.706331 0.028296  0.152138 0.837380 0
Material_0
0  -0.708437 1.147594 1.463284  -0.707460 -0.002731 -0.706748  0.152138 0.838929 0
0  -0.708437 0.758141 1.464789  -0.707095 -0.002184 -0.707115  0.152138 0.837380 0
0  -0.752797 1.147594 1.507689  -0.999998 0.002175 -0.000167  0.152740 0.838929 0
Material_0
0  -0.708437 0.758141 1.464789  -0.707095 -0.002184 -0.707115  0.152138 0.837380 0
0  -0.752797 0.802443 1.508817  -0.999998 0.002135 0.000046  0.152740 0.837543 0
0  -0.752797 1.147594 1.507689  -0.999998 0.002175 -0.000167  0.152740 0.838929 0
Material_0
0  -0.752797 1.147594 1.507689  -0.999998 0.002175 -0.000167  0.152740 0.838929 0
0  -0.752797 0.802443 1.508817  -0.999998 0.002135 0.000046  0.152740 0.837543 0
0  -0.752797 0.802443 1.533277  -0.999998 0.002166 0.000000  0.152740 0.837543 0
Material_0
0  -0.752797 0.802443 1.533277  -0.999998 0.002166 0.000000  0.152740 0.837543 0
0  -0.752797 0.802443 1.508817  -0.999998 0.002135 0.000046  0.152740 0.837543 0
0  -0.708437 0.758141 1.564887  -0.313597 -0.949556 0.000023  0.152138 0.837380 0
Material_0
0  -0.752797 0.802443 1.508817  -0.999998 0.002135 0.000046  0.152740 0.837543 0
0  -0.708437 0.758141 1.464789  -0.707311 -0.706336 0.028296  0.152138 0.837380 0
0  -0.708437 0.758141 1.564887  -0.313597 -0.949556 0.000023  0.152138 0.837380 0
Material_0
0  -0.708437 0.758141 1.564887  -0.313418 -0.949615 -0.000015  0.152138 0.837380 0
0  -0.708437 0.758141 1.464789  0.000000 -1.000000 0.000000  0.152138 0.837380 0
0  -0.442281 0.758141 1.564887  0.999998 0.002157 -0.000048  0.148785 0.837380 0
Material_0
0  -0.708437 0.758141 1.464789  0.000000 -1.000000 0.000000  0.152138 0.837380 0
0  -0.442281 0.758141 1.464789  0.000000 -1.000000 0.000000  0.148785 0.837380 0
0  -0.442281 0.758141 1.564887  0.999998 0.002157 -0.000048  0.148785 0.837380 0
Material_0
0  -0.708437 1.147594 1.278518  0.000000 0.002899 0.999996  0.152138 0.838929 0
0  -0.708437 0.758140 1.279647  0.000000 0.002563 0.999997  0.152138 0.837380 0
0  -0.442281 1.147594 1.278518  -0.000000 0.002563 0.999997  0.148785 0.838929 0
Material_0
0  -0.708437 0.758140 1.279647  0.000000 0.002563 0.999997  0.152138 0.837380 0
0  -0.442281 0.758140 1.279647  -0.000000 0.002420 0.999997  0.148785 0.837380 0
0  -0.442281 1.147594 1.278518  -0.000000 0.002563 0.999997  0.148785 0.838929 0
Material_0
0  -0.442281 1.147594 1.278518  0.000000 -1.000000 0.000001  0.148785 0.838929 0
0  -0.442281 1.147594 1.463284  0.000000 -1.000000 0.000001  0.148785 0.838929 0
0  -0.708437 1.147594 1.278518  0.000000 -1.000000 0.000001  0.152138 0.838929 0
Material_0
0  -0.442281 1.147594 1.463284  0.000000 -1.000000 0.000000  0.148785 0.838929 0
0  -0.708437 1.147594 1.463284  0.000000 -1.000000 0.000000  0.152138 0.838929 0
0  -0.708437 1.147594 1.278518  0.000000 -1.000000 0.000000  0.152138 0.838929 0
Material_0
0  -0.708437 1.147594 1.278518  -0.000001 -1.000000 0.000002  0.152138 0.838929 0
0  -0.708437 1.147594 1.463284  -0.000001 -1.000000 0.000002  0.152138 0.838929 0
0  -0.752797 1.147594 1.234114  -0.000001 -1.000000 0.000002  0.152740 0.838929 0
Material_0
0  -0.708437 1.147594 1.463284  0.000003 -1.000000 -0.000000  0.152138 0.838929 0
0  -0.752797 1.147594 1.507689  0.000003 -1.000000 -0.000000  0.152740 0.838929 0
0  -0.752797 1.147594 1.234114  0.000003 -1.000000 -0.000000  0.152740 0.838929 0
Material_0
0  -0.708437 0.758141 1.464789  -0.000000 -0.002187 -0.999998  0.152138 0.837380 0
0  -0.708437 1.147594 1.463284  0.000000 -0.002139 -0.999998  0.152138 0.838929 0
0  -0.442281 0.758141 1.464789  -0.000000 -0.002187 -0.999998  0.148785 0.837380 0
Material_0
0  -0.708437 1.147594 1.463284  0.000000 -0.002139 -0.999998  0.152138 0.838929 0
0  -0.442281 1.147594 1.463284  -0.000000 -0.002187 -0.999998  0.148785 0.838929 0
0  -0.442281 0.758141 1.464789  -0.000000 -0.002187 -0.999998  0.148785 0.837380 0
Material_0
0  -0.520547 2.810515 1.767716  0.000000 0.002206 0.999998  0.149817 0.845287 0
0  -0.561182 2.837154 1.767716  0.000000 0.002206 0.999998  0.150333 0.845368 0
0  -0.520547 2.698457 1.767716  0.000000 0.002206 0.999998  0.149817 0.844797 0
Material_0
0  -0.561182 2.837154 1.767716  0.000000 0.002206 0.999998  0.150333 0.845368 0
0  -0.890775 2.692086 1.767716  0.000000 0.002205 0.999998  0.154459 0.844797 0
0  -0.520547 2.698457 1.767716  0.000000 0.002206 0.999998  0.149817 0.844797 0
Material_0
0  -0.520547 2.698457 1.767716  0.000000 0.002206 0.999998  0.149817 0.844797 0
0  -0.890775 2.692086 1.767716  0.000000 0.002205 0.999998  0.154459 0.844797 0
0  -0.849225 2.629542 1.767716  -0.000000 0.002205 0.999998  0.153944 0.844553 0
Material_0
0  -0.412359 0.714418 1.448232  -0.000000 0.002205 0.999998  0.633353 0.823035 0
0  -0.412359 1.176839 1.448232  -0.000000 -0.002205 0.999998  0.622176 0.823035 0
0  -0.609200 0.714418 1.448232  0.000000 0.002205 0.999998  0.633353 0.836973 0
Material_0
0  -0.609200 0.714418 1.448232  0.000000 0.002205 0.999998  0.633353 0.836973 0
0  -0.412359 1.176839 1.448232  -0.000000 -0.002205 0.999998  0.622176 0.823035 0
0  -0.777100 0.945773 1.448232  0.000000 0.002205 0.999998  0.627765 0.848873 0
Material_0
0  -0.777100 0.945773 1.448232  0.000000 0.002205 0.999998  0.627765 0.848873 0
0  -0.412359 1.176839 1.448232  -0.000000 -0.002205 0.999998  0.622176 0.823035 0
0  -0.730715 1.088524 1.448232  -0.000001 -0.002205 0.999998  0.624325 0.845613 0
Material_0
0  -0.412359 1.176839 1.448232  -0.000000 -0.002205 0.999998  0.622176 0.823035 0
0  -0.609200 1.176839 1.448232  0.000000 -0.002205 0.999998  0.622176 0.836973 0
0  -0.730715 1.088524 1.448232  -0.000001 -0.002205 0.999998  0.624325 0.845613 0
Material_0
0  -0.609200 0.714418 1.448232  0.000000 0.002205 0.999998  0.633353 0.836973 0
0  -0.777100 0.945773 1.448232  0.000000 0.002205 0.999998  0.627765 0.848873 0
0  -0.730715 0.802732 1.448232  0.000002 0.002205 0.999998  0.631204 0.845613 0
Material_0
0  -0.412359 1.176839 1.448232  0.000000 1.000000 0.000000  0.622176 0.823035 0
0  -0.412359 1.176839 1.298838  -0.000000 1.000000 0.000000  0.622176 0.823035 0
0  -0.609200 1.176839 1.448232  -0.309408 0.950928 0.001770  0.622176 0.836973 0
Material_0
0  -0.412359 1.176839 1.298838  -0.000000 1.000000 0.000000  0.622176 0.823035 0
0  -0.609200 1.176839 1.298838  -0.309380 0.950937 0.001605  0.622176 0.836973 0
0  -0.609200 1.176839 1.448232  -0.309408 0.950928 0.001770  0.622176 0.836973 0
Material_0
0  -0.609200 1.176839 1.448232  -0.309408 0.950928 0.001770  0.622176 0.836973 0
0  -0.609200 1.176839 1.298838  -0.309380 0.950937 0.001605  0.622176 0.836973 0
0  -0.730715 1.088524 1.448232  -0.808998 0.586721 -0.035791  0.624325 0.845613 0
Material_0
0  -0.609200 1.176839 1.298838  -0.309380 0.950937 0.001605  0.622176 0.836973 0
0  -0.730715 1.088524 1.298838  -0.808998 0.586720 -0.035791  0.624325 0.845613 0
0  -0.730715 1.088524 1.448232  -0.808998 0.586721 -0.035791  0.624325 0.845613 0
Material_0
0  -0.730715 1.088524 1.448232  -0.808998 0.586721 -0.035791  0.624325 0.845613 0
0  -0.730715 1.088524 1.298838  -0.808998 0.586720 -0.035791  0.624325 0.845613 0
0  -0.777100 0.945773 1.448232  -0.999998 0.002211 -0.000000  0.627765 0.848873 0
Material_0
0  -0.730715 1.088524 1.298838  -0.808998 0.586720 -0.035791  0.624325 0.845613 0
0  -0.777100 0.945773 1.298838  -0.999998 0.002138 0.000000  0.627765 0.848873 0
0  -0.777100 0.945773 1.448232  -0.999998 0.002211 -0.000000  0.627765 0.848873 0
Material_0
0  -0.777100 0.945773 1.448232  -0.999998 0.002211 -0.000000  0.627765 0.848873 0
0  -0.777100 0.945773 1.298838  -0.999998 0.002138 0.000000  0.627765 0.848873 0
0  -0.730715 0.802732 1.448232  -0.809074 -0.586725 -0.033949  0.631204 0.845613 0
Material_0
0  -0.777100 0.945773 1.298838  -0.999998 0.002138 0.000000  0.627765 0.848873 0
0  -0.730715 0.802732 1.298838  -0.809080 -0.586717 -0.033948  0.631204 0.845613 0
0  -0.730715 0.802732 1.448232  -0.809074 -0.586725 -0.033949  0.631204 0.845613 0
Material_0
0  -0.730715 0.802732 1.448232  -0.809074 -0.586725 -0.033949  0.631204 0.845613 0
0  -0.730715 0.802732 1.298838  -0.809080 -0.586717 -0.033948  0.631204 0.845613 0
0  -0.609200 0.714418 1.448232  -0.309415 -0.950925 -0.001820  0.633353 0.836973 0
Material_0
0  -0.730715 0.802732 1.298838  -0.809080 -0.586717 -0.033948  0.631204 0.845613 0
0  -0.609200 0.714418 1.298838  -0.309426 -0.950922 -0.001878  0.633353 0.836973 0
0  -0.609200 0.714418 1.448232  -0.309415 -0.950925 -0.001820  0.633353 0.836973 0
Material_0
0  -0.609200 0.714418 1.448232  -0.309415 -0.950925 -0.001820  0.633353 0.836973 0
0  -0.609200 0.714418 1.298838  -0.309426 -0.950922 -0.001878  0.633353 0.836973 0
0  -0.412359 0.714418 1.448232  0.000000 -1.000000 0.000001  0.633353 0.823035 0
Material_0
0  -0.609200 0.714418 1.298838  -0.309426 -0.950922 -0.001878  0.633353 0.836973 0
0  -0.412359 0.714418 1.298838  0.000000 -1.000000 0.000001  0.633353 0.823035 0
0  -0.412359 0.714418 1.448232  0.000000 -1.000000 0.000001  0.633353 0.823035 0
Material_0
0  -0.730715 1.088524 1.298838  -0.000000 0.002205 -0.999997  0.624325 0.845613 0
0  -0.609200 1.176839 1.298838  -0.000000 0.002205 -0.999998  0.622176 0.836973 0
0  -0.777100 0.945773 1.298838  -0.000000 0.002205 -0.999998  0.627765 0.848873 0
Material_0
0  -0.609200 1.176839 1.298838  -0.000000 0.002205 -0.999998  0.622176 0.836973 0
0  -0.412359 0.714418 1.298838  -0.000000 0.002205 -0.999998  0.633353 0.823035 0
0  -0.777100 0.945773 1.298838  -0.000000 0.002205 -0.999998  0.627765 0.848873 0
Material_0
0  -0.412359 0.714418 1.298838  -0.000000 0.002205 -0.999998  0.633353 0.823035 0
0  -0.609200 0.714418 1.298838  0.000000 0.002205 -0.999998  0.633353 0.836973 0
0  -0.777100 0.945773 1.298838  -0.000000 0.002205 -0.999998  0.627765 0.848873 0
Material_0
0  -0.777100 0.945773 1.298838  -0.000000 0.002205 -0.999998  0.627765 0.848873 0
0  -0.609200 0.714418 1.298838  0.000000 0.002205 -0.999998  0.633353 0.836973 0
0  -0.730715 0.802732 1.298838  0.000000 0.002205 -0.999998  0.631204 0.845613 0
Material_0
0  -0.412359 1.176839 1.298838  -0.000000 0.002205 -0.999998  0.622176 0.823035 0
0  -0.412359 0.714418 1.298838  -0.000000 0.002205 -0.999998  0.633353 0.823035 0
0  -0.609200 1.176839 1.298838  -0.000000 0.002205 -0.999998  0.622176 0.836973 0
Material_0
0  -0.478147 0.946062 1.578810  0.000000 -0.002205 0.999998  0.149473 0.840722 0
0  -0.537402 1.048566 1.578810  0.000000 -0.002205 0.999998  0.149473 0.838033 0
0  -0.537402 0.843560 1.578810  0.000000 -0.002205 0.999998  0.149473 0.838033 0
Material_0
0  -0.537402 1.048566 1.578810  0.000000 -0.002205 0.999998  0.149473 0.838033 0
0  -0.715101 0.946062 1.578810  0.000000 -0.002205 0.999998  0.149473 0.829800 0
0  -0.537402 0.843560 1.578810  0.000000 -0.002205 0.999998  0.149473 0.838033 0
Material_0
0  -0.537402 0.843560 1.578810  0.000000 -0.002205 0.999998  0.149473 0.838033 0
0  -0.715101 0.946062 1.578810  0.000000 -0.002205 0.999998  0.149473 0.829800 0
0  -0.655912 0.843560 1.578810  -0.000000 -0.002205 0.999998  0.149473 0.832572 0
Material_0
0  -0.655912 1.048566 1.578810  -0.000000 -0.002205 0.999997  0.149473 0.832572 0
0  -0.715101 0.946062 1.578810  0.000000 -0.002205 0.999998  0.149473 0.829800 0
0  -0.537402 1.048566 1.578810  0.000000 -0.002205 0.999998  0.149473 0.838033 0
Material_0
0  -0.655912 1.048566 1.110309  0.000000 -0.002205 -0.999997  0.137952 0.832572 0
0  -0.537402 1.048566 1.110309  -0.000000 0.002205 -0.999998  0.137952 0.838033 0
0  -0.715101 0.946062 1.110309  0.000000 0.002205 -0.999998  0.137952 0.829800 0
Material_0
0  -0.537402 1.048566 1.110309  -0.000000 0.002205 -0.999998  0.137952 0.838033 0
0  -0.537402 0.843560 1.110309  -0.000000 0.002205 -0.999998  0.137952 0.838033 0
0  -0.715101 0.946062 1.110309  0.000000 0.002205 -0.999998  0.137952 0.829800 0
Material_0
0  -0.715101 0.946062 1.110309  0.000000 0.002205 -0.999998  0.137952 0.829800 0
0  -0.537402 0.843560 1.110309  -0.000000 0.002205 -0.999998  0.137952 0.838033 0
0  -0.655912 0.843560 1.110309  0.000000 0.002205 -0.999998  0.137952 0.832572 0
Material_0
0  -0.478147 0.946062 1.110309  -0.000002 0.002205 -0.999998  0.137952 0.840722 0
0  -0.537402 0.843560 1.110309  -0.000000 0.002205 -0.999998  0.137952 0.838033 0
0  -0.537402 1.048566 1.110309  -0.000000 0.002205 -0.999998  0.137952 0.838033 0
Material_0
0  -0.113668 1.012371 -0.315515  0.000003 -0.983993 -0.178207  0.144572 0.838359 0
0  -0.113668 1.014977 -0.329439  0.000000 -0.984002 -0.178160  0.144572 0.838359 0
0  0.152553 1.012371 -0.315515  -0.000000 -0.984002 -0.178160  0.141219 0.838359 0
Material_0
0  -0.113668 1.014977 -0.329439  0.000000 -0.984002 -0.178160  0.144572 0.838359 0
0  0.152553 1.014977 -0.329439  0.000000 -0.984002 -0.178160  0.141219 0.838359 0
0  0.152553 1.012371 -0.315515  -0.000000 -0.984002 -0.178160  0.141219 0.838359 0
Material_0
0  -0.113668 1.033509 0.812650  0.000001 -0.962366 0.271756  0.144572 0.838440 0
0  -0.113668 0.905235 0.353180  0.000000 -0.962366 0.271756  0.144572 0.837951 0
0  0.152554 1.033509 0.812650  -0.000000 -0.962366 0.271756  0.141219 0.838440 0
Material_0
0  -0.113668 0.905235 0.353180  0.000000 -0.962366 0.271756  0.144572 0.837951 0
0  0.152554 0.905235 0.353180  0.000000 -0.962366 0.271757  0.141219 0.837951 0
0  0.152554 1.033509 0.812650  -0.000000 -0.962366 0.271756  0.141219 0.838440 0
Material_0
0  0.152553 2.773162 0.727229  -0.000000 -0.067803 0.997699  0.141219 0.845368 0
0  -0.113669 2.773162 0.727229  0.000001 -0.067803 0.997699  0.144572 0.845368 0
0  0.152553 1.916366 0.667020  0.003736 -0.315639 0.948872  0.141219 0.841945 0
Material_0
0  -0.113669 2.773162 0.727229  0.000001 -0.067803 0.997699  0.144572 0.845368 0
0  -0.113668 1.916366 0.667020  0.003718 -0.315630 0.948875  0.144572 0.841945 0
0  0.152553 1.916366 0.667020  0.003736 -0.315639 0.948872  0.141219 0.841945 0
Material_0
0  0.152553 1.916366 0.667020  0.003736 -0.315639 0.948872  0.141219 0.841945 0
0  -0.113668 1.916366 0.667020  0.003718 -0.315630 0.948875  0.144572 0.841945 0
0  0.152553 1.578743 0.451396  -0.000000 -0.539823 0.841779  0.141219 0.840641 0
Material_0
0  -0.113668 1.916366 0.667020  0.003718 -0.315630 0.948875  0.144572 0.841945 0
0  -0.113668 1.578743 0.451396  0.000000 -0.539782 0.841805  0.144572 0.840641 0
0  0.152553 1.578743 0.451396  -0.000000 -0.539823 0.841779  0.141219 0.840641 0
Material_0
0  -0.113669 2.773162 0.727229  0.000000 -1.000000 -0.000028  0.144572 0.845368 0
0  0.152553 2.773162 0.727229  0.000001 -1.000000 -0.000030  0.141219 0.845368 0
0  -0.113669 2.768819 0.867968  0.000011 -1.000000 -0.000029  0.144572 0.845368 0
Material_0
0  0.152553 2.773162 0.727229  0.000001 -1.000000 -0.000030  0.141219 0.845368 0
0  0.152553 2.768819 0.867968  -0.000001 -1.000000 -0.000031  0.141219 0.845368 0
0  -0.113669 2.768819 0.867968  0.000011 -1.000000 -0.000029  0.144572 0.845368 0
Material_0
0  -0.113669 2.768819 0.867968  0.000001 -0.684320 0.729182  0.144572 0.845368 0
0  0.152553 2.768819 0.867968  0.000000 -0.684285 0.729215  0.141219 0.845368 0
0  -0.113669 3.041871 1.124985  0.000000 -0.684425 0.729083  0.144572 0.846428 0
Material_0
0  0.152553 2.768819 0.867968  0.000000 -0.684285 0.729215  0.141219 0.845368 0
0  0.152553 3.041871 1.124985  -0.000000 -0.684320 0.729181  0.141219 0.846428 0
0  -0.113669 3.041871 1.124985  0.000000 -0.684425 0.729083  0.144572 0.846428 0
Material_0
0  -0.113669 3.041871 1.124985  0.003698 0.991985 0.126301  0.144572 0.846428 0
0  0.152553 3.041871 1.124985  -0.003698 0.991985 0.126301  0.141219 0.846428 0
0  -0.113669 3.087620 0.748678  -0.003699 0.991985 0.126300  0.144572 0.846591 0
Material_0
0  0.152553 3.041871 1.124985  -0.003698 0.991985 0.126301  0.141219 0.846428 0
0  0.152553 3.087620 0.748678  -0.003698 0.991985 0.126300  0.141219 0.846591 0
0  -0.113669 3.087620 0.748678  -0.003699 0.991985 0.126300  0.144572 0.846591 0
Material_0
0  0.152553 3.109916 0.749055  0.000003 -0.024022 0.999711  0.141219 0.846672 0
0  0.086047 3.176514 0.750560  -0.000000 -0.024015 0.999712  0.142079 0.846998 0
0  0.152553 3.087620 0.748678  0.000006 -0.024009 0.999712  0.141219 0.846591 0
Material_0
0  0.086047 3.176514 0.750560  -0.000000 -0.024015 0.999712  0.142079 0.846998 0
0  -0.113669 3.109916 0.749055  -0.000066 -0.023961 0.999713  0.144572 0.846672 0
0  0.152553 3.087620 0.748678  0.000006 -0.024009 0.999712  0.141219 0.846591 0
Material_0
0  0.152553 3.087620 0.748678  0.000006 -0.024009 0.999712  0.141219 0.846591 0
0  -0.113669 3.109916 0.749055  -0.000066 -0.023961 0.999713  0.144572 0.846672 0
0  -0.113669 3.087620 0.748678  0.000000 -0.024018 0.999712  0.144572 0.846591 0
Material_0
0  -0.047097 3.176514 0.750560  0.000000 -0.024036 0.999711  0.143712 0.846998 0
0  -0.113669 3.109916 0.749055  -0.000066 -0.023961 0.999713  0.144572 0.846672 0
0  0.086047 3.176514 0.750560  -0.000000 -0.024015 0.999712  0.142079 0.846998 0
Material_0
0  -0.113669 3.041871 1.124985  -0.999998 0.002205 0.000000  0.144572 0.846428 0
0  -0.113669 3.087620 0.748678  -0.999998 0.002205 0.000000  0.144572 0.846591 0
0  -0.113669 2.768819 0.867968  -0.999998 0.002205 -0.000000  0.144572 0.845368 0
Material_0
0  -0.113669 2.768819 0.867968  -0.999998 0.002205 -0.000000  0.144572 0.845368 0
0  -0.113669 3.087620 0.748678  -0.999998 0.002205 0.000000  0.144572 0.846591 0
0  -0.113669 2.773162 0.727229  -0.999998 0.002205 0.000000  0.144572 0.845368 0
Material_0
0  -0.113669 3.087620 0.748678  -0.999998 0.002205 0.000000  0.144572 0.846591 0
0  -0.113669 2.726544 0.371243  -0.999997 0.002275 -0.000172  0.144572 0.845205 0
0  -0.113669 2.773162 0.727229  -0.999998 0.002205 0.000000  0.144572 0.845368 0
Material_0
0  -0.113669 2.773162 0.727229  -0.999998 0.002205 0.000000  0.144572 0.845368 0
0  -0.113669 2.726544 0.371243  -0.999997 0.002275 -0.000172  0.144572 0.845205 0
0  -0.113668 1.916366 0.667020  -0.999998 0.002205 0.000000  0.144572 0.841945 0
Material_0
0  -0.113669 2.726544 0.371243  -0.999997 0.002275 -0.000172  0.144572 0.845205 0
0  -0.113669 3.087620 0.748678  -0.999998 0.002205 0.000000  0.144572 0.846591 0
0  -0.113669 3.035790 0.471341  -0.999998 0.002187 0.000035  0.144572 0.846428 0
Material_0
0  -0.113669 3.087620 0.748678  -0.999998 0.002205 0.000000  0.144572 0.846591 0
0  -0.113669 3.109916 0.749055  -0.999997 0.002184 -0.000036  0.144572 0.846672 0
0  -0.113669 3.035790 0.471341  -0.999998 0.002187 0.000035  0.144572 0.846428 0
Material_0
0  -0.113669 3.035790 0.471341  -0.999998 0.002187 0.000035  0.144572 0.846428 0
0  -0.113669 3.109916 0.749055  -0.999997 0.002184 -0.000036  0.144572 0.846672 0
0  -0.047097 3.107889 0.483759  -0.000215 0.933368 -0.358920  0.143712 0.846672 0
Material_0
0  -0.113669 3.109916 0.749055  -0.999997 0.002184 -0.000036  0.144572 0.846672 0
0  -0.047097 3.176514 0.750560  -0.000161 0.933427 -0.358768  0.143712 0.846998 0
0  -0.047097 3.107889 0.483759  -0.000215 0.933368 -0.358920  0.143712 0.846672 0
Material_0
0  -0.047097 3.176514 0.750560  -0.000161 0.933427 -0.358768  0.143712 0.846998 0
0  0.086047 3.176514 0.750560  0.000190 0.933417 -0.358794  0.142079 0.846998 0
0  -0.047097 3.107889 0.483759  -0.000215 0.933368 -0.358920  0.143712 0.846672 0
Material_0
0  0.086047 3.176514 0.750560  0.000190 0.933417 -0.358794  0.142079 0.846998 0
0  0.086047 3.107889 0.483759  0.000190 0.933379 -0.358891  0.142079 0.846672 0
0  -0.047097 3.107889 0.483759  -0.000215 0.933368 -0.358920  0.143712 0.846672 0
Material_0
0  -0.047097 3.107889 0.483759  -0.000215 0.933368 -0.358920  0.143712 0.846672 0
0  0.086047 3.107889 0.483759  0.000190 0.933379 -0.358891  0.142079 0.846672 0
0  -0.047097 3.027972 0.398713  -0.000226 0.565269 -0.824907  0.143712 0.846346 0
Material_0
0  0.086047 3.107889 0.483759  0.000190 0.933379 -0.358891  0.142079 0.846672 0
0  0.086047 3.027972 0.398713  0.000197 0.565250 -0.824919  0.142079 0.846346 0
0  -0.047097 3.027972 0.398713  -0.000226 0.565269 -0.824907  0.143712 0.846346 0
Material_0
0  0.086047 3.027972 0.398713  0.000197 0.565250 -0.824919  0.142079 0.846346 0
0  -0.047097 2.769398 0.315174  -0.000035 0.565307 -0.824881  0.143712 0.845368 0
0  -0.047097 3.027972 0.398713  -0.000226 0.565269 -0.824907  0.143712 0.846346 0
Material_0
0  -0.047097 3.027972 0.398713  -0.000226 0.565269 -0.824907  0.143712 0.846346 0
0  -0.047097 2.769398 0.315174  -0.000035 0.565307 -0.824881  0.143712 0.845368 0
0  -0.113669 3.035790 0.471341  -0.999998 0.002187 0.000035  0.144572 0.846428 0
Material_0
0  -0.047097 2.769398 0.315174  -0.000035 0.565307 -0.824881  0.143712 0.845368 0
0  -0.113669 2.726544 0.371243  -0.999997 0.002275 -0.000172  0.144572 0.845205 0
0  -0.113669 3.035790 0.471341  -0.999998 0.002187 0.000035  0.144572 0.846428 0
Material_0
0  -0.113669 3.035790 0.471341  -0.999998 0.002187 0.000035  0.144572 0.846428 0
0  -0.047097 3.107889 0.483759  -0.000215 0.933368 -0.358920  0.143712 0.846672 0
0  -0.047097 3.027972 0.398713  -0.000226 0.565269 -0.824907  0.143712 0.846346 0
Material_0
0  0.152553 3.041871 1.124985  0.999998 0.002205 -0.000000  0.141219 0.846428 0
0  0.152553 2.768819 0.867968  0.999998 0.002205 -0.000000  0.141219 0.845368 0
0  0.152553 3.087620 0.748678  0.999998 0.002205 0.000003  0.141219 0.846591 0
Material_0
0  0.152553 2.768819 0.867968  0.999998 0.002205 -0.000000  0.141219 0.845368 0
0  0.152553 2.773162 0.727229  0.999998 0.002205 -0.000000  0.141219 0.845368 0
0  0.152553 3.087620 0.748678  0.999998 0.002205 0.000003  0.141219 0.846591 0
Material_0
0  0.152553 3.087620 0.748678  0.999998 0.002205 0.000003  0.141219 0.846591 0
0  0.152553 2.773162 0.727229  0.999998 0.002205 -0.000000  0.141219 0.845368 0
0  0.152553 3.109916 0.749055  0.999997 0.002222 -0.000027  0.141219 0.846672 0
Material_0
0  0.152553 2.773162 0.727229  0.999998 0.002205 -0.000000  0.141219 0.845368 0
0  0.152553 3.035790 0.471341  0.999998 0.002199 -0.000003  0.141219 0.846428 0
0  0.152553 3.109916 0.749055  0.999997 0.002222 -0.000027  0.141219 0.846672 0
Material_0
0  0.152553 3.109916 0.749055  0.999997 0.002222 -0.000027  0.141219 0.846672 0
0  0.152553 3.035790 0.471341  0.999998 0.002199 -0.000003  0.141219 0.846428 0
0  0.086047 3.176514 0.750560  0.000190 0.933417 -0.358794  0.142079 0.846998 0
Material_0
0  0.086047 3.176514 0.750560  0.000190 0.933417 -0.358794  0.142079 0.846998 0
0  0.152553 3.035790 0.471341  0.999998 0.002199 -0.000003  0.141219 0.846428 0
0  0.086047 3.107889 0.483759  0.000190 0.933379 -0.358891  0.142079 0.846672 0
Material_0
0  0.086047 3.107889 0.483759  0.000190 0.933379 -0.358891  0.142079 0.846672 0
0  0.152553 3.035790 0.471341  0.999998 0.002199 -0.000003  0.141219 0.846428 0
0  0.086047 3.027972 0.398713  0.000197 0.565250 -0.824919  0.142079 0.846346 0
Material_0
0  0.152553 3.035790 0.471341  0.999998 0.002199 -0.000003  0.141219 0.846428 0
0  0.152553 2.726544 0.371243  0.999997 0.002311 -0.000180  0.141219 0.845205 0
0  0.086047 3.027972 0.398713  0.000197 0.565250 -0.824919  0.142079 0.846346 0
Material_0
0  0.086047 3.027972 0.398713  0.000197 0.565250 -0.824919  0.142079 0.846346 0
0  0.152553 2.726544 0.371243  0.999997 0.002311 -0.000180  0.141219 0.845205 0
0  0.086047 2.769398 0.315174  0.000033 0.565305 -0.824882  0.142079 0.845368 0
Material_0
0  0.086047 2.769398 0.315174  0.000033 0.565305 -0.824882  0.142079 0.845368 0
0  0.152553 2.726544 0.371243  0.999997 0.002311 -0.000180  0.141219 0.845205 0
0  0.152553 2.526750 0.019397  0.999997 0.002368 -0.000044  0.141219 0.844390 0
Material_0
0  0.152553 2.526750 0.019397  0.999997 0.002368 -0.000044  0.141219 0.844390 0
0  0.152553 2.726544 0.371243  0.999997 0.002311 -0.000180  0.141219 0.845205 0
0  0.152553 1.814442 0.086003  0.999998 0.002130 -0.000187  0.141219 0.841537 0
Material_0
0  0.152553 2.726544 0.371243  0.999997 0.002311 -0.000180  0.141219 0.845205 0
0  0.152553 1.916366 0.667020  0.999998 0.002205 -0.000000  0.141219 0.841945 0
0  0.152553 1.814442 0.086003  0.999998 0.002130 -0.000187  0.141219 0.841537 0
Material_0
0  0.152553 1.814442 0.086003  0.999998 0.002130 -0.000187  0.141219 0.841537 0
0  0.152553 1.916366 0.667020  0.999998 0.002205 -0.000000  0.141219 0.841945 0
0  0.152553 1.578743 0.451396  0.999998 0.002205 -0.000000  0.141219 0.840641 0
Material_0
0  0.152553 3.035790 0.471341  0.999998 0.002199 -0.000003  0.141219 0.846428 0
0  0.152553 2.773162 0.727229  0.999998 0.002205 -0.000000  0.141219 0.845368 0
0  0.152553 2.726544 0.371243  0.999997 0.002311 -0.000180  0.141219 0.845205 0
Material_0
0  0.152553 2.726544 0.371243  0.999997 0.002311 -0.000180  0.141219 0.845205 0
0  0.152553 2.773162 0.727229  0.999998 0.002205 -0.000000  0.141219 0.845368 0
0  0.152553 1.916366 0.667020  0.999998 0.002205 -0.000000  0.141219 0.841945 0
Material_0
0  0.086047 3.027972 0.398713  0.000197 0.565250 -0.824919  0.142079 0.846346 0
0  0.086047 2.769398 0.315174  0.000033 0.565305 -0.824882  0.142079 0.845368 0
0  -0.047097 2.769398 0.315174  -0.000035 0.565307 -0.824881  0.143712 0.845368 0
Material_0
0  -0.047097 2.769398 0.315174  -0.000035 0.565307 -0.824881  0.143712 0.845368 0
0  0.086047 2.769398 0.315174  0.000033 0.565305 -0.824882  0.142079 0.845368 0
0  -0.047097 2.589584 0.040846  -0.000177 0.983999 -0.178174  0.143712 0.844634 0
Material_0
0  0.086047 2.769398 0.315174  0.000033 0.565305 -0.824882  0.142079 0.845368 0
0  0.086047 2.589584 0.040846  0.000160 0.983989 -0.178230  0.142079 0.844634 0
0  -0.047097 2.589584 0.040846  -0.000177 0.983999 -0.178174  0.143712 0.844634 0
Material_0
0  0.086047 2.589584 0.040846  0.000160 0.983989 -0.178230  0.142079 0.844634 0
0  -0.047097 2.708012 -0.509313  -0.000205 0.984003 -0.178149  0.143712 0.845124 0
0  -0.047097 2.589584 0.040846  -0.000177 0.983999 -0.178174  0.143712 0.844634 0
Material_0
0  -0.047097 2.708012 -0.509313  -0.000205 0.984003 -0.178149  0.143712 0.845124 0
0  -0.113669 2.526750 0.019397  -0.999997 0.002386 -0.000042  0.144572 0.844390 0
0  -0.047097 2.589584 0.040846  -0.000177 0.983999 -0.178174  0.143712 0.844634 0
Material_0
0  -0.047097 2.589584 0.040846  -0.000177 0.983999 -0.178174  0.143712 0.844634 0
0  -0.113669 2.526750 0.019397  -0.999997 0.002386 -0.000042  0.144572 0.844390 0
0  -0.113669 2.726544 0.371243  -0.999997 0.002275 -0.000172  0.144572 0.845205 0
Material_0
0  -0.113669 2.526750 0.019397  -0.999997 0.002386 -0.000042  0.144572 0.844390 0
0  -0.113669 1.814442 0.086003  -0.999998 0.002149 -0.000185  0.144572 0.841537 0
0  -0.113669 2.726544 0.371243  -0.999997 0.002275 -0.000172  0.144572 0.845205 0
Material_0
0  -0.113669 2.726544 0.371243  -0.999997 0.002275 -0.000172  0.144572 0.845205 0
0  -0.113669 1.814442 0.086003  -0.999998 0.002149 -0.000185  0.144572 0.841537 0
0  -0.113668 1.916366 0.667020  -0.999998 0.002205 0.000000  0.144572 0.841945 0
Material_0
0  -0.113668 1.916366 0.667020  -0.999998 0.002205 0.000000  0.144572 0.841945 0
0  -0.113669 1.814442 0.086003  -0.999998 0.002149 -0.000185  0.144572 0.841537 0
0  -0.113668 1.578743 0.451396  -0.999998 0.002205 0.000000  0.144572 0.840641 0
Material_0
0  -0.113669 1.814442 0.086003  -0.999998 0.002149 -0.000185  0.144572 0.841537 0
0  -0.113668 1.508381 0.055898  -0.999997 0.002258 -0.000190  0.144572 0.840315 0
0  -0.113668 1.578743 0.451396  -0.999998 0.002205 0.000000  0.144572 0.840641 0
Material_0
0  -0.113668 1.578743 0.451396  -0.999998 0.002205 0.000000  0.144572 0.840641 0
0  -0.113668 1.508381 0.055898  -0.999997 0.002258 -0.000190  0.144572 0.840315 0
0  -0.113669 1.314668 -0.220310  -0.999998 0.002228 0.000003  0.144572 0.839581 0
Material_0
0  -0.113669 1.314668 -0.220310  -0.999998 0.002228 0.000003  0.144572 0.839581 0
0  -0.113668 1.508381 0.055898  -0.999997 0.002258 -0.000190  0.144572 0.840315 0
0  -0.047097 1.357232 -0.276004  0.000006 0.460413 -0.887705  0.143712 0.839744 0
Material_0
0  -0.047097 1.357232 -0.276004  0.000006 0.460413 -0.887705  0.143712 0.839744 0
0  -0.113668 1.508381 0.055898  -0.999997 0.002258 -0.000190  0.144572 0.840315 0
0  -0.047097 1.545444 -0.007321  0.000008 0.558076 -0.829790  0.143712 0.840478 0
Material_0
0  -0.113668 1.508381 0.055898  -0.999997 0.002258 -0.000190  0.144572 0.840315 0
0  -0.113669 1.814442 0.086003  -0.999998 0.002149 -0.000185  0.144572 0.841537 0
0  -0.047097 1.545444 -0.007321  0.000008 0.558076 -0.829790  0.143712 0.840478 0
Material_0
0  -0.047097 2.769398 0.315174  -0.000035 0.565307 -0.824881  0.143712 0.845368 0
0  -0.047097 2.589584 0.040846  -0.000177 0.983999 -0.178174  0.143712 0.844634 0
0  -0.113669 2.726544 0.371243  -0.999997 0.002275 -0.000172  0.144572 0.845205 0
Material_0
0  0.086047 2.589584 0.040846  0.000160 0.983989 -0.178230  0.142079 0.844634 0
0  0.086047 2.769398 0.315174  0.000033 0.565305 -0.824882  0.142079 0.845368 0
0  0.152553 2.526750 0.019397  0.999997 0.002368 -0.000044  0.141219 0.844390 0
Material_0
0  -0.113668 1.033509 0.812650  -0.999998 0.002205 0.000000  0.144572 0.838440 0
0  -0.113668 1.578743 0.451396  -0.999998 0.002205 0.000000  0.144572 0.840641 0
0  -0.113668 0.905235 0.353180  -0.999998 0.002205 0.000000  0.144572 0.837951 0
Material_0
0  -0.113668 0.905235 0.353180  -0.999998 0.002205 0.000000  0.144572 0.837951 0
0  -0.113668 1.578743 0.451396  -0.999998 0.002205 0.000000  0.144572 0.840641 0
0  -0.113668 1.222299 -0.030652  -0.999998 0.002205 0.000000  0.144572 0.839174 0
Material_0
0  -0.113668 1.578743 0.451396  -0.999998 0.002205 0.000000  0.144572 0.840641 0
0  -0.113669 1.314668 -0.220310  -0.999998 0.002228 0.000003  0.144572 0.839581 0
0  -0.113668 1.222299 -0.030652  -0.999998 0.002205 0.000000  0.144572 0.839174 0
Material_0
0  -0.113668 1.222299 -0.030652  -0.999998 0.002205 0.000000  0.144572 0.839174 0
0  -0.113669 1.314668 -0.220310  -0.999998 0.002228 0.000003  0.144572 0.839581 0
0  -0.113668 1.012371 -0.315515  -0.999998 -0.002205 0.000002  0.144572 0.838359 0
Material_0
0  -0.113668 1.012371 -0.315515  -0.999998 -0.002205 0.000002  0.144572 0.838359 0
0  -0.113669 1.314668 -0.220310  -0.999998 0.002228 0.000003  0.144572 0.839581 0
0  -0.113668 1.014977 -0.329439  -0.944234 0.111205 -0.309929  0.144572 0.838359 0
Material_0
0  -0.113668 1.014977 -0.329439  -0.944234 0.111205 -0.309929  0.144572 0.838359 0
0  -0.113669 1.314668 -0.220310  -0.999998 0.002228 0.000003  0.144572 0.839581 0
0  -0.047097 1.089103 -0.372338  0.000001 0.456538 -0.889704  0.143712 0.838685 0
Material_0
0  -0.113669 1.314668 -0.220310  -0.999998 0.002228 0.000003  0.144572 0.839581 0
0  -0.047097 1.357232 -0.276004  0.000006 0.460413 -0.887705  0.143712 0.839744 0
0  -0.047097 1.089103 -0.372338  0.000001 0.456538 -0.889704  0.143712 0.838685 0
Material_0
0  -0.047097 1.089103 -0.372338  0.000001 0.456538 -0.889704  0.143712 0.838685 0
0  -0.047097 1.357232 -0.276004  0.000006 0.460413 -0.887705  0.143712 0.839744 0
0  0.086047 1.089103 -0.372338  0.000008 0.460366 -0.887729  0.142079 0.838685 0
Material_0
0  -0.047097 1.357232 -0.276004  0.000006 0.460413 -0.887705  0.143712 0.839744 0
0  0.086047 1.357232 -0.276004  0.000056 0.460371 -0.887727  0.142079 0.839744 0
0  0.086047 1.089103 -0.372338  0.000008 0.460366 -0.887729  0.142079 0.838685 0
Material_0
0  0.086047 1.089103 -0.372338  0.000008 0.460366 -0.887729  0.142079 0.838685 0
0  0.086047 1.357232 -0.276004  0.000056 0.460371 -0.887727  0.142079 0.839744 0
0  0.152553 1.014977 -0.329439  0.944275 0.111165 -0.309818  0.141219 0.838359 0
Material_0
0  0.086047 1.357232 -0.276004  0.000056 0.460371 -0.887727  0.142079 0.839744 0
0  0.152553 1.314668 -0.220310  0.999998 0.002168 -0.000038  0.141219 0.839581 0
0  0.152553 1.014977 -0.329439  0.944275 0.111165 -0.309818  0.141219 0.838359 0
Material_0
0  0.152553 1.014977 -0.329439  0.944275 0.111165 -0.309818  0.141219 0.838359 0
0  0.152553 1.314668 -0.220310  0.999998 0.002168 -0.000038  0.141219 0.839581 0
0  0.152553 1.222299 -0.030652  0.999998 0.002205 -0.000000  0.141219 0.839174 0
Material_0
0  0.152553 1.314668 -0.220310  0.999998 0.002168 -0.000038  0.141219 0.839581 0
0  0.152553 1.508381 0.055898  0.999997 0.002276 -0.000166  0.141219 0.840315 0
0  0.152553 1.222299 -0.030652  0.999998 0.002205 -0.000000  0.141219 0.839174 0
Material_0
0  0.152553 1.222299 -0.030652  0.999998 0.002205 -0.000000  0.141219 0.839174 0
0  0.152553 1.508381 0.055898  0.999997 0.002276 -0.000166  0.141219 0.840315 0
0  0.152553 1.578743 0.451396  0.999998 0.002205 -0.000000  0.141219 0.840641 0
Material_0
0  0.152553 1.578743 0.451396  0.999998 0.002205 -0.000000  0.141219 0.840641 0
0  0.152553 1.508381 0.055898  0.999997 0.002276 -0.000166  0.141219 0.840315 0
0  0.152553 1.814442 0.086003  0.999998 0.002130 -0.000187  0.141219 0.841537 0
Material_0
0  0.152553 1.814442 0.086003  0.999998 0.002130 -0.000187  0.141219 0.841537 0
0  0.152553 1.508381 0.055898  0.999997 0.002276 -0.000166  0.141219 0.840315 0
0  0.086047 1.801701 0.017892  0.000039 -0.197496 -0.980304  0.142079 0.841537 0
Material_0
0  0.086047 1.801701 0.017892  0.000039 -0.197496 -0.980304  0.142079 0.841537 0
0  0.152553 1.508381 0.055898  0.999997 0.002276 -0.000166  0.141219 0.840315 0
0  0.086047 1.545444 -0.007321  -0.000000 0.558093 -0.829778  0.142079 0.840478 0
Material_0
0  0.152553 1.508381 0.055898  0.999997 0.002276 -0.000166  0.141219 0.840315 0
0  0.152553 1.314668 -0.220310  0.999998 0.002168 -0.000038  0.141219 0.839581 0
0  0.086047 1.545444 -0.007321  -0.000000 0.558093 -0.829778  0.142079 0.840478 0
Material_0
0  0.152553 1.314668 -0.220310  0.999998 0.002168 -0.000038  0.141219 0.839581 0
0  0.086047 1.357232 -0.276004  0.000056 0.460371 -0.887727  0.142079 0.839744 0
0  0.086047 1.545444 -0.007321  -0.000000 0.558093 -0.829778  0.142079 0.840478 0
Material_0
0  0.086047 1.545444 -0.007321  -0.000000 0.558093 -0.829778  0.142079 0.840478 0
0  0.086047 1.357232 -0.276004  0.000056 0.460371 -0.887727  0.142079 0.839744 0
0  -0.047097 1.545444 -0.007321  0.000008 0.558076 -0.829790  0.143712 0.840478 0
Material_0
0  0.086047 1.357232 -0.276004  0.000056 0.460371 -0.887727  0.142079 0.839744 0
0  -0.047097 1.357232 -0.276004  0.000006 0.460413 -0.887705  0.143712 0.839744 0
0  -0.047097 1.545444 -0.007321  0.000008 0.558076 -0.829790  0.143712 0.840478 0
Material_0
0  0.152553 1.012371 -0.315515  0.999997 0.002205 -0.000000  0.141219 0.838359 0
0  0.152553 1.014977 -0.329439  0.944275 0.111165 -0.309818  0.141219 0.838359 0
0  0.152553 1.222299 -0.030652  0.999998 0.002205 -0.000000  0.141219 0.839174 0
Material_0
0  0.152553 1.222299 -0.030652  0.999998 0.002205 -0.000000  0.141219 0.839174 0
0  0.152553 1.578743 0.451396  0.999998 0.002205 -0.000000  0.141219 0.840641 0
0  0.152554 0.905235 0.353180  0.999998 0.002205 -0.000000  0.141219 0.837951 0
Material_0
0  0.152554 0.905235 0.353180  0.999998 0.002205 -0.000000  0.141219 0.837951 0
0  0.152553 1.578743 0.451396  0.999998 0.002205 -0.000000  0.141219 0.840641 0
0  0.152554 1.033509 0.812650  0.999998 0.002205 -0.000000  0.141219 0.838440 0
Material_0
0  -0.047097 1.545444 -0.007321  0.000008 0.558076 -0.829790  0.143712 0.840478 0
0  -0.047097 1.801701 0.017892  -0.000173 -0.197519 -0.980299  0.143712 0.841537 0
0  0.086047 1.545444 -0.007321  -0.000000 0.558093 -0.829778  0.142079 0.840478 0
Material_0
0  0.086047 1.545444 -0.007321  -0.000000 0.558093 -0.829778  0.142079 0.840478 0
0  -0.047097 1.801701 0.017892  -0.000173 -0.197519 -0.980299  0.143712 0.841537 0
0  0.086047 1.801701 0.017892  0.000039 -0.197496 -0.980304  0.142079 0.841537 0
Material_0
0  -0.047097 1.801701 0.017892  -0.000173 -0.197519 -0.980299  0.143712 0.841537 0
0  0.086047 2.088073 -0.129620  0.000189 -0.715524 -0.698588  0.142079 0.842597 0
0  0.086047 1.801701 0.017892  0.000039 -0.197496 -0.980304  0.142079 0.841537 0
Material_0
0  0.086047 1.801701 0.017892  0.000039 -0.197496 -0.980304  0.142079 0.841537 0
0  0.086047 2.088073 -0.129620  0.000189 -0.715524 -0.698588  0.142079 0.842597 0
0  0.152553 1.814442 0.086003  0.999998 0.002130 -0.000187  0.141219 0.841537 0
Material_0
0  0.086047 2.088073 -0.129620  0.000189 -0.715524 -0.698588  0.142079 0.842597 0
0  0.152553 2.151196 -0.108171  0.999998 0.002053 -0.000164  0.141219 0.842923 0
0  0.152553 1.814442 0.086003  0.999998 0.002130 -0.000187  0.141219 0.841537 0
Material_0
0  0.152553 1.814442 0.086003  0.999998 0.002130 -0.000187  0.141219 0.841537 0
0  0.152553 2.151196 -0.108171  0.999998 0.002053 -0.000164  0.141219 0.842923 0
0  0.152553 2.526750 0.019397  0.999997 0.002368 -0.000044  0.141219 0.844390 0
Material_0
0  -0.047097 1.545444 -0.007321  0.000008 0.558076 -0.829790  0.143712 0.840478 0
0  -0.113669 1.814442 0.086003  -0.999998 0.002149 -0.000185  0.144572 0.841537 0
0  -0.047097 1.801701 0.017892  -0.000173 -0.197519 -0.980299  0.143712 0.841537 0
Material_0
0  -0.047097 1.801701 0.017892  -0.000173 -0.197519 -0.980299  0.143712 0.841537 0
0  -0.113669 1.814442 0.086003  -0.999998 0.002149 -0.000185  0.144572 0.841537 0
0  -0.113669 2.151196 -0.108171  -0.999998 0.002037 -0.000123  0.144572 0.842923 0
Material_0
0  -0.113669 1.814442 0.086003  -0.999998 0.002149 -0.000185  0.144572 0.841537 0
0  -0.113669 2.526750 0.019397  -0.999997 0.002386 -0.000042  0.144572 0.844390 0
0  -0.113669 2.151196 -0.108171  -0.999998 0.002037 -0.000123  0.144572 0.842923 0
Material_0
0  -0.113669 2.151196 -0.108171  -0.999998 0.002037 -0.000123  0.144572 0.842923 0
0  -0.047097 2.088073 -0.129620  -0.000187 -0.715526 -0.698586  0.143712 0.842597 0
0  -0.047097 1.801701 0.017892  -0.000173 -0.197519 -0.980299  0.143712 0.841537 0
Material_0
0  -0.047097 1.801701 0.017892  -0.000173 -0.197519 -0.980299  0.143712 0.841537 0
0  -0.047097 2.088073 -0.129620  -0.000187 -0.715526 -0.698586  0.143712 0.842597 0
0  0.086047 2.088073 -0.129620  0.000189 -0.715524 -0.698588  0.142079 0.842597 0
Material_0
0  -0.047097 2.088073 -0.129620  -0.000187 -0.715526 -0.698586  0.143712 0.842597 0
0  0.086047 2.316243 -0.636505  0.000212 -0.715584 -0.698526  0.142079 0.843575 0
0  0.086047 2.088073 -0.129620  0.000189 -0.715524 -0.698588  0.142079 0.842597 0
Material_0
0  0.086047 2.088073 -0.129620  0.000189 -0.715524 -0.698588  0.142079 0.842597 0
0  0.086047 2.316243 -0.636505  0.000212 -0.715584 -0.698526  0.142079 0.843575 0
0  0.152553 2.151196 -0.108171  0.999998 0.002053 -0.000164  0.141219 0.842923 0
Material_0
0  -0.113669 2.151196 -0.108171  -0.999998 0.002037 -0.000123  0.144572 0.842923 0
0  -0.113669 2.379945 -0.615808  -0.999998 0.002191 0.000018  0.144572 0.843819 0
0  -0.047097 2.088073 -0.129620  -0.000187 -0.715526 -0.698586  0.143712 0.842597 0
Material_0
0  -0.047097 2.088073 -0.129620  -0.000187 -0.715526 -0.698586  0.143712 0.842597 0
0  -0.113669 2.379945 -0.615808  -0.999998 0.002191 0.000018  0.144572 0.843819 0
0  -0.047097 2.316243 -0.636505  -0.000197 -0.715565 -0.698546  0.143712 0.843575 0
Material_0
0  -0.047097 2.316243 -0.636505  -0.000197 -0.715565 -0.698546  0.143712 0.843575 0
0  -0.113669 2.379945 -0.615808  -0.999998 0.002191 0.000018  0.144572 0.843819 0
0  -0.047097 2.406874 -0.676769  -0.000040 0.311504 -0.950245  0.143712 0.843901 0
Material_0
0  -0.113669 2.379945 -0.615808  -0.999998 0.002191 0.000018  0.144572 0.843819 0
0  -0.113669 2.644310 -0.529634  -0.999998 0.002138 -0.000038  0.144572 0.844879 0
0  -0.047097 2.406874 -0.676769  -0.000040 0.311504 -0.950245  0.143712 0.843901 0
Material_0
0  -0.047097 2.406874 -0.676769  -0.000040 0.311504 -0.950245  0.143712 0.843901 0
0  -0.113669 2.644310 -0.529634  -0.999998 0.002138 -0.000038  0.144572 0.844879 0
0  -0.047097 2.658788 -0.594735  -0.000021 0.311502 -0.950246  0.143712 0.844879 0
Material_0
0  -0.113669 2.644310 -0.529634  -0.999998 0.002138 -0.000038  0.144572 0.844879 0
0  -0.047097 2.708012 -0.509313  -0.000205 0.984003 -0.178149  0.143712 0.845124 0
0  -0.047097 2.658788 -0.594735  -0.000021 0.311502 -0.950246  0.143712 0.844879 0
Material_0
0  -0.047097 2.658788 -0.594735  -0.000021 0.311502 -0.950246  0.143712 0.844879 0
0  -0.047097 2.708012 -0.509313  -0.000205 0.984003 -0.178149  0.143712 0.845124 0
0  0.086047 2.708012 -0.509313  0.000241 0.983998 -0.178181  0.142079 0.845124 0
Material_0
0  -0.047097 2.708012 -0.509313  -0.000205 0.984003 -0.178149  0.143712 0.845124 0
0  0.086047 2.589584 0.040846  0.000160 0.983989 -0.178230  0.142079 0.844634 0
0  0.086047 2.708012 -0.509313  0.000241 0.983998 -0.178181  0.142079 0.845124 0
Material_0
0  -0.047097 2.316243 -0.636505  -0.000197 -0.715565 -0.698546  0.143712 0.843575 0
0  0.086047 2.316243 -0.636505  0.000212 -0.715584 -0.698526  0.142079 0.843575 0
0  -0.047097 2.088073 -0.129620  -0.000187 -0.715526 -0.698586  0.143712 0.842597 0
Material_0
0  -0.113669 2.151196 -0.108171  -0.999998 0.002037 -0.000123  0.144572 0.842923 0
0  -0.113669 2.526750 0.019397  -0.999997 0.002386 -0.000042  0.144572 0.844390 0
0  -0.113669 2.379945 -0.615808  -0.999998 0.002191 0.000018  0.144572 0.843819 0
Material_0
0  -0.113669 2.379945 -0.615808  -0.999998 0.002191 0.000018  0.144572 0.843819 0
0  -0.113669 2.526750 0.019397  -0.999997 0.002386 -0.000042  0.144572 0.844390 0
0  -0.113669 2.644310 -0.529634  -0.999998 0.002138 -0.000038  0.144572 0.844879 0
Material_0
0  -0.113669 2.526750 0.019397  -0.999997 0.002386 -0.000042  0.144572 0.844390 0
0  -0.047097 2.708012 -0.509313  -0.000205 0.984003 -0.178149  0.143712 0.845124 0
0  -0.113669 2.644310 -0.529634  -0.999998 0.002138 -0.000038  0.144572 0.844879 0
Material_0
0  0.086047 2.708012 -0.509313  0.000241 0.983998 -0.178181  0.142079 0.845124 0
0  0.086047 2.658788 -0.594735  0.000031 0.311469 -0.950256  0.142079 0.844879 0
0  -0.047097 2.658788 -0.594735  -0.000021 0.311502 -0.950246  0.143712 0.844879 0
Material_0
0  -0.047097 2.658788 -0.594735  -0.000021 0.311502 -0.950246  0.143712 0.844879 0
0  0.086047 2.658788 -0.594735  0.000031 0.311469 -0.950256  0.142079 0.844879 0
0  -0.047097 2.406874 -0.676769  -0.000040 0.311504 -0.950245  0.143712 0.843901 0
Material_0
0  0.086047 2.658788 -0.594735  0.000031 0.311469 -0.950256  0.142079 0.844879 0
0  0.086047 2.406874 -0.676769  0.000013 0.311535 -0.950235  0.142079 0.843901 0
0  -0.047097 2.406874 -0.676769  -0.000040 0.311504 -0.950245  0.143712 0.843901 0
Material_0
0  -0.047097 2.406874 -0.676769  -0.000040 0.311504 -0.950245  0.143712 0.843901 0
0  0.086047 2.406874 -0.676769  0.000013 0.311535 -0.950235  0.142079 0.843901 0
0  -0.047097 2.316243 -0.636505  -0.000197 -0.715565 -0.698546  0.143712 0.843575 0
Material_0
0  -0.047097 2.316243 -0.636505  -0.000197 -0.715565 -0.698546  0.143712 0.843575 0
0  0.086047 2.406874 -0.676769  0.000013 0.311535 -0.950235  0.142079 0.843901 0
0  0.086047 2.316243 -0.636505  0.000212 -0.715584 -0.698526  0.142079 0.843575 0
Material_0
0  0.086047 2.406874 -0.676769  0.000013 0.311535 -0.950235  0.142079 0.843901 0
0  0.152553 2.379945 -0.615808  0.999998 0.002173 0.000004  0.141219 0.843819 0
0  0.086047 2.316243 -0.636505  0.000212 -0.715584 -0.698526  0.142079 0.843575 0
Material_0
0  0.086047 2.316243 -0.636505  0.000212 -0.715584 -0.698526  0.142079 0.843575 0
0  0.152553 2.379945 -0.615808  0.999998 0.002173 0.000004  0.141219 0.843819 0
0  0.152553 2.151196 -0.108171  0.999998 0.002053 -0.000164  0.141219 0.842923 0
Material_0
0  0.152553 2.379945 -0.615808  0.999998 0.002173 0.000004  0.141219 0.843819 0
0  0.152553 2.644310 -0.529634  0.999998 0.002181 0.000032  0.141219 0.844879 0
0  0.152553 2.151196 -0.108171  0.999998 0.002053 -0.000164  0.141219 0.842923 0
Material_0
0  0.152553 2.151196 -0.108171  0.999998 0.002053 -0.000164  0.141219 0.842923 0
0  0.152553 2.644310 -0.529634  0.999998 0.002181 0.000032  0.141219 0.844879 0
0  0.152553 2.526750 0.019397  0.999997 0.002368 -0.000044  0.141219 0.844390 0
Material_0
0  0.152553 2.526750 0.019397  0.999997 0.002368 -0.000044  0.141219 0.844390 0
0  0.152553 2.644310 -0.529634  0.999998 0.002181 0.000032  0.141219 0.844879 0
0  0.086047 2.589584 0.040846  0.000160 0.983989 -0.178230  0.142079 0.844634 0
Material_0
0  0.086047 2.589584 0.040846  0.000160 0.983989 -0.178230  0.142079 0.844634 0
0  0.152553 2.644310 -0.529634  0.999998 0.002181 0.000032  0.141219 0.844879 0
0  0.086047 2.708012 -0.509313  0.000241 0.983998 -0.178181  0.142079 0.845124 0
Material_0
0  0.086047 2.708012 -0.509313  0.000241 0.983998 -0.178181  0.142079 0.845124 0
0  0.152553 2.644310 -0.529634  0.999998 0.002181 0.000032  0.141219 0.844879 0
0  0.086047 2.658788 -0.594735  0.000031 0.311469 -0.950256  0.142079 0.844879 0
Material_0
0  0.152553 2.644310 -0.529634  0.999998 0.002181 0.000032  0.141219 0.844879 0
0  0.152553 2.379945 -0.615808  0.999998 0.002173 0.000004  0.141219 0.843819 0
0  0.086047 2.658788 -0.594735  0.000031 0.311469 -0.950256  0.142079 0.844879 0
Material_0
0  0.086047 2.658788 -0.594735  0.000031 0.311469 -0.950256  0.142079 0.844879 0
0  0.152553 2.379945 -0.615808  0.999998 0.002173 0.000004  0.141219 0.843819 0
0  0.086047 2.406874 -0.676769  0.000013 0.311535 -0.950235  0.142079 0.843901 0
Material_0
0  -0.113668 0.905235 0.353180  0.000000 -0.770976 -0.636864  0.144572 0.837951 0
0  -0.113668 1.222299 -0.030652  0.000000 -0.770976 -0.636864  0.144572 0.839174 0
0  0.152554 0.905235 0.353180  0.000000 -0.770976 -0.636864  0.141219 0.837951 0
Material_0
0  0.152554 0.905235 0.353180  0.000000 -0.770976 -0.636864  0.141219 0.837951 0
0  -0.113668 1.222299 -0.030652  0.000000 -0.770976 -0.636864  0.144572 0.839174 0
0  0.152553 1.222299 -0.030652  0.000000 -0.770976 -0.636864  0.141219 0.839174 0
Material_0
0  -0.113668 1.222299 -0.030652  0.003799 -0.803320 0.595536  0.144572 0.839174 0
0  -0.113668 1.012371 -0.315515  0.003799 -0.803320 0.595535  0.144572 0.838359 0
0  0.152553 1.222299 -0.030652  0.003761 -0.803337 0.595512  0.141219 0.839174 0
Material_0
0  0.152553 1.222299 -0.030652  0.003761 -0.803337 0.595512  0.141219 0.839174 0
0  -0.113668 1.012371 -0.315515  0.003799 -0.803320 0.595535  0.144572 0.838359 0
0  0.152553 1.012371 -0.315515  0.003723 -0.803356 0.595488  0.141219 0.838359 0
Material_0
0  -0.113668 1.578743 0.451396  0.003662 0.550838 0.834604  0.144572 0.840641 0
0  -0.113668 1.033509 0.812650  0.003706 0.550820 0.834616  0.144572 0.838440 0
0  0.152553 1.578743 0.451396  0.003705 0.550820 0.834616  0.141219 0.840641 0
Material_0
0  0.152553 1.578743 0.451396  0.003705 0.550820 0.834616  0.141219 0.840641 0
0  -0.113668 1.033509 0.812650  0.003706 0.550820 0.834616  0.144572 0.838440 0
0  0.152554 1.033509 0.812650  0.003662 0.550838 0.834604  0.141219 0.838440 0
Material_0
0  0.152553 1.014977 -0.329439  -0.000000 -0.502509 -0.864572  0.141219 0.838359 0
0  -0.113668 1.014977 -0.329439  0.000000 -0.502468 -0.864596  0.144572 0.838359 0
0  0.086047 1.089103 -0.372338  -0.000000 -0.502426 -0.864620  0.142079 0.838685 0
Material_0
0  0.086047 1.089103 -0.372338  -0.000000 -0.502426 -0.864620  0.142079 0.838685 0
0  -0.113668 1.014977 -0.329439  0.000000 -0.502468 -0.864596  0.144572 0.838359 0
0  -0.047097 1.089103 -0.372338  0.000000 -0.502509 -0.864572  0.143712 0.838685 0
Material_0
0  -0.047292 0.933033 1.831688  0.914200 -0.405259 -0.001904  0.143712 0.838033 0
0  -0.066891 0.889020 1.947591  0.912398 -0.409299 0.001932  0.143970 0.837870 0
0  -0.066891 0.889020 1.715409  0.914190 -0.405282 -0.001880  0.143970 0.837870 0
Material_0
0  -0.066891 0.889020 1.947591  0.912398 -0.409299 0.001932  0.143970 0.837870 0
0  -0.086033 0.846166 1.967158  0.914202 -0.405254 -0.001899  0.144228 0.837707 0
0  -0.066891 0.889020 1.715409  0.914190 -0.405282 -0.001880  0.143970 0.837870 0
Material_0
0  -0.066891 0.889020 1.715409  0.914190 -0.405282 -0.001880  0.143970 0.837870 0
0  -0.086033 0.846166 1.967158  0.914202 -0.405254 -0.001899  0.144228 0.837707 0
0  -0.086033 0.846166 1.696218  0.914185 -0.405292 -0.001874  0.144228 0.837707 0
Material_0
0  -0.086033 0.846166 1.696218  -0.157788 -0.348624 0.923885  0.144228 0.837707 0
0  0.029732 0.846166 1.715409  -0.353739 -0.795753 0.491575  0.142767 0.837707 0
0  -0.066891 0.889020 1.715409  -0.291063 -0.645202 0.706397  0.143970 0.837870 0
Material_0
0  -0.066891 0.889020 1.715409  -0.291063 -0.645202 0.706397  0.143970 0.837870 0
0  0.029732 0.846166 1.715409  -0.353739 -0.795753 0.491575  0.142767 0.837707 0
0  -0.047292 0.933033 1.831688  -0.407257 -0.913306 -0.003802  0.143712 0.838033 0
Material_0
0  0.029732 0.846166 1.715409  -0.353739 -0.795753 0.491575  0.142767 0.837707 0
0  0.147785 0.846166 1.831688  -0.407257 -0.913306 -0.003815  0.141219 0.837707 0
0  -0.047292 0.933033 1.831688  -0.407257 -0.913306 -0.003802  0.143712 0.838033 0
Material_0
0  0.147785 0.846166 1.831688  -0.407257 -0.913306 -0.003815  0.141219 0.837707 0
0  0.029732 0.846166 1.947591  -0.353686 -0.795634 -0.491806  0.142767 0.837707 0
0  -0.047292 0.933033 1.831688  -0.407257 -0.913306 -0.003802  0.143712 0.838033 0
Material_0
0  -0.047292 0.933033 1.831688  -0.407257 -0.913306 -0.003802  0.143712 0.838033 0
0  0.029732 0.846166 1.947591  -0.353686 -0.795634 -0.491806  0.142767 0.837707 0
0  -0.066891 0.889020 1.947591  -0.287504 -0.645295 -0.707769  0.143970 0.837870 0
Material_0
0  0.029732 0.846166 1.947591  -0.353686 -0.795634 -0.491806  0.142767 0.837707 0
0  -0.086033 0.846166 1.967158  -0.157803 -0.348604 -0.923890  0.144228 0.837707 0
0  -0.066891 0.889020 1.947591  -0.287504 -0.645295 -0.707769  0.143970 0.837870 0
Material_0
0  0.732101 1.248070 1.831688  0.881604 0.471975 -0.003752  0.133825 0.839337 0
0  0.754640 1.205505 1.947591  0.883656 0.468136 -0.000000  0.133567 0.839092 0
0  0.754640 1.205505 1.715409  0.881595 0.471992 -0.003755  0.133567 0.839092 0
Material_0
0  0.754640 1.205505 1.947591  0.883656 0.468136 -0.000000  0.133567 0.839092 0
0  0.776264 1.164967 1.966406  0.881591 0.471998 -0.003780  0.133223 0.838929 0
0  0.754640 1.205505 1.715409  0.881595 0.471992 -0.003755  0.133567 0.839092 0
Material_0
0  0.754640 1.205505 1.715409  0.881595 0.471992 -0.003755  0.133567 0.839092 0
0  0.776264 1.164967 1.966406  0.881591 0.471998 -0.003780  0.133223 0.838929 0
0  0.776264 1.164967 1.696594  0.883642 0.468162 0.000000  0.133223 0.838929 0
Material_0
0  0.776264 1.164967 1.696594  0.180044 -0.336321 0.924377  0.133223 0.838929 0
0  0.848389 1.255309 1.715409  0.410793 -0.768289 0.490899  0.132363 0.839337 0
0  0.754640 1.205505 1.715409  0.332865 -0.624947 0.706146  0.133567 0.839092 0
Material_0
0  0.754640 1.205505 1.715409  0.332865 -0.624947 0.706146  0.133567 0.839092 0
0  0.848389 1.255309 1.715409  0.410793 -0.768289 0.490899  0.132363 0.839337 0
0  0.732101 1.248070 1.831688  0.470067 -0.882629 0.001885  0.133825 0.839337 0
Material_0
0  0.848389 1.255309 1.715409  0.410793 -0.768289 0.490899  0.132363 0.839337 0
0  0.923715 1.349994 1.831688  0.470077 -0.882624 0.001926  0.131418 0.839663 0
0  0.732101 1.248070 1.831688  0.470067 -0.882629 0.001885  0.133825 0.839337 0
Material_0
0  0.923715 1.349994 1.831688  0.470077 -0.882624 0.001926  0.131418 0.839663 0
0  0.848389 1.255309 1.947591  0.410771 -0.768281 -0.490929  0.132363 0.839337 0
0  0.732101 1.248070 1.831688  0.470067 -0.882629 0.001885  0.133825 0.839337 0
Material_0
0  0.732101 1.248070 1.831688  0.470067 -0.882629 0.001885  0.133825 0.839337 0
0  0.848389 1.255309 1.947591  0.410771 -0.768281 -0.490929  0.132363 0.839337 0
0  0.754640 1.205505 1.947591  0.329498 -0.624881 -0.707782  0.133567 0.839092 0
Material_0
0  0.848389 1.255309 1.947591  0.410771 -0.768281 -0.490929  0.132363 0.839337 0
0  0.776264 1.164967 1.966406  0.180008 -0.336287 -0.924396  0.133223 0.838929 0
0  0.754640 1.205505 1.947591  0.329498 -0.624881 -0.707782  0.133567 0.839092 0
Material_0
0  0.963763 2.056221 1.831688  0.175031 0.983996 -0.033402  0.130902 0.842515 0
0  1.011127 2.047824 1.947590  0.175024 0.983998 -0.033383  0.130300 0.842515 0
0  1.011127 2.047824 1.715409  0.175032 0.983997 -0.033383  0.130300 0.842515 0
Material_0
0  1.011127 2.047824 1.947590  0.175024 0.983998 -0.033383  0.130300 0.842515 0
0  1.055421 2.040006 1.966029  0.175029 0.983997 -0.033380  0.129698 0.842434 0
0  1.011127 2.047824 1.715409  0.175032 0.983997 -0.033383  0.130300 0.842515 0
Material_0
0  1.011127 2.047824 1.715409  0.175032 0.983997 -0.033383  0.130300 0.842515 0
0  1.055421 2.040006 1.966029  0.175029 0.983997 -0.033380  0.129698 0.842434 0
0  1.055421 2.040006 1.696970  0.175032 0.983997 -0.033380  0.129698 0.842434 0
Material_0
0  1.055421 2.040006 1.696970  0.378871 -0.063318 0.923281  0.129698 0.842434 0
0  1.029616 2.152933 1.715409  0.861186 -0.150187 0.485595  0.130042 0.842923 0
0  1.011127 2.047824 1.715409  0.694945 -0.124102 0.708273  0.130300 0.842515 0
Material_0
0  1.011127 2.047824 1.715409  0.694945 -0.124102 0.708273  0.130300 0.842515 0
0  1.029616 2.152933 1.715409  0.861186 -0.150187 0.485595  0.130042 0.842923 0
0  0.963763 2.056221 1.831688  0.984681 -0.171736 -0.030165  0.130902 0.842515 0
Material_0
0  1.029616 2.152933 1.715409  0.861186 -0.150187 0.485595  0.130042 0.842923 0
0  1.002112 2.273678 1.831688  0.984681 -0.171736 0.030185  0.130386 0.843330 0
0  0.963763 2.056221 1.831688  0.984681 -0.171736 -0.030165  0.130902 0.842515 0
Material_0
0  1.002112 2.273678 1.831688  0.984681 -0.171736 0.030185  0.130386 0.843330 0
0  1.029616 2.152933 1.947590  0.863040 -0.150173 -0.482297  0.130042 0.842923 0
0  0.963763 2.056221 1.831688  0.984681 -0.171736 -0.030165  0.130902 0.842515 0
Material_0
0  0.963763 2.056221 1.831688  0.984681 -0.171736 -0.030165  0.130902 0.842515 0
0  1.029616 2.152933 1.947590  0.863040 -0.150173 -0.482297  0.130042 0.842923 0
0  1.011127 2.047824 1.947590  0.694915 -0.124038 -0.708314  0.130300 0.842515 0
Material_0
0  1.029616 2.152933 1.947590  0.863040 -0.150173 -0.482297  0.130042 0.842923 0
0  1.055421 2.040006 1.966029  0.375626 -0.067621 -0.924301  0.129698 0.842434 0
0  1.011127 2.047824 1.947590  0.694915 -0.124038 -0.708314  0.130300 0.842515 0
Material_0
0  0.225528 1.676323 3.739937  -0.000000 0.002205 0.999998  0.619511 0.823280 0
0  0.311634 1.838185 3.739937  0.000000 0.002205 0.999998  0.615728 0.829393 0
0  0.060765 1.595827 3.739937  0.000001 0.002205 0.999998  0.626905 0.820264 0
Material_0
0  0.311634 1.838185 3.739937  0.000000 0.002205 0.999998  0.615728 0.829393 0
0  -0.247203 1.759715 3.739937  0.000000 0.002205 0.999998  0.640575 0.826377 0
0  0.060765 1.595827 3.739937  0.000001 0.002205 0.999998  0.626905 0.820264 0
Material_0
0  0.060765 1.595827 3.739937  0.000001 0.002205 0.999998  0.626905 0.820264 0
0  -0.247203 1.759715 3.739937  0.000000 0.002205 0.999998  0.640575 0.826377 0
0  -0.119809 1.627678 3.739937  -0.000003 0.002205 0.999998  0.634901 0.821405 0
Material_0
0  0.286090 2.019737 3.739937  0.000000 0.002205 0.999998  0.616845 0.836158 0
0  0.158760 2.151485 3.739937  0.000000 0.002205 0.999998  0.622520 0.841130 0
0  0.311634 1.838185 3.739937  0.000000 0.002205 0.999998  0.615728 0.829393 0
Material_0
0  0.311634 1.838185 3.739937  0.000000 0.002205 0.999998  0.615728 0.829393 0
0  0.158760 2.151485 3.739937  0.000000 0.002205 0.999998  0.622520 0.841130 0
0  -0.247203 1.759715 3.739937  0.000000 0.002205 0.999998  0.640575 0.826377 0
Material_0
0  0.158760 2.151485 3.739937  0.000000 0.002205 0.999998  0.622520 0.841130 0
0  -0.186577 2.103129 3.739937  -0.000000 0.002205 0.999998  0.637910 0.839337 0
0  -0.247203 1.759715 3.739937  0.000000 0.002205 0.999998  0.640575 0.826377 0
Material_0
0  -0.247203 1.759715 3.739937  0.000000 0.002205 0.999998  0.640575 0.826377 0
0  -0.186577 2.103129 3.739937  -0.000000 0.002205 0.999998  0.637910 0.839337 0
0  -0.272748 1.941267 3.739937  -0.000000 0.002205 0.999998  0.641693 0.833224 0
Material_0
0  -0.021813 2.183336 3.739937  0.000000 0.002205 0.999998  0.630516 0.842352 0
0  -0.186577 2.103129 3.739937  -0.000000 0.002205 0.999998  0.637910 0.839337 0
0  0.158760 2.151485 3.739937  0.000000 0.002205 0.999998  0.622520 0.841130 0
Material_0
0  -0.272748 1.941267 1.509570  -0.000006 -0.002205 -0.999998  0.641693 0.833224 0
0  -0.186577 2.103129 1.509570  -0.000001 -0.002205 -0.999998  0.637910 0.839337 0
0  -0.247204 1.759715 1.509570  -0.000000 -0.002205 -0.999998  0.640575 0.826377 0
Material_0
0  -0.186577 2.103129 1.509570  -0.000001 -0.002205 -0.999998  0.637910 0.839337 0
0  0.060764 1.595827 1.509570  -0.000000 -0.002205 -0.999998  0.626905 0.820264 0
0  -0.247204 1.759715 1.509570  -0.000000 -0.002205 -0.999998  0.640575 0.826377 0
Material_0
0  -0.247204 1.759715 1.509570  -0.000000 -0.002205 -0.999998  0.640575 0.826377 0
0  0.060764 1.595827 1.509570  -0.000000 -0.002205 -0.999998  0.626905 0.820264 0
0  -0.119809 1.627678 1.509570  -0.000000 0.002204 -0.999998  0.634901 0.821405 0
Material_0
0  -0.021814 2.183336 1.509570  -0.000000 -0.002205 -0.999998  0.630516 0.842352 0
0  0.158760 2.151485 1.509570  -0.000000 -0.002205 -0.999998  0.622520 0.841130 0
0  -0.186577 2.103129 1.509570  -0.000001 -0.002205 -0.999998  0.637910 0.839337 0
Material_0
0  -0.186577 2.103129 1.509570  -0.000001 -0.002205 -0.999998  0.637910 0.839337 0
0  0.158760 2.151485 1.509570  -0.000000 -0.002205 -0.999998  0.622520 0.841130 0
0  0.060764 1.595827 1.509570  -0.000000 -0.002205 -0.999998  0.626905 0.820264 0
Material_0
0  0.158760 2.151485 1.509570  -0.000000 -0.002205 -0.999998  0.622520 0.841130 0
0  0.311633 1.838185 1.509570  -0.000000 -0.002205 -0.999998  0.615728 0.829393 0
0  0.060764 1.595827 1.509570  -0.000000 -0.002205 -0.999998  0.626905 0.820264 0
Material_0
0  0.060764 1.595827 1.509570  -0.000000 -0.002205 -0.999998  0.626905 0.820264 0
0  0.311633 1.838185 1.509570  -0.000000 -0.002205 -0.999998  0.615728 0.829393 0
0  0.225528 1.676323 1.509570  -0.000002 -0.002205 -0.999998  0.619511 0.823280 0
Material_0
0  0.286089 2.019737 1.509570  0.000003 -0.002205 -0.999998  0.616845 0.836158 0
0  0.311633 1.838185 1.509570  -0.000000 -0.002205 -0.999998  0.615728 0.829393 0
0  0.158760 2.151485 1.509570  -0.000000 -0.002205 -0.999998  0.622520 0.841130 0
Material_0
0  0.078600 1.403272 6.605509  0.000000 0.002205 0.999998  0.142165 0.839907 0
0  0.174310 1.472765 6.605509  0.000004 0.002205 0.999998  0.140875 0.840152 0
0  -0.039648 1.403272 6.605509  0.000002 0.002205 0.999998  0.143626 0.839907 0
Material_0
0  0.174310 1.472765 6.605509  0.000004 0.002205 0.999998  0.140875 0.840152 0
0  -0.171942 1.585113 6.605509  0.000001 0.002205 0.999998  0.145346 0.840641 0
0  -0.039648 1.403272 6.605509  0.000002 0.002205 0.999998  0.143626 0.839907 0
Material_0
0  -0.039648 1.403272 6.605509  0.000002 0.002205 0.999998  0.143626 0.839907 0
0  -0.171942 1.585113 6.605509  0.000001 0.002205 0.999998  0.145346 0.840641 0
0  -0.135422 1.472765 6.605509  0.000014 0.002205 0.999998  0.144830 0.840152 0
Material_0
0  0.210829 1.585113 6.605509  0.000029 0.002205 0.999998  0.140445 0.840641 0
0  0.174310 1.697751 6.605509  0.000003 0.002205 0.999998  0.140875 0.841048 0
0  0.174310 1.472765 6.605509  0.000004 0.002205 0.999998  0.140875 0.840152 0
Material_0
0  0.174310 1.472765 6.605509  0.000004 0.002205 0.999998  0.140875 0.840152 0
0  0.174310 1.697751 6.605509  0.000003 0.002205 0.999998  0.140875 0.841048 0
0  -0.171942 1.585113 6.605509  0.000001 0.002205 0.999998  0.145346 0.840641 0
Material_0
0  0.174310 1.697751 6.605509  0.000003 0.002205 0.999998  0.140875 0.841048 0
0  -0.039648 1.767244 6.605509  0.000000 0.002205 0.999998  0.143626 0.841374 0
0  -0.171942 1.585113 6.605509  0.000001 0.002205 0.999998  0.145346 0.840641 0
Material_0
0  -0.171942 1.585113 6.605509  0.000001 0.002205 0.999998  0.145346 0.840641 0
0  -0.039648 1.767244 6.605509  0.000000 0.002205 0.999998  0.143626 0.841374 0
0  -0.135422 1.697750 6.605509  0.000000 0.002205 0.999998  0.144830 0.841048 0
Material_0
0  0.078600 1.767244 6.605509  0.000000 0.002205 0.999998  0.142165 0.841374 0
0  -0.039648 1.767244 6.605509  0.000000 0.002205 0.999998  0.143626 0.841374 0
0  0.174310 1.697751 6.605509  0.000003 0.002205 0.999998  0.140875 0.841048 0
Material_0
0  -0.083812 1.660398 1.745137  0.000008 0.002155 -0.999998  0.144228 0.840967 0
0  -0.019984 1.706727 1.745137  0.000001 -0.002206 -0.999998  0.143368 0.841130 0
0  -0.108180 1.585113 1.745137  -0.000000 -0.002206 -0.999998  0.144486 0.840641 0
Material_0
0  -0.019984 1.706727 1.745137  0.000001 -0.002206 -0.999998  0.143368 0.841130 0
0  -0.019984 1.463789 1.745137  -0.000000 -0.002206 -0.999998  0.143368 0.840152 0
0  -0.108180 1.585113 1.745137  -0.000000 -0.002206 -0.999998  0.144486 0.840641 0
Material_0
0  -0.108180 1.585113 1.745137  -0.000000 -0.002206 -0.999998  0.144486 0.840641 0
0  -0.019984 1.463789 1.745137  -0.000000 -0.002206 -0.999998  0.143368 0.840152 0
0  -0.083812 1.510118 1.745137  -0.000001 0.002205 -0.999998  0.144228 0.840315 0
Material_0
0  0.058935 1.706727 1.745137  -0.000000 -0.002205 -0.999998  0.142423 0.841130 0
0  0.122763 1.660398 1.745137  0.000003 -0.002206 -0.999998  0.141563 0.840967 0
0  -0.019984 1.706727 1.745137  0.000001 -0.002206 -0.999998  0.143368 0.841130 0
Material_0
0  -0.019984 1.706727 1.745137  0.000001 -0.002206 -0.999998  0.143368 0.841130 0
0  0.122763 1.660398 1.745137  0.000003 -0.002206 -0.999998  0.141563 0.840967 0
0  -0.019984 1.463789 1.745137  -0.000000 -0.002206 -0.999998  0.143368 0.840152 0
Material_0
0  0.122763 1.660398 1.745137  0.000003 -0.002206 -0.999998  0.141563 0.840967 0
0  0.122763 1.510118 1.745137  0.000002 0.002204 -0.999998  0.141563 0.840315 0
0  -0.019984 1.463789 1.745137  -0.000000 -0.002206 -0.999998  0.143368 0.840152 0
Material_0
0  -0.019984 1.463789 1.745137  -0.000000 -0.002206 -0.999998  0.143368 0.840152 0
0  0.122763 1.510118 1.745137  0.000002 0.002204 -0.999998  0.141563 0.840315 0
0  0.058935 1.463789 1.745137  -0.000000 -0.002205 -0.999998  0.142423 0.840152 0
Material_0
0  0.147131 1.585113 1.745137  0.000016 0.002204 -0.999998  0.141305 0.840641 0
0  0.122763 1.510118 1.745137  0.000002 0.002204 -0.999998  0.141563 0.840315 0
0  0.122763 1.660398 1.745137  0.000003 -0.002206 -0.999998  0.141563 0.840967 0
Material_0
0  -0.317956 2.714672 4.699894  -0.000000 0.002205 -0.999998  0.147237 0.845124 0
0  -0.109421 2.866400 4.699894  0.000000 0.002205 -0.999998  0.144572 0.845694 0
0  -0.397594 2.469707 4.699894  0.000000 0.002205 -0.999998  0.148183 0.844145 0
Material_0
0  -0.109421 2.866400 4.699894  0.000000 0.002205 -0.999998  0.144572 0.845694 0
0  -0.109421 2.073015 4.699894  0.000000 0.002205 -0.999998  0.144572 0.842597 0
0  -0.397594 2.469707 4.699894  0.000000 0.002205 -0.999998  0.148183 0.844145 0
Material_0
0  -0.397594 2.469707 4.699894  0.000000 0.002205 -0.999998  0.148183 0.844145 0
0  -0.109421 2.073015 4.699894  0.000000 0.002205 -0.999998  0.144572 0.842597 0
0  -0.317956 2.224453 4.699894  0.000003 -0.002205 -0.999998  0.147237 0.843167 0
Material_0
0  0.148308 2.866400 4.699894  -0.000000 0.002205 -0.999998  0.141219 0.845694 0
0  0.356908 2.714672 4.699894  0.000002 -0.002205 -0.999998  0.138640 0.845124 0
0  -0.109421 2.866400 4.699894  0.000000 0.002205 -0.999998  0.144572 0.845694 0
Material_0
0  -0.109421 2.866400 4.699894  0.000000 0.002205 -0.999998  0.144572 0.845694 0
0  0.356908 2.714672 4.699894  0.000002 -0.002205 -0.999998  0.138640 0.845124 0
0  -0.109421 2.073015 4.699894  0.000000 0.002205 -0.999998  0.144572 0.842597 0
Material_0
0  0.356908 2.714672 4.699894  0.000002 -0.002205 -0.999998  0.138640 0.845124 0
0  0.356908 2.224453 4.699894  0.000001 -0.002205 -0.999998  0.138640 0.843167 0
0  -0.109421 2.073015 4.699894  0.000000 0.002205 -0.999998  0.144572 0.842597 0
Material_0
0  -0.109421 2.073015 4.699894  0.000000 0.002205 -0.999998  0.144572 0.842597 0
0  0.356908 2.224453 4.699894  0.000001 -0.002205 -0.999998  0.138640 0.843167 0
0  0.148308 2.073015 4.699894  0.000000 0.002205 -0.999998  0.141219 0.842597 0
Material_0
0  0.436546 2.469707 4.699894  0.000012 -0.002205 -0.999997  0.137608 0.844145 0
0  0.356908 2.224453 4.699894  0.000001 -0.002205 -0.999998  0.138640 0.843167 0
0  0.356908 2.714672 4.699894  0.000002 -0.002205 -0.999998  0.138640 0.845124 0
Material_0
0  0.123417 2.154670 4.687852  0.999998 -0.002205 -0.000000  0.614868 0.842678 0
0  0.123417 2.154670 5.642541  0.999998 -0.002205 -0.000000  0.614868 0.842678 0
0  0.123417 1.797358 4.687852  0.999998 -0.002205 -0.000000  0.614868 0.837707 0
Material_0
0  0.123417 2.154670 5.642541  0.999998 -0.002205 -0.000000  0.614868 0.842678 0
0  0.123417 1.797358 5.642541  0.999998 0.002205 -0.000000  0.614868 0.837707 0
0  0.123417 1.797358 4.687852  0.999998 -0.002205 -0.000000  0.614868 0.837707 0
Material_0
0  -0.084465 1.797358 5.642541  -0.999998 0.002205 0.000000  0.640747 0.837707 0
0  -0.084465 2.154670 5.642541  -0.999998 0.002205 0.000000  0.640747 0.842678 0
0  -0.084465 1.797358 4.687852  -0.999998 0.002205 0.000000  0.640747 0.837707 0
Material_0
0  -0.084465 2.154670 5.642541  -0.999998 0.002205 0.000000  0.640747 0.842678 0
0  -0.084465 2.154670 4.687852  -0.999998 0.002205 0.000000  0.640747 0.842678 0
0  -0.084465 1.797358 4.687852  -0.999998 0.002205 0.000000  0.640747 0.837707 0
Material_0
0  0.123417 1.797358 4.687852  -0.000000 0.002205 -0.999998  0.614868 0.837707 0
0  -0.084465 1.797358 4.687852  -0.000000 0.002205 -0.999998  0.640747 0.837707 0
0  0.123417 2.154670 4.687852  -0.000000 0.002205 -0.999998  0.614868 0.842678 0
Material_0
0  -0.084465 1.797358 4.687852  -0.000000 0.002205 -0.999998  0.640747 0.837707 0
0  -0.084465 2.154670 4.687852  0.000000 0.002205 -0.999998  0.640747 0.842678 0
0  0.123417 2.154670 4.687852  -0.000000 0.002205 -0.999998  0.614868 0.842678 0
Material_0
0  0.173787 1.691670 4.687852  0.999998 -0.002205 -0.000000  0.140961 0.841048 0
0  0.173787 1.822549 4.687852  0.999998 -0.002205 -0.000000  0.140961 0.841619 0
0  0.173787 1.691670 5.622973  0.999998 -0.002205 -0.000000  0.140961 0.841048 0
Material_0
0  0.173787 1.822549 4.687852  0.999998 -0.002205 -0.000000  0.140961 0.841619 0
0  0.173787 1.822549 5.622973  0.999998 -0.002205 -0.000000  0.140961 0.841619 0
0  0.173787 1.691670 5.622973  0.999998 -0.002205 -0.000000  0.140961 0.841048 0
Material_0
0  0.173787 1.691670 5.622973  0.999998 -0.002205 -0.000000  0.140961 0.841048 0
0  0.173787 1.822549 5.622973  0.999998 -0.002205 -0.000000  0.140961 0.841619 0
0  0.173787 1.691670 5.791559  0.999998 -0.002205 -0.000000  0.140961 0.841048 0
Material_0
0  0.173787 1.691670 5.791559  0.999998 -0.002205 -0.000000  0.140961 0.841048 0
0  0.173787 1.822549 5.622973  0.999998 -0.002205 -0.000000  0.140961 0.841619 0
0  0.173787 1.822549 5.791559  0.999998 -0.002205 -0.000000  0.140961 0.841619 0
Material_0
0  0.173787 1.822549 5.791559  0.999998 -0.002205 -0.000000  0.140961 0.841619 0
0  0.173787 1.822549 5.622973  0.999998 -0.002205 -0.000000  0.140961 0.841619 0
0  0.173787 2.125715 5.791559  0.999998 -0.002205 -0.000000  0.140961 0.842760 0
Material_0
0  0.173787 1.822549 5.622973  0.999998 -0.002205 -0.000000  0.140961 0.841619 0
0  0.173787 2.125715 5.622973  0.999997 -0.002205 -0.000000  0.140961 0.842760 0
0  0.173787 2.125715 5.791559  0.999998 -0.002205 -0.000000  0.140961 0.842760 0
Material_0
0  -0.134900 1.691670 4.687852  -0.999998 0.002205 0.000000  0.144830 0.841048 0
0  -0.134900 1.691670 5.622973  -0.999998 0.002205 0.000000  0.144830 0.841048 0
0  -0.134900 1.822549 4.687852  -0.999998 0.002205 0.000000  0.144830 0.841619 0
Material_0
0  -0.134900 1.822549 4.687852  -0.999998 0.002205 0.000000  0.144830 0.841619 0
0  -0.134900 1.691670 5.622973  -0.999998 0.002205 0.000000  0.144830 0.841048 0
0  -0.134900 1.822549 5.622973  -0.999998 0.002205 0.000000  0.144830 0.841619 0
Material_0
0  -0.134900 1.691670 5.622973  -0.999998 0.002205 0.000000  0.144830 0.841048 0
0  -0.134900 1.691670 5.791559  -0.999998 0.002205 0.000000  0.144830 0.841048 0
0  -0.134900 1.822549 5.622973  -0.999998 0.002205 0.000000  0.144830 0.841619 0
Material_0
0  -0.134900 1.691670 5.791559  -0.999998 0.002205 0.000000  0.144830 0.841048 0
0  -0.134900 1.822549 5.791559  -0.999998 0.002205 0.000000  0.144830 0.841619 0
0  -0.134900 1.822549 5.622973  -0.999998 0.002205 0.000000  0.144830 0.841619 0
Material_0
0  -0.134900 1.822549 5.791559  -0.999998 0.002205 0.000000  0.144830 0.841619 0
0  -0.134900 2.125715 5.791559  -0.999998 0.002205 0.000000  0.144830 0.842760 0
0  -0.134900 1.822549 5.622973  -0.999998 0.002205 0.000000  0.144830 0.841619 0
Material_0
0  -0.134900 1.822549 5.622973  -0.999998 0.002205 0.000000  0.144830 0.841619 0
0  -0.134900 2.125715 5.791559  -0.999998 0.002205 0.000000  0.144830 0.842760 0
0  -0.134900 2.125715 5.622973  -0.999998 0.002205 0.000000  0.144830 0.842760 0
Material_0
0  -0.134900 1.691670 5.622973  0.000000 -1.000000 0.000000  0.144830 0.841048 0
0  -0.134900 1.691670 4.687852  0.000000 -1.000000 0.000000  0.144830 0.841048 0
0  0.173787 1.691670 5.622973  0.000000 -1.000000 0.000000  0.140961 0.841048 0
Material_0
0  0.173787 1.691670 5.622973  0.000000 -1.000000 0.000000  0.140961 0.841048 0
0  -0.134900 1.691670 4.687852  0.000000 -1.000000 0.000000  0.144830 0.841048 0
0  0.173787 1.691670 4.687852  0.000000 -1.000000 0.000000  0.140961 0.841048 0
Material_0
0  0.111788 1.691670 5.858165  -0.000005 0.002205 0.999998  0.141735 0.841048 0
0  0.111788 1.822549 5.858165  -0.000001 0.002205 0.999998  0.141735 0.841619 0
0  -0.072836 1.691670 5.858165  -0.000002 0.002205 0.999998  0.144056 0.841048 0
Material_0
0  -0.072836 1.691670 5.858165  -0.000002 0.002205 0.999998  0.144056 0.841048 0
0  0.111788 1.822549 5.858165  -0.000001 0.002205 0.999998  0.141735 0.841619 0
0  -0.072836 1.822549 5.858165  -0.000000 0.002205 0.999998  0.144056 0.841619 0
Material_0
0  0.111788 1.822549 5.858165  -0.000001 0.002205 0.999998  0.141735 0.841619 0
0  0.111788 2.125715 5.858165  -0.000000 0.002205 0.999998  0.141735 0.842760 0
0  -0.072836 1.822549 5.858165  -0.000000 0.002205 0.999998  0.144056 0.841619 0
Material_0
0  -0.072836 1.822549 5.858165  -0.000000 0.002205 0.999998  0.144056 0.841619 0
0  0.111788 2.125715 5.858165  -0.000000 0.002205 0.999998  0.141735 0.842760 0
0  -0.072836 2.125715 5.858165  0.000000 0.002205 0.999997  0.144056 0.842760 0
Material_0
0  -0.134900 2.125715 5.791559  -0.000005 1.000000 0.000000  0.350918 0.842760 0
0  -0.072836 2.125715 5.858165  -0.000005 1.000000 0.000000  0.350144 0.842760 0
0  -0.134900 2.125715 5.622973  -0.000005 1.000000 0.000000  0.350918 0.842760 0
Material_0
0  -0.134900 2.125715 5.622973  0.000000 1.000000 0.000000  0.350918 0.842760 0
0  -0.072836 2.125715 5.858165  0.000000 1.000000 0.000000  0.350144 0.842760 0
0  0.173787 2.125715 5.622973  0.000000 1.000000 0.000000  0.347049 0.842760 0
Material_0
0  0.173787 2.125715 5.622973  0.000000 1.000000 0.000003  0.347049 0.842760 0
0  -0.072836 2.125715 5.858165  0.000000 1.000000 0.000003  0.350144 0.842760 0
0  0.173787 2.125715 5.791559  0.000000 1.000000 0.000003  0.347049 0.842760 0
Material_0
0  -0.072836 2.125715 5.858165  0.000000 1.000000 0.000000  0.350144 0.842760 0
0  0.111788 2.125715 5.858165  0.000000 1.000000 0.000000  0.347822 0.842760 0
0  0.173787 2.125715 5.791559  0.000000 1.000000 0.000000  0.347049 0.842760 0
Material_0
0  0.173787 1.691670 5.791559  0.000000 -1.000000 0.000000  0.347049 0.841048 0
0  0.111788 1.691670 5.858165  0.000000 -1.000000 0.000000  0.347822 0.841048 0
0  0.173787 1.691670 5.622973  0.000000 -1.000000 0.000000  0.347049 0.841048 0
Material_0
0  0.173787 1.691670 5.622973  0.000000 -1.000000 0.000001  0.347049 0.841048 0
0  0.111788 1.691670 5.858165  0.000000 -1.000000 0.000001  0.347822 0.841048 0
0  -0.134900 1.691670 5.622973  0.000000 -1.000000 0.000001  0.350918 0.841048 0
Material_0
0  -0.134900 1.691670 5.622973  0.000000 -1.000000 0.000000  0.350918 0.841048 0
0  0.111788 1.691670 5.858165  0.000000 -1.000000 0.000000  0.347822 0.841048 0
0  -0.134900 1.691670 5.791559  0.000000 -1.000000 0.000000  0.350918 0.841048 0
Material_0
0  0.111788 1.691670 5.858165  0.000001 -1.000000 0.000004  0.347822 0.841048 0
0  -0.072836 1.691670 5.858165  0.000001 -1.000000 0.000004  0.350144 0.841048 0
0  -0.134900 1.691670 5.791559  0.000001 -1.000000 0.000004  0.350918 0.841048 0
Material_0
0  -0.134900 1.691670 4.687852  -0.000000 0.002205 -0.999998  0.144830 0.841048 0
0  -0.134900 1.822549 4.687852  0.000001 0.002205 -0.999998  0.144830 0.841619 0
0  0.173787 1.691670 4.687852  0.000002 0.002205 -0.999998  0.140961 0.841048 0
Material_0
0  -0.134900 1.822549 4.687852  0.000001 0.002205 -0.999998  0.144830 0.841619 0
0  0.173787 1.822549 4.687852  0.000003 0.002205 -0.999998  0.140961 0.841619 0
0  0.173787 1.691670 4.687852  0.000002 0.002205 -0.999998  0.140961 0.841048 0
Material_0
0  -0.134900 1.822549 5.622973  -0.000000 0.002205 -0.999998  0.144830 0.841619 0
0  -0.134900 2.125715 5.622973  0.000000 0.002205 -0.999998  0.144830 0.842760 0
0  0.173787 1.822549 5.622973  -0.000000 0.002205 -0.999998  0.140961 0.841619 0
Material_0
0  -0.134900 2.125715 5.622973  0.000000 0.002205 -0.999998  0.144830 0.842760 0
0  0.173787 2.125715 5.622973  -0.000000 0.002205 -0.999998  0.140961 0.842760 0
0  0.173787 1.822549 5.622973  -0.000000 0.002205 -0.999998  0.140961 0.841619 0
Material_0
0  0.173787 1.822549 4.687852  -0.000000 1.000000 0.000000  0.140961 0.841619 0
0  -0.134900 1.822549 4.687852  -0.000000 1.000000 0.000000  0.144830 0.841619 0
0  0.173787 1.822549 5.622973  -0.000000 1.000000 0.000000  0.140961 0.841619 0
Material_0
0  -0.134900 1.822549 4.687852  0.000000 1.000000 0.000000  0.144830 0.841619 0
0  -0.134900 1.822549 5.622973  0.000000 1.000000 0.000000  0.144830 0.841619 0
0  0.173787 1.822549 5.622973  0.000000 1.000000 0.000000  0.140961 0.841619 0
Material_0
0  0.111788 2.125715 5.858165  0.733314 -0.002218 0.679886  0.347822 0.842760 0
0  0.111788 1.822549 5.858165  0.733207 -0.002039 0.680002  0.347822 0.841619 0
0  0.173787 2.125715 5.791559  0.733270 -0.002147 0.679934  0.347049 0.842760 0
Material_0
0  0.173787 2.125715 5.791559  0.733270 -0.002147 0.679934  0.347049 0.842760 0
0  0.111788 1.822549 5.858165  0.733207 -0.002039 0.680002  0.347822 0.841619 0
0  0.173787 1.822549 5.791559  0.733250 -0.002111 0.679956  0.347049 0.841619 0
Material_0
0  0.111788 1.822549 5.858165  0.733207 -0.002039 0.680002  0.347822 0.841619 0
0  0.111788 1.691670 5.858165  0.733292 -0.002183 0.679910  0.347822 0.841048 0
0  0.173787 1.822549 5.791559  0.733250 -0.002111 0.679956  0.347049 0.841619 0
Material_0
0  0.173787 1.822549 5.791559  0.733250 -0.002111 0.679956  0.347049 0.841619 0
0  0.111788 1.691670 5.858165  0.733292 -0.002183 0.679910  0.347822 0.841048 0
0  0.173787 1.691670 5.791559  0.733269 -0.002147 0.679935  0.347049 0.841048 0
Material_0
0  -0.072836 1.691670 5.858165  -0.733276 0.002158 0.679928  0.350144 0.841048 0
0  -0.072836 1.822549 5.858165  -0.733273 0.002158 0.679931  0.350144 0.841619 0
0  -0.134900 1.691670 5.791559  -0.733274 0.002158 0.679930  0.350918 0.841048 0
Material_0
0  -0.134900 1.691670 5.791559  -0.733274 0.002158 0.679930  0.350918 0.841048 0
0  -0.072836 1.822549 5.858165  -0.733273 0.002158 0.679931  0.350144 0.841619 0
0  -0.134900 1.822549 5.791559  -0.733223 0.002094 0.679985  0.350918 0.841619 0
Material_0
0  -0.072836 1.822549 5.858165  -0.733273 0.002158 0.679931  0.350144 0.841619 0
0  -0.072836 2.125715 5.858165  -0.733270 0.002158 0.679934  0.350144 0.842760 0
0  -0.134900 1.822549 5.791559  -0.733223 0.002094 0.679985  0.350918 0.841619 0
Material_0
0  -0.134900 1.822549 5.791559  -0.733223 0.002094 0.679985  0.350918 0.841619 0
0  -0.072836 2.125715 5.858165  -0.733270 0.002158 0.679934  0.350144 0.842760 0
0  -0.134900 2.125715 5.791559  -0.733295 0.002190 0.679908  0.350918 0.842760 0
Material_0
0  0.080952 1.396033 5.901816  0.000000 -0.002205 0.999998  0.142079 0.839907 0
0  0.180451 1.468132 5.901816  0.000001 0.002205 0.999998  0.140875 0.840152 0
0  -0.042065 1.396033 5.901816  0.000000 -0.002205 0.999998  0.143712 0.839907 0
Material_0
0  -0.042065 1.396033 5.901816  0.000000 -0.002205 0.999998  0.143712 0.839907 0
0  0.180451 1.468132 5.901816  0.000001 0.002205 0.999998  0.140875 0.840152 0
0  -0.179521 1.585113 5.901816  -0.000001 0.002205 0.999998  0.145432 0.840641 0
Material_0
0  0.180451 1.468132 5.901816  0.000001 0.002205 0.999998  0.140875 0.840152 0
0  0.180450 1.702094 5.901816  -0.000000 0.002205 0.999998  0.140875 0.841130 0
0  -0.179521 1.585113 5.901816  -0.000001 0.002205 0.999998  0.145432 0.840641 0
Material_0
0  -0.179521 1.585113 5.901816  -0.000001 0.002205 0.999998  0.145432 0.840641 0
0  0.180450 1.702094 5.901816  -0.000000 0.002205 0.999998  0.140875 0.841130 0
0  -0.042065 1.774483 5.901816  -0.000002 0.002205 0.999998  0.143712 0.841374 0
Material_0
0  0.180450 1.702094 5.901816  -0.000000 0.002205 0.999998  0.140875 0.841130 0
0  0.080952 1.774483 5.901816  -0.000000 0.002205 0.999998  0.142079 0.841374 0
0  -0.042065 1.774483 5.901816  -0.000002 0.002205 0.999998  0.143712 0.841374 0
Material_0
0  -0.042065 1.396033 5.901816  0.000000 -0.002205 0.999998  0.143712 0.839907 0
0  -0.179521 1.585113 5.901816  -0.000001 0.002205 0.999998  0.145432 0.840641 0
0  -0.141498 1.468132 5.901816  -0.000000 0.002205 0.999998  0.144916 0.840152 0
Material_0
0  0.218473 1.585113 5.901816  -0.000000 0.002205 0.999998  0.140359 0.840641 0
0  0.180450 1.702094 5.901816  -0.000000 0.002205 0.999998  0.140875 0.841130 0
0  0.180451 1.468132 5.901816  0.000001 0.002205 0.999998  0.140875 0.840152 0
Material_0
0  -0.141498 1.702094 5.901816  0.000000 0.002205 0.999998  0.144916 0.841130 0
0  -0.179521 1.585113 5.901816  -0.000001 0.002205 0.999998  0.145432 0.840641 0
0  -0.042065 1.774483 5.901816  -0.000002 0.002205 0.999998  0.143712 0.841374 0
Material_0
0  -0.141498 1.702094 4.695378  -0.000000 0.002205 -0.999998  0.144916 0.841130 0
0  -0.042065 1.774483 4.695378  0.000000 0.002205 -0.999998  0.143712 0.841374 0
0  -0.179521 1.585113 4.695378  -0.000001 0.002205 -0.999998  0.145432 0.840641 0
Material_0
0  -0.179521 1.585113 4.695378  -0.000001 0.002205 -0.999998  0.145432 0.840641 0
0  -0.042065 1.774483 4.695378  0.000000 0.002205 -0.999998  0.143712 0.841374 0
0  -0.042065 1.396033 4.695378  -0.000001 0.002205 -0.999998  0.143712 0.839907 0
Material_0
0  -0.042065 1.774483 4.695378  0.000000 0.002205 -0.999998  0.143712 0.841374 0
0  0.180450 1.702094 4.695378  0.000002 0.002205 -0.999998  0.140875 0.841130 0
0  -0.042065 1.396033 4.695378  -0.000001 0.002205 -0.999998  0.143712 0.839907 0
Material_0
0  -0.042065 1.396033 4.695378  -0.000001 0.002205 -0.999998  0.143712 0.839907 0
0  0.180450 1.702094 4.695378  0.000002 0.002205 -0.999998  0.140875 0.841130 0
0  0.180450 1.468132 4.695378  0.000002 0.002205 -0.999998  0.140875 0.840152 0
Material_0
0  0.180450 1.702094 4.695378  0.000002 0.002205 -0.999998  0.140875 0.841130 0
0  0.218473 1.585113 4.695378  0.000014 0.002205 -0.999998  0.140359 0.840641 0
0  0.180450 1.468132 4.695378  0.000002 0.002205 -0.999998  0.140875 0.840152 0
Material_0
0  -0.179521 1.585113 4.695378  -0.000001 0.002205 -0.999998  0.145432 0.840641 0
0  -0.042065 1.396033 4.695378  -0.000001 0.002205 -0.999998  0.143712 0.839907 0
0  -0.141498 1.468132 4.695378  -0.000007 0.002205 -0.999997  0.144916 0.840152 0
Material_0
0  0.080952 1.774483 4.695378  0.000000 0.002205 -0.999998  0.142079 0.841374 0
0  0.180450 1.702094 4.695378  0.000002 0.002205 -0.999998  0.140875 0.841130 0
0  -0.042065 1.774483 4.695378  0.000000 0.002205 -0.999998  0.143712 0.841374 0
Material_0
0  0.080952 1.396033 4.695378  -0.000000 0.002205 -0.999998  0.142079 0.839907 0
0  -0.042065 1.396033 4.695378  -0.000001 0.002205 -0.999998  0.143712 0.839907 0
0  0.180450 1.468132 4.695378  0.000002 0.002205 -0.999998  0.140875 0.840152 0
Material_0
0  0.103099 2.134112 4.710054  -0.000000 0.002205 0.999998  0.141821 0.842841 0
0  -0.064147 2.134112 4.710054  0.000001 0.002205 0.999998  0.143970 0.842841 0
0  0.238464 2.035663 4.710054  -0.000000 0.002205 0.999998  0.140101 0.842434 0
Material_0
0  0.238464 2.035663 4.710054  -0.000000 0.002205 0.999998  0.140101 0.842434 0
0  -0.064147 2.134112 4.710054  0.000001 0.002205 0.999998  0.143970 0.842841 0
0  -0.254782 1.867141 4.710054  0.000001 -0.002205 0.999998  0.146378 0.841782 0
Material_0
0  -0.064147 2.134112 4.710054  0.000001 0.002205 0.999998  0.143970 0.842841 0
0  -0.199512 2.035663 4.710054  0.000007 0.002205 0.999998  0.145690 0.842434 0
0  -0.254782 1.867141 4.710054  0.000001 -0.002205 0.999998  0.146378 0.841782 0
Material_0
0  0.386895 1.855559 4.710054  -0.000000 -0.002205 0.999998  0.138210 0.841700 0
0  0.293668 1.867141 4.710054  0.000000 0.002205 0.999998  0.139413 0.841782 0
0  0.419625 1.715993 4.710054  0.000006 -0.002205 0.999998  0.137780 0.841130 0
Material_0
0  0.419625 1.715993 4.710054  0.000006 -0.002205 0.999998  0.137780 0.841130 0
0  0.293668 1.867141 4.710054  0.000000 0.002205 0.999998  0.139413 0.841782 0
0  0.415640 1.457129 4.710054  0.000001 0.002205 0.999998  0.137866 0.840152 0
Material_0
0  0.293668 1.867141 4.710054  0.000000 0.002205 0.999998  0.139413 0.841782 0
0  0.238464 1.717440 4.710054  -0.000000 0.002109 0.999998  0.140101 0.841130 0
0  0.415640 1.457129 4.710054  0.000001 0.002205 0.999998  0.137866 0.840152 0
Material_0
0  0.415640 1.457129 4.710054  0.000001 0.002205 0.999998  0.137866 0.840152 0
0  0.238464 1.717440 4.710054  -0.000000 0.002109 0.999998  0.140101 0.841130 0
0  0.170781 1.286291 4.710054  0.000000 -0.002205 0.999998  0.140961 0.839418 0
Material_0
0  0.238464 1.717440 4.710054  -0.000000 0.002109 0.999998  0.140101 0.841130 0
0  0.103099 1.619281 4.710054  -0.000000 0.002205 0.999998  0.141821 0.840804 0
0  0.170781 1.286291 4.710054  0.000000 -0.002205 0.999998  0.140961 0.839418 0
Material_0
0  0.170781 1.286291 4.710054  0.000000 -0.002205 0.999998  0.140961 0.839418 0
0  0.103099 1.619281 4.710054  -0.000000 0.002205 0.999998  0.141821 0.840804 0
0  -0.131830 1.286291 4.710054  -0.000000 0.002205 0.999998  0.144830 0.839418 0
Material_0
0  0.103099 1.619281 4.710054  -0.000000 0.002205 0.999998  0.141821 0.840804 0
0  -0.064147 1.619281 4.710054  0.000000 -0.002205 0.999998  0.143970 0.840804 0
0  -0.131830 1.286291 4.710054  -0.000000 0.002205 0.999998  0.144830 0.839418 0
Material_0
0  -0.131830 1.286291 4.710054  -0.000000 0.002205 0.999998  0.144830 0.839418 0
0  -0.064147 1.619281 4.710054  0.000000 -0.002205 0.999998  0.143970 0.840804 0
0  -0.376688 1.457129 4.710054  0.000001 -0.002205 0.999998  0.147925 0.840152 0
Material_0
0  -0.376688 1.457129 4.710054  0.000001 -0.002205 0.999998  0.147925 0.840152 0
0  -0.064147 1.619281 4.710054  0.000000 -0.002205 0.999998  0.143970 0.840804 0
0  -0.199512 1.717440 4.710054  0.000001 -0.002205 0.999998  0.145690 0.841130 0
Material_0
0  -0.064147 1.619281 4.710054  0.000000 -0.002205 0.999998  0.143970 0.840804 0
0  -0.254782 1.867141 4.710054  0.000001 -0.002205 0.999998  0.146378 0.841782 0
0  -0.199512 1.717440 4.710054  0.000001 -0.002205 0.999998  0.145690 0.841130 0
Material_0
0  -0.254782 1.867141 4.710054  0.000001 -0.002205 0.999998  0.146378 0.841782 0
0  -0.347943 1.855559 4.710054  -0.000001 -0.002205 0.999998  0.147581 0.841700 0
0  -0.199512 1.717440 4.710054  0.000001 -0.002205 0.999998  0.145690 0.841130 0
Material_0
0  -0.347943 1.855559 4.710054  -0.000001 -0.002205 0.999998  0.147581 0.841700 0
0  -0.380674 1.715992 4.710054  0.000002 0.002205 0.999998  0.148011 0.841130 0
0  -0.199512 1.717440 4.710054  0.000001 -0.002205 0.999998  0.145690 0.841130 0
Material_0
0  -0.199512 1.717440 4.710054  0.000001 -0.002205 0.999998  0.145690 0.841130 0
0  -0.380674 1.715992 4.710054  0.000002 0.002205 0.999998  0.148011 0.841130 0
0  -0.376688 1.457129 4.710054  0.000001 -0.002205 0.999998  0.147925 0.840152 0
Material_0
0  0.293668 1.867141 4.710054  0.000000 0.002205 0.999998  0.139413 0.841782 0
0  0.238464 2.035663 4.710054  -0.000000 0.002205 0.999998  0.140101 0.842434 0
0  0.238464 1.717440 4.710054  -0.000000 0.002109 0.999998  0.140101 0.841130 0
Material_0
0  0.238464 2.035663 4.710054  -0.000000 0.002205 0.999998  0.140101 0.842434 0
0  -0.254782 1.867141 4.710054  0.000001 -0.002205 0.999998  0.146378 0.841782 0
0  0.238464 1.717440 4.710054  -0.000000 0.002109 0.999998  0.140101 0.841130 0
Material_0
0  -0.254782 1.867141 4.710054  0.000001 -0.002205 0.999998  0.146378 0.841782 0
0  -0.064147 1.619281 4.710054  0.000000 -0.002205 0.999998  0.143970 0.840804 0
0  0.238464 1.717440 4.710054  -0.000000 0.002109 0.999998  0.140101 0.841130 0
Material_0
0  0.238464 1.717440 4.710054  -0.000000 0.002109 0.999998  0.140101 0.841130 0
0  -0.064147 1.619281 4.710054  0.000000 -0.002205 0.999998  0.143970 0.840804 0
0  0.103099 1.619281 4.710054  -0.000000 0.002205 0.999998  0.141821 0.840804 0
Material_0
0  -0.254782 1.867141 4.710054  -0.950239 0.311515 0.001818  0.146378 0.841782 0
0  -0.199512 2.035663 4.710054  -0.807266 0.590188 0.000000  0.145690 0.842434 0
0  -0.254782 1.867141 4.533567  -0.995179 0.098080 0.000000  0.146378 0.841782 0
Material_0
0  -0.254782 1.867141 4.533567  -0.995179 0.098080 0.000000  0.146378 0.841782 0
0  -0.199512 2.035663 4.710054  -0.807266 0.590188 0.000000  0.145690 0.842434 0
0  -0.199512 2.035663 3.746334  -0.807297 0.590145 0.000000  0.145690 0.842434 0
Material_0
0  -0.199512 2.035663 4.710054  -0.807266 0.590188 0.000000  0.145690 0.842434 0
0  -0.064147 2.134112 4.710054  -0.309409 0.950927 0.001692  0.143970 0.842841 0
0  -0.199512 2.035663 3.746334  -0.807297 0.590145 0.000000  0.145690 0.842434 0
Material_0
0  -0.199512 2.035663 3.746334  -0.807297 0.590145 0.000000  0.145690 0.842434 0
0  -0.064147 2.134112 4.710054  -0.309409 0.950927 0.001692  0.143970 0.842841 0
0  -0.064147 2.134112 3.746334  -0.309420 0.950924 0.001798  0.143970 0.842841 0
Material_0
0  -0.064147 2.134112 4.710054  -0.309409 0.950927 0.001692  0.143970 0.842841 0
0  0.103099 2.134112 4.710054  0.309435 0.950919 0.001956  0.141821 0.842841 0
0  -0.064147 2.134112 3.746334  -0.309420 0.950924 0.001798  0.143970 0.842841 0
Material_0
0  -0.064147 2.134112 3.746334  -0.309420 0.950924 0.001798  0.143970 0.842841 0
0  0.103099 2.134112 4.710054  0.309435 0.950919 0.001956  0.141821 0.842841 0
0  0.103099 2.134112 3.746334  0.309409 0.950927 0.001692  0.141821 0.842841 0
Material_0
0  0.103099 2.134112 4.710054  0.309435 0.950919 0.001956  0.141821 0.842841 0
0  0.238464 2.035663 4.710054  0.807296 0.590146 -0.000000  0.140101 0.842434 0
0  0.103099 2.134112 3.746334  0.309409 0.950927 0.001692  0.141821 0.842841 0
Material_0
0  0.103099 2.134112 3.746334  0.309409 0.950927 0.001692  0.141821 0.842841 0
0  0.238464 2.035663 4.710054  0.807296 0.590146 -0.000000  0.140101 0.842434 0
0  0.238464 2.035663 3.746334  0.807336 0.590092 -0.000000  0.140101 0.842434 0
Material_0
0  0.238464 2.035663 4.710054  0.807296 0.590146 -0.000000  0.140101 0.842434 0
0  0.293668 1.867141 4.710054  0.950246 0.311496 0.001762  0.139413 0.841782 0
0  0.238464 2.035663 3.746334  0.807336 0.590092 -0.000000  0.140101 0.842434 0
Material_0
0  0.293668 1.867141 4.710054  0.950246 0.311496 0.001762  0.139413 0.841782 0
0  0.293668 1.867141 4.533567  0.995170 0.098164 -0.000000  0.139413 0.841782 0
0  0.238464 2.035663 3.746334  0.807336 0.590092 -0.000000  0.140101 0.842434 0
Material_0
0  0.238464 2.035663 3.746334  0.807336 0.590092 -0.000000  0.140101 0.842434 0
0  0.293668 1.867141 4.533567  0.995170 0.098164 -0.000000  0.139413 0.841782 0
0  0.293668 1.867141 3.746334  0.999811 -0.019458 -0.000001  0.139413 0.841782 0
Material_0
0  0.293668 1.867141 3.746334  0.999811 -0.019458 -0.000001  0.139413 0.841782 0
0  0.293668 1.867141 4.533567  0.995170 0.098164 -0.000000  0.139413 0.841782 0
0  0.238464 1.717440 3.746334  0.795791 -0.604274 0.039635  0.140101 0.841130 0
Material_0
0  0.293668 1.867141 4.533567  0.995170 0.098164 -0.000000  0.139413 0.841782 0
0  0.238464 1.717440 4.533567  0.795792 -0.604274 0.039597  0.140101 0.841130 0
0  0.238464 1.717440 3.746334  0.795791 -0.604274 0.039635  0.140101 0.841130 0
Material_0
0  0.238464 1.717440 3.746334  0.795791 -0.604274 0.039635  0.140101 0.841130 0
0  0.238464 1.717440 4.533567  0.795792 -0.604274 0.039597  0.140101 0.841130 0
0  0.103099 1.619281 3.746334  0.309356 -0.950945 -0.001732  0.141821 0.840804 0
Material_0
0  0.238464 1.717440 4.533567  0.795792 -0.604274 0.039597  0.140101 0.841130 0
0  0.103099 1.619281 4.533567  0.309400 -0.950930 -0.001832  0.141821 0.840804 0
0  0.103099 1.619281 3.746334  0.309356 -0.950945 -0.001732  0.141821 0.840804 0
Material_0
0  0.103099 1.619281 3.746334  0.309356 -0.950945 -0.001732  0.141821 0.840804 0
0  0.103099 1.619281 4.533567  0.309400 -0.950930 -0.001832  0.141821 0.840804 0
0  -0.064147 1.619281 3.746334  -0.309401 -0.950930 -0.001832  0.143970 0.840804 0
Material_0
0  0.103099 1.619281 4.533567  0.309400 -0.950930 -0.001832  0.141821 0.840804 0
0  -0.064147 1.619281 4.533567  -0.309356 -0.950945 -0.001732  0.143970 0.840804 0
0  -0.064147 1.619281 3.746334  -0.309401 -0.950930 -0.001832  0.143970 0.840804 0
Material_0
0  -0.064147 1.619281 3.746334  -0.309401 -0.950930 -0.001832  0.143970 0.840804 0
0  -0.064147 1.619281 4.533567  -0.309356 -0.950945 -0.001732  0.143970 0.840804 0
0  -0.199512 1.717440 3.746334  -0.795971 -0.604272 -0.035848  0.145690 0.841130 0
Material_0
0  -0.064147 1.619281 4.533567  -0.309356 -0.950945 -0.001732  0.143970 0.840804 0
0  -0.199512 1.717440 4.533567  -0.795971 -0.604273 -0.035835  0.145690 0.841130 0
0  -0.199512 1.717440 3.746334  -0.795971 -0.604272 -0.035848  0.145690 0.841130 0
Material_0
0  -0.199512 1.717440 3.746334  -0.795971 -0.604272 -0.035848  0.145690 0.841130 0
0  -0.199512 1.717440 4.533567  -0.795971 -0.604273 -0.035835  0.145690 0.841130 0
0  -0.254782 1.867141 3.746334  -0.999818 -0.019073 0.000000  0.146378 0.841782 0
Material_0
0  -0.199512 1.717440 4.533567  -0.795971 -0.604273 -0.035835  0.145690 0.841130 0
0  -0.254782 1.867141 4.533567  -0.995179 0.098080 0.000000  0.146378 0.841782 0
0  -0.254782 1.867141 3.746334  -0.999818 -0.019073 0.000000  0.146378 0.841782 0
Material_0
0  -0.254782 1.867141 3.746334  -0.999818 -0.019073 0.000000  0.146378 0.841782 0
0  -0.254782 1.867141 4.533567  -0.995179 0.098080 0.000000  0.146378 0.841782 0
0  -0.199512 2.035663 3.746334  -0.807297 0.590145 0.000000  0.145690 0.842434 0
Material_0
0  0.386895 1.855559 4.710054  0.973787 0.227454 0.001751  0.138210 0.841700 0
0  0.419625 1.715993 4.710054  0.994161 0.106847 0.015064  0.137780 0.841130 0
0  0.386895 1.855559 4.533567  0.973802 0.227390 0.001879  0.138210 0.841700 0
Material_0
0  0.386895 1.855559 4.533567  0.973802 0.227390 0.001879  0.138210 0.841700 0
0  0.419625 1.715993 4.710054  0.994161 0.106847 0.015064  0.137780 0.841130 0
0  0.419625 1.715993 4.533567  0.994161 0.106847 0.015068  0.137780 0.841130 0
Material_0
0  0.419625 1.715993 4.710054  0.994161 0.106847 0.015064  0.137780 0.841130 0
0  0.415640 1.457129 4.710054  0.883627 -0.468188 0.001813  0.137866 0.840152 0
0  0.419625 1.715993 4.533567  0.994161 0.106847 0.015068  0.137780 0.841130 0
Material_0
0  0.419625 1.715993 4.533567  0.994161 0.106847 0.015068  0.137780 0.841130 0
0  0.415640 1.457129 4.710054  0.883627 -0.468188 0.001813  0.137866 0.840152 0
0  0.415640 1.457129 4.533567  0.881590 -0.472012 -0.001900  0.137866 0.840152 0
Material_0
0  0.415640 1.457129 4.710054  0.883627 -0.468188 0.001813  0.137866 0.840152 0
0  0.170781 1.286291 4.710054  0.298240 -0.953588 0.041496  0.140961 0.839418 0
0  0.415640 1.457129 4.533567  0.881590 -0.472012 -0.001900  0.137866 0.840152 0
Material_0
0  0.415640 1.457129 4.533567  0.881590 -0.472012 -0.001900  0.137866 0.840152 0
0  0.170781 1.286291 4.710054  0.298240 -0.953588 0.041496  0.140961 0.839418 0
0  0.170781 1.286291 4.533567  0.298239 -0.953588 0.041502  0.140961 0.839418 0
Material_0
0  0.170781 1.286291 4.710054  0.298240 -0.953588 0.041496  0.140961 0.839418 0
0  -0.131830 1.286291 4.710054  -0.298238 -0.953589 -0.041501  0.144830 0.839418 0
0  0.170781 1.286291 4.533567  0.298239 -0.953588 0.041502  0.140961 0.839418 0
Material_0
0  0.170781 1.286291 4.533567  0.298239 -0.953588 0.041502  0.140961 0.839418 0
0  -0.131830 1.286291 4.710054  -0.298238 -0.953589 -0.041501  0.144830 0.839418 0
0  -0.131830 1.286291 4.533567  -0.298247 -0.953586 -0.041496  0.144830 0.839418 0
Material_0
0  -0.131830 1.286291 4.710054  -0.298238 -0.953589 -0.041501  0.144830 0.839418 0
0  -0.376688 1.457129 4.710054  -0.881590 -0.472013 -0.001898  0.147925 0.840152 0
0  -0.131830 1.286291 4.533567  -0.298247 -0.953586 -0.041496  0.144830 0.839418 0
Material_0
0  -0.131830 1.286291 4.533567  -0.298247 -0.953586 -0.041496  0.144830 0.839418 0
0  -0.376688 1.457129 4.710054  -0.881590 -0.472013 -0.001898  0.147925 0.840152 0
0  -0.376688 1.457129 4.533567  -0.883627 -0.468188 0.001813  0.147925 0.840152 0
Material_0
0  -0.376688 1.457129 4.710054  -0.881590 -0.472013 -0.001898  0.147925 0.840152 0
0  -0.380674 1.715992 4.710054  -0.994161 0.106847 -0.015068  0.148011 0.841130 0
0  -0.376688 1.457129 4.533567  -0.883627 -0.468188 0.001813  0.147925 0.840152 0
Material_0
0  -0.376688 1.457129 4.533567  -0.883627 -0.468188 0.001813  0.147925 0.840152 0
0  -0.380674 1.715992 4.710054  -0.994161 0.106847 -0.015068  0.148011 0.841130 0
0  -0.380674 1.715992 4.533567  -0.994161 0.106846 -0.015064  0.148011 0.841130 0
Material_0
0  -0.380674 1.715992 4.710054  -0.994161 0.106847 -0.015068  0.148011 0.841130 0
0  -0.347943 1.855559 4.710054  -0.973802 0.227390 0.001880  0.147581 0.841700 0
0  -0.380674 1.715992 4.533567  -0.994161 0.106846 -0.015064  0.148011 0.841130 0
Material_0
0  -0.380674 1.715992 4.533567  -0.994161 0.106846 -0.015064  0.148011 0.841130 0
0  -0.347943 1.855559 4.710054  -0.973802 0.227390 0.001880  0.147581 0.841700 0
0  -0.347943 1.855559 4.533567  -0.973797 0.227409 0.001837  0.147581 0.841700 0
Material_0
0  -0.254782 1.867141 4.533567  -0.125709 0.991982 -0.012969  0.146378 0.841782 0
0  -0.347943 1.855559 4.533567  -0.125707 0.991983 -0.012970  0.147581 0.841700 0
0  -0.254782 1.867141 4.710054  -0.125705 0.991983 -0.012970  0.146378 0.841782 0
Material_0
0  -0.254782 1.867141 4.710054  -0.125705 0.991983 -0.012970  0.146378 0.841782 0
0  -0.347943 1.855559 4.533567  -0.125707 0.991983 -0.012970  0.147581 0.841700 0
0  -0.347943 1.855559 4.710054  -0.125707 0.991983 -0.012969  0.147581 0.841700 0
Material_0
0  -0.347943 1.855559 4.533567  -0.000000 0.002205 -0.999998  0.147581 0.841700 0
0  -0.254782 1.867141 4.533567  -0.000002 0.002205 -0.999998  0.146378 0.841782 0
0  -0.380674 1.715992 4.533567  -0.000006 0.002205 -0.999998  0.148011 0.841130 0
Material_0
0  -0.380674 1.715992 4.533567  -0.000006 0.002205 -0.999998  0.148011 0.841130 0
0  -0.254782 1.867141 4.533567  -0.000002 0.002205 -0.999998  0.146378 0.841782 0
0  -0.376688 1.457129 4.533567  -0.000001 0.002205 -0.999998  0.147925 0.840152 0
Material_0
0  -0.254782 1.867141 4.533567  -0.000002 0.002205 -0.999998  0.146378 0.841782 0
0  -0.199512 1.717440 4.533567  -0.000000 0.002205 -0.999998  0.145690 0.841130 0
0  -0.376688 1.457129 4.533567  -0.000001 0.002205 -0.999998  0.147925 0.840152 0
Material_0
0  -0.376688 1.457129 4.533567  -0.000001 0.002205 -0.999998  0.147925 0.840152 0
0  -0.199512 1.717440 4.533567  -0.000000 0.002205 -0.999998  0.145690 0.841130 0
0  -0.131830 1.286291 4.533567  0.000000 0.002205 -0.999998  0.144830 0.839418 0
Material_0
0  -0.199512 1.717440 4.533567  -0.000000 0.002205 -0.999998  0.145690 0.841130 0
0  -0.064147 1.619281 4.533567  0.000000 0.002205 -0.999998  0.143970 0.840804 0
0  -0.131830 1.286291 4.533567  0.000000 0.002205 -0.999998  0.144830 0.839418 0
Material_0
0  -0.131830 1.286291 4.533567  0.000000 0.002205 -0.999998  0.144830 0.839418 0
0  -0.064147 1.619281 4.533567  0.000000 0.002205 -0.999998  0.143970 0.840804 0
0  0.170781 1.286291 4.533567  -0.000001 0.002205 -0.999998  0.140961 0.839418 0
Material_0
0  -0.064147 1.619281 4.533567  0.000000 0.002205 -0.999998  0.143970 0.840804 0
0  0.103099 1.619281 4.533567  -0.000000 0.002205 -0.999998  0.141821 0.840804 0
0  0.170781 1.286291 4.533567  -0.000001 0.002205 -0.999998  0.140961 0.839418 0
Material_0
0  0.170781 1.286291 4.533567  -0.000001 0.002205 -0.999998  0.140961 0.839418 0
0  0.103099 1.619281 4.533567  -0.000000 0.002205 -0.999998  0.141821 0.840804 0
0  0.415640 1.457129 4.533567  -0.000001 -0.002205 -0.999998  0.137866 0.840152 0
Material_0
0  0.103099 1.619281 4.533567  -0.000000 0.002205 -0.999998  0.141821 0.840804 0
0  0.238464 1.717440 4.533567  0.000001 -0.002205 -0.999998  0.140101 0.841130 0
0  0.415640 1.457129 4.533567  -0.000001 -0.002205 -0.999998  0.137866 0.840152 0
Material_0
0  0.415640 1.457129 4.533567  -0.000001 -0.002205 -0.999998  0.137866 0.840152 0
0  0.238464 1.717440 4.533567  0.000001 -0.002205 -0.999998  0.140101 0.841130 0
0  0.419625 1.715993 4.533567  0.000000 0.002205 -0.999998  0.137780 0.841130 0
Material_0
0  0.419625 1.715993 4.533567  0.000000 0.002205 -0.999998  0.137780 0.841130 0
0  0.238464 1.717440 4.533567  0.000001 -0.002205 -0.999998  0.140101 0.841130 0
0  0.386895 1.855559 4.533567  0.000003 0.002205 -0.999998  0.138210 0.841700 0
Material_0
0  0.238464 1.717440 4.533567  0.000001 -0.002205 -0.999998  0.140101 0.841130 0
0  0.293668 1.867141 4.533567  0.000006 0.002205 -0.999998  0.139413 0.841782 0
0  0.386895 1.855559 4.533567  0.000003 0.002205 -0.999998  0.138210 0.841700 0
Material_0
0  0.293668 1.867141 4.710054  0.125705 0.991983 -0.012954  0.139413 0.841782 0
0  0.386895 1.855559 4.710054  0.125705 0.991983 -0.012954  0.138210 0.841700 0
0  0.293668 1.867141 4.533567  0.125704 0.991983 -0.012954  0.139413 0.841782 0
Material_0
0  0.386895 1.855559 4.710054  0.125705 0.991983 -0.012954  0.138210 0.841700 0
0  0.386895 1.855559 4.533567  0.125705 0.991983 -0.012954  0.138210 0.841700 0
0  0.293668 1.867141 4.533567  0.125704 0.991983 -0.012954  0.139413 0.841782 0
Material_0
0  -0.020179 2.777216 9.775513  0.003755 0.452602 0.891705  0.143368 0.845368 0
0  0.059132 2.777216 9.775513  0.003766 0.452602 0.891705  0.142423 0.845368 0
0  -0.020179 3.286835 9.563652  0.003770 0.452602 0.891705  0.143368 0.847406 0
Material_0
0  0.059132 2.777216 9.775513  0.003766 0.452602 0.891705  0.142423 0.845368 0
0  0.059132 3.286835 9.563652  0.003763 0.452602 0.891705  0.142423 0.847406 0
0  -0.020179 3.286835 9.563652  0.003770 0.452602 0.891705  0.143368 0.847406 0
Material_0
0  -0.020179 3.324188 9.529784  0.003760 0.900432 0.434981  0.143368 0.847569 0
0  0.059132 3.324188 9.529784  0.003766 0.900432 0.434981  0.142423 0.847569 0
0  -0.020179 3.470703 9.249436  -0.003761 0.900509 0.434821  0.143368 0.848139 0
Material_0
0  0.059132 3.324188 9.529784  0.003766 0.900432 0.434981  0.142423 0.847569 0
0  0.059132 3.470703 9.249436  0.003761 0.900507 0.434826  0.142423 0.848139 0
0  -0.020179 3.470703 9.249436  -0.003761 0.900509 0.434821  0.143368 0.848139 0
Material_0
0  -0.020179 3.470703 9.249436  -0.003761 0.900509 0.434821  0.143368 0.848139 0
0  0.059132 3.470703 9.249436  0.003761 0.900507 0.434826  0.142423 0.848139 0
0  -0.020179 3.470703 9.202023  -0.000000 0.904289 -0.426921  0.143368 0.848139 0
Material_0
0  0.059132 3.470703 9.249436  0.003761 0.900507 0.434826  0.142423 0.848139 0
0  0.059132 3.470703 9.202023  -0.000000 0.904274 -0.426952  0.142423 0.848139 0
0  -0.020179 3.470703 9.202023  -0.000000 0.904289 -0.426921  0.143368 0.848139 0
Material_0
0  -0.020179 3.470703 9.202023  -0.000000 0.904289 -0.426921  0.143368 0.848139 0
0  0.059132 3.470703 9.202023  -0.000000 0.904274 -0.426952  0.142423 0.848139 0
0  -0.020179 3.052005 8.407640  0.000000 0.904196 -0.427118  0.143368 0.846428 0
Material_0
0  0.059132 3.470703 9.202023  -0.000000 0.904274 -0.426952  0.142423 0.848139 0
0  0.059132 3.052005 8.407640  -0.000000 0.904196 -0.427118  0.142423 0.846428 0
0  -0.020179 3.052005 8.407640  0.000000 0.904196 -0.427118  0.143368 0.846428 0
Material_0
0  -0.020179 3.015810 8.370761  0.000003 0.536097 -0.844156  0.143368 0.846346 0
0  0.059132 3.015810 8.370761  -0.000003 0.536097 -0.844156  0.142423 0.846346 0
0  -0.020179 2.772294 8.237549  -0.000000 0.536099 -0.844155  0.143368 0.845368 0
Material_0
0  0.059132 3.015810 8.370761  -0.000003 0.536097 -0.844156  0.142423 0.846346 0
0  0.059132 2.772294 8.237549  -0.000000 0.536099 -0.844155  0.142423 0.845368 0
0  -0.020179 2.772294 8.237549  -0.000000 0.536099 -0.844155  0.143368 0.845368 0
Material_0
0  0.086048 3.292336 9.532418  0.999998 0.002205 -0.000000  0.142079 0.847406 0
0  0.086048 2.777216 9.748419  0.999998 0.002205 -0.000000  0.142079 0.845368 0
0  0.086048 3.452751 9.225730  0.999998 0.002205 -0.000000  0.142079 0.848058 0
Material_0
0  0.086048 3.452751 9.225730  0.999998 0.002205 -0.000000  0.142079 0.848058 0
0  0.086048 2.777216 9.748419  0.999998 0.002205 -0.000000  0.142079 0.845368 0
0  0.086048 3.019575 8.403501  0.999998 0.002205 0.000000  0.142079 0.846346 0
Material_0
0  0.086048 2.777216 9.748419  0.999998 0.002205 -0.000000  0.142079 0.845368 0
0  0.086048 2.772294 8.264267  0.999998 0.002205 -0.000000  0.142079 0.845368 0
0  0.086048 3.019575 8.403501  0.999998 0.002205 0.000000  0.142079 0.846346 0
Material_0
0  -0.047095 2.772294 8.264267  -0.999998 0.002205 0.000000  0.143712 0.845368 0
0  -0.047095 2.777216 9.748419  -0.999998 0.002205 0.000000  0.143712 0.845368 0
0  -0.047095 3.019575 8.403501  -0.999998 0.002205 0.000000  0.143712 0.846346 0
Material_0
0  -0.047095 3.019575 8.403501  -0.999998 0.002205 0.000000  0.143712 0.846346 0
0  -0.047095 2.777216 9.748419  -0.999998 0.002205 0.000000  0.143712 0.845368 0
0  -0.047095 3.452751 9.225730  -0.999998 0.002205 0.000000  0.143712 0.848058 0
Material_0
0  -0.047095 2.777216 9.748419  -0.999998 0.002205 0.000000  0.143712 0.845368 0
0  -0.047095 3.292336 9.532418  -0.999998 0.002205 0.000000  0.143712 0.847406 0
0  -0.047095 3.452751 9.225730  -0.999998 0.002205 0.000000  0.143712 0.848058 0
Material_0
0  0.086048 2.777216 9.748419  0.999998 0.002101 -0.000087  0.348080 0.845368 0
0  0.086048 3.292336 9.532418  0.999998 0.002072 -0.000181  0.348080 0.847406 0
0  0.059132 2.777216 9.775513  0.003497 0.452583 0.891715  0.348510 0.845368 0
Material_0
0  0.059132 2.777216 9.775513  0.003497 0.452583 0.891715  0.348510 0.845368 0
0  0.086048 3.292336 9.532418  0.999998 0.002072 -0.000181  0.348080 0.847406 0
0  0.059132 3.286835 9.563652  0.003786 0.452644 0.891683  0.348510 0.847406 0
Material_0
0  0.059132 3.286835 9.563652  0.003786 0.452644 0.891683  0.348510 0.847406 0
0  0.086048 3.292336 9.532418  0.999998 0.002072 -0.000181  0.348080 0.847406 0
0  0.059132 3.324188 9.529784  0.003760 0.900431 0.434983  0.348510 0.847569 0
Material_0
0  0.086048 3.292336 9.532418  0.999998 0.002072 -0.000181  0.348080 0.847406 0
0  0.086048 3.452751 9.225730  0.999998 0.001957 -0.000182  0.348080 0.848058 0
0  0.059132 3.324188 9.529784  0.003760 0.900431 0.434983  0.348510 0.847569 0
Material_0
0  0.059132 3.324188 9.529784  0.003760 0.900431 0.434983  0.348510 0.847569 0
0  0.086048 3.452751 9.225730  0.999998 0.001957 -0.000182  0.348080 0.848058 0
0  0.059132 3.470703 9.249436  0.003579 0.900424 0.434999  0.348510 0.848139 0
Material_0
0  0.059132 3.470703 9.249436  0.003579 0.900424 0.434999  0.348510 0.848139 0
0  0.086048 3.452751 9.225730  0.999998 0.001957 -0.000182  0.348080 0.848058 0
0  0.059132 3.470703 9.202023  -0.000208 0.904165 -0.427184  0.348510 0.848139 0
Material_0
0  0.086048 3.452751 9.225730  0.999998 0.001957 -0.000182  0.348080 0.848058 0
0  0.086048 3.019575 8.403501  0.999998 0.002048 0.000107  0.348080 0.846346 0
0  0.059132 3.470703 9.202023  -0.000208 0.904165 -0.427184  0.348510 0.848139 0
Material_0
0  0.059132 3.470703 9.202023  -0.000208 0.904165 -0.427184  0.348510 0.848139 0
0  0.086048 3.019575 8.403501  0.999998 0.002048 0.000107  0.348080 0.846346 0
0  0.059132 3.052005 8.407640  0.000033 0.904239 -0.427027  0.348510 0.846428 0
Material_0
0  0.086048 3.019575 8.403501  0.999998 0.002048 0.000107  0.348080 0.846346 0
0  0.059132 3.015810 8.370761  -0.000032 0.536193 -0.844095  0.348510 0.846346 0
0  0.059132 3.052005 8.407640  0.000033 0.904239 -0.427027  0.348510 0.846428 0
Material_0
0  0.059132 3.015810 8.370761  -0.000032 0.536193 -0.844095  0.348510 0.846346 0
0  -0.020179 3.015810 8.370761  0.000017 0.536124 -0.844139  0.349456 0.846346 0
0  0.059132 3.052005 8.407640  0.000033 0.904239 -0.427027  0.348510 0.846428 0
Material_0
0  0.059132 3.052005 8.407640  0.000033 0.904239 -0.427027  0.348510 0.846428 0
0  -0.020179 3.015810 8.370761  0.000017 0.536124 -0.844139  0.349456 0.846346 0
0  -0.020179 3.052005 8.407640  0.000036 0.904194 -0.427122  0.349456 0.846428 0
Material_0
0  -0.020179 3.015810 8.370761  0.000017 0.536124 -0.844139  0.349456 0.846346 0
0  -0.047095 3.019575 8.403501  -0.999998 0.002045 0.000173  0.349800 0.846346 0
0  -0.020179 3.052005 8.407640  0.000036 0.904194 -0.427122  0.349456 0.846428 0
Material_0
0  -0.047095 3.019575 8.403501  -0.999998 0.002045 0.000173  0.349800 0.846346 0
0  -0.047095 3.452751 9.225730  -0.999998 0.001986 0.000199  0.349800 0.848058 0
0  -0.020179 3.052005 8.407640  0.000036 0.904194 -0.427122  0.349456 0.846428 0
Material_0
0  -0.020179 3.052005 8.407640  0.000036 0.904194 -0.427122  0.349456 0.846428 0
0  -0.047095 3.452751 9.225730  -0.999998 0.001986 0.000199  0.349800 0.848058 0
0  -0.020179 3.470703 9.202023  0.000214 0.904184 -0.427143  0.349456 0.848139 0
Material_0
0  -0.020179 3.470703 9.202023  0.000214 0.904184 -0.427143  0.349456 0.848139 0
0  -0.047095 3.452751 9.225730  -0.999998 0.001986 0.000199  0.349800 0.848058 0
0  -0.020179 3.470703 9.249436  0.003982 0.900397 0.435050  0.349456 0.848139 0
Material_0
0  -0.047095 3.452751 9.225730  -0.999998 0.001986 0.000199  0.349800 0.848058 0
0  -0.047095 3.292336 9.532418  -0.999998 0.002061 -0.000143  0.349800 0.847406 0
0  -0.020179 3.470703 9.249436  0.003982 0.900397 0.435050  0.349456 0.848139 0
Material_0
0  -0.020179 3.470703 9.249436  0.003982 0.900397 0.435050  0.349456 0.848139 0
0  -0.047095 3.292336 9.532418  -0.999998 0.002061 -0.000143  0.349800 0.847406 0
0  -0.020179 3.324188 9.529784  0.003708 0.900463 0.434916  0.349456 0.847569 0
Material_0
0  -0.047095 3.292336 9.532418  -0.999998 0.002061 -0.000143  0.349800 0.847406 0
0  -0.020179 3.286835 9.563652  0.003808 0.452713 0.891648  0.349456 0.847406 0
0  -0.020179 3.324188 9.529784  0.003708 0.900463 0.434916  0.349456 0.847569 0
Material_0
0  -0.020179 3.286835 9.563652  0.003808 0.452713 0.891648  0.349456 0.847406 0
0  0.059132 3.286835 9.563652  0.003786 0.452644 0.891683  0.348510 0.847406 0
0  -0.020179 3.324188 9.529784  0.003708 0.900463 0.434916  0.349456 0.847569 0
Material_0
0  -0.020179 3.324188 9.529784  0.003708 0.900463 0.434916  0.349456 0.847569 0
0  0.059132 3.286835 9.563652  0.003786 0.452644 0.891683  0.348510 0.847406 0
0  0.059132 3.324188 9.529784  0.003760 0.900431 0.434983  0.348510 0.847569 0
Material_0
0  0.086048 3.019575 8.403501  0.999998 0.002048 0.000107  0.348080 0.846346 0
0  0.086048 2.772294 8.264267  0.999998 0.002159 0.000209  0.348080 0.845368 0
0  0.059132 3.015810 8.370761  -0.000032 0.536193 -0.844095  0.348510 0.846346 0
Material_0
0  0.059132 3.015810 8.370761  -0.000032 0.536193 -0.844095  0.348510 0.846346 0
0  0.086048 2.772294 8.264267  0.999998 0.002159 0.000209  0.348080 0.845368 0
0  0.059132 2.772294 8.237549  -0.000194 0.536101 -0.844154  0.348510 0.845368 0
Material_0
0  -0.020179 3.015810 8.370761  0.000017 0.536124 -0.844139  0.349456 0.846346 0
0  -0.020179 2.772294 8.237549  0.000187 0.536108 -0.844149  0.349456 0.845368 0
0  -0.047095 3.019575 8.403501  -0.999998 0.002045 0.000173  0.349800 0.846346 0
Material_0
0  -0.047095 3.019575 8.403501  -0.999998 0.002045 0.000173  0.349800 0.846346 0
0  -0.020179 2.772294 8.237549  0.000187 0.536108 -0.844149  0.349456 0.845368 0
0  -0.047095 2.772294 8.264267  -0.999998 0.002084 0.000128  0.349800 0.845368 0
Material_0
0  -0.047095 3.292336 9.532418  -0.999998 0.002061 -0.000143  0.349800 0.847406 0
0  -0.047095 2.777216 9.748419  -0.999998 0.002135 -0.000231  0.349800 0.845368 0
0  -0.020179 3.286835 9.563652  0.003808 0.452713 0.891648  0.349456 0.847406 0
Material_0
0  -0.020179 3.286835 9.563652  0.003808 0.452713 0.891648  0.349456 0.847406 0
0  -0.047095 2.777216 9.748419  -0.999998 0.002135 -0.000231  0.349800 0.845368 0
0  -0.020179 2.777216 9.775513  0.003926 0.452662 0.891674  0.349456 0.845368 0
Material_0
0  -0.468805 -0.005998 0.340386  -0.999998 -0.002205 0.000000  0.612804 0.518529 0
0  -0.468805 -0.000786 0.456289  -0.999998 0.002205 -0.000001  0.622606 0.518774 0
0  -0.468805 0.072471 0.254589  -0.999998 0.002205 0.000001  0.605496 0.522442 0
Material_0
0  -0.468805 0.072471 0.254589  -0.999998 0.002205 0.000001  0.605496 0.522442 0
0  -0.468805 -0.000786 0.456289  -0.999998 0.002205 -0.000001  0.622606 0.518774 0
0  -0.468805 0.274292 0.327968  -0.999998 0.002205 0.000000  0.611687 0.532385 0
Material_0
0  -0.468805 -0.000786 0.456289  -0.999998 0.002205 -0.000001  0.622606 0.518774 0
0  -0.468805 0.201034 0.529668  -0.999998 0.002205 0.000000  0.628882 0.528799 0
0  -0.468805 0.274292 0.327968  -0.999998 0.002205 0.000000  0.611687 0.532385 0
Material_0
0  -0.468805 0.274292 0.327968  -0.999998 0.002205 0.000000  0.611687 0.532385 0
0  -0.468805 0.201034 0.529668  -0.999998 0.002205 0.000000  0.628882 0.528799 0
0  -0.468805 0.279504 0.444247  -0.999998 -0.002205 0.000001  0.621574 0.532630 0
Material_0
0  -0.468805 0.072471 0.254589  -0.999998 0.002205 0.000001  0.605496 0.522442 0
0  -0.468805 0.274292 0.327968  -0.999998 0.002205 0.000000  0.611687 0.532385 0
0  -0.468805 0.188873 0.249321  -0.999998 0.002204 0.000001  0.605066 0.528147 0
Material_0
0  -0.468805 0.084922 0.534937  -0.999998 0.002205 0.000000  0.629312 0.523012 0
0  -0.468805 0.201034 0.529668  -0.999998 0.002205 0.000000  0.628882 0.528799 0
0  -0.468805 -0.000786 0.456289  -0.999998 0.002205 -0.000001  0.622606 0.518774 0
Material_0
0  0.497760 0.279504 0.444247  0.999998 -0.002205 -0.000002  0.621574 0.532630 0
0  0.497760 0.201035 0.529668  0.999998 0.002205 -0.000000  0.628882 0.528799 0
0  0.497760 0.274292 0.327968  0.999998 0.002205 -0.000000  0.611687 0.532385 0
Material_0
0  0.497760 0.274292 0.327968  0.999998 0.002205 -0.000000  0.611687 0.532385 0
0  0.497760 0.201035 0.529668  0.999998 0.002205 -0.000000  0.628882 0.528799 0
0  0.497760 0.072472 0.254589  0.999998 0.002205 -0.000000  0.605496 0.522442 0
Material_0
0  0.497760 0.201035 0.529668  0.999998 0.002205 -0.000000  0.628882 0.528799 0
0  0.497760 -0.000786 0.456289  0.999998 0.002205 -0.000001  0.622606 0.518774 0
0  0.497760 0.072472 0.254589  0.999998 0.002205 -0.000000  0.605496 0.522442 0
Material_0
0  0.497760 0.072472 0.254589  0.999998 0.002205 -0.000000  0.605496 0.522442 0
0  0.497760 -0.000786 0.456289  0.999998 0.002205 -0.000001  0.622606 0.518774 0
0  0.497760 -0.005998 0.340386  0.999997 -0.002206 0.000000  0.612804 0.518529 0
Material_0
0  0.497760 0.274292 0.327968  0.999998 0.002205 -0.000000  0.611687 0.532385 0
0  0.497760 0.072472 0.254589  0.999998 0.002205 -0.000000  0.605496 0.522442 0
0  0.497760 0.188873 0.249321  0.999997 0.002205 -0.000001  0.605066 0.528147 0
Material_0
0  0.497760 0.084923 0.534937  0.999998 0.002206 -0.000000  0.629312 0.523012 0
0  0.497760 -0.000786 0.456289  0.999998 0.002205 -0.000001  0.622606 0.518774 0
0  0.497760 0.201035 0.529668  0.999998 0.002205 -0.000000  0.628882 0.528799 0
Material_0
0  -0.480303 0.019193 0.411508  -0.999998 0.002205 0.000001  0.165465 0.819612 0
0  -0.480303 0.046411 0.469836  -0.999998 0.002205 0.000000  0.165465 0.848221 0
0  -0.480303 0.227094 0.314421  -0.999998 0.002205 0.000000  0.140703 0.819612 0
Material_0
0  -0.480303 0.227094 0.314421  -0.999998 0.002205 0.000000  0.140703 0.819612 0
0  -0.480303 0.046411 0.469836  -0.999998 0.002205 0.000000  0.165465 0.848221 0
0  -0.480303 0.254313 0.372749  -0.999997 0.002205 0.000000  0.140703 0.848221 0
Material_0
0  0.518731 0.254313 0.372749  0.999997 0.002206 -0.000000  0.140703 0.848221 0
0  0.518731 0.046412 0.469836  0.999998 0.002205 -0.000000  0.165465 0.848221 0
0  0.518731 0.227095 0.314421  0.999998 0.002206 -0.000000  0.140703 0.819612 0
Material_0
0  0.518731 0.227095 0.314421  0.999998 0.002206 -0.000000  0.140703 0.819612 0
0  0.518731 0.046412 0.469836  0.999998 0.002205 -0.000000  0.165465 0.848221 0
0  0.518731 0.019193 0.411508  0.999998 0.002205 -0.000000  0.165465 0.819612 0
Material_0
0  -0.480303 0.540684 -0.285035  -0.999998 0.002205 0.000000  0.165465 0.819612 0
0  -0.480303 0.573114 -0.229341  -0.999998 0.002205 0.000000  0.165465 0.848221 0
0  -0.480303 0.739609 -0.399808  -0.999998 0.002205 0.000000  0.140703 0.819612 0
Material_0
0  -0.480303 0.739609 -0.399808  -0.999998 0.002205 0.000000  0.140703 0.819612 0
0  -0.480303 0.573114 -0.229341  -0.999998 0.002205 0.000000  0.165465 0.848221 0
0  -0.480303 0.771750 -0.344115  -0.999997 0.002205 0.000000  0.140703 0.848221 0
Material_0
0  0.518731 0.771750 -0.344115  0.999997 0.002205 -0.000000  0.140703 0.848221 0
0  0.518731 0.573115 -0.229341  0.999998 0.002205 -0.000000  0.165465 0.848221 0
0  0.518731 0.739609 -0.399808  0.999998 0.002205 -0.000000  0.140703 0.819612 0
Material_0
0  0.518731 0.739609 -0.399808  0.999998 0.002205 -0.000000  0.140703 0.819612 0
0  0.518731 0.573115 -0.229341  0.999998 0.002205 -0.000000  0.165465 0.848221 0
0  0.518731 0.540684 -0.285035  0.999998 0.002205 -0.000000  0.165465 0.819612 0
Material_0
0  -0.468805 0.509412 -0.353899  -0.999998 0.002205 -0.000000  0.614352 0.518774 0
0  -0.468805 0.524758 -0.238749  -0.999998 0.002205 0.000000  0.624067 0.519507 0
0  -0.468805 0.580353 -0.446094  -0.999998 0.002205 0.000000  0.606528 0.522279 0
Material_0
0  -0.468805 0.580353 -0.446094  -0.999998 0.002205 0.000000  0.606528 0.522279 0
0  -0.468805 0.524758 -0.238749  -0.999998 0.002205 0.000000  0.624067 0.519507 0
0  -0.468805 0.787675 -0.390400  -0.999998 0.002205 0.000000  0.611257 0.532630 0
Material_0
0  -0.468805 0.524758 -0.238749  -0.999998 0.002205 0.000000  0.624067 0.519507 0
0  -0.468805 0.732080 -0.183056  -0.999998 0.002205 0.000000  0.628796 0.529859 0
0  -0.468805 0.787675 -0.390400  -0.999998 0.002205 0.000000  0.611257 0.532630 0
Material_0
0  -0.468805 0.787675 -0.390400  -0.999998 0.002205 0.000000  0.611257 0.532630 0
0  -0.468805 0.732080 -0.183056  -0.999998 0.002205 0.000000  0.628796 0.529859 0
0  -0.468805 0.803022 -0.275251  -0.999998 0.002205 -0.000000  0.620972 0.533363 0
Material_0
0  -0.468805 0.580353 -0.446094  -0.999998 0.002205 0.000000  0.606528 0.522279 0
0  -0.468805 0.787675 -0.390400  -0.999998 0.002205 0.000000  0.611257 0.532630 0
0  -0.468805 0.695597 -0.461146  -0.999997 0.002204 0.000001  0.605238 0.527984 0
Material_0
0  -0.468805 0.616837 -0.167627  -0.999998 0.002205 0.000000  0.630086 0.524153 0
0  -0.468805 0.732080 -0.183056  -0.999998 0.002205 0.000000  0.628796 0.529859 0
0  -0.468805 0.524758 -0.238749  -0.999998 0.002205 0.000000  0.624067 0.519507 0
Material_0
0  0.497760 0.803022 -0.275251  0.999998 0.002207 -0.000000  0.620972 0.533363 0
0  0.497760 0.732081 -0.183056  0.999998 0.002205 -0.000000  0.628796 0.529859 0
0  0.497760 0.787676 -0.390400  0.999998 0.002205 -0.000000  0.611257 0.532630 0
Material_0
0  0.497760 0.787676 -0.390400  0.999998 0.002205 -0.000000  0.611257 0.532630 0
0  0.497760 0.732081 -0.183056  0.999998 0.002205 -0.000000  0.628796 0.529859 0
0  0.497760 0.580353 -0.446094  0.999998 0.002205 -0.000000  0.606528 0.522279 0
Material_0
0  0.497760 0.732081 -0.183056  0.999998 0.002205 -0.000000  0.628796 0.529859 0
0  0.497760 0.524758 -0.238749  0.999998 0.002205 -0.000000  0.624067 0.519507 0
0  0.497760 0.580353 -0.446094  0.999998 0.002205 -0.000000  0.606528 0.522279 0
Material_0
0  0.497760 0.580353 -0.446094  0.999998 0.002205 -0.000000  0.606528 0.522279 0
0  0.497760 0.524758 -0.238749  0.999998 0.002205 -0.000000  0.624067 0.519507 0
0  0.497760 0.509412 -0.353899  0.999998 0.002206 -0.000000  0.614352 0.518774 0
Material_0
0  0.497760 0.787676 -0.390400  0.999998 0.002205 -0.000000  0.611257 0.532630 0
0  0.497760 0.580353 -0.446094  0.999998 0.002205 -0.000000  0.606528 0.522279 0
0  0.497760 0.695597 -0.461146  0.999997 0.002205 -0.000000  0.605238 0.527984 0
Material_0
0  0.497760 0.616837 -0.167627  0.999998 0.002206 -0.000000  0.630086 0.524153 0
0  0.497760 0.524758 -0.238749  0.999998 0.002205 -0.000000  0.624067 0.519507 0
0  0.497760 0.732081 -0.183056  0.999998 0.002205 -0.000000  0.628796 0.529859 0
Material_0
0  -0.527798 -0.921575 -0.699348  -0.999998 0.002205 0.000000  0.631376 0.525946 0
0  -0.527798 -0.814150 -0.744128  -0.999998 0.002205 0.000000  0.627593 0.531244 0
0  -0.527798 -1.029000 -0.744128  -0.999998 0.002205 0.000000  0.627593 0.520567 0
Material_0
0  -0.527798 -1.029000 -0.744128  -0.999998 0.002205 0.000000  0.627593 0.520567 0
0  -0.527798 -0.814150 -0.744128  -0.999998 0.002205 0.000000  0.627593 0.531244 0
0  -0.527798 -1.029001 -0.958623  -0.999998 0.002205 -0.000000  0.609365 0.520567 0
Material_0
0  -0.527798 -0.814150 -0.744128  -0.999998 0.002205 0.000000  0.627593 0.531244 0
0  -0.527798 -0.814150 -0.958623  -0.999998 0.002205 0.000000  0.609365 0.531244 0
0  -0.527798 -1.029001 -0.958623  -0.999998 0.002205 -0.000000  0.609365 0.520567 0
Material_0
0  -0.527798 -1.029001 -0.958623  -0.999998 0.002205 -0.000000  0.609365 0.520567 0
0  -0.527798 -0.814150 -0.958623  -0.999998 0.002205 0.000000  0.609365 0.531244 0
0  -0.527798 -0.921575 -1.003403  -0.999997 0.002205 0.000000  0.605582 0.525946 0
Material_0
0  -0.527798 -1.029000 -0.744128  -0.999998 0.002205 0.000000  0.627593 0.520567 0
0  -0.527798 -1.029001 -0.958623  -0.999998 0.002205 -0.000000  0.609365 0.520567 0
0  -0.527798 -1.073592 -0.851375  -0.999998 0.002205 0.000001  0.618479 0.518366 0
Material_0
0  -0.527798 -0.769848 -0.851376  -0.999998 0.002205 0.000000  0.618479 0.533445 0
0  -0.527798 -0.814150 -0.958623  -0.999998 0.002205 0.000000  0.609365 0.531244 0
0  -0.527798 -0.814150 -0.744128  -0.999998 0.002205 0.000000  0.627593 0.531244 0
Material_0
0  0.556165 -0.921575 -1.003403  0.999997 0.002205 -0.000002  0.605582 0.525946 0
0  0.556165 -0.814150 -0.958623  0.999998 0.002205 -0.000000  0.609365 0.531244 0
0  0.556166 -1.029001 -0.958623  0.999998 0.002205 -0.000000  0.609365 0.520567 0
Material_0
0  0.556166 -1.029001 -0.958623  0.999998 0.002205 -0.000000  0.609365 0.520567 0
0  0.556165 -0.814150 -0.958623  0.999998 0.002205 -0.000000  0.609365 0.531244 0
0  0.556166 -1.029000 -0.744128  0.999998 0.002205 0.000001  0.627593 0.520567 0
Material_0
0  0.556165 -0.814150 -0.958623  0.999998 0.002205 -0.000000  0.609365 0.531244 0
0  0.556166 -0.814150 -0.744128  0.999998 0.002205 -0.000000  0.627593 0.531244 0
0  0.556166 -1.029000 -0.744128  0.999998 0.002205 0.000001  0.627593 0.520567 0
Material_0
0  0.556166 -1.029000 -0.744128  0.999998 0.002205 0.000001  0.627593 0.520567 0
0  0.556166 -0.814150 -0.744128  0.999998 0.002205 -0.000000  0.627593 0.531244 0
0  0.556166 -0.921575 -0.699348  0.999998 0.002205 0.000001  0.631376 0.525946 0
Material_0
0  0.556166 -1.029001 -0.958623  0.999998 0.002205 -0.000000  0.609365 0.520567 0
0  0.556166 -1.029000 -0.744128  0.999998 0.002205 0.000001  0.627593 0.520567 0
0  0.556166 -1.073592 -0.851375  0.999998 0.002204 -0.000001  0.618479 0.518366 0
Material_0
0  0.556166 -0.769848 -0.851376  0.999998 0.002205 -0.000000  0.618479 0.533445 0
0  0.556166 -0.814150 -0.744128  0.999998 0.002205 -0.000000  0.627593 0.531244 0
0  0.556165 -0.814150 -0.958623  0.999998 0.002205 -0.000000  0.609365 0.531244 0
Material_0
0  -0.540669 -0.863374 -0.747515  -0.999998 0.002206 0.000000  0.165465 0.819612 0
0  -0.540669 -0.817624 -0.793048  -0.999998 0.002206 0.000000  0.165465 0.848221 0
0  -0.540669 -1.025526 -0.909702  -0.999998 0.002205 0.000000  0.140703 0.819612 0
Material_0
0  -0.540669 -1.025526 -0.909702  -0.999998 0.002205 0.000000  0.140703 0.819612 0
0  -0.540669 -0.817624 -0.793048  -0.999998 0.002206 0.000000  0.165465 0.848221 0
0  -0.540669 -0.980066 -0.955236  -0.999998 0.002204 0.000001  0.140703 0.848221 0
Material_0
0  0.579619 -0.980066 -0.955236  0.999998 0.002205 -0.000000  0.140703 0.848221 0
0  0.579619 -0.817624 -0.793048  0.999998 0.002205 -0.000000  0.165465 0.848221 0
0  0.579619 -1.025526 -0.909702  0.999998 0.002205 0.000000  0.140703 0.819612 0
Material_0
0  0.579619 -1.025526 -0.909702  0.999998 0.002205 0.000000  0.140703 0.819612 0
0  0.579619 -0.817624 -0.793048  0.999998 0.002205 -0.000000  0.165465 0.848221 0
0  0.579619 -0.863374 -0.747515  0.999998 0.002205 -0.000001  0.165465 0.819612 0
Material_0
0  -0.520481 -2.656017 -0.838957  -0.997916 0.037118 -0.052784  0.152396 0.828007 0
0  -0.520481 -1.841206 -1.184782  -0.997916 0.037116 -0.052785  0.152396 0.832246 0
0  -0.520481 -2.536430 -1.743221  -0.997903 0.037146 -0.053007  0.152396 0.828985 0
Material_0
0  -0.520481 -2.536430 -1.743221  -0.997903 0.037146 -0.053007  0.152396 0.828985 0
0  -0.520481 -1.841206 -1.184782  -0.997916 0.037116 -0.052785  0.152396 0.832246 0
0  -0.520481 -1.725962 -1.605493  -0.997904 0.037144 -0.052994  0.152396 0.833224 0
Material_0
0  -0.520481 -1.841206 -1.184782  -0.997916 0.037116 -0.052785  0.152396 0.832246 0
0  -0.520482 -1.227925 -1.459863  -0.997914 0.037167 -0.052781  0.152396 0.837136 0
0  -0.520481 -1.725962 -1.605493  -0.997904 0.037144 -0.052994  0.152396 0.833224 0
Material_0
0  -0.520481 -1.725962 -1.605493  -0.997904 0.037144 -0.052994  0.152396 0.833224 0
0  -0.520482 -1.227925 -1.459863  -0.997914 0.037167 -0.052781  0.152396 0.837136 0
0  -0.436466 -1.691795 -1.695806  -0.750963 0.150188 -0.643038  0.145260 0.833550 0
Material_0
0  -0.520482 -1.227925 -1.459863  -0.997914 0.037167 -0.052781  0.152396 0.837136 0
0  -0.436466 -1.106023 -1.530232  -0.769639 0.176065 -0.613724  0.145260 0.838033 0
0  -0.436466 -1.691795 -1.695806  -0.750963 0.150188 -0.643038  0.145260 0.833550 0
Material_0
0  -0.520481 -1.725962 -1.605493  -0.997904 0.037144 -0.052994  0.152396 0.833224 0
0  -0.436466 -1.691795 -1.695806  -0.750963 0.150188 -0.643038  0.145260 0.833550 0
0  -0.520481 -2.536430 -1.743221  -0.997903 0.037146 -0.053007  0.152396 0.828985 0
Material_0
0  -0.436466 -1.691795 -1.695806  -0.750963 0.150188 -0.643038  0.145260 0.833550 0
0  -0.436466 -2.570887 -1.838427  -0.721787 0.111195 -0.683125  0.145260 0.828659 0
0  -0.520481 -2.536430 -1.743221  -0.997903 0.037146 -0.053007  0.152396 0.828985 0
Material_0
0  -0.520481 -2.656017 -0.838957  -0.486088 -0.865660 -0.119795  0.152396 0.828007 0
0  -0.520481 -2.536430 -1.743221  -0.485214 -0.867843 -0.106847  0.152396 0.828985 0
0  -0.436466 -2.707558 -0.809230  -0.486075 -0.865664 -0.119819  0.145260 0.827600 0
Material_0
0  -0.520481 -2.536430 -1.743221  -0.485214 -0.867843 -0.106847  0.152396 0.828985 0
0  -0.436466 -2.570887 -1.838427  -0.485218 -0.867834 -0.106899  0.145260 0.828659 0
0  -0.436466 -2.707558 -0.809230  -0.486075 -0.865664 -0.119819  0.145260 0.827600 0
Material_0
0  -0.436466 -2.089355 -0.570651  -0.779342 -0.085103 0.620793  0.145260 0.830452 0
0  -0.520481 -1.943129 -0.654943  -0.997927 0.037074 -0.052604  0.152396 0.831594 0
0  -0.436466 -2.728406 -0.652686  -0.779596 -0.080791 0.621050  0.145260 0.827437 0
Material_0
0  -0.436466 -2.728406 -0.652686  -0.779596 -0.080791 0.621050  0.145260 0.827437 0
0  -0.520481 -1.943129 -0.654943  -0.997927 0.037074 -0.052604  0.152396 0.831594 0
0  -0.520481 -2.668468 -0.750525  -0.997912 0.037162 -0.052826  0.152396 0.827926 0
Material_0
0  -0.520481 -2.668468 -0.750525  -0.997912 0.037162 -0.052826  0.152396 0.827926 0
0  -0.520481 -1.943129 -0.654943  -0.997927 0.037074 -0.052604  0.152396 0.831594 0
0  -0.520481 -1.864949 -1.089953  -0.997916 0.037119 -0.052783  0.152396 0.832083 0
Material_0
0  -0.520481 -1.864949 -1.089953  -0.997916 0.037119 -0.052783  0.152396 0.832083 0
0  -0.520481 -1.943129 -0.654943  -0.997927 0.037074 -0.052604  0.152396 0.831594 0
0  -0.520482 -1.134978 -1.432392  -0.997902 0.037171 -0.053006  0.152396 0.837788 0
Material_0
0  -0.520481 -1.943129 -0.654943  -0.997927 0.037074 -0.052604  0.152396 0.831594 0
0  -0.520482 -0.798803 -1.323263  -0.997915 0.037142 -0.052793  0.152396 0.840396 0
0  -0.520482 -1.134978 -1.432392  -0.997902 0.037171 -0.053006  0.152396 0.837788 0
Material_0
0  -0.520482 -1.134978 -1.432392  -0.997902 0.037171 -0.053006  0.152396 0.837788 0
0  -0.520482 -0.798803 -1.323263  -0.997915 0.037142 -0.052793  0.152396 0.840396 0
0  -0.436466 -1.011627 -1.503514  -0.782921 0.180336 -0.595411  0.145260 0.838766 0
Material_0
0  -0.436466 -1.011627 -1.503514  -0.782921 0.180336 -0.595411  0.145260 0.838766 0
0  -0.520482 -0.798803 -1.323263  -0.997915 0.037142 -0.052793  0.152396 0.840396 0
0  -0.436466 -0.856425 -1.459487  -0.791257 0.201775 -0.577234  0.145260 0.839989 0
Material_0
0  -0.520482 -0.798803 -1.323263  -0.997915 0.037142 -0.052793  0.152396 0.840396 0
0  -0.436466 -0.696011 -1.375946  -0.752257 0.311514 -0.580576  0.145260 0.841211 0
0  -0.436466 -0.856425 -1.459487  -0.791257 0.201775 -0.577234  0.145260 0.839989 0
Material_0
0  -0.436466 -2.089355 -0.570651  -0.779336 -0.085108 0.620799  0.622348 0.815455 0
0  -0.436466 -1.297709 -0.430289  -0.726230 -0.223138 0.650230  0.622348 0.826377 0
0  -0.520481 -1.943129 -0.654943  -0.997916 0.037105 -0.052796  0.632407 0.817412 0
Material_0
0  -0.436466 -1.297709 -0.430289  -0.726230 -0.223138 0.650230  0.622348 0.826377 0
0  -0.520481 -1.279177 -0.514958  -0.997916 0.037085 -0.052796  0.632407 0.826622 0
0  -0.520481 -1.943129 -0.654943  -0.997916 0.037105 -0.052796  0.632407 0.817412 0
Material_0
0  -0.520481 -1.943129 -0.654943  -0.997916 0.037105 -0.052796  0.632407 0.817412 0
0  -0.520481 -1.279177 -0.514958  -0.997916 0.037085 -0.052796  0.632407 0.826622 0
0  -0.520482 -0.798803 -1.323263  -0.997903 0.037219 -0.052956  0.632407 0.833224 0
Material_0
0  -0.520482 -0.798803 -1.323263  -0.997903 0.037219 -0.052956  0.632407 0.833224 0
0  -0.520481 -1.279177 -0.514958  -0.997916 0.037085 -0.052796  0.632407 0.826622 0
0  -0.520481 -0.686455 -0.235362  -0.997926 0.037077 -0.052631  0.632407 0.834772 0
Material_0
0  -0.520481 -1.279177 -0.514958  -0.997916 0.037085 -0.052796  0.632407 0.826622 0
0  -0.436466 -1.297709 -0.430289  -0.726230 -0.223138 0.650230  0.622348 0.826377 0
0  -0.520481 -0.686455 -0.235362  -0.997926 0.037077 -0.052631  0.632407 0.834772 0
Material_0
0  -0.436466 -1.297709 -0.430289  -0.726230 -0.223138 0.650230  0.622348 0.826377 0
0  -0.436466 -0.726414 -0.139780  -0.804530 -0.265496 0.531267  0.622348 0.834283 0
0  -0.520481 -0.686455 -0.235362  -0.997926 0.037077 -0.052631  0.632407 0.834772 0
Material_0
0  -0.520481 -0.686455 -0.235362  -0.997926 0.037077 -0.052631  0.632407 0.834772 0
0  -0.436466 -0.726414 -0.139780  -0.804530 -0.265496 0.531267  0.622348 0.834283 0
0  -0.520481 -0.474211 -0.154833  -0.997928 0.037020 -0.052630  0.632407 0.837707 0
Material_0
0  -0.436466 -0.726414 -0.139780  -0.804530 -0.265496 0.531267  0.622348 0.834283 0
0  -0.436466 -0.367943 0.131913  -0.953043 -0.045860 0.299343  0.622348 0.839174 0
0  -0.520481 -0.474211 -0.154833  -0.997928 0.037020 -0.052630  0.632407 0.837707 0
Material_0
0  -0.436466 -0.367943 0.131913  -0.953043 -0.045860 0.299343  0.622348 0.839174 0
0  -0.436466 -0.103868 0.100679  -0.968539 0.080717 0.235409  0.622348 0.842841 0
0  -0.520481 -0.474211 -0.154833  -0.997928 0.037020 -0.052630  0.632407 0.837707 0
Material_0
0  -0.520481 -0.474211 -0.154833  -0.997928 0.037020 -0.052630  0.632407 0.837707 0
0  -0.436466 -0.103868 0.100679  -0.968539 0.080717 0.235409  0.622348 0.842841 0
0  -0.520481 -0.199132 -0.228965  -0.997922 0.037162 -0.052638  0.632407 0.841537 0
Material_0
0  -0.436466 -0.103868 0.100679  -0.968539 0.080717 0.235409  0.622348 0.842841 0
0  -0.436466 0.124592 -0.017481  -0.977011 0.154514 0.146885  0.622348 0.846020 0
0  -0.520481 -0.199132 -0.228965  -0.997922 0.037162 -0.052638  0.632407 0.841537 0
Material_0
0  -0.436466 0.124592 -0.017481  -0.977011 0.154514 0.146885  0.622348 0.846020 0
0  -0.436466 0.357105 -0.431418  -0.974470 0.214601 0.065987  0.622348 0.849199 0
0  -0.520481 -0.199132 -0.228965  -0.997922 0.037162 -0.052638  0.632407 0.841537 0
Material_0
0  -0.520481 -0.199132 -0.228965  -0.997922 0.037162 -0.052638  0.632407 0.841537 0
0  -0.436466 0.357105 -0.431418  -0.974470 0.214601 0.065987  0.622348 0.849199 0
0  -0.520482 0.027590 -0.565383  -0.997915 0.037273 -0.052692  0.632407 0.844634 0
Material_0
0  -0.436466 0.357105 -0.431418  -0.974470 0.214601 0.065987  0.622348 0.849199 0
0  -0.520482 -0.009183 -0.792296  -0.997907 0.037286 -0.052834  0.632407 0.844145 0
0  -0.520482 0.027590 -0.565383  -0.997915 0.037273 -0.052692  0.632407 0.844634 0
Material_0
0  -0.520482 0.027590 -0.565383  -0.997915 0.037273 -0.052692  0.632407 0.844634 0
0  -0.520482 -0.009183 -0.792296  -0.997907 0.037286 -0.052834  0.632407 0.844145 0
0  -0.520481 -0.686455 -0.235362  -0.997926 0.037077 -0.052631  0.632407 0.834772 0
Material_0
0  -0.520482 -0.009183 -0.792296  -0.997907 0.037286 -0.052834  0.632407 0.844145 0
0  -0.520482 -0.129639 -0.957117  -0.997900 0.037225 -0.053012  0.632407 0.842515 0
0  -0.520481 -0.686455 -0.235362  -0.997926 0.037077 -0.052631  0.632407 0.834772 0
Material_0
0  -0.520481 -0.686455 -0.235362  -0.997926 0.037077 -0.052631  0.632407 0.834772 0
0  -0.520482 -0.129639 -0.957117  -0.997900 0.037225 -0.053012  0.632407 0.842515 0
0  -0.520482 -0.798803 -1.323263  -0.997903 0.037219 -0.052956  0.632407 0.833224 0
Material_0
0  -0.520482 -0.798803 -1.323263  -0.997903 0.037219 -0.052956  0.632407 0.833224 0
0  -0.520482 -0.129639 -0.957117  -0.997900 0.037225 -0.053012  0.632407 0.842515 0
0  -0.436466 -0.696011 -1.375946  -0.752236 0.311500 -0.580611  0.622348 0.834691 0
Material_0
0  -0.436466 -0.696011 -1.375946  -0.752236 0.311500 -0.580611  0.622348 0.834691 0
0  -0.520482 -0.129639 -0.957117  -0.997900 0.037225 -0.053012  0.632407 0.842515 0
0  -0.436467 -0.056671 -1.041787  -0.795453 0.315686 -0.517299  0.622348 0.843493 0
Material_0
0  -0.436467 -0.056671 -1.041787  -0.795453 0.315686 -0.517299  0.622348 0.843493 0
0  -0.520482 -0.129639 -0.957117  -0.997900 0.037225 -0.053012  0.632407 0.842515 0
0  -0.436467 0.262420 -0.825411  -0.938771 0.286572 -0.191274  0.622348 0.847895 0
Material_0
0  -0.520482 -0.129639 -0.957117  -0.997900 0.037225 -0.053012  0.632407 0.842515 0
0  -0.520482 -0.009183 -0.792296  -0.997907 0.037286 -0.052834  0.632407 0.844145 0
0  -0.436467 0.262420 -0.825411  -0.938771 0.286572 -0.191274  0.622348 0.847895 0
Material_0
0  -0.436467 0.262420 -0.825411  -0.938771 0.286572 -0.191274  0.622348 0.847895 0
0  -0.520482 -0.009183 -0.792296  -0.997907 0.037286 -0.052834  0.632407 0.844145 0
0  -0.436467 0.348998 -0.644031  -0.969021 0.244368 -0.035826  0.622348 0.849117 0
Material_0
0  -0.520482 -0.009183 -0.792296  -0.997907 0.037286 -0.052834  0.632407 0.844145 0
0  -0.436466 0.357105 -0.431418  -0.974470 0.214601 0.065987  0.622348 0.849199 0
0  -0.436467 0.348998 -0.644031  -0.969021 0.244368 -0.035826  0.622348 0.849117 0
Material_0
0  -0.520481 -0.474211 -0.154833  -0.997928 0.037020 -0.052630  0.632407 0.837707 0
0  -0.520481 -0.199132 -0.228965  -0.997922 0.037162 -0.052638  0.632407 0.841537 0
0  -0.520481 -0.686455 -0.235362  -0.997926 0.037077 -0.052631  0.632407 0.834772 0
Material_0
0  -0.520481 -0.199132 -0.228965  -0.997922 0.037162 -0.052638  0.632407 0.841537 0
0  -0.520482 0.027590 -0.565383  -0.997915 0.037273 -0.052692  0.632407 0.844634 0
0  -0.520481 -0.686455 -0.235362  -0.997926 0.037077 -0.052631  0.632407 0.834772 0
Material_0
0  -0.436466 -1.011627 -1.503514  -0.782932 0.180343 -0.595394  0.622348 0.830289 0
0  -0.436466 -1.106023 -1.530232  -0.769650 0.176031 -0.613720  0.622348 0.828985 0
0  -0.520482 -1.134978 -1.432392  -0.997911 0.037164 -0.052839  0.632407 0.828578 0
Material_0
0  -0.436466 -1.106023 -1.530232  -0.769650 0.176031 -0.613720  0.622348 0.828985 0
0  -0.520482 -1.227925 -1.459863  -0.997903 0.037156 -0.052992  0.632407 0.827355 0
0  -0.520482 -1.134978 -1.432392  -0.997911 0.037164 -0.052839  0.632407 0.828578 0
Material_0
0  -0.520482 -1.227925 -1.459863  -0.997903 0.037156 -0.052992  0.632407 0.827355 0
0  -0.520481 -1.841206 -1.184782  -0.997916 0.037117 -0.052785  0.632407 0.818716 0
0  -0.520482 -1.134978 -1.432392  -0.997911 0.037164 -0.052839  0.632407 0.828578 0
Material_0
0  -0.520482 -1.134978 -1.432392  -0.997911 0.037164 -0.052839  0.632407 0.828578 0
0  -0.520481 -1.841206 -1.184782  -0.997916 0.037117 -0.052785  0.632407 0.818716 0
0  -0.520481 -1.864949 -1.089953  -0.997916 0.037118 -0.052783  0.632407 0.818390 0
Material_0
0  -0.520481 -1.864949 -1.089953  -0.997916 0.037118 -0.052783  0.632407 0.818390 0
0  -0.520481 -1.841206 -1.184782  -0.997916 0.037117 -0.052785  0.632407 0.818716 0
0  -0.520481 -2.668468 -0.750525  -0.997916 0.037118 -0.052784  0.632407 0.810973 0
Material_0
0  -0.520481 -1.841206 -1.184782  -0.997916 0.037117 -0.052785  0.632407 0.818716 0
0  -0.520481 -2.656017 -0.838957  -0.997916 0.037118 -0.052784  0.632407 0.811136 0
0  -0.520481 -2.668468 -0.750525  -0.997916 0.037118 -0.052784  0.632407 0.810973 0
Material_0
0  -0.436466 -2.719140 -0.721550  -0.485226 -0.867838 -0.106835  0.622348 0.810239 0
0  -0.520481 -2.668468 -0.750525  -0.484226 -0.865660 -0.127113  0.632407 0.810973 0
0  -0.436466 -2.707558 -0.809230  -0.486113 -0.865634 -0.119886  0.622348 0.810402 0
Material_0
0  -0.520481 -2.668468 -0.750525  -0.484226 -0.865660 -0.127113  0.632407 0.810973 0
0  -0.520481 -2.656017 -0.838957  -0.486076 -0.865666 -0.119803  0.632407 0.811136 0
0  -0.436466 -2.707558 -0.809230  -0.486113 -0.865634 -0.119886  0.622348 0.810402 0
Material_0
0  0.559367 -2.656017 -0.838957  0.997916 0.037117 -0.052785  0.152396 0.828007 0
0  0.559367 -2.536430 -1.743221  0.997904 0.037172 -0.052974  0.152396 0.828985 0
0  0.559367 -1.841206 -1.184782  0.997916 0.037117 -0.052785  0.152396 0.832246 0
Material_0
0  0.559367 -2.536430 -1.743221  0.997904 0.037172 -0.052974  0.152396 0.828985 0
0  0.559367 -1.725962 -1.605493  0.997903 0.037125 -0.053015  0.152396 0.833224 0
0  0.559367 -1.841206 -1.184782  0.997916 0.037117 -0.052785  0.152396 0.832246 0
Material_0
0  0.559367 -1.841206 -1.184782  0.997916 0.037117 -0.052785  0.152396 0.832246 0
0  0.559367 -1.725962 -1.605493  0.997903 0.037125 -0.053015  0.152396 0.833224 0
0  0.559367 -1.227925 -1.459863  0.997915 0.037109 -0.052807  0.152396 0.837136 0
Material_0
0  0.559367 -1.725962 -1.605493  0.997903 0.037125 -0.053015  0.152396 0.833224 0
0  0.475286 -1.691795 -1.695806  0.751009 0.150153 -0.642992  0.145260 0.833550 0
0  0.559367 -1.227925 -1.459863  0.997915 0.037109 -0.052807  0.152396 0.837136 0
Material_0
0  0.559367 -1.227925 -1.459863  0.997915 0.037109 -0.052807  0.152396 0.837136 0
0  0.475286 -1.691795 -1.695806  0.751009 0.150153 -0.642992  0.145260 0.833550 0
0  0.475286 -1.106023 -1.530232  0.769616 0.176030 -0.613763  0.145260 0.838033 0
Material_0
0  0.559367 -1.725962 -1.605493  0.997903 0.037125 -0.053015  0.152396 0.833224 0
0  0.559367 -2.536430 -1.743221  0.997904 0.037172 -0.052974  0.152396 0.828985 0
0  0.475286 -1.691795 -1.695806  0.751009 0.150153 -0.642992  0.145260 0.833550 0
Material_0
0  0.475286 -1.691795 -1.695806  0.751009 0.150153 -0.642992  0.145260 0.833550 0
0  0.559367 -2.536430 -1.743221  0.997904 0.037172 -0.052974  0.152396 0.828985 0
0  0.475286 -2.570887 -1.838427  0.721818 0.111186 -0.683094  0.145260 0.828659 0
Material_0
0  0.475286 -2.570887 -1.838427  0.485208 -0.867842 -0.106883  0.145260 0.828659 0
0  0.559367 -2.536430 -1.743221  0.485209 -0.867843 -0.106871  0.152396 0.828985 0
0  0.475287 -2.707558 -0.809230  0.486099 -0.865656 -0.119777  0.145260 0.827600 0
Material_0
0  0.475287 -2.707558 -0.809230  0.486099 -0.865656 -0.119777  0.145260 0.827600 0
0  0.559367 -2.536430 -1.743221  0.485209 -0.867843 -0.106871  0.152396 0.828985 0
0  0.559367 -2.656017 -0.838957  0.486083 -0.865661 -0.119805  0.152396 0.828007 0
Material_0
0  0.475287 -2.089355 -0.570651  0.779336 -0.085106 0.620799  0.145260 0.830452 0
0  0.475287 -2.728406 -0.652686  0.779582 -0.080795 0.621067  0.145260 0.827437 0
0  0.559367 -1.943129 -0.654943  0.997927 0.037065 -0.052617  0.152396 0.831594 0
Material_0
0  0.475287 -2.728406 -0.652686  0.779582 -0.080795 0.621067  0.145260 0.827437 0
0  0.559367 -2.668468 -0.750525  0.997913 0.037163 -0.052811  0.152396 0.827926 0
0  0.559367 -1.943129 -0.654943  0.997927 0.037065 -0.052617  0.152396 0.831594 0
Material_0
0  0.559367 -2.668468 -0.750525  0.997913 0.037163 -0.052811  0.152396 0.827926 0
0  0.559367 -1.864949 -1.089953  0.997916 0.037119 -0.052783  0.152396 0.832083 0
0  0.559367 -1.943129 -0.654943  0.997927 0.037065 -0.052617  0.152396 0.831594 0
Material_0
0  0.559367 -1.864949 -1.089953  0.997916 0.037119 -0.052783  0.152396 0.832083 0
0  0.559367 -1.134978 -1.432392  0.997902 0.037172 -0.053012  0.152396 0.837788 0
0  0.559367 -1.943129 -0.654943  0.997927 0.037065 -0.052617  0.152396 0.831594 0
Material_0
0  0.559367 -1.943129 -0.654943  0.997927 0.037065 -0.052617  0.152396 0.831594 0
0  0.559367 -1.134978 -1.432392  0.997902 0.037172 -0.053012  0.152396 0.837788 0
0  0.559367 -0.798803 -1.323263  0.997913 0.037167 -0.052811  0.152396 0.840396 0
Material_0
0  0.559367 -1.134978 -1.432392  0.997902 0.037172 -0.053012  0.152396 0.837788 0
0  0.475286 -1.011627 -1.503514  0.782914 0.180329 -0.595421  0.145260 0.838766 0
0  0.559367 -0.798803 -1.323263  0.997913 0.037167 -0.052811  0.152396 0.840396 0
Material_0
0  0.475286 -1.011627 -1.503514  0.782914 0.180329 -0.595421  0.145260 0.838766 0
0  0.475286 -0.856425 -1.459487  0.791265 0.201776 -0.577223  0.145260 0.839989 0
0  0.559367 -0.798803 -1.323263  0.997913 0.037167 -0.052811  0.152396 0.840396 0
Material_0
0  0.559367 -0.798803 -1.323263  0.997913 0.037167 -0.052811  0.152396 0.840396 0
0  0.475286 -0.856425 -1.459487  0.791265 0.201776 -0.577223  0.145260 0.839989 0
0  0.475286 -0.696011 -1.375946  0.752257 0.311512 -0.580577  0.145260 0.841211 0
Material_0
0  0.475287 -2.089355 -0.570651  0.779343 -0.085122 0.620789  0.622348 0.815455 0
0  0.559367 -1.943129 -0.654943  0.997913 0.037104 -0.052840  0.632407 0.817412 0
0  0.475286 -1.297709 -0.430289  0.726249 -0.223133 0.650211  0.622348 0.826377 0
Material_0
0  0.475286 -1.297709 -0.430289  0.726249 -0.223133 0.650211  0.622348 0.826377 0
0  0.559367 -1.943129 -0.654943  0.997913 0.037104 -0.052840  0.632407 0.817412 0
0  0.559367 -1.279177 -0.514958  0.997916 0.037144 -0.052771  0.632407 0.826622 0
Material_0
0  0.559367 -1.943129 -0.654943  0.997913 0.037104 -0.052840  0.632407 0.817412 0
0  0.559367 -0.798803 -1.323263  0.997901 0.037222 -0.052981  0.632407 0.833224 0
0  0.559367 -1.279177 -0.514958  0.997916 0.037144 -0.052771  0.632407 0.826622 0
Material_0
0  0.559367 -0.798803 -1.323263  0.997901 0.037222 -0.052981  0.632407 0.833224 0
0  0.559367 -0.686455 -0.235362  0.997923 0.037041 -0.052701  0.632407 0.834772 0
0  0.559367 -1.279177 -0.514958  0.997916 0.037144 -0.052771  0.632407 0.826622 0
Material_0
0  0.559367 -1.279177 -0.514958  0.997916 0.037144 -0.052771  0.632407 0.826622 0
0  0.559367 -0.686455 -0.235362  0.997923 0.037041 -0.052701  0.632407 0.834772 0
0  0.475286 -1.297709 -0.430289  0.726249 -0.223133 0.650211  0.622348 0.826377 0
Material_0
0  0.475286 -1.297709 -0.430289  0.726249 -0.223133 0.650211  0.622348 0.826377 0
0  0.559367 -0.686455 -0.235362  0.997923 0.037041 -0.052701  0.632407 0.834772 0
0  0.475286 -0.726414 -0.139780  0.804532 -0.265498 0.531263  0.622348 0.834283 0
Material_0
0  0.559367 -0.686455 -0.235362  0.997923 0.037041 -0.052701  0.632407 0.834772 0
0  0.559367 -0.474211 -0.154833  0.997926 0.037074 -0.052618  0.632407 0.837707 0
0  0.475286 -0.726414 -0.139780  0.804532 -0.265498 0.531263  0.622348 0.834283 0
Material_0
0  0.475286 -0.726414 -0.139780  0.804532 -0.265498 0.531263  0.622348 0.834283 0
0  0.559367 -0.474211 -0.154833  0.997926 0.037074 -0.052618  0.632407 0.837707 0
0  0.475286 -0.367943 0.131913  0.953050 -0.045877 0.299318  0.622348 0.839174 0
Material_0
0  0.475286 -0.367943 0.131913  0.953050 -0.045877 0.299318  0.622348 0.839174 0
0  0.559367 -0.474211 -0.154833  0.997926 0.037074 -0.052618  0.632407 0.837707 0
0  0.475286 -0.103868 0.100679  0.968536 0.080727 0.235418  0.622348 0.842841 0
Material_0
0  0.559367 -0.474211 -0.154833  0.997926 0.037074 -0.052618  0.632407 0.837707 0
0  0.559367 -0.199132 -0.228965  0.997923 0.037182 -0.052604  0.632407 0.841537 0
0  0.475286 -0.103868 0.100679  0.968536 0.080727 0.235418  0.622348 0.842841 0
Material_0
0  0.475286 -0.103868 0.100679  0.968536 0.080727 0.235418  0.622348 0.842841 0
0  0.559367 -0.199132 -0.228965  0.997923 0.037182 -0.052604  0.632407 0.841537 0
0  0.475286 0.124592 -0.017481  0.977038 0.154494 0.146724  0.622348 0.846020 0
Material_0
0  0.475286 0.124592 -0.017481  0.977038 0.154494 0.146724  0.622348 0.846020 0
0  0.559367 -0.199132 -0.228965  0.997923 0.037182 -0.052604  0.632407 0.841537 0
0  0.475286 0.357105 -0.431418  0.974470 0.214602 0.065992  0.622348 0.849199 0
Material_0
0  0.559367 -0.199132 -0.228965  0.997923 0.037182 -0.052604  0.632407 0.841537 0
0  0.559367 0.027590 -0.565383  0.997915 0.037268 -0.052696  0.632407 0.844634 0
0  0.475286 0.357105 -0.431418  0.974470 0.214602 0.065992  0.622348 0.849199 0
Material_0
0  0.475286 0.357105 -0.431418  0.974470 0.214602 0.065992  0.622348 0.849199 0
0  0.559367 0.027590 -0.565383  0.997915 0.037268 -0.052696  0.632407 0.844634 0
0  0.559367 -0.009183 -0.792296  0.997906 0.037301 -0.052837  0.632407 0.844145 0
Material_0
0  0.559367 0.027590 -0.565383  0.997915 0.037268 -0.052696  0.632407 0.844634 0
0  0.559367 -0.686455 -0.235362  0.997923 0.037041 -0.052701  0.632407 0.834772 0
0  0.559367 -0.009183 -0.792296  0.997906 0.037301 -0.052837  0.632407 0.844145 0
Material_0
0  0.559367 -0.009183 -0.792296  0.997906 0.037301 -0.052837  0.632407 0.844145 0
0  0.559367 -0.686455 -0.235362  0.997923 0.037041 -0.052701  0.632407 0.834772 0
0  0.559367 -0.129639 -0.957117  0.997902 0.037240 -0.052962  0.632407 0.842515 0
Material_0
0  0.559367 -0.686455 -0.235362  0.997923 0.037041 -0.052701  0.632407 0.834772 0
0  0.559367 -0.798803 -1.323263  0.997901 0.037222 -0.052981  0.632407 0.833224 0
0  0.559367 -0.129639 -0.957117  0.997902 0.037240 -0.052962  0.632407 0.842515 0
Material_0
0  0.559367 -0.798803 -1.323263  0.997901 0.037222 -0.052981  0.632407 0.833224 0
0  0.475286 -0.696011 -1.375946  0.752248 0.311511 -0.580590  0.622348 0.834691 0
0  0.559367 -0.129639 -0.957117  0.997902 0.037240 -0.052962  0.632407 0.842515 0
Material_0
0  0.475286 -0.696011 -1.375946  0.752248 0.311511 -0.580590  0.622348 0.834691 0
0  0.475286 -0.056670 -1.041787  0.795459 0.315701 -0.517279  0.622348 0.843493 0
0  0.559367 -0.129639 -0.957117  0.997902 0.037240 -0.052962  0.632407 0.842515 0
Material_0
0  0.475286 -0.056670 -1.041787  0.795459 0.315701 -0.517279  0.622348 0.843493 0
0  0.475286 0.262421 -0.825411  0.938684 0.286769 -0.191407  0.622348 0.847895 0
0  0.559367 -0.129639 -0.957117  0.997902 0.037240 -0.052962  0.632407 0.842515 0
Material_0
0  0.559367 -0.129639 -0.957117  0.997902 0.037240 -0.052962  0.632407 0.842515 0
0  0.475286 0.262421 -0.825411  0.938684 0.286769 -0.191407  0.622348 0.847895 0
0  0.559367 -0.009183 -0.792296  0.997906 0.037301 -0.052837  0.632407 0.844145 0
Material_0
0  0.475286 0.262421 -0.825411  0.938684 0.286769 -0.191407  0.622348 0.847895 0
0  0.475286 0.348998 -0.644031  0.969017 0.244374 -0.035879  0.622348 0.849117 0
0  0.559367 -0.009183 -0.792296  0.997906 0.037301 -0.052837  0.632407 0.844145 0
Material_0
0  0.559367 -0.009183 -0.792296  0.997906 0.037301 -0.052837  0.632407 0.844145 0
0  0.475286 0.348998 -0.644031  0.969017 0.244374 -0.035879  0.622348 0.849117 0
0  0.475286 0.357105 -0.431418  0.974470 0.214602 0.065992  0.622348 0.849199 0
Material_0
0  0.559367 -0.474211 -0.154833  0.997926 0.037074 -0.052618  0.632407 0.837707 0
0  0.559367 -0.686455 -0.235362  0.997923 0.037041 -0.052701  0.632407 0.834772 0
0  0.559367 -0.199132 -0.228965  0.997923 0.037182 -0.052604  0.632407 0.841537 0
Material_0
0  0.559367 -0.199132 -0.228965  0.997923 0.037182 -0.052604  0.632407 0.841537 0
0  0.559367 -0.686455 -0.235362  0.997923 0.037041 -0.052701  0.632407 0.834772 0
0  0.559367 0.027590 -0.565383  0.997915 0.037268 -0.052696  0.632407 0.844634 0
Material_0
0  0.475286 -1.011627 -1.503514  0.782914 0.180338 -0.595420  0.622348 0.830289 0
0  0.559367 -1.134978 -1.432392  0.997912 0.037148 -0.052835  0.632407 0.828578 0
0  0.475286 -1.106023 -1.530232  0.769621 0.176045 -0.613752  0.622348 0.828985 0
Material_0
0  0.475286 -1.106023 -1.530232  0.769621 0.176045 -0.613752  0.622348 0.828985 0
0  0.559367 -1.134978 -1.432392  0.997912 0.037148 -0.052835  0.632407 0.828578 0
0  0.559367 -1.227925 -1.459863  0.997903 0.037158 -0.052997  0.632407 0.827355 0
Material_0
0  0.559367 -1.227925 -1.459863  0.997903 0.037158 -0.052997  0.632407 0.827355 0
0  0.559367 -1.134978 -1.432392  0.997912 0.037148 -0.052835  0.632407 0.828578 0
0  0.559367 -1.841206 -1.184782  0.997916 0.037117 -0.052785  0.632407 0.818716 0
Material_0
0  0.559367 -1.134978 -1.432392  0.997912 0.037148 -0.052835  0.632407 0.828578 0
0  0.559367 -1.864949 -1.089953  0.997916 0.037119 -0.052784  0.632407 0.818390 0
0  0.559367 -1.841206 -1.184782  0.997916 0.037117 -0.052785  0.632407 0.818716 0
Material_0
0  0.559367 -1.864949 -1.089953  0.997916 0.037119 -0.052784  0.632407 0.818390 0
0  0.559367 -2.668468 -0.750525  0.997916 0.037117 -0.052785  0.632407 0.810973 0
0  0.559367 -1.841206 -1.184782  0.997916 0.037117 -0.052785  0.632407 0.818716 0
Material_0
0  0.559367 -1.841206 -1.184782  0.997916 0.037117 -0.052785  0.632407 0.818716 0
0  0.559367 -2.668468 -0.750525  0.997916 0.037117 -0.052785  0.632407 0.810973 0
0  0.559367 -2.656017 -0.838957  0.997916 0.037118 -0.052785  0.632407 0.811136 0
Material_0
0  0.559367 -2.656017 -0.838957  0.486105 -0.865643 -0.119853  0.632407 0.811136 0
0  0.559367 -2.668468 -0.750525  0.484223 -0.865660 -0.127126  0.632407 0.810973 0
0  0.475287 -2.707558 -0.809230  0.486045 -0.865695 -0.119722  0.622348 0.810402 0
Material_0
0  0.475287 -2.707558 -0.809230  0.486045 -0.865695 -0.119722  0.622348 0.810402 0
0  0.559367 -2.668468 -0.750525  0.484223 -0.865660 -0.127126  0.632407 0.810973 0
0  0.475287 -2.719140 -0.721550  0.485220 -0.867838 -0.106862  0.622348 0.810239 0
Material_0
0  0.019476 0.199876 1.950978  -0.821607 0.080739 0.564308  0.627077 0.845450 0
0  -0.054217 0.172368 1.848246  -0.992508 0.019642 0.120587  0.636190 0.845124 0
0  0.019476 -0.324800 2.023604  -0.836166 0.154491 0.526269  0.627077 0.838196 0
Material_0
0  0.019476 -0.324800 2.023604  -0.836166 0.154491 0.526269  0.627077 0.838196 0
0  -0.054217 0.172368 1.848246  -0.992508 0.019642 0.120587  0.636190 0.845124 0
0  -0.054217 -0.353466 1.916357  -0.998208 -0.054593 0.024517  0.636190 0.837870 0
Material_0
0  -0.054217 0.172368 1.848246  -0.992508 0.019642 0.120587  0.636190 0.845124 0
0  0.019476 0.131541 1.695465  -0.901376 -0.058959 -0.429004  0.627077 0.844553 0
0  -0.054217 -0.353466 1.916357  -0.998208 -0.054593 0.024517  0.636190 0.837870 0
Material_0
0  0.019476 0.131541 1.695465  -0.901376 -0.058959 -0.429004  0.627077 0.844553 0
0  0.019476 -0.391108 1.775618  -0.891705 -0.184635 -0.413247  0.627077 0.837299 0
0  -0.054217 -0.353466 1.916357  -0.998208 -0.054593 0.024517  0.636190 0.837870 0
Material_0
0  0.019476 -0.391108 1.775618  -0.891705 -0.184635 -0.413247  0.627077 0.837299 0
0  0.019476 -0.720044 2.068761  -0.847248 -0.510002 -0.148558  0.627077 0.832735 0
0  -0.054217 -0.353466 1.916357  -0.998208 -0.054593 0.024517  0.636190 0.837870 0
Material_0
0  -0.054217 -0.353466 1.916357  -0.998208 -0.054593 0.024517  0.636190 0.837870 0
0  0.019476 -0.720044 2.068761  -0.847248 -0.510002 -0.148558  0.627077 0.832735 0
0  -0.017371 -0.673425 2.124454  -0.792661 -0.479699 0.376267  0.631633 0.833387 0
Material_0
0  0.019476 -0.720044 2.068761  -0.847248 -0.510002 -0.148558  0.627077 0.832735 0
0  0.019476 -0.675452 2.129346  -0.131309 -0.756909 0.640193  0.627077 0.833387 0
0  -0.017371 -0.673425 2.124454  -0.792661 -0.479699 0.376267  0.631633 0.833387 0
Material_0
0  0.019476 -0.675452 2.129346  -0.131309 -0.756909 0.640193  0.627077 0.833387 0
0  0.019476 -0.626517 2.180148  -0.839603 0.019663 0.542845  0.627077 0.834039 0
0  -0.017371 -0.673425 2.124454  -0.792661 -0.479699 0.376267  0.631633 0.833387 0
Material_0
0  0.019476 -0.626517 2.180148  -0.839603 0.019663 0.542845  0.627077 0.834039 0
0  0.019476 -0.324800 2.023604  -0.836166 0.154491 0.526269  0.627077 0.838196 0
0  -0.017371 -0.673425 2.124454  -0.792661 -0.479699 0.376267  0.631633 0.833387 0
Material_0
0  -0.017371 -0.673425 2.124454  -0.792661 -0.479699 0.376267  0.631633 0.833387 0
0  0.019476 -0.324800 2.023604  -0.836166 0.154491 0.526269  0.627077 0.838196 0
0  -0.054217 -0.353466 1.916357  -0.998208 -0.054593 0.024517  0.636190 0.837870 0
Material_0
0  0.019476 0.199876 1.950978  0.821607 0.080739 0.564308  0.627077 0.845450 0
0  0.019476 -0.324800 2.023604  0.836434 0.154491 0.525843  0.627077 0.838196 0
0  0.093168 0.172368 1.848246  0.992508 0.019642 0.120587  0.617877 0.845124 0
Material_0
0  0.093168 0.172368 1.848246  0.992508 0.019642 0.120587  0.617877 0.845124 0
0  0.019476 -0.324800 2.023604  0.836434 0.154491 0.525843  0.627077 0.838196 0
0  0.093169 -0.353466 1.916357  0.998208 -0.054594 0.024517  0.617877 0.837870 0
Material_0
0  0.019476 -0.324800 2.023604  0.836434 0.154491 0.525843  0.627077 0.838196 0
0  0.056322 -0.673425 2.124454  0.792642 -0.479684 0.376327  0.622434 0.833387 0
0  0.093169 -0.353466 1.916357  0.998208 -0.054594 0.024517  0.617877 0.837870 0
Material_0
0  0.093169 -0.353466 1.916357  0.998208 -0.054594 0.024517  0.617877 0.837870 0
0  0.056322 -0.673425 2.124454  0.792642 -0.479684 0.376327  0.622434 0.833387 0
0  0.019476 -0.720044 2.068761  0.847514 -0.509496 -0.148773  0.627077 0.832735 0
Material_0
0  0.019476 -0.720044 2.068761  0.847514 -0.509496 -0.148773  0.627077 0.832735 0
0  0.056322 -0.673425 2.124454  0.792642 -0.479684 0.376327  0.622434 0.833387 0
0  0.019476 -0.675452 2.129346  0.131356 -0.756914 0.640178  0.627077 0.833387 0
Material_0
0  0.019476 -0.675452 2.129346  0.131356 -0.756914 0.640178  0.627077 0.833387 0
0  0.056322 -0.673425 2.124454  0.792642 -0.479684 0.376327  0.622434 0.833387 0
0  0.019476 -0.626517 2.180148  0.839632 0.019654 0.542799  0.627077 0.834039 0
Material_0
0  0.056322 -0.673425 2.124454  0.792642 -0.479684 0.376327  0.622434 0.833387 0
0  0.019476 -0.324800 2.023604  0.836434 0.154491 0.525843  0.627077 0.838196 0
0  0.019476 -0.626517 2.180148  0.839632 0.019654 0.542799  0.627077 0.834039 0
Material_0
0  0.093168 0.172368 1.848246  0.992508 0.019642 0.120587  0.617877 0.845124 0
0  0.093169 -0.353466 1.916357  0.998208 -0.054594 0.024517  0.617877 0.837870 0
0  0.019476 0.131541 1.695465  0.901376 -0.058959 -0.429005  0.627077 0.844553 0
Material_0
0  0.019476 0.131541 1.695465  0.901376 -0.058959 -0.429005  0.627077 0.844553 0
0  0.093169 -0.353466 1.916357  0.998208 -0.054594 0.024517  0.617877 0.837870 0
0  0.019476 -0.391108 1.775618  0.891684 -0.184632 -0.413293  0.627077 0.837299 0
Material_0
0  0.093169 -0.353466 1.916357  0.998208 -0.054594 0.024517  0.617877 0.837870 0
0  0.019476 -0.720044 2.068761  0.847514 -0.509496 -0.148773  0.627077 0.832735 0
0  0.019476 -0.391108 1.775618  0.891684 -0.184632 -0.413293  0.627077 0.837299 0
Material_0
0  -0.183310 0.130672 2.630963  0.000000 -0.603985 -0.796996  0.145518 0.834854 0
0  0.222327 0.130672 2.630963  0.000000 -0.604176 -0.796851  0.140273 0.834854 0
0  -0.183310 -0.026846 2.750252  0.000000 -0.373392 -0.927674  0.145518 0.834202 0
Material_0
0  0.222327 0.130672 2.630963  0.000000 -0.604176 -0.796851  0.140273 0.834854 0
0  0.222327 -0.026846 2.750252  0.000000 -0.373391 -0.927674  0.140273 0.834202 0
0  -0.183310 -0.026846 2.750252  0.000000 -0.373392 -0.927674  0.145518 0.834202 0
Material_0
0  -0.183310 -0.026846 2.750252  0.000000 -0.373392 -0.927674  0.145518 0.834202 0
0  0.222327 -0.026846 2.750252  0.000000 -0.373391 -0.927674  0.140273 0.834202 0
0  -0.183310 -0.346516 2.787882  -0.000000 0.054406 -0.998519  0.145518 0.832979 0
Material_0
0  0.222327 -0.026846 2.750252  0.000000 -0.373391 -0.927674  0.140273 0.834202 0
0  0.222327 -0.346516 2.787882  -0.000000 0.054323 -0.998523  0.140273 0.832979 0
0  -0.183310 -0.346516 2.787882  -0.000000 0.054406 -0.998519  0.145518 0.832979 0
Material_0
0  -0.183310 -0.346516 2.787882  -0.000000 0.054406 -0.998519  0.145518 0.832979 0
0  0.222327 -0.346516 2.787882  -0.000000 0.054323 -0.998523  0.140273 0.832979 0
0  -0.183310 -0.614646 2.726544  -0.000000 0.532182 -0.846630  0.145518 0.831920 0
Material_0
0  0.222327 -0.346516 2.787882  -0.000000 0.054323 -0.998523  0.140273 0.832979 0
0  0.222327 -0.614646 2.726544  0.000000 0.532117 -0.846671  0.140273 0.831920 0
0  -0.183310 -0.614646 2.726544  -0.000000 0.532182 -0.846630  0.145518 0.831920 0
Material_0
0  -0.183310 -0.614646 2.726544  -0.000000 0.532182 -0.846630  0.145518 0.831920 0
0  0.222327 -0.614646 2.726544  0.000000 0.532117 -0.846671  0.140273 0.831920 0
0  -0.183310 -0.783746 2.515060  0.000000 0.894568 -0.446931  0.145518 0.831186 0
Material_0
0  0.222327 -0.614646 2.726544  0.000000 0.532117 -0.846671  0.140273 0.831920 0
0  0.222327 -0.783746 2.515060  0.000000 0.894602 -0.446863  0.140273 0.831186 0
0  -0.183310 -0.783746 2.515060  0.000000 0.894568 -0.446931  0.145518 0.831186 0
Material_0
0  -0.183310 -0.783746 2.515060  0.000000 0.894568 -0.446931  0.145518 0.831186 0
0  0.222327 -0.783746 2.515060  0.000000 0.894602 -0.446863  0.140273 0.831186 0
0  -0.183310 -0.962692 1.826043  -0.000000 1.000000 0.000003  0.145518 0.830534 0
Material_0
0  0.222327 -0.783746 2.515060  0.000000 0.894602 -0.446863  0.140273 0.831186 0
0  0.222327 -0.962692 1.826043  -0.000000 1.000000 0.000026  0.140273 0.830534 0
0  -0.183310 -0.962692 1.826043  -0.000000 1.000000 0.000003  0.145518 0.830534 0
Material_0
0  -0.183310 -0.962692 1.826043  -0.000000 1.000000 0.000003  0.145518 0.830534 0
0  0.222327 -0.962692 1.826043  -0.000000 1.000000 0.000026  0.140273 0.830534 0
0  -0.183310 -0.840209 1.409849  0.000000 0.821190 0.570655  0.145518 0.831023 0
Material_0
0  0.222327 -0.962692 1.826043  -0.000000 1.000000 0.000026  0.140273 0.830534 0
0  0.222327 -0.840209 1.409849  0.000000 0.821171 0.570682  0.140273 0.831023 0
0  -0.183310 -0.840209 1.409849  0.000000 0.821190 0.570655  0.145518 0.831023 0
Material_0
0  -0.183310 -0.840209 1.409849  0.000000 0.821190 0.570655  0.145518 0.831023 0
0  0.222327 -0.840209 1.409849  0.000000 0.821171 0.570682  0.140273 0.831023 0
0  -0.183310 -0.610012 1.235995  0.000000 0.385932 0.922527  0.145518 0.831920 0
Material_0
0  0.222327 -0.840209 1.409849  0.000000 0.821171 0.570682  0.140273 0.831023 0
0  0.222327 -0.610012 1.235995  0.000000 0.385931 0.922528  0.140273 0.831920 0
0  -0.183310 -0.610012 1.235995  0.000000 0.385932 0.922527  0.145518 0.831920 0
Material_0
0  -0.183310 -0.610012 1.235995  0.000000 0.385932 0.922527  0.145518 0.831920 0
0  0.222327 -0.610012 1.235995  0.000000 0.385931 0.922528  0.140273 0.831920 0
0  -0.183310 -0.384159 1.202880  0.003641 -0.093824 0.995582  0.145518 0.832816 0
Material_0
0  0.222327 -0.610012 1.235995  0.000000 0.385931 0.922528  0.140273 0.831920 0
0  0.222327 -0.384159 1.202880  0.003723 -0.093812 0.995583  0.140273 0.832816 0
0  -0.183310 -0.384159 1.202880  0.003641 -0.093824 0.995582  0.145518 0.832816 0
Material_0
0  -0.183310 -0.384159 1.202880  0.003641 -0.093824 0.995582  0.145518 0.832816 0
0  0.222327 -0.384159 1.202880  0.003723 -0.093812 0.995583  0.140273 0.832816 0
0  -0.183310 -0.153672 1.283034  0.000000 -0.327828 0.944737  0.145518 0.833713 0
Material_0
0  0.222327 -0.384159 1.202880  0.003723 -0.093812 0.995583  0.140273 0.832816 0
0  0.222327 -0.153672 1.283034  0.000000 -0.328462 0.944517  0.140273 0.833713 0
0  -0.183310 -0.153672 1.283034  0.000000 -0.327828 0.944737  0.145518 0.833713 0
Material_0
0  0.222327 -0.153672 1.283034  0.999997 0.002205 -0.000000  0.140273 0.833713 0
0  0.222327 -0.384159 1.202880  0.999998 0.002205 -0.000000  0.140273 0.832816 0
0  0.222327 -0.292370 0.727605  0.999998 0.002155 -0.000012  0.140273 0.833142 0
Material_0
0  0.222327 -0.384159 1.202880  0.999998 0.002205 -0.000000  0.140273 0.832816 0
0  0.222327 -0.435989 0.943605  0.999998 0.002038 -0.000132  0.140273 0.832572 0
0  0.222327 -0.292370 0.727605  0.999998 0.002155 -0.000012  0.140273 0.833142 0
Material_0
0  0.222327 -0.292370 0.727605  0.999998 0.002155 -0.000012  0.140273 0.833142 0
0  0.222327 -0.435989 0.943605  0.999998 0.002038 -0.000132  0.140273 0.832572 0
0  0.130995 -0.384448 0.691480  0.000213 -0.896585 -0.442872  0.141477 0.832816 0
Material_0
0  0.222327 -0.435989 0.943605  0.999998 0.002038 -0.000132  0.140273 0.832572 0
0  0.222327 -0.384159 1.202880  0.999998 0.002205 -0.000000  0.140273 0.832816 0
0  0.222327 -0.674004 1.068915  0.999998 0.002183 -0.000022  0.140273 0.831675 0
Material_0
0  0.222327 -0.384159 1.202880  0.999998 0.002205 -0.000000  0.140273 0.832816 0
0  0.222327 -0.610012 1.235995  0.999998 0.002205 -0.000000  0.140273 0.831920 0
0  0.222327 -0.674004 1.068915  0.999998 0.002183 -0.000022  0.140273 0.831675 0
Material_0
0  0.222327 -0.674004 1.068915  0.999998 0.002183 -0.000022  0.140273 0.831675 0
0  0.222327 -0.610012 1.235995  0.999998 0.002205 -0.000000  0.140273 0.831920 0
0  0.222327 -0.975432 1.243897  0.999998 0.002158 0.000011  0.140273 0.830452 0
Material_0
0  0.222327 -0.610012 1.235995  0.999998 0.002205 -0.000000  0.140273 0.831920 0
0  0.222327 -0.840209 1.409849  0.999998 0.002205 -0.000000  0.140273 0.831023 0
0  0.222327 -0.975432 1.243897  0.999998 0.002158 0.000011  0.140273 0.830452 0
Material_0
0  0.222327 -0.975432 1.243897  0.999998 0.002158 0.000011  0.140273 0.830452 0
0  0.222327 -0.840209 1.409849  0.999998 0.002205 -0.000000  0.140273 0.831023 0
0  0.222327 -1.150614 1.804594  0.999998 0.002185 -0.000026  0.140273 0.829800 0
Material_0
0  0.222327 -0.840209 1.409849  0.999998 0.002205 -0.000000  0.140273 0.831023 0
0  0.222327 -0.962692 1.826043  0.999998 0.002205 -0.000000  0.140273 0.830534 0
0  0.222327 -1.150614 1.804594  0.999998 0.002185 -0.000026  0.140273 0.829800 0
Material_0
0  0.222327 -1.150614 1.804594  0.999998 0.002185 -0.000026  0.140273 0.829800 0
0  0.222327 -0.962692 1.826043  0.999998 0.002205 -0.000000  0.140273 0.830534 0
0  0.222327 -0.939238 2.627952  0.999998 0.002165 0.000013  0.140273 0.830615 0
Material_0
0  0.222327 -0.962692 1.826043  0.999998 0.002205 -0.000000  0.140273 0.830534 0
0  0.222327 -0.783746 2.515060  0.999998 0.002205 -0.000000  0.140273 0.831186 0
0  0.222327 -0.939238 2.627952  0.999998 0.002165 0.000013  0.140273 0.830615 0
Material_0
0  0.222327 -0.783746 2.515060  0.999998 0.002205 -0.000000  0.140273 0.831186 0
0  0.222327 -0.614646 2.726544  0.999998 0.002205 0.000000  0.140273 0.831920 0
0  0.222327 -0.939238 2.627952  0.999998 0.002165 0.000013  0.140273 0.830615 0
Material_0
0  0.222327 -0.939238 2.627952  0.999998 0.002165 0.000013  0.140273 0.830615 0
0  0.222327 -0.614646 2.726544  0.999998 0.002205 0.000000  0.140273 0.831920 0
0  0.222327 -0.736838 2.955715  0.999998 0.002196 -0.000046  0.140273 0.831431 0
Material_0
0  0.222327 -0.736838 2.955715  0.999998 0.002196 -0.000046  0.140273 0.831431 0
0  0.222327 -0.614646 2.726544  0.999998 0.002205 0.000000  0.140273 0.831920 0
0  0.222327 -0.626228 3.023450  0.999998 0.002210 0.000012  0.140273 0.831838 0
Material_0
0  0.222327 -0.614646 2.726544  0.999998 0.002205 0.000000  0.140273 0.831920 0
0  0.222327 -0.346516 2.787882  0.999998 0.002205 -0.000000  0.140273 0.832979 0
0  0.222327 -0.626228 3.023450  0.999998 0.002210 0.000012  0.140273 0.831838 0
Material_0
0  0.222327 -0.626228 3.023450  0.999998 0.002210 0.000012  0.140273 0.831838 0
0  0.222327 -0.346516 2.787882  0.999998 0.002205 -0.000000  0.140273 0.832979 0
0  0.222327 -0.346516 3.030976  0.999998 0.002139 0.000006  0.140273 0.832979 0
Material_0
0  0.222327 -0.346516 3.030976  0.999998 0.002139 0.000006  0.140273 0.832979 0
0  0.222327 -0.346516 2.787882  0.999998 0.002205 -0.000000  0.140273 0.832979 0
0  0.222327 -0.054933 3.072746  0.999998 0.002203 0.000011  0.140273 0.834120 0
Material_0
0  0.222327 -0.346516 2.787882  0.999998 0.002205 -0.000000  0.140273 0.832979 0
0  0.222327 -0.026846 2.750252  0.999998 0.002205 -0.000000  0.140273 0.834202 0
0  0.222327 -0.054933 3.072746  0.999998 0.002203 0.000011  0.140273 0.834120 0
Material_0
0  0.222327 -0.054933 3.072746  0.999998 0.002203 0.000011  0.140273 0.834120 0
0  0.222327 -0.026846 2.750252  0.999998 0.002205 -0.000000  0.140273 0.834202 0
0  0.222327 0.197270 3.324495  0.999997 0.002351 -0.000105  0.140273 0.835098 0
Material_0
0  0.222327 -0.026846 2.750252  0.999998 0.002205 -0.000000  0.140273 0.834202 0
0  0.222327 0.130672 2.630963  0.999998 0.002205 -0.000000  0.140273 0.834854 0
0  0.222327 0.197270 3.324495  0.999997 0.002351 -0.000105  0.140273 0.835098 0
Material_0
0  -0.183310 0.130672 2.630963  -0.999998 0.002205 0.000000  0.145518 0.834854 0
0  -0.183310 -0.026846 2.750252  -0.999998 0.002205 0.000000  0.145518 0.834202 0
0  -0.183310 0.197270 3.324495  -0.999997 0.002331 -0.000150  0.145518 0.835098 0
Material_0
0  -0.183310 -0.026846 2.750252  -0.999998 0.002205 0.000000  0.145518 0.834202 0
0  -0.183310 -0.054933 3.072746  -0.999998 0.002177 -0.000001  0.145518 0.834120 0
0  -0.183310 0.197270 3.324495  -0.999997 0.002331 -0.000150  0.145518 0.835098 0
Material_0
0  -0.183310 -0.054933 3.072746  -0.999998 0.002177 -0.000001  0.145518 0.834120 0
0  -0.091978 -0.059566 3.126558  -0.000169 -0.433063 0.901364  0.144314 0.834120 0
0  -0.183310 0.197270 3.324495  -0.999997 0.002331 -0.000150  0.145518 0.835098 0
Material_0
0  -0.183310 0.197270 3.324495  -0.999997 0.002331 -0.000150  0.145518 0.835098 0
0  -0.091978 -0.059566 3.126558  -0.000169 -0.433063 0.901364  0.144314 0.834120 0
0  -0.091194 0.207405 3.424592  -0.000221 -0.721654 0.692254  0.144314 0.835180 0
Material_0
0  -0.091978 -0.059566 3.126558  -0.000169 -0.433063 0.901364  0.144314 0.834120 0
0  0.130995 -0.059566 3.126558  0.000175 -0.433070 0.901360  0.141477 0.834120 0
0  -0.091194 0.207405 3.424592  -0.000221 -0.721654 0.692254  0.144314 0.835180 0
Material_0
0  -0.091194 0.207405 3.424592  -0.000221 -0.721654 0.692254  0.144314 0.835180 0
0  0.130995 -0.059566 3.126558  0.000175 -0.433070 0.901360  0.141477 0.834120 0
0  0.130146 0.206246 3.424592  0.000185 -0.721665 0.692242  0.141477 0.835180 0
Material_0
0  0.130146 0.206246 3.424592  0.000185 -0.721665 0.692242  0.141477 0.835180 0
0  0.130995 -0.059566 3.126558  0.000175 -0.433070 0.901360  0.141477 0.834120 0
0  0.222327 0.197270 3.324495  0.999997 0.002351 -0.000105  0.140273 0.835098 0
Material_0
0  0.222327 0.197270 3.324495  0.999997 0.002351 -0.000105  0.140273 0.835098 0
0  0.130995 -0.059566 3.126558  0.000175 -0.433070 0.901360  0.141477 0.834120 0
0  0.222327 -0.054933 3.072746  0.999998 0.002203 0.000011  0.140273 0.834120 0
Material_0
0  0.130995 -0.059566 3.126558  0.000175 -0.433070 0.901360  0.141477 0.834120 0
0  0.130995 -0.346516 3.088927  0.000212 -0.072048 0.997401  0.141477 0.832979 0
0  0.222327 -0.054933 3.072746  0.999998 0.002203 0.000011  0.140273 0.834120 0
Material_0
0  0.222327 -0.054933 3.072746  0.999998 0.002203 0.000011  0.140273 0.834120 0
0  0.130995 -0.346516 3.088927  0.000212 -0.072048 0.997401  0.141477 0.832979 0
0  0.222327 -0.346516 3.030976  0.999998 0.002139 0.000006  0.140273 0.832979 0
Material_0
0  0.130995 -0.346516 3.088927  0.000212 -0.072048 0.997401  0.141477 0.832979 0
0  0.130995 -0.628544 3.088927  0.000200 -0.257051 0.966398  0.141477 0.831838 0
0  0.222327 -0.346516 3.030976  0.999998 0.002139 0.000006  0.140273 0.832979 0
Material_0
0  0.222327 -0.346516 3.030976  0.999998 0.002139 0.000006  0.140273 0.832979 0
0  0.130995 -0.628544 3.088927  0.000200 -0.257051 0.966398  0.141477 0.831838 0
0  0.222327 -0.626228 3.023450  0.999998 0.002210 0.000012  0.140273 0.831838 0
Material_0
0  0.130995 -0.628544 3.088927  0.000200 -0.257051 0.966398  0.141477 0.831838 0
0  0.130995 -0.764925 3.008774  0.000204 -0.684338 0.729165  0.141477 0.831268 0
0  0.222327 -0.626228 3.023450  0.999998 0.002210 0.000012  0.140273 0.831838 0
Material_0
0  0.222327 -0.626228 3.023450  0.999998 0.002210 0.000012  0.140273 0.831838 0
0  0.130995 -0.764925 3.008774  0.000204 -0.684338 0.729165  0.141477 0.831268 0
0  0.222327 -0.736838 2.955715  0.999998 0.002196 -0.000046  0.140273 0.831431 0
Material_0
0  0.130995 -0.764925 3.008774  0.000204 -0.684338 0.729165  0.141477 0.831268 0
0  0.130995 -0.990779 2.665583  0.000205 -0.911529 0.411235  0.141477 0.830371 0
0  0.222327 -0.736838 2.955715  0.999998 0.002196 -0.000046  0.140273 0.831431 0
Material_0
0  0.222327 -0.736838 2.955715  0.999998 0.002196 -0.000046  0.140273 0.831431 0
0  0.130995 -0.990779 2.665583  0.000205 -0.911529 0.411235  0.141477 0.830371 0
0  0.222327 -0.939238 2.627952  0.999998 0.002165 0.000013  0.140273 0.830615 0
Material_0
0  0.130995 -0.990779 2.665583  0.000205 -0.911529 0.411235  0.141477 0.830371 0
0  0.130995 -1.218949 1.797821  0.000218 -1.000000 -0.000036  0.141477 0.829474 0
0  0.222327 -0.939238 2.627952  0.999998 0.002165 0.000013  0.140273 0.830615 0
Material_0
0  0.222327 -0.939238 2.627952  0.999998 0.002165 0.000013  0.140273 0.830615 0
0  0.130995 -1.218949 1.797821  0.000218 -1.000000 -0.000036  0.141477 0.829474 0
0  0.222327 -1.150614 1.804594  0.999998 0.002185 -0.000026  0.140273 0.829800 0
Material_0
0  0.130995 -1.218949 1.797821  0.000218 -1.000000 -0.000036  0.141477 0.829474 0
0  0.130995 -1.023788 1.184065  0.000243 -0.776532 -0.630078  0.141477 0.830289 0
0  0.222327 -1.150614 1.804594  0.999998 0.002185 -0.000026  0.140273 0.829800 0
Material_0
0  0.222327 -1.150614 1.804594  0.999998 0.002185 -0.000026  0.140273 0.829800 0
0  0.130995 -1.023788 1.184065  0.000243 -0.776532 -0.630078  0.141477 0.830289 0
0  0.222327 -0.975432 1.243897  0.999998 0.002158 0.000011  0.140273 0.830452 0
Material_0
0  0.130995 -1.023788 1.184065  0.000243 -0.776532 -0.630078  0.141477 0.830289 0
0  0.130995 -0.703829 0.991396  0.000174 -0.498717 -0.866765  0.141477 0.831512 0
0  0.222327 -0.975432 1.243897  0.999998 0.002158 0.000011  0.140273 0.830452 0
Material_0
0  0.222327 -0.975432 1.243897  0.999998 0.002158 0.000011  0.140273 0.830452 0
0  0.130995 -0.703829 0.991396  0.000174 -0.498717 -0.866765  0.141477 0.831512 0
0  0.222327 -0.674004 1.068915  0.999998 0.002183 -0.000022  0.140273 0.831675 0
Material_0
0  0.130995 -0.703829 0.991396  0.000174 -0.498717 -0.866765  0.141477 0.831512 0
0  0.130995 -0.454811 0.850281  0.000163 -0.745396 -0.666622  0.141477 0.832572 0
0  0.222327 -0.674004 1.068915  0.999998 0.002183 -0.000022  0.140273 0.831675 0
Material_0
0  0.222327 -0.674004 1.068915  0.999998 0.002183 -0.000022  0.140273 0.831675 0
0  0.130995 -0.454811 0.850281  0.000163 -0.745396 -0.666622  0.141477 0.832572 0
0  0.222327 -0.435989 0.943605  0.999998 0.002038 -0.000132  0.140273 0.832572 0
Material_0
0  0.222327 -0.435989 0.943605  0.999998 0.002038 -0.000132  0.140273 0.832572 0
0  0.130995 -0.454811 0.850281  0.000163 -0.745396 -0.666622  0.141477 0.832572 0
0  0.130995 -0.384448 0.691480  0.000213 -0.896585 -0.442872  0.141477 0.832816 0
Material_0
0  0.130995 -0.384448 0.691480  0.000213 -0.896585 -0.442872  0.141477 0.832816 0
0  0.130995 -0.454811 0.850281  0.000163 -0.745396 -0.666622  0.141477 0.832572 0
0  -0.091978 -0.384448 0.691480  -0.000211 -0.896582 -0.442877  0.144314 0.832816 0
Material_0
0  -0.091978 -0.384448 0.691480  -0.000211 -0.896582 -0.442877  0.144314 0.832816 0
0  0.130995 -0.454811 0.850281  0.000163 -0.745396 -0.666622  0.141477 0.832572 0
0  -0.091978 -0.454811 0.850281  -0.000191 -0.745412 -0.666604  0.144314 0.832572 0
Material_0
0  0.130995 -0.454811 0.850281  0.000163 -0.745396 -0.666622  0.141477 0.832572 0
0  0.130995 -0.703829 0.991396  0.000174 -0.498717 -0.866765  0.141477 0.831512 0
0  -0.091978 -0.454811 0.850281  -0.000191 -0.745412 -0.666604  0.144314 0.832572 0
Material_0
0  -0.183310 -0.026846 2.750252  -0.999998 0.002205 0.000000  0.145518 0.834202 0
0  -0.183310 -0.346516 2.787882  -0.999998 0.002205 0.000000  0.145518 0.832979 0
0  -0.183310 -0.054933 3.072746  -0.999998 0.002177 -0.000001  0.145518 0.834120 0
Material_0
0  -0.183310 -0.346516 2.787882  -0.999998 0.002205 0.000000  0.145518 0.832979 0
0  -0.183310 -0.346516 3.030976  -0.999998 0.002160 0.000008  0.145518 0.832979 0
0  -0.183310 -0.054933 3.072746  -0.999998 0.002177 -0.000001  0.145518 0.834120 0
Material_0
0  -0.183310 -0.346516 3.030976  -0.999998 0.002160 0.000008  0.145518 0.832979 0
0  -0.091978 -0.346516 3.088927  -0.000177 -0.072050 0.997401  0.144314 0.832979 0
0  -0.183310 -0.054933 3.072746  -0.999998 0.002177 -0.000001  0.145518 0.834120 0
Material_0
0  -0.183310 -0.054933 3.072746  -0.999998 0.002177 -0.000001  0.145518 0.834120 0
0  -0.091978 -0.346516 3.088927  -0.000177 -0.072050 0.997401  0.144314 0.832979 0
0  -0.091978 -0.059566 3.126558  -0.000169 -0.433063 0.901364  0.144314 0.834120 0
Material_0
0  -0.091978 -0.059566 3.126558  -0.000169 -0.433063 0.901364  0.144314 0.834120 0
0  -0.091978 -0.346516 3.088927  -0.000177 -0.072050 0.997401  0.144314 0.832979 0
0  0.130995 -0.059566 3.126558  0.000175 -0.433070 0.901360  0.141477 0.834120 0
Material_0
0  -0.091978 -0.346516 3.088927  -0.000177 -0.072050 0.997401  0.144314 0.832979 0
0  0.130995 -0.346516 3.088927  0.000212 -0.072048 0.997401  0.141477 0.832979 0
0  0.130995 -0.059566 3.126558  0.000175 -0.433070 0.901360  0.141477 0.834120 0
Material_0
0  -0.183310 -0.153672 1.283034  -0.999997 0.002205 0.000000  0.145518 0.833713 0
0  -0.183310 -0.292370 0.727605  -0.999998 0.002152 -0.000008  0.145518 0.833142 0
0  -0.183310 -0.384159 1.202880  -0.999998 0.002205 0.000000  0.145518 0.832816 0
Material_0
0  -0.183310 -0.292370 0.727605  -0.999998 0.002152 -0.000008  0.145518 0.833142 0
0  -0.183310 -0.435989 0.943605  -0.999998 0.002071 -0.000161  0.145518 0.832572 0
0  -0.183310 -0.384159 1.202880  -0.999998 0.002205 0.000000  0.145518 0.832816 0
Material_0
0  -0.183310 -0.384159 1.202880  -0.999998 0.002205 0.000000  0.145518 0.832816 0
0  -0.183310 -0.435989 0.943605  -0.999998 0.002071 -0.000161  0.145518 0.832572 0
0  -0.183310 -0.674004 1.068915  -0.999998 0.002134 0.000006  0.145518 0.831675 0
Material_0
0  -0.183310 -0.435989 0.943605  -0.999998 0.002071 -0.000161  0.145518 0.832572 0
0  -0.091978 -0.454811 0.850281  -0.000191 -0.745412 -0.666604  0.144314 0.832572 0
0  -0.183310 -0.674004 1.068915  -0.999998 0.002134 0.000006  0.145518 0.831675 0
Material_0
0  -0.183310 -0.674004 1.068915  -0.999998 0.002134 0.000006  0.145518 0.831675 0
0  -0.091978 -0.454811 0.850281  -0.000191 -0.745412 -0.666604  0.144314 0.832572 0
0  -0.091978 -0.703829 0.991396  -0.000204 -0.498750 -0.866746  0.144314 0.831512 0
Material_0
0  -0.091978 -0.454811 0.850281  -0.000191 -0.745412 -0.666604  0.144314 0.832572 0
0  0.130995 -0.703829 0.991396  0.000174 -0.498717 -0.866765  0.141477 0.831512 0
0  -0.091978 -0.703829 0.991396  -0.000204 -0.498750 -0.866746  0.144314 0.831512 0
Material_0
0  0.130995 -0.703829 0.991396  0.000174 -0.498717 -0.866765  0.141477 0.831512 0
0  0.130995 -1.023788 1.184065  0.000243 -0.776532 -0.630078  0.141477 0.830289 0
0  -0.091978 -0.703829 0.991396  -0.000204 -0.498750 -0.866746  0.144314 0.831512 0
Material_0
0  0.130995 -1.023788 1.184065  0.000243 -0.776532 -0.630078  0.141477 0.830289 0
0  -0.091978 -1.023788 1.184065  -0.000202 -0.776546 -0.630060  0.144314 0.830289 0
0  -0.091978 -0.703829 0.991396  -0.000204 -0.498750 -0.866746  0.144314 0.831512 0
Material_0
0  -0.091978 -1.023788 1.184065  -0.000202 -0.776546 -0.630060  0.144314 0.830289 0
0  -0.183310 -0.975432 1.243897  -0.999998 0.002186 -0.000029  0.145518 0.830452 0
0  -0.091978 -0.703829 0.991396  -0.000204 -0.498750 -0.866746  0.144314 0.831512 0
Material_0
0  -0.091978 -0.703829 0.991396  -0.000204 -0.498750 -0.866746  0.144314 0.831512 0
0  -0.183310 -0.975432 1.243897  -0.999998 0.002186 -0.000029  0.145518 0.830452 0
0  -0.183310 -0.674004 1.068915  -0.999998 0.002134 0.000006  0.145518 0.831675 0
Material_0
0  -0.183310 -0.975432 1.243897  -0.999998 0.002186 -0.000029  0.145518 0.830452 0
0  -0.183310 -0.610012 1.235995  -0.999998 0.002205 -0.000000  0.145518 0.831920 0
0  -0.183310 -0.674004 1.068915  -0.999998 0.002134 0.000006  0.145518 0.831675 0
Material_0
0  -0.183310 -0.674004 1.068915  -0.999998 0.002134 0.000006  0.145518 0.831675 0
0  -0.183310 -0.610012 1.235995  -0.999998 0.002205 -0.000000  0.145518 0.831920 0
0  -0.183310 -0.384159 1.202880  -0.999998 0.002205 0.000000  0.145518 0.832816 0
Material_0
0  -0.091978 -0.454811 0.850281  -0.000191 -0.745412 -0.666604  0.144314 0.832572 0
0  -0.183310 -0.435989 0.943605  -0.999998 0.002071 -0.000161  0.145518 0.832572 0
0  -0.091978 -0.384448 0.691480  -0.000211 -0.896582 -0.442877  0.144314 0.832816 0
Material_0
0  -0.091978 -0.384448 0.691480  -0.000211 -0.896582 -0.442877  0.144314 0.832816 0
0  -0.183310 -0.435989 0.943605  -0.999998 0.002071 -0.000161  0.145518 0.832572 0
0  -0.183310 -0.292370 0.727605  -0.999998 0.002152 -0.000008  0.145518 0.833142 0
Material_0
0  -0.183310 -0.610012 1.235995  -0.999998 0.002205 -0.000000  0.145518 0.831920 0
0  -0.183310 -0.975432 1.243897  -0.999998 0.002186 -0.000029  0.145518 0.830452 0
0  -0.183310 -0.840209 1.409849  -0.999998 0.002205 0.000000  0.145518 0.831023 0
Material_0
0  -0.183310 -0.840209 1.409849  -0.999998 0.002205 0.000000  0.145518 0.831023 0
0  -0.183310 -0.975432 1.243897  -0.999998 0.002186 -0.000029  0.145518 0.830452 0
0  -0.183310 -1.150614 1.804594  -0.999998 0.002184 0.000039  0.145518 0.829800 0
Material_0
0  -0.183310 -0.975432 1.243897  -0.999998 0.002186 -0.000029  0.145518 0.830452 0
0  -0.091978 -1.023788 1.184065  -0.000202 -0.776546 -0.630060  0.144314 0.830289 0
0  -0.183310 -1.150614 1.804594  -0.999998 0.002184 0.000039  0.145518 0.829800 0
Material_0
0  -0.183310 -0.840209 1.409849  -0.999998 0.002205 0.000000  0.145518 0.831023 0
0  -0.183310 -1.150614 1.804594  -0.999998 0.002184 0.000039  0.145518 0.829800 0
0  -0.183310 -0.962692 1.826043  -0.999998 0.002205 0.000000  0.145518 0.830534 0
Material_0
0  -0.183310 -1.150614 1.804594  -0.999998 0.002184 0.000039  0.145518 0.829800 0
0  -0.183310 -0.939238 2.627952  -0.999998 0.002163 0.000009  0.145518 0.830615 0
0  -0.183310 -0.962692 1.826043  -0.999998 0.002205 0.000000  0.145518 0.830534 0
Material_0
0  -0.183310 -0.962692 1.826043  -0.999998 0.002205 0.000000  0.145518 0.830534 0
0  -0.183310 -0.939238 2.627952  -0.999998 0.002163 0.000009  0.145518 0.830615 0
0  -0.183310 -0.783746 2.515060  -0.999998 0.002205 0.000000  0.145518 0.831186 0
Material_0
0  -0.183310 -0.783746 2.515060  -0.999998 0.002205 0.000000  0.145518 0.831186 0
0  -0.183310 -0.939238 2.627952  -0.999998 0.002163 0.000009  0.145518 0.830615 0
0  -0.183310 -0.614646 2.726544  -0.999998 0.002205 0.000000  0.145518 0.831920 0
Material_0
0  -0.183310 -0.939238 2.627952  -0.999998 0.002163 0.000009  0.145518 0.830615 0
0  -0.183310 -0.736838 2.955715  -0.999998 0.002203 -0.000039  0.145518 0.831431 0
0  -0.183310 -0.614646 2.726544  -0.999998 0.002205 0.000000  0.145518 0.831920 0
Material_0
0  -0.183310 -0.736838 2.955715  -0.999998 0.002203 -0.000039  0.145518 0.831431 0
0  -0.183310 -0.626228 3.023450  -0.999998 0.002153 -0.000006  0.145518 0.831838 0
0  -0.183310 -0.614646 2.726544  -0.999998 0.002205 0.000000  0.145518 0.831920 0
Material_0
0  -0.183310 -0.614646 2.726544  -0.999998 0.002205 0.000000  0.145518 0.831920 0
0  -0.183310 -0.626228 3.023450  -0.999998 0.002153 -0.000006  0.145518 0.831838 0
0  -0.183310 -0.346516 2.787882  -0.999998 0.002205 0.000000  0.145518 0.832979 0
Material_0
0  -0.183310 -0.346516 2.787882  -0.999998 0.002205 0.000000  0.145518 0.832979 0
0  -0.183310 -0.626228 3.023450  -0.999998 0.002153 -0.000006  0.145518 0.831838 0
0  -0.183310 -0.346516 3.030976  -0.999998 0.002160 0.000008  0.145518 0.832979 0
Material_0
0  -0.183310 -0.626228 3.023450  -0.999998 0.002153 -0.000006  0.145518 0.831838 0
0  -0.091978 -0.628544 3.088927  -0.000218 -0.257047 0.966399  0.144314 0.831838 0
0  -0.183310 -0.346516 3.030976  -0.999998 0.002160 0.000008  0.145518 0.832979 0
Material_0
0  -0.183310 -0.346516 3.030976  -0.999998 0.002160 0.000008  0.145518 0.832979 0
0  -0.091978 -0.628544 3.088927  -0.000218 -0.257047 0.966399  0.144314 0.831838 0
0  -0.091978 -0.346516 3.088927  -0.000177 -0.072050 0.997401  0.144314 0.832979 0
Material_0
0  -0.091978 -0.346516 3.088927  -0.000177 -0.072050 0.997401  0.144314 0.832979 0
0  -0.091978 -0.628544 3.088927  -0.000218 -0.257047 0.966399  0.144314 0.831838 0
0  0.130995 -0.346516 3.088927  0.000212 -0.072048 0.997401  0.141477 0.832979 0
Material_0
0  0.130995 -0.346516 3.088927  0.000212 -0.072048 0.997401  0.141477 0.832979 0
0  -0.091978 -0.628544 3.088927  -0.000218 -0.257047 0.966399  0.144314 0.831838 0
0  0.130995 -0.628544 3.088927  0.000200 -0.257051 0.966398  0.141477 0.831838 0
Material_0
0  -0.091978 -0.628544 3.088927  -0.000218 -0.257047 0.966399  0.144314 0.831838 0
0  -0.091978 -0.764925 3.008774  -0.000238 -0.684369 0.729135  0.144314 0.831268 0
0  0.130995 -0.628544 3.088927  0.000200 -0.257051 0.966398  0.141477 0.831838 0
Material_0
0  0.130995 -0.628544 3.088927  0.000200 -0.257051 0.966398  0.141477 0.831838 0
0  -0.091978 -0.764925 3.008774  -0.000238 -0.684369 0.729135  0.144314 0.831268 0
0  0.130995 -0.764925 3.008774  0.000204 -0.684338 0.729165  0.141477 0.831268 0
Material_0
0  -0.091978 -0.764925 3.008774  -0.000238 -0.684369 0.729135  0.144314 0.831268 0
0  -0.091978 -0.990779 2.665583  -0.000230 -0.911528 0.411237  0.144314 0.830371 0
0  0.130995 -0.764925 3.008774  0.000204 -0.684338 0.729165  0.141477 0.831268 0
Material_0
0  0.130995 -0.764925 3.008774  0.000204 -0.684338 0.729165  0.141477 0.831268 0
0  -0.091978 -0.990779 2.665583  -0.000230 -0.911528 0.411237  0.144314 0.830371 0
0  0.130995 -0.990779 2.665583  0.000205 -0.911529 0.411235  0.141477 0.830371 0
Material_0
0  -0.091978 -0.990779 2.665583  -0.000230 -0.911528 0.411237  0.144314 0.830371 0
0  -0.091978 -1.218949 1.797821  -0.000241 -1.000000 -0.000010  0.144314 0.829474 0
0  0.130995 -0.990779 2.665583  0.000205 -0.911529 0.411235  0.141477 0.830371 0
Material_0
0  0.130995 -0.990779 2.665583  0.000205 -0.911529 0.411235  0.141477 0.830371 0
0  -0.091978 -1.218949 1.797821  -0.000241 -1.000000 -0.000010  0.144314 0.829474 0
0  0.130995 -1.218949 1.797821  0.000218 -1.000000 -0.000036  0.141477 0.829474 0
Material_0
0  0.130995 -1.218949 1.797821  0.000218 -1.000000 -0.000036  0.141477 0.829474 0
0  -0.091978 -1.218949 1.797821  -0.000241 -1.000000 -0.000010  0.144314 0.829474 0
0  0.130995 -1.023788 1.184065  0.000243 -0.776532 -0.630078  0.141477 0.830289 0
Material_0
0  0.130995 -1.023788 1.184065  0.000243 -0.776532 -0.630078  0.141477 0.830289 0
0  -0.091978 -1.218949 1.797821  -0.000241 -1.000000 -0.000010  0.144314 0.829474 0
0  -0.091978 -1.023788 1.184065  -0.000202 -0.776546 -0.630060  0.144314 0.830289 0
Material_0
0  -0.091978 -1.023788 1.184065  -0.000202 -0.776546 -0.630060  0.144314 0.830289 0
0  -0.091978 -1.218949 1.797821  -0.000241 -1.000000 -0.000010  0.144314 0.829474 0
0  -0.183310 -1.150614 1.804594  -0.999998 0.002184 0.000039  0.145518 0.829800 0
Material_0
0  -0.183310 -1.150614 1.804594  -0.999998 0.002184 0.000039  0.145518 0.829800 0
0  -0.091978 -1.218949 1.797821  -0.000241 -1.000000 -0.000010  0.144314 0.829474 0
0  -0.183310 -0.939238 2.627952  -0.999998 0.002163 0.000009  0.145518 0.830615 0
Material_0
0  -0.091978 -1.218949 1.797821  -0.000241 -1.000000 -0.000010  0.144314 0.829474 0
0  -0.091978 -0.990779 2.665583  -0.000230 -0.911528 0.411237  0.144314 0.830371 0
0  -0.183310 -0.939238 2.627952  -0.999998 0.002163 0.000009  0.145518 0.830615 0
Material_0
0  -0.183310 -0.939238 2.627952  -0.999998 0.002163 0.000009  0.145518 0.830615 0
0  -0.091978 -0.990779 2.665583  -0.000230 -0.911528 0.411237  0.144314 0.830371 0
0  -0.183310 -0.736838 2.955715  -0.999998 0.002203 -0.000039  0.145518 0.831431 0
Material_0
0  -0.091978 -0.990779 2.665583  -0.000230 -0.911528 0.411237  0.144314 0.830371 0
0  -0.091978 -0.764925 3.008774  -0.000238 -0.684369 0.729135  0.144314 0.831268 0
0  -0.183310 -0.736838 2.955715  -0.999998 0.002203 -0.000039  0.145518 0.831431 0
Material_0
0  -0.183310 -0.736838 2.955715  -0.999998 0.002203 -0.000039  0.145518 0.831431 0
0  -0.091978 -0.764925 3.008774  -0.000238 -0.684369 0.729135  0.144314 0.831268 0
0  -0.183310 -0.626228 3.023450  -0.999998 0.002153 -0.000006  0.145518 0.831838 0
Material_0
0  -0.091978 -0.764925 3.008774  -0.000238 -0.684369 0.729135  0.144314 0.831268 0
0  -0.091978 -0.628544 3.088927  -0.000218 -0.257047 0.966399  0.144314 0.831838 0
0  -0.183310 -0.626228 3.023450  -0.999998 0.002153 -0.000006  0.145518 0.831838 0
Material_0
0  0.261590 -2.943546 -1.477173  -0.000005 -0.991989 -0.126323  0.139843 0.823687 0
0  0.361938 -2.972791 -1.236713  -0.000001 -0.991984 -0.126361  0.138554 0.823524 0
0  0.019475 -2.931385 -1.576894  -0.000000 -0.991987 -0.126338  0.142853 0.823687 0
Material_0
0  0.361938 -2.972791 -1.236713  -0.000001 -0.991984 -0.126361  0.138554 0.823524 0
0  -0.322987 -2.972791 -1.236713  0.000001 -0.991984 -0.126361  0.147237 0.823524 0
0  0.019475 -2.931385 -1.576894  -0.000000 -0.991987 -0.126338  0.142853 0.823687 0
Material_0
0  0.019475 -2.931385 -1.576894  -0.000000 -0.991987 -0.126338  0.142853 0.823687 0
0  -0.322987 -2.972791 -1.236713  0.000001 -0.991984 -0.126361  0.147237 0.823524 0
0  -0.222639 -2.943546 -1.477173  0.000003 -0.991984 -0.126365  0.145948 0.823687 0
Material_0
0  -0.222639 -3.002326 -0.996630  0.000014 -0.991986 -0.126350  0.145948 0.823443 0
0  -0.322987 -2.972791 -1.236713  0.000001 -0.991984 -0.126361  0.147237 0.823524 0
0  0.019476 -3.014197 -0.896909  -0.000001 -0.991984 -0.126360  0.142853 0.823361 0
Material_0
0  -0.322987 -2.972791 -1.236713  0.000001 -0.991984 -0.126361  0.147237 0.823524 0
0  0.361938 -2.972791 -1.236713  -0.000001 -0.991984 -0.126361  0.138554 0.823524 0
0  0.019476 -3.014197 -0.896909  -0.000001 -0.991984 -0.126360  0.142853 0.823361 0
Material_0
0  0.019476 -3.014197 -0.896909  -0.000001 -0.991984 -0.126360  0.142853 0.823361 0
0  0.361938 -2.972791 -1.236713  -0.000001 -0.991984 -0.126361  0.138554 0.823524 0
0  0.261590 -3.002326 -0.996630  -0.000014 -0.991986 -0.126348  0.139843 0.823443 0
Material_0
0  0.132955 -3.138707 -1.371431  -0.000014 -0.991982 -0.126380  0.141563 0.533363 0
0  0.179993 -3.152606 -1.258539  0.000004 -0.991987 -0.126344  0.139156 0.532956 0
0  0.019476 -3.133205 -1.418093  -0.000000 -0.991985 -0.126359  0.147581 0.533526 0
Material_0
0  0.019476 -3.133205 -1.418093  -0.000000 -0.991985 -0.126359  0.147581 0.533526 0
0  0.179993 -3.152606 -1.258539  0.000004 -0.991987 -0.126344  0.139156 0.532956 0
0  -0.140976 -3.152606 -1.258539  -0.000003 -0.991987 -0.126344  0.156007 0.532956 0
Material_0
0  0.179993 -3.152606 -1.258539  0.000004 -0.991987 -0.126344  0.139156 0.532956 0
0  0.019476 -3.172006 -1.099361  -0.000000 -0.991989 -0.126323  0.147581 0.532385 0
0  -0.140976 -3.152606 -1.258539  -0.000003 -0.991987 -0.126344  0.156007 0.532956 0
Material_0
0  -0.140976 -3.152606 -1.258539  -0.000003 -0.991987 -0.126344  0.156007 0.532956 0
0  0.019476 -3.172006 -1.099361  -0.000000 -0.991989 -0.126323  0.147581 0.532385 0
0  -0.094004 -3.166215 -1.146023  -0.000007 -0.991985 -0.126358  0.153514 0.532548 0
Material_0
0  0.019476 -3.133205 -1.418093  -0.000000 -0.991985 -0.126359  0.147581 0.533526 0
0  -0.140976 -3.152606 -1.258539  -0.000003 -0.991987 -0.126344  0.156007 0.532956 0
0  -0.094004 -3.138707 -1.371431  -0.000047 -0.991991 -0.126305  0.153514 0.533363 0
Material_0
0  0.132955 -3.166215 -1.146023  0.000013 -0.991984 -0.126361  0.141563 0.532548 0
0  0.019476 -3.172006 -1.099361  -0.000000 -0.991989 -0.126323  0.147581 0.532385 0
0  0.179993 -3.152606 -1.258539  0.000004 -0.991987 -0.126344  0.139156 0.532956 0
Material_0
0  0.463919 1.984122 1.653319  -0.000124 0.002273 -0.999997  0.791981 0.842189 0
0  0.384412 1.808651 1.678531  0.974334 -0.223321 -0.028318  0.792927 0.841537 0
0  0.341228 1.810678 1.653319  -0.000008 0.002181 -0.999998  0.793529 0.841537 0
Material_0
0  0.341228 1.810678 1.653319  -0.000008 0.002181 -0.999998  0.793529 0.841537 0
0  0.384412 1.808651 1.678531  0.974334 -0.223321 -0.028318  0.792927 0.841537 0
0  0.383824 1.609146 1.653319  -0.000100 0.002094 -0.999998  0.792927 0.840722 0
Material_0
0  0.384412 1.808651 1.678531  0.974334 -0.223321 -0.028318  0.792927 0.841537 0
0  0.416881 1.624783 1.678531  0.831733 0.554250 -0.032048  0.792583 0.840804 0
0  0.383824 1.609146 1.653319  -0.000100 0.002094 -0.999998  0.792927 0.840722 0
Material_0
0  0.416881 1.624783 1.678531  0.831733 0.554250 -0.032048  0.792583 0.840804 0
0  0.569950 1.517647 1.678531  0.216905 0.976186 -0.003576  0.790605 0.840396 0
0  0.383824 1.609146 1.653319  -0.000100 0.002094 -0.999998  0.792927 0.840722 0
Material_0
0  0.383824 1.609146 1.653319  -0.000100 0.002094 -0.999998  0.792927 0.840722 0
0  0.569950 1.517647 1.678531  0.216905 0.976186 -0.003576  0.790605 0.840396 0
0  0.559693 1.489849 1.653319  -0.000039 0.002019 -0.999998  0.790691 0.840233 0
Material_0
0  0.569950 1.517647 1.678531  0.216905 0.976186 -0.003576  0.790605 0.840396 0
0  0.753986 1.550077 1.678531  -0.545280 0.838252 0.002025  0.788284 0.840478 0
0  0.559693 1.489849 1.653319  -0.000039 0.002019 -0.999998  0.790691 0.840233 0
Material_0
0  0.559693 1.489849 1.653319  -0.000039 0.002019 -0.999998  0.790691 0.840233 0
0  0.753986 1.550077 1.678531  -0.545280 0.838252 0.002025  0.788284 0.840478 0
0  0.767118 1.521701 1.653319  0.000119 0.002053 -0.999998  0.788112 0.840396 0
Material_0
0  0.753986 1.550077 1.678531  -0.545280 0.838252 0.002025  0.788284 0.840478 0
0  0.861128 1.702963 1.678531  -0.974704 0.218903 -0.045104  0.786909 0.841130 0
0  0.767118 1.521701 1.653319  0.000119 0.002053 -0.999998  0.788112 0.840396 0
Material_0
0  0.767118 1.521701 1.653319  0.000119 0.002053 -0.999998  0.788112 0.840396 0
0  0.861128 1.702963 1.678531  -0.974704 0.218903 -0.045104  0.786909 0.841130 0
0  0.889939 1.696593 1.653319  0.000162 0.002141 -0.999998  0.786479 0.841048 0
Material_0
0  0.861128 1.702963 1.678531  -0.974704 0.218903 -0.045104  0.786909 0.841130 0
0  0.828659 1.887121 1.678531  -0.844233 -0.535965 -0.003636  0.787338 0.841863 0
0  0.889939 1.696593 1.653319  0.000162 0.002141 -0.999998  0.786479 0.841048 0
Material_0
0  0.889939 1.696593 1.653319  0.000162 0.002141 -0.999998  0.786479 0.841048 0
0  0.828659 1.887121 1.678531  -0.844233 -0.535965 -0.003636  0.787338 0.841863 0
0  0.856555 1.904494 1.653319  0.000109 0.002324 -0.999997  0.786909 0.841945 0
Material_0
0  0.828659 1.887121 1.678531  -0.844233 -0.535965 -0.003636  0.787338 0.841863 0
0  0.675655 1.994256 1.678531  -0.213673 -0.976186 -0.037467  0.789230 0.842271 0
0  0.856555 1.904494 1.653319  0.000109 0.002324 -0.999997  0.786909 0.841945 0
Material_0
0  0.856555 1.904494 1.653319  0.000109 0.002324 -0.999997  0.786909 0.841945 0
0  0.675655 1.994256 1.678531  -0.213673 -0.976186 -0.037467  0.789230 0.842271 0
0  0.684540 2.027555 1.653319  0.000046 0.002352 -0.999997  0.789144 0.842352 0
Material_0
0  0.675655 1.994256 1.678531  -0.213673 -0.976186 -0.037467  0.789230 0.842271 0
0  0.491554 1.961826 1.678531  0.518364 -0.854633 -0.030020  0.791551 0.842108 0
0  0.684540 2.027555 1.653319  0.000046 0.002352 -0.999997  0.789144 0.842352 0
Material_0
0  0.684540 2.027555 1.653319  0.000046 0.002352 -0.999997  0.789144 0.842352 0
0  0.491554 1.961826 1.678531  0.518364 -0.854633 -0.030020  0.791551 0.842108 0
0  0.463919 1.984122 1.653319  -0.000124 0.002273 -0.999997  0.791981 0.842189 0
Material_0
0  0.491554 1.961826 1.678531  0.518364 -0.854633 -0.030020  0.791551 0.842108 0
0  0.384412 1.808651 1.678531  0.974334 -0.223321 -0.028318  0.792927 0.841537 0
0  0.463919 1.984122 1.653319  -0.000124 0.002273 -0.999997  0.791981 0.842189 0
Material_0
0  -0.141499 1.552393 1.678531  -0.430919 -0.902320 0.011337  0.144916 0.840478 0
0  -0.328017 1.561949 3.610864  0.340602 -0.939526 0.035799  0.147323 0.840559 0
0  -0.328018 1.561949 1.678531  0.340596 -0.939529 0.035773  0.147323 0.840559 0
Material_0
0  -0.328018 1.561949 1.678531  0.340596 -0.939529 0.035773  0.147323 0.840559 0
0  -0.328017 1.561949 3.610864  0.340602 -0.939526 0.035799  0.147323 0.840559 0
0  -0.466910 1.437150 1.678531  0.901382 -0.433009 -0.003720  0.149129 0.840070 0
Material_0
0  -0.328017 1.561949 3.610864  0.340602 -0.939526 0.035799  0.147323 0.840559 0
0  -0.466910 1.437150 3.610864  0.901392 -0.432989 -0.003682  0.149129 0.840070 0
0  -0.466910 1.437150 1.678531  0.901382 -0.433009 -0.003720  0.149129 0.840070 0
Material_0
0  -0.466910 1.437150 1.678531  0.901382 -0.433009 -0.003720  0.149129 0.840070 0
0  -0.466910 1.437150 3.610864  0.901392 -0.432989 -0.003682  0.149129 0.840070 0
0  -0.476710 1.250386 1.678531  0.943180 0.332277 -0.001805  0.149215 0.839337 0
Material_0
0  -0.466910 1.437150 3.610864  0.901392 -0.432989 -0.003682  0.149129 0.840070 0
0  -0.476709 1.250386 3.610864  0.943179 0.332279 -0.001803  0.149215 0.839337 0
0  -0.476710 1.250386 1.678531  0.943180 0.332277 -0.001805  0.149215 0.839337 0
Material_0
0  -0.476710 1.250386 1.678531  0.943180 0.332277 -0.001805  0.149215 0.839337 0
0  -0.476709 1.250386 3.610864  0.943179 0.332279 -0.001803  0.149215 0.839337 0
0  -0.351667 1.111689 1.678531  0.431002 0.902319 -0.007511  0.147667 0.838766 0
Material_0
0  -0.476709 1.250386 3.610864  0.943179 0.332279 -0.001803  0.149215 0.839337 0
0  -0.351667 1.111689 3.610864  0.430999 0.902321 -0.007511  0.147667 0.838766 0
0  -0.351667 1.111689 1.678531  0.431002 0.902319 -0.007511  0.147667 0.838766 0
Material_0
0  -0.351667 1.111689 1.678531  0.431002 0.902319 -0.007511  0.147667 0.838766 0
0  -0.351667 1.111689 3.610864  0.430999 0.902321 -0.007511  0.147667 0.838766 0
0  -0.165083 1.101844 1.678531  -0.334234 0.942488 0.001822  0.145260 0.838685 0
Material_0
0  -0.351667 1.111689 3.610864  0.430999 0.902321 -0.007511  0.147667 0.838766 0
0  -0.165083 1.101844 3.610864  -0.334234 0.942489 0.001821  0.145260 0.838685 0
0  -0.165083 1.101844 1.678531  -0.334234 0.942488 0.001822  0.145260 0.838685 0
Material_0
0  -0.165083 1.101844 3.610864  -0.334234 0.942489 0.001821  0.145260 0.838685 0
0  -0.026256 1.226932 3.610864  -0.903040 0.429556 -0.000000  0.143454 0.839174 0
0  -0.165083 1.101844 1.678531  -0.334234 0.942488 0.001822  0.145260 0.838685 0
Material_0
0  -0.165083 1.101844 1.678531  -0.334234 0.942488 0.001822  0.145260 0.838685 0
0  -0.026256 1.226932 3.610864  -0.903040 0.429556 -0.000000  0.143454 0.839174 0
0  -0.026256 1.226932 1.678531  -0.903168 0.429288 0.000000  0.143454 0.839174 0
Material_0
0  -0.026256 1.226932 3.610864  -0.903040 0.429556 -0.000000  0.143454 0.839174 0
0  -0.016456 1.413406 3.610864  -0.943743 -0.328064 0.041500  0.143368 0.839989 0
0  -0.026256 1.226932 1.678531  -0.903168 0.429288 0.000000  0.143454 0.839174 0
Material_0
0  -0.026256 1.226932 1.678531  -0.903168 0.429288 0.000000  0.143454 0.839174 0
0  -0.016456 1.413406 3.610864  -0.943743 -0.328064 0.041500  0.143368 0.839989 0
0  -0.016456 1.413406 1.678531  -0.943740 -0.328073 0.041500  0.143368 0.839989 0
Material_0
0  -0.016456 1.413406 3.610864  -0.943743 -0.328064 0.041500  0.143368 0.839989 0
0  -0.141499 1.552393 3.610864  -0.430921 -0.902318 0.011337  0.144916 0.840478 0
0  -0.016456 1.413406 1.678531  -0.943740 -0.328073 0.041500  0.143368 0.839989 0
Material_0
0  -0.016456 1.413406 1.678531  -0.943740 -0.328073 0.041500  0.143368 0.839989 0
0  -0.141499 1.552393 3.610864  -0.430921 -0.902318 0.011337  0.144916 0.840478 0
0  -0.141499 1.552393 1.678531  -0.430919 -0.902320 0.011337  0.144916 0.840478 0
Material_0
0  -0.141499 1.552393 3.610864  -0.430921 -0.902318 0.011337  0.144916 0.840478 0
0  -0.328017 1.561949 3.610864  0.340602 -0.939526 0.035799  0.147323 0.840559 0
0  -0.141499 1.552393 1.678531  -0.430919 -0.902320 0.011337  0.144916 0.840478 0
Material_0
0  0.070891 1.227222 1.678531  0.898238 0.436974 -0.047145  0.142251 0.839255 0
0  0.059523 1.413696 1.678531  0.947211 -0.319810 -0.022645  0.142423 0.839989 0
0  0.059523 1.413696 3.610864  0.947213 -0.319806 -0.022637  0.142423 0.839989 0
Material_0
0  0.059523 1.413696 1.678531  0.947211 -0.319810 -0.022645  0.142423 0.839989 0
0  0.183324 1.553552 1.678531  0.446753 -0.894655 0.001886  0.140789 0.840478 0
0  0.059523 1.413696 3.610864  0.947213 -0.319806 -0.022637  0.142423 0.839989 0
Material_0
0  0.059523 1.413696 3.610864  0.947213 -0.319806 -0.022637  0.142423 0.839989 0
0  0.183324 1.553552 1.678531  0.446753 -0.894655 0.001886  0.140789 0.840478 0
0  0.183325 1.553551 3.610864  0.446785 -0.894639 0.001894  0.140789 0.840478 0
Material_0
0  0.183324 1.553552 1.678531  0.446753 -0.894655 0.001886  0.140789 0.840478 0
0  0.369843 1.565134 1.678531  -0.336035 -0.941017 -0.039608  0.138468 0.840559 0
0  0.183325 1.553551 3.610864  0.446785 -0.894639 0.001894  0.140789 0.840478 0
Material_0
0  0.183325 1.553551 3.610864  0.446785 -0.894639 0.001894  0.140789 0.840478 0
0  0.369843 1.565134 1.678531  -0.336035 -0.941017 -0.039608  0.138468 0.840559 0
0  0.369843 1.565134 3.610864  -0.336029 -0.941018 -0.039611  0.138468 0.840559 0
Material_0
0  0.369843 1.565134 1.678531  -0.336035 -0.941017 -0.039608  0.138468 0.840559 0
0  0.509781 1.441204 1.678531  -0.901305 -0.433169 -0.003685  0.136662 0.840070 0
0  0.369843 1.565134 3.610864  -0.336029 -0.941018 -0.039611  0.138468 0.840559 0
Material_0
0  0.369843 1.565134 3.610864  -0.336029 -0.941018 -0.039611  0.138468 0.840559 0
0  0.509781 1.441204 1.678531  -0.901305 -0.433169 -0.003685  0.136662 0.840070 0
0  0.509781 1.441204 3.610864  -0.901352 -0.433070 -0.003754  0.136662 0.840070 0
Material_0
0  0.509781 1.441204 1.678531  -0.901305 -0.433169 -0.003685  0.136662 0.840070 0
0  0.521214 1.254730 1.678531  -0.944674 0.328005 0.001837  0.136490 0.839337 0
0  0.509781 1.441204 3.610864  -0.901352 -0.433070 -0.003754  0.136662 0.840070 0
Material_0
0  0.509781 1.441204 3.610864  -0.901352 -0.433070 -0.003754  0.136662 0.840070 0
0  0.521214 1.254730 1.678531  -0.944674 0.328005 0.001837  0.136490 0.839337 0
0  0.521214 1.254730 3.610864  -0.944653 0.328066 0.001883  0.136490 0.839337 0
Material_0
0  0.521214 1.254730 3.610864  -0.944653 0.328066 0.001883  0.136490 0.839337 0
0  0.521214 1.254730 1.678531  -0.944674 0.328005 0.001837  0.136490 0.839337 0
0  0.397413 1.114874 3.610864  -0.438535 0.898517 -0.018835  0.138124 0.838766 0
Material_0
0  0.521214 1.254730 1.678531  -0.944674 0.328005 0.001837  0.136490 0.839337 0
0  0.397413 1.114874 1.678531  -0.438534 0.898517 -0.018835  0.138124 0.838766 0
0  0.397413 1.114874 3.610864  -0.438535 0.898517 -0.018835  0.138124 0.838766 0
Material_0
0  0.397413 1.114874 3.610864  -0.438535 0.898517 -0.018835  0.138124 0.838766 0
0  0.397413 1.114874 1.678531  -0.438534 0.898517 -0.018835  0.138124 0.838766 0
0  0.210829 1.103292 3.610864  0.325093 0.945368 -0.024364  0.140445 0.838685 0
Material_0
0  0.397413 1.114874 1.678531  -0.438534 0.898517 -0.018835  0.138124 0.838766 0
0  0.210829 1.103292 1.678531  0.325093 0.945368 -0.024364  0.140445 0.838685 0
0  0.210829 1.103292 3.610864  0.325093 0.945368 -0.024364  0.140445 0.838685 0
Material_0
0  0.210829 1.103292 3.610864  0.325093 0.945368 -0.024364  0.140445 0.838685 0
0  0.210829 1.103292 1.678531  0.325093 0.945368 -0.024364  0.140445 0.838685 0
0  0.070891 1.227222 3.610864  0.898239 0.436976 -0.047103  0.142251 0.839255 0
Material_0
0  0.210829 1.103292 1.678531  0.325093 0.945368 -0.024364  0.140445 0.838685 0
0  0.070891 1.227222 1.678531  0.898238 0.436974 -0.047145  0.142251 0.839255 0
0  0.070891 1.227222 3.610864  0.898239 0.436976 -0.047103  0.142251 0.839255 0
Material_0
0  0.070891 1.227222 3.610864  0.898239 0.436976 -0.047103  0.142251 0.839255 0
0  0.070891 1.227222 1.678531  0.898238 0.436974 -0.047145  0.142251 0.839255 0
0  0.059523 1.413696 3.610864  0.947213 -0.319806 -0.022637  0.142423 0.839989 0
Material_0
0  -0.543412 2.696430 3.270307  0.169634 0.954896 -0.243715  0.150075 0.845042 0
0  -0.455804 2.738416 3.335784  -0.171676 0.721568 -0.670721  0.148957 0.845205 0
0  -0.447507 2.679346 3.270307  -0.132231 0.931812 -0.337997  0.148871 0.844961 0
Material_0
0  -0.455804 2.738416 3.335784  -0.171676 0.721568 -0.670721  0.148957 0.845205 0
0  -0.356567 2.786482 3.335407  -0.460830 0.583162 -0.668997  0.147667 0.845450 0
0  -0.447507 2.679346 3.270307  -0.132231 0.931812 -0.337997  0.148871 0.844961 0
Material_0
0  -0.447507 2.679346 3.270307  -0.132231 0.931812 -0.337997  0.148871 0.844961 0
0  -0.356567 2.786482 3.335407  -0.460830 0.583162 -0.668997  0.147667 0.845450 0
0  -0.315539 2.743917 3.270307  -0.654033 0.677936 -0.335624  0.147151 0.845287 0
Material_0
0  -0.356567 2.786482 3.335407  -0.460830 0.583162 -0.668997  0.147667 0.845450 0
0  -0.270984 2.827599 3.270307  -0.856652 0.456511 -0.240301  0.146636 0.845613 0
0  -0.315539 2.743917 3.270307  -0.654033 0.677936 -0.335624  0.147151 0.845287 0
Material_0
0  -0.270984 2.827599 3.270307  -0.856652 0.456511 -0.240301  0.146636 0.845613 0
0  -0.270984 2.827599 2.235841  -0.859648 0.456566 0.229245  0.146636 0.845613 0
0  -0.315539 2.743917 3.270307  -0.654033 0.677936 -0.335624  0.147151 0.845287 0
Material_0
0  -0.315539 2.743917 3.270307  -0.654033 0.677936 -0.335624  0.147151 0.845287 0
0  -0.270984 2.827599 2.235841  -0.859648 0.456566 0.229245  0.146636 0.845613 0
0  -0.315540 2.743917 2.235841  -0.661475 0.684342 0.306801  0.147151 0.845287 0
Material_0
0  -0.270984 2.827599 2.235841  -0.859648 0.456566 0.229245  0.146636 0.845613 0
0  -0.356567 2.786482 2.160203  -0.482862 0.625109 0.613256  0.147667 0.845450 0
0  -0.315540 2.743917 2.235841  -0.661475 0.684342 0.306801  0.147151 0.845287 0
Material_0
0  -0.315540 2.743917 2.235841  -0.661475 0.684342 0.306801  0.147151 0.845287 0
0  -0.356567 2.786482 2.160203  -0.482862 0.625109 0.613256  0.147667 0.845450 0
0  -0.447507 2.679346 2.235841  -0.135025 0.941044 0.310168  0.148871 0.844961 0
Material_0
0  -0.356567 2.786482 2.160203  -0.482862 0.625109 0.613256  0.147667 0.845450 0
0  -0.455804 2.738415 2.159827  -0.189494 0.762628 0.618458  0.148957 0.845205 0
0  -0.447507 2.679346 2.235841  -0.135025 0.941044 0.310168  0.148871 0.844961 0
Material_0
0  -0.455804 2.738415 2.159827  -0.189494 0.762628 0.618458  0.148957 0.845205 0
0  -0.543412 2.696430 2.235841  0.168383 0.958707 0.229191  0.150075 0.845042 0
0  -0.447507 2.679346 2.235841  -0.135025 0.941044 0.310168  0.148871 0.844961 0
Material_0
0  -0.543412 2.696430 2.235841  0.168383 0.958707 0.229191  0.150075 0.845042 0
0  -0.543412 2.696430 3.270307  0.169634 0.954896 -0.243715  0.150075 0.845042 0
0  -0.447507 2.679346 2.235841  -0.135025 0.941044 0.310168  0.148871 0.844961 0
Material_0
0  -0.543412 2.696430 3.270307  0.169634 0.954896 -0.243715  0.150075 0.845042 0
0  -0.447507 2.679346 3.270307  -0.132231 0.931812 -0.337997  0.148871 0.844961 0
0  -0.447507 2.679346 2.235841  -0.135025 0.941044 0.310168  0.148871 0.844961 0
Material_0
0  -0.447507 2.679346 2.235841  -0.135025 0.941044 0.310168  0.148871 0.844961 0
0  -0.447507 2.679346 3.270307  -0.132231 0.931812 -0.337997  0.148871 0.844961 0
0  -0.315540 2.743917 2.235841  -0.661475 0.684342 0.306801  0.147151 0.845287 0
Material_0
0  -0.447507 2.679346 3.270307  -0.132231 0.931812 -0.337997  0.148871 0.844961 0
0  -0.315539 2.743917 3.270307  -0.654033 0.677936 -0.335624  0.147151 0.845287 0
0  -0.315540 2.743917 2.235841  -0.661475 0.684342 0.306801  0.147151 0.845287 0
Material_0
0  -0.895282 2.245880 3.270307  -0.891353 -0.385243 -0.238910  0.154545 0.843249 0
0  -0.895283 2.245880 2.235841  -0.892471 -0.389227 0.228032  0.154545 0.843249 0
0  -0.857587 2.159303 2.235841  -0.946561 -0.089503 0.309858  0.154030 0.842923 0
Material_0
0  -0.895283 2.245880 2.235841  -0.892471 -0.389227 0.228032  0.154545 0.843249 0
0  -0.916384 2.153512 2.160203  -0.787137 0.010924 0.616682  0.154803 0.842923 0
0  -0.857587 2.159303 2.235841  -0.946561 -0.089503 0.309858  0.154030 0.842923 0
Material_0
0  -0.916384 2.153512 2.160203  -0.787137 0.010924 0.616682  0.154803 0.842923 0
0  -0.940883 2.046087 2.159827  -0.717687 0.323941 0.616432  0.155147 0.842434 0
0  -0.857587 2.159303 2.235841  -0.946561 -0.089503 0.309858  0.154030 0.842923 0
Material_0
0  -0.857587 2.159303 2.235841  -0.946561 -0.089503 0.309858  0.154030 0.842923 0
0  -0.940883 2.046087 2.159827  -0.717687 0.323941 0.616432  0.155147 0.842434 0
0  -0.889403 2.015973 2.235841  -0.819337 0.483404 0.308233  0.154459 0.842352 0
Material_0
0  -0.940883 2.046087 2.159827  -0.717687 0.323941 0.616432  0.155147 0.842434 0
0  -0.962573 1.951112 2.235841  -0.646249 0.730641 0.220286  0.155405 0.842108 0
0  -0.889403 2.015973 2.235841  -0.819337 0.483404 0.308233  0.154459 0.842352 0
Material_0
0  -0.962573 1.951112 2.235841  -0.646249 0.730641 0.220286  0.155405 0.842108 0
0  -0.962573 1.951112 3.270307  -0.644003 0.727638 -0.236226  0.155405 0.842108 0
0  -0.889403 2.015973 2.235841  -0.819337 0.483404 0.308233  0.154459 0.842352 0
Material_0
0  -0.889403 2.015973 2.235841  -0.819337 0.483404 0.308233  0.154459 0.842352 0
0  -0.962573 1.951112 3.270307  -0.644003 0.727638 -0.236226  0.155405 0.842108 0
0  -0.889403 2.015973 3.270307  -0.810469 0.479683 -0.336220  0.154459 0.842352 0
Material_0
0  -0.962573 1.951112 3.270307  -0.644003 0.727638 -0.236226  0.155405 0.842108 0
0  -0.940883 2.046087 3.335784  -0.672325 0.315734 -0.669545  0.155147 0.842434 0
0  -0.889403 2.015973 3.270307  -0.810469 0.479683 -0.336220  0.154459 0.842352 0
Material_0
0  -0.940883 2.046087 3.335784  -0.672325 0.315734 -0.669545  0.155147 0.842434 0
0  -0.916384 2.153512 3.335407  -0.743457 0.006542 -0.668752  0.154803 0.842923 0
0  -0.889403 2.015973 3.270307  -0.810469 0.479683 -0.336220  0.154459 0.842352 0
Material_0
0  -0.889403 2.015973 3.270307  -0.810469 0.479683 -0.336220  0.154459 0.842352 0
0  -0.916384 2.153512 3.335407  -0.743457 0.006542 -0.668752  0.154803 0.842923 0
0  -0.857587 2.159303 3.270307  -0.937950 -0.089481 -0.335026  0.154030 0.842923 0
Material_0
0  -0.916384 2.153512 3.335407  -0.743457 0.006542 -0.668752  0.154803 0.842923 0
0  -0.895282 2.245880 3.270307  -0.891353 -0.385243 -0.238910  0.154545 0.843249 0
0  -0.857587 2.159303 3.270307  -0.937950 -0.089481 -0.335026  0.154030 0.842923 0
Material_0
0  -0.895282 2.245880 3.270307  -0.891353 -0.385243 -0.238910  0.154545 0.843249 0
0  -0.857587 2.159303 2.235841  -0.946561 -0.089503 0.309858  0.154030 0.842923 0
0  -0.857587 2.159303 3.270307  -0.937950 -0.089481 -0.335026  0.154030 0.842923 0
Material_0
0  -0.857587 2.159303 3.270307  -0.937950 -0.089481 -0.335026  0.154030 0.842923 0
0  -0.857587 2.159303 2.235841  -0.946561 -0.089503 0.309858  0.154030 0.842923 0
0  -0.889403 2.015973 3.270307  -0.810469 0.479683 -0.336220  0.154459 0.842352 0
Material_0
0  -0.857587 2.159303 2.235841  -0.946561 -0.089503 0.309858  0.154030 0.842923 0
0  -0.889403 2.015973 2.235841  -0.819337 0.483404 0.308233  0.154459 0.842352 0
0  -0.889403 2.015973 3.270307  -0.810469 0.479683 -0.336220  0.154459 0.842352 0
Material_0
0  -0.828580 1.395454 3.270307  -0.250357 -0.938016 -0.239683  0.153686 0.839907 0
0  -0.828580 1.395454 2.235841  -0.251496 -0.940993 0.226456  0.153686 0.839907 0
0  -0.737575 1.371131 2.235841  -0.517943 -0.798369 0.307151  0.152568 0.839826 0
Material_0
0  -0.828580 1.395454 2.235841  -0.251496 -0.940993 0.226456  0.153686 0.839907 0
0  -0.769717 1.321617 2.160203  -0.502272 -0.611211 0.611673  0.152912 0.839581 0
0  -0.737575 1.371131 2.235841  -0.517943 -0.798369 0.307151  0.152568 0.839826 0
Material_0
0  -0.737575 1.371131 2.235841  -0.517943 -0.798369 0.307151  0.152568 0.839826 0
0  -0.737574 1.371131 3.270307  -0.511094 -0.790054 -0.338524  0.152568 0.839826 0
0  -0.828580 1.395454 3.270307  -0.250357 -0.938016 -0.239683  0.153686 0.839907 0
Material_0
0  -0.828580 1.395454 3.270307  -0.250357 -0.938016 -0.239683  0.153686 0.839907 0
0  -0.737574 1.371131 3.270307  -0.511094 -0.790054 -0.338524  0.152568 0.839826 0
0  -0.769717 1.321617 3.335407  -0.468059 -0.576118 -0.670081  0.152912 0.839581 0
Material_0
0  -0.737574 1.371131 3.270307  -0.511094 -0.790054 -0.338524  0.152568 0.839826 0
0  -0.645132 1.257046 3.270307  -0.878308 -0.336699 -0.339423  0.151364 0.839337 0
0  -0.769717 1.321617 3.335407  -0.468059 -0.576118 -0.670081  0.152912 0.839581 0
Material_0
0  -0.769717 1.321617 3.335407  -0.468059 -0.576118 -0.670081  0.152912 0.839581 0
0  -0.645132 1.257046 3.270307  -0.878308 -0.336699 -0.339423  0.151364 0.839337 0
0  -0.700989 1.235619 3.335784  -0.666626 -0.328076 -0.669310  0.152052 0.839255 0
Material_0
0  -0.700989 1.235619 3.335784  -0.666626 -0.328076 -0.669310  0.152052 0.839255 0
0  -0.645132 1.257046 3.270307  -0.878308 -0.336699 -0.339423  0.151364 0.839337 0
0  -0.640036 1.158886 3.270307  -0.968279 -0.050227 -0.244773  0.151278 0.838929 0
Material_0
0  -0.645132 1.257046 3.270307  -0.878308 -0.336699 -0.339423  0.151364 0.839337 0
0  -0.645132 1.257046 2.235841  -0.888327 -0.340440 0.308182  0.151364 0.839337 0
0  -0.640036 1.158886 3.270307  -0.968279 -0.050227 -0.244773  0.151278 0.838929 0
Material_0
0  -0.640036 1.158886 3.270307  -0.968279 -0.050227 -0.244773  0.151278 0.838929 0
0  -0.645132 1.257046 2.235841  -0.888327 -0.340440 0.308182  0.151364 0.839337 0
0  -0.640036 1.158886 2.235841  -0.972752 -0.050241 0.226338  0.151278 0.838929 0
Material_0
0  -0.640036 1.158886 2.235841  -0.972752 -0.050241 0.226338  0.151278 0.838929 0
0  -0.645132 1.257046 2.235841  -0.888327 -0.340440 0.308182  0.151364 0.839337 0
0  -0.700989 1.235619 2.159827  -0.698761 -0.356804 0.620019  0.152052 0.839255 0
Material_0
0  -0.700989 1.235619 2.159827  -0.698761 -0.356804 0.620019  0.152052 0.839255 0
0  -0.645132 1.257046 2.235841  -0.888327 -0.340440 0.308182  0.151364 0.839337 0
0  -0.769717 1.321617 2.160203  -0.502272 -0.611211 0.611673  0.152912 0.839581 0
Material_0
0  -0.769717 1.321617 2.160203  -0.502272 -0.611211 0.611673  0.152912 0.839581 0
0  -0.645132 1.257046 2.235841  -0.888327 -0.340440 0.308182  0.151364 0.839337 0
0  -0.737575 1.371131 2.235841  -0.517943 -0.798369 0.307151  0.152568 0.839826 0
Material_0
0  -0.737575 1.371131 2.235841  -0.517943 -0.798369 0.307151  0.152568 0.839826 0
0  -0.645132 1.257046 2.235841  -0.888327 -0.340440 0.308182  0.151364 0.839337 0
0  -0.737574 1.371131 3.270307  -0.511094 -0.790054 -0.338524  0.152568 0.839826 0
Material_0
0  -0.645132 1.257046 2.235841  -0.888327 -0.340440 0.308182  0.151364 0.839337 0
0  -0.645132 1.257046 3.270307  -0.878308 -0.336699 -0.339423  0.151364 0.839337 0
0  -0.737574 1.371131 3.270307  -0.511094 -0.790054 -0.338524  0.152568 0.839826 0
Material_0
0  -0.131764 0.918555 3.270307  0.570715 -0.784962 -0.241077  0.144830 0.837951 0
0  -0.131765 0.918555 2.235841  0.570192 -0.790116 0.224939  0.144830 0.837951 0
0  -0.054021 0.975018 2.235841  0.291854 -0.904200 0.311838  0.143798 0.838196 0
Material_0
0  -0.131765 0.918555 2.235841  0.570192 -0.790116 0.224939  0.144830 0.837951 0
0  -0.035598 0.918555 2.159827  0.160860 -0.771009 0.616173  0.143626 0.837951 0
0  -0.054021 0.975018 2.235841  0.291854 -0.904200 0.311838  0.143798 0.838196 0
Material_0
0  -0.035598 0.918555 2.159827  0.160860 -0.771009 0.616173  0.143626 0.837951 0
0  0.074484 0.918555 2.159827  -0.160872 -0.771062 0.616104  0.142165 0.837951 0
0  -0.054021 0.975018 2.235841  0.291854 -0.904200 0.311838  0.143798 0.838196 0
Material_0
0  -0.054021 0.975018 2.235841  0.291854 -0.904200 0.311838  0.143798 0.838196 0
0  0.074484 0.918555 2.159827  -0.160872 -0.771062 0.616104  0.142165 0.837951 0
0  0.092907 0.975018 2.235841  -0.291866 -0.904203 0.311818  0.141993 0.838196 0
Material_0
0  0.074484 0.918555 2.159827  -0.160872 -0.771062 0.616104  0.142165 0.837951 0
0  0.170585 0.918555 2.235841  -0.570189 -0.790118 0.224938  0.140961 0.837951 0
0  0.092907 0.975018 2.235841  -0.291866 -0.904203 0.311818  0.141993 0.838196 0
Material_0
0  0.092907 0.975018 2.235841  -0.291866 -0.904203 0.311818  0.141993 0.838196 0
0  0.170585 0.918555 2.235841  -0.570189 -0.790118 0.224938  0.140961 0.837951 0
0  0.092907 0.975018 3.270307  -0.291379 -0.894767 -0.338365  0.141993 0.838196 0
Material_0
0  0.170585 0.918555 2.235841  -0.570189 -0.790118 0.224938  0.140961 0.837951 0
0  0.170585 0.918555 3.270307  -0.570627 -0.785024 -0.241087  0.140961 0.837951 0
0  0.092907 0.975018 3.270307  -0.291379 -0.894767 -0.338365  0.141993 0.838196 0
Material_0
0  0.170585 0.918555 3.270307  -0.570627 -0.785024 -0.241087  0.140961 0.837951 0
0  0.074484 0.918555 3.335784  -0.157373 -0.727649 -0.667653  0.142165 0.837951 0
0  0.092907 0.975018 3.270307  -0.291379 -0.894767 -0.338365  0.141993 0.838196 0
Material_0
0  0.074484 0.918555 3.335784  -0.157373 -0.727649 -0.667653  0.142165 0.837951 0
0  -0.035598 0.918555 3.335784  0.157386 -0.727572 -0.667733  0.143626 0.837951 0
0  0.092907 0.975018 3.270307  -0.291379 -0.894767 -0.338365  0.141993 0.838196 0
Material_0
0  0.092907 0.975018 3.270307  -0.291379 -0.894767 -0.338365  0.141993 0.838196 0
0  -0.035598 0.918555 3.335784  0.157386 -0.727572 -0.667733  0.143626 0.837951 0
0  -0.054021 0.975018 3.270307  0.291393 -0.894755 -0.338384  0.143798 0.838196 0
Material_0
0  -0.035598 0.918555 3.335784  0.157386 -0.727572 -0.667733  0.143626 0.837951 0
0  -0.131764 0.918555 3.270307  0.570715 -0.784962 -0.241077  0.144830 0.837951 0
0  -0.054021 0.975018 3.270307  0.291393 -0.894755 -0.338384  0.143798 0.838196 0
Material_0
0  -0.131764 0.918555 3.270307  0.570715 -0.784962 -0.241077  0.144830 0.837951 0
0  -0.054021 0.975018 2.235841  0.291854 -0.904200 0.311838  0.143798 0.838196 0
0  -0.054021 0.975018 3.270307  0.291393 -0.894755 -0.338384  0.143798 0.838196 0
Material_0
0  -0.054021 0.975018 2.235841  0.291854 -0.904200 0.311838  0.143798 0.838196 0
0  0.092907 0.975018 2.235841  -0.291866 -0.904203 0.311818  0.141993 0.838196 0
0  -0.054021 0.975018 3.270307  0.291393 -0.894755 -0.338384  0.143798 0.838196 0
Material_0
0  -0.054021 0.975018 3.270307  0.291393 -0.894755 -0.338384  0.143798 0.838196 0
0  0.092907 0.975018 2.235841  -0.291866 -0.904203 0.311818  0.141993 0.838196 0
0  0.092907 0.975018 3.270307  -0.291379 -0.894767 -0.338365  0.141993 0.838196 0
Material_0
0  0.685324 1.166994 3.270307  0.968267 -0.041496 -0.246449  0.134427 0.839011 0
0  0.685324 1.166994 2.235841  0.971878 -0.041494 0.231799  0.134427 0.839011 0
0  0.689505 1.262837 2.235841  0.891055 -0.332256 0.309236  0.134341 0.839337 0
Material_0
0  0.685324 1.166994 2.235841  0.971878 -0.041494 0.231799  0.134427 0.839011 0
0  0.745036 1.241989 2.159827  0.703871 -0.356715 0.614264  0.133653 0.839255 0
0  0.689505 1.262837 2.235841  0.891055 -0.332256 0.309236  0.134341 0.839337 0
Material_0
0  0.745036 1.241989 2.159827  0.703871 -0.356715 0.614264  0.133653 0.839255 0
0  0.813764 1.328277 2.159827  0.502679 -0.607748 0.614781  0.132793 0.839581 0
0  0.689505 1.262837 2.235841  0.891055 -0.332256 0.309236  0.134341 0.839337 0
Material_0
0  0.689505 1.262837 2.235841  0.891055 -0.332256 0.309236  0.134341 0.839337 0
0  0.813764 1.328277 2.159827  0.502679 -0.607748 0.614781  0.132793 0.839581 0
0  0.780903 1.377791 2.235841  0.524022 -0.792802 0.311234  0.133223 0.839826 0
Material_0
0  0.813764 1.328277 2.159827  0.502679 -0.607748 0.614781  0.132793 0.839581 0
0  0.873868 1.403562 2.235841  0.261949 -0.939525 0.220626  0.132019 0.839907 0
0  0.780903 1.377791 2.235841  0.524022 -0.792802 0.311234  0.133223 0.839826 0
Material_0
0  0.873868 1.403562 2.235841  0.261949 -0.939525 0.220626  0.132019 0.839907 0
0  0.873868 1.403562 3.270306  0.261863 -0.934969 -0.239292  0.132019 0.839907 0
0  0.780903 1.377791 2.235841  0.524022 -0.792802 0.311234  0.133223 0.839826 0
Material_0
0  0.780903 1.377791 2.235841  0.524022 -0.792802 0.311234  0.133223 0.839826 0
0  0.873868 1.403562 3.270306  0.261863 -0.934969 -0.239292  0.132019 0.839907 0
0  0.780903 1.377791 3.270307  0.517627 -0.784741 -0.340944  0.133223 0.839826 0
Material_0
0  0.873868 1.403562 3.270306  0.261863 -0.934969 -0.239292  0.132019 0.839907 0
0  0.813764 1.328277 3.335784  0.468255 -0.575914 -0.670120  0.132793 0.839581 0
0  0.780903 1.377791 3.270307  0.517627 -0.784741 -0.340944  0.133223 0.839826 0
Material_0
0  0.813764 1.328277 3.335784  0.468255 -0.575914 -0.670120  0.132793 0.839581 0
0  0.745036 1.241989 3.335784  0.666206 -0.327996 -0.669767  0.133653 0.839255 0
0  0.780903 1.377791 3.270307  0.517627 -0.784741 -0.340944  0.133223 0.839826 0
Material_0
0  0.780903 1.377791 3.270307  0.517627 -0.784741 -0.340944  0.133223 0.839826 0
0  0.745036 1.241989 3.335784  0.666206 -0.327996 -0.669767  0.133653 0.839255 0
0  0.689505 1.262837 3.270307  0.880140 -0.328070 -0.343109  0.134341 0.839337 0
Material_0
0  0.745036 1.241989 3.335784  0.666206 -0.327996 -0.669767  0.133653 0.839255 0
0  0.685324 1.166994 3.270307  0.968267 -0.041496 -0.246449  0.134427 0.839011 0
0  0.689505 1.262837 3.270307  0.880140 -0.328070 -0.343109  0.134341 0.839337 0
Material_0
0  0.685324 1.166994 3.270307  0.968267 -0.041496 -0.246449  0.134427 0.839011 0
0  0.689505 1.262837 2.235841  0.891055 -0.332256 0.309236  0.134341 0.839337 0
0  0.689505 1.262837 3.270307  0.880140 -0.328070 -0.343109  0.134341 0.839337 0
Material_0
0  0.689505 1.262837 2.235841  0.891055 -0.332256 0.309236  0.134341 0.839337 0
0  0.780903 1.377791 2.235841  0.524022 -0.792802 0.311234  0.133223 0.839826 0
0  0.689505 1.262837 3.270307  0.880140 -0.328070 -0.343109  0.134341 0.839337 0
Material_0
0  0.689505 1.262837 3.270307  0.880140 -0.328070 -0.343109  0.134341 0.839337 0
0  0.780903 1.377791 2.235841  0.524022 -0.792802 0.311234  0.133223 0.839826 0
0  0.780903 1.377791 3.270307  0.517627 -0.784741 -0.340944  0.133223 0.839826 0
Material_0
0  0.977940 2.054194 3.335784  0.672270 0.315604 -0.669662  0.130644 0.842515 0
0  0.999172 1.961247 3.270306  0.635864 0.733501 -0.240113  0.130386 0.842108 0
0  0.927113 2.023791 3.270306  0.806710 0.483568 -0.339678  0.131332 0.842352 0
Material_0
0  0.999172 1.961247 3.270306  0.635864 0.733501 -0.240113  0.130386 0.842108 0
0  0.999172 1.961247 2.235841  0.638919 0.736556 0.221962  0.130386 0.842108 0
0  0.927113 2.023791 3.270306  0.806710 0.483568 -0.339678  0.131332 0.842352 0
Material_0
0  0.927113 2.023791 3.270306  0.806710 0.483568 -0.339678  0.131332 0.842352 0
0  0.999172 1.961247 2.235841  0.638919 0.736556 0.221962  0.130386 0.842108 0
0  0.927112 2.023791 2.235841  0.814753 0.491053 0.308294  0.131332 0.842352 0
Material_0
0  0.999172 1.961247 2.235841  0.638919 0.736556 0.221962  0.130386 0.842108 0
0  0.977939 2.054194 2.160203  0.714837 0.328098 0.617544  0.130644 0.842515 0
0  0.927112 2.023791 2.235841  0.814753 0.491053 0.308294  0.131332 0.842352 0
Material_0
0  0.927112 2.023791 2.235841  0.814753 0.491053 0.308294  0.131332 0.842352 0
0  0.977939 2.054194 2.160203  0.714837 0.328098 0.617544  0.130644 0.842515 0
0  0.894120 2.166832 2.235841  0.946963 -0.084946 0.309913  0.131761 0.842923 0
Material_0
0  0.977939 2.054194 2.160203  0.714837 0.328098 0.617544  0.130644 0.842515 0
0  0.953375 2.161620 2.159827  0.787181 0.015340 0.616531  0.130988 0.842923 0
0  0.894120 2.166832 2.235841  0.946963 -0.084946 0.309913  0.131761 0.842923 0
Material_0
0  0.953375 2.161620 2.159827  0.787181 0.015340 0.616531  0.130988 0.842923 0
0  0.931881 2.256015 2.235841  0.895485 -0.381164 0.229827  0.131246 0.843330 0
0  0.894120 2.166832 2.235841  0.946963 -0.084946 0.309913  0.131761 0.842923 0
Material_0
0  0.931881 2.256015 2.235841  0.895485 -0.381164 0.229827  0.131246 0.843330 0
0  0.931882 2.256015 3.270306  0.895323 -0.377134 -0.236994  0.131246 0.843330 0
0  0.894120 2.166832 2.235841  0.946963 -0.084946 0.309913  0.131761 0.842923 0
Material_0
0  0.894120 2.166832 2.235841  0.946963 -0.084946 0.309913  0.131761 0.842923 0
0  0.931882 2.256015 3.270306  0.895323 -0.377134 -0.236994  0.131246 0.843330 0
0  0.894121 2.166832 3.270306  0.938682 -0.080751 -0.335194  0.131761 0.842923 0
Material_0
0  0.931882 2.256015 3.270306  0.895323 -0.377134 -0.236994  0.131246 0.843330 0
0  0.953375 2.161620 3.335784  0.743391 0.010842 -0.668769  0.130988 0.842923 0
0  0.894121 2.166832 3.270306  0.938682 -0.080751 -0.335194  0.131761 0.842923 0
Material_0
0  0.894121 2.166832 3.270306  0.938682 -0.080751 -0.335194  0.131761 0.842923 0
0  0.953375 2.161620 3.335784  0.743391 0.010842 -0.668769  0.130988 0.842923 0
0  0.927113 2.023791 3.270306  0.806710 0.483568 -0.339678  0.131332 0.842352 0
Material_0
0  0.953375 2.161620 3.335784  0.743391 0.010842 -0.668769  0.130988 0.842923 0
0  0.977940 2.054194 3.335784  0.672270 0.315604 -0.669662  0.130644 0.842515 0
0  0.927113 2.023791 3.270306  0.806710 0.483568 -0.339678  0.131332 0.842352 0
Material_0
0  0.927112 2.023791 2.235841  0.814753 0.491053 0.308294  0.131332 0.842352 0
0  0.894120 2.166832 2.235841  0.946963 -0.084946 0.309913  0.131761 0.842923 0
0  0.927113 2.023791 3.270306  0.806710 0.483568 -0.339678  0.131332 0.842352 0
Material_0
0  0.894120 2.166832 2.235841  0.946963 -0.084946 0.309913  0.131761 0.842923 0
0  0.894121 2.166832 3.270306  0.938682 -0.080751 -0.335194  0.131761 0.842923 0
0  0.927113 2.023791 3.270306  0.806710 0.483568 -0.339678  0.131332 0.842352 0
Material_0
0  0.300593 2.831942 3.270307  0.853522 0.460387 -0.244016  0.139327 0.845613 0
0  0.387940 2.789957 3.335784  0.454426 0.586673 -0.670307  0.138210 0.845450 0
0  0.346912 2.746813 3.270307  0.648299 0.684334 -0.333760  0.138726 0.845287 0
Material_0
0  0.387940 2.789957 3.335784  0.454426 0.586673 -0.670307  0.138210 0.845450 0
0  0.487177 2.742180 3.335784  0.171487 0.722051 -0.670250  0.136920 0.845205 0
0  0.346912 2.746813 3.270307  0.648299 0.684334 -0.333760  0.138726 0.845287 0
Material_0
0  0.346912 2.746813 3.270307  0.648299 0.684334 -0.333760  0.138726 0.845287 0
0  0.487177 2.742180 3.335784  0.171487 0.722051 -0.670250  0.136920 0.845205 0
0  0.479468 2.683400 3.270307  0.125073 0.933396 -0.336346  0.137006 0.845042 0
Material_0
0  0.487177 2.742180 3.335784  0.171487 0.722051 -0.670250  0.136920 0.845205 0
0  0.573021 2.700773 3.270307  -0.175788 0.954875 -0.239398  0.135888 0.845042 0
0  0.479468 2.683400 3.270307  0.125073 0.933396 -0.336346  0.137006 0.845042 0
Material_0
0  0.479468 2.683400 3.270307  0.125073 0.933396 -0.336346  0.137006 0.845042 0
0  0.573021 2.700773 3.270307  -0.175788 0.954875 -0.239398  0.135888 0.845042 0
0  0.479468 2.683400 2.235841  0.124592 0.943877 0.305898  0.137006 0.845042 0
Material_0
0  0.573021 2.700773 3.270307  -0.175788 0.954875 -0.239398  0.135888 0.845042 0
0  0.573021 2.700773 2.235841  -0.178015 0.957474 0.227055  0.135888 0.845042 0
0  0.479468 2.683400 2.235841  0.124592 0.943877 0.305898  0.137006 0.845042 0
Material_0
0  0.573021 2.700773 2.235841  -0.178015 0.957474 0.227055  0.135888 0.845042 0
0  0.487176 2.742180 2.160203  0.186029 0.765458 0.616010  0.136920 0.845205 0
0  0.479468 2.683400 2.235841  0.124592 0.943877 0.305898  0.137006 0.845042 0
Material_0
0  0.479468 2.683400 2.235841  0.124592 0.943877 0.305898  0.137006 0.845042 0
0  0.487176 2.742180 2.160203  0.186029 0.765458 0.616010  0.136920 0.845205 0
0  0.346912 2.746813 2.235841  0.654332 0.690582 0.308133  0.138726 0.845287 0
Material_0
0  0.487176 2.742180 2.160203  0.186029 0.765458 0.616010  0.136920 0.845205 0
0  0.387939 2.789957 2.159827  0.476986 0.624958 0.617990  0.138210 0.845450 0
0  0.346912 2.746813 2.235841  0.654332 0.690582 0.308133  0.138726 0.845287 0
Material_0
0  0.387939 2.789957 2.159827  0.476986 0.624958 0.617990  0.138210 0.845450 0
0  0.300593 2.831942 2.235841  0.855999 0.464262 0.227437  0.139327 0.845613 0
0  0.346912 2.746813 2.235841  0.654332 0.690582 0.308133  0.138726 0.845287 0
Material_0
0  0.300593 2.831942 2.235841  0.855999 0.464262 0.227437  0.139327 0.845613 0
0  0.300593 2.831942 3.270307  0.853522 0.460387 -0.244016  0.139327 0.845613 0
0  0.346912 2.746813 2.235841  0.654332 0.690582 0.308133  0.138726 0.845287 0
Material_0
0  0.300593 2.831942 3.270307  0.853522 0.460387 -0.244016  0.139327 0.845613 0
0  0.346912 2.746813 3.270307  0.648299 0.684334 -0.333760  0.138726 0.845287 0
0  0.346912 2.746813 2.235841  0.654332 0.690582 0.308133  0.138726 0.845287 0
Material_0
0  0.346912 2.746813 2.235841  0.654332 0.690582 0.308133  0.138726 0.845287 0
0  0.346912 2.746813 3.270307  0.648299 0.684334 -0.333760  0.138726 0.845287 0
0  0.479468 2.683400 2.235841  0.124592 0.943877 0.305898  0.137006 0.845042 0
Material_0
0  0.346912 2.746813 3.270307  0.648299 0.684334 -0.333760  0.138726 0.845287 0
0  0.479468 2.683400 3.270307  0.125073 0.933396 -0.336346  0.137006 0.845042 0
0  0.479468 2.683400 2.235841  0.124592 0.943877 0.305898  0.137006 0.845042 0
Material_0
0  0.192079 2.335064 3.610864  -0.720108 0.693862 0.000000  0.140703 0.843656 0
0  0.263616 2.507639 3.610864  -0.999998 -0.002197 0.000000  0.139757 0.844308 0
0  0.263615 2.507639 1.678531  -0.999998 -0.002177 0.000000  0.139757 0.844308 0
Material_0
0  0.263616 2.507639 3.610864  -0.999998 -0.002197 0.000000  0.139757 0.844308 0
0  0.192079 2.680215 3.610864  -0.707152 -0.706334 -0.032072  0.140703 0.844961 0
0  0.263615 2.507639 1.678531  -0.999998 -0.002177 0.000000  0.139757 0.844308 0
Material_0
0  0.263615 2.507639 1.678531  -0.999998 -0.002177 0.000000  0.139757 0.844308 0
0  0.192079 2.680215 3.610864  -0.707152 -0.706334 -0.032072  0.140703 0.844961 0
0  0.192078 2.680215 1.678531  -0.707152 -0.706334 -0.032072  0.140703 0.844961 0
Material_0
0  0.192079 2.680215 3.610864  -0.707152 -0.706334 -0.032072  0.140703 0.844961 0
0  0.019476 2.751735 3.610864  -0.000069 -1.000000 0.000000  0.142853 0.845287 0
0  0.192078 2.680215 1.678531  -0.707152 -0.706334 -0.032072  0.140703 0.844961 0
Material_0
0  0.192078 2.680215 1.678531  -0.707152 -0.706334 -0.032072  0.140703 0.844961 0
0  0.019476 2.751735 3.610864  -0.000069 -1.000000 0.000000  0.142853 0.845287 0
0  0.019475 2.751735 1.678531  -0.000064 -1.000000 -0.000000  0.142853 0.845287 0
Material_0
0  0.019476 2.751735 3.610864  -0.000069 -1.000000 0.000000  0.142853 0.845287 0
0  -0.153193 2.680215 3.610864  0.707151 -0.706334 -0.032096  0.145088 0.844961 0
0  0.019475 2.751735 1.678531  -0.000064 -1.000000 -0.000000  0.142853 0.845287 0
Material_0
0  0.019475 2.751735 1.678531  -0.000064 -1.000000 -0.000000  0.142853 0.845287 0
0  -0.153193 2.680215 3.610864  0.707151 -0.706334 -0.032096  0.145088 0.844961 0
0  -0.153193 2.680215 1.678531  0.707151 -0.706335 -0.032067  0.145088 0.844961 0
Material_0
0  -0.153193 2.680215 1.678531  0.707151 -0.706335 -0.032067  0.145088 0.844961 0
0  -0.153193 2.680215 3.610864  0.707151 -0.706334 -0.032096  0.145088 0.844961 0
0  -0.224665 2.507639 1.678531  0.999998 -0.002086 -0.000000  0.146034 0.844308 0
Material_0
0  -0.153193 2.680215 3.610864  0.707151 -0.706334 -0.032096  0.145088 0.844961 0
0  -0.224665 2.507639 3.610864  0.999998 -0.002081 -0.000000  0.146034 0.844308 0
0  -0.224665 2.507639 1.678531  0.999998 -0.002086 -0.000000  0.146034 0.844308 0
Material_0
0  -0.224665 2.507639 1.678531  0.999998 -0.002086 -0.000000  0.146034 0.844308 0
0  -0.224665 2.507639 3.610864  0.999998 -0.002081 -0.000000  0.146034 0.844308 0
0  -0.153193 2.335064 1.678531  0.720114 0.693856 0.000000  0.145088 0.843656 0
Material_0
0  -0.224665 2.507639 3.610864  0.999998 -0.002081 -0.000000  0.146034 0.844308 0
0  -0.153193 2.335064 3.610864  0.720110 0.693859 -0.000000  0.145088 0.843656 0
0  -0.153193 2.335064 1.678531  0.720114 0.693856 0.000000  0.145088 0.843656 0
Material_0
0  -0.153193 2.335064 1.678531  0.720114 0.693856 0.000000  0.145088 0.843656 0
0  -0.153193 2.335064 3.610864  0.720110 0.693859 -0.000000  0.145088 0.843656 0
0  0.019475 2.263544 1.678531  -0.000064 1.000000 0.000000  0.142853 0.843330 0
Material_0
0  -0.153193 2.335064 3.610864  0.720110 0.693859 -0.000000  0.145088 0.843656 0
0  0.019476 2.263543 3.610864  -0.000070 1.000000 -0.000000  0.142853 0.843330 0
0  0.019475 2.263544 1.678531  -0.000064 1.000000 0.000000  0.142853 0.843330 0
Material_0
0  0.019475 2.263544 1.678531  -0.000064 1.000000 0.000000  0.142853 0.843330 0
0  0.019476 2.263543 3.610864  -0.000070 1.000000 -0.000000  0.142853 0.843330 0
0  0.192079 2.335064 1.678531  -0.720104 0.693866 0.000000  0.140703 0.843656 0
Material_0
0  0.019476 2.263543 3.610864  -0.000070 1.000000 -0.000000  0.142853 0.843330 0
0  0.192079 2.335064 3.610864  -0.720108 0.693862 0.000000  0.140703 0.843656 0
0  0.192079 2.335064 1.678531  -0.720104 0.693866 0.000000  0.140703 0.843656 0
Material_0
0  0.192079 2.335064 1.678531  -0.720104 0.693866 0.000000  0.140703 0.843656 0
0  0.192079 2.335064 3.610864  -0.720108 0.693862 0.000000  0.140703 0.843656 0
0  0.263615 2.507639 1.678531  -0.999998 -0.002177 0.000000  0.139757 0.844308 0
Material_0
0  -0.273074 2.122240 3.610864  -0.781968 0.621538 -0.047083  0.146636 0.842760 0
0  -0.221594 2.302054 3.610864  -0.991704 -0.128528 -0.001886  0.145948 0.843493 0
0  -0.221594 2.302054 1.678531  -0.991704 -0.128532 -0.001887  0.145948 0.843493 0
Material_0
0  -0.221594 2.302054 3.610864  -0.991704 -0.128528 -0.001886  0.145948 0.843493 0
0  -0.312207 2.465364 3.610864  -0.621319 -0.782020 -0.049071  0.147151 0.844145 0
0  -0.221594 2.302054 1.678531  -0.991704 -0.128532 -0.001887  0.145948 0.843493 0
Material_0
0  -0.221594 2.302054 1.678531  -0.991704 -0.128532 -0.001887  0.145948 0.843493 0
0  -0.312207 2.465364 3.610864  -0.621319 -0.782020 -0.049071  0.147151 0.844145 0
0  -0.312142 2.465364 1.678531  -0.621309 -0.782027 -0.049076  0.147151 0.844145 0
Material_0
0  -0.312207 2.465364 3.610864  -0.621319 -0.782020 -0.049071  0.147151 0.844145 0
0  -0.491801 2.516905 3.610864  0.113298 -0.993554 -0.003795  0.149387 0.844308 0
0  -0.312142 2.465364 1.678531  -0.621309 -0.782027 -0.049076  0.147151 0.844145 0
Material_0
0  -0.312142 2.465364 1.678531  -0.621309 -0.782027 -0.049076  0.147151 0.844145 0
0  -0.491801 2.516905 3.610864  0.113298 -0.993554 -0.003795  0.149387 0.844308 0
0  -0.491801 2.516905 1.678531  0.113297 -0.993554 -0.003708  0.149387 0.844308 0
Material_0
0  -0.491801 2.516905 3.610864  0.113298 -0.993554 -0.003795  0.149387 0.844308 0
0  -0.655193 2.426274 3.610864  0.783469 -0.621431 0.000000  0.151450 0.843982 0
0  -0.491801 2.516905 1.678531  0.113297 -0.993554 -0.003708  0.149387 0.844308 0
Material_0
0  -0.491801 2.516905 1.678531  0.113297 -0.993554 -0.003708  0.149387 0.844308 0
0  -0.655193 2.426274 3.610864  0.783469 -0.621431 0.000000  0.151450 0.843982 0
0  -0.655193 2.426274 1.678531  0.783394 -0.621525 -0.000000  0.151450 0.843982 0
Material_0
0  -0.655193 2.426274 3.610864  0.783469 -0.621431 0.000000  0.151450 0.843982 0
0  -0.706738 2.246749 3.610864  0.993801 0.111160 0.001914  0.152138 0.843249 0
0  -0.655193 2.426274 1.678531  0.783394 -0.621525 -0.000000  0.151450 0.843982 0
Material_0
0  -0.655193 2.426274 1.678531  0.783394 -0.621525 -0.000000  0.151450 0.843982 0
0  -0.706738 2.246749 3.610864  0.993801 0.111160 0.001914  0.152138 0.843249 0
0  -0.706739 2.246749 1.678531  0.993789 0.111267 0.001800  0.152138 0.843249 0
Material_0
0  -0.706738 2.246749 3.610864  0.993801 0.111160 0.001914  0.152138 0.843249 0
0  -0.616125 2.083439 3.610864  0.619003 0.784736 -0.031994  0.151020 0.842597 0
0  -0.706739 2.246749 1.678531  0.993789 0.111267 0.001800  0.152138 0.843249 0
Material_0
0  -0.706739 2.246749 1.678531  0.993789 0.111267 0.001800  0.152138 0.843249 0
0  -0.616125 2.083439 3.610864  0.619003 0.784736 -0.031994  0.151020 0.842597 0
0  -0.616125 2.083150 1.678531  0.619001 0.784739 -0.031976  0.151020 0.842597 0
Material_0
0  -0.616125 2.083150 1.678531  0.619001 0.784739 -0.031976  0.151020 0.842597 0
0  -0.616125 2.083439 3.610864  0.619003 0.784736 -0.031994  0.151020 0.842597 0
0  -0.436532 2.031898 1.678531  -0.095976 0.995382 -0.001865  0.148699 0.842434 0
Material_0
0  -0.616125 2.083439 3.610864  0.619003 0.784736 -0.031994  0.151020 0.842597 0
0  -0.436531 2.031898 3.610864  -0.095964 0.995383 -0.001861  0.148699 0.842434 0
0  -0.436532 2.031898 1.678531  -0.095976 0.995382 -0.001865  0.148699 0.842434 0
Material_0
0  -0.436532 2.031898 1.678531  -0.095976 0.995382 -0.001865  0.148699 0.842434 0
0  -0.436531 2.031898 3.610864  -0.095964 0.995383 -0.001861  0.148699 0.842434 0
0  -0.273075 2.122240 1.678531  -0.781970 0.621535 -0.047084  0.146636 0.842760 0
Material_0
0  -0.436531 2.031898 3.610864  -0.095964 0.995383 -0.001861  0.148699 0.842434 0
0  -0.273074 2.122240 3.610864  -0.781968 0.621538 -0.047083  0.146636 0.842760 0
0  -0.273075 2.122240 1.678531  -0.781970 0.621535 -0.047084  0.146636 0.842760 0
Material_0
0  -0.273075 2.122240 1.678531  -0.781970 0.621535 -0.047084  0.146636 0.842760 0
0  -0.273074 2.122240 3.610864  -0.781968 0.621538 -0.047083  0.146636 0.842760 0
0  -0.221594 2.302054 1.678531  -0.991704 -0.128532 -0.001887  0.145948 0.843493 0
Material_0
0  0.753987 1.550077 3.610864  -0.545278 0.838253 0.001875  0.133567 0.840478 0
0  0.861129 1.702963 3.610864  -0.974703 0.218868 -0.045291  0.132191 0.841130 0
0  0.861128 1.702963 1.678531  -0.974703 0.218868 -0.045296  0.132191 0.841130 0
Material_0
0  0.861129 1.702963 3.610864  -0.974703 0.218868 -0.045291  0.132191 0.841130 0
0  0.828659 1.887121 3.610864  -0.844129 -0.536128 -0.003757  0.132621 0.841863 0
0  0.861128 1.702963 1.678531  -0.974703 0.218868 -0.045296  0.132191 0.841130 0
Material_0
0  0.861128 1.702963 1.678531  -0.974703 0.218868 -0.045296  0.132191 0.841130 0
0  0.828659 1.887121 3.610864  -0.844129 -0.536128 -0.003757  0.132621 0.841863 0
0  0.828659 1.887121 1.678531  -0.844121 -0.536140 -0.003716  0.132621 0.841863 0
Material_0
0  0.828659 1.887121 3.610864  -0.844129 -0.536128 -0.003757  0.132621 0.841863 0
0  0.675655 1.994256 3.610864  -0.213444 -0.976231 -0.037621  0.134513 0.842271 0
0  0.828659 1.887121 1.678531  -0.844121 -0.536140 -0.003716  0.132621 0.841863 0
Material_0
0  0.828659 1.887121 1.678531  -0.844121 -0.536140 -0.003716  0.132621 0.841863 0
0  0.675655 1.994256 3.610864  -0.213444 -0.976231 -0.037621  0.134513 0.842271 0
0  0.675655 1.994256 1.678531  -0.213447 -0.976230 -0.037622  0.134513 0.842271 0
Material_0
0  0.675655 1.994256 3.610864  -0.213444 -0.976231 -0.037621  0.134513 0.842271 0
0  0.491554 1.961826 3.610864  0.518555 -0.854511 -0.030184  0.136920 0.842108 0
0  0.675655 1.994256 1.678531  -0.213447 -0.976230 -0.037622  0.134513 0.842271 0
Material_0
0  0.675655 1.994256 1.678531  -0.213447 -0.976230 -0.037622  0.134513 0.842271 0
0  0.491554 1.961826 3.610864  0.518555 -0.854511 -0.030184  0.136920 0.842108 0
0  0.491554 1.961826 1.678531  0.518562 -0.854507 -0.030187  0.136920 0.842108 0
Material_0
0  0.491554 1.961826 3.610864  0.518555 -0.854511 -0.030184  0.136920 0.842108 0
0  0.384412 1.808651 3.610864  0.974378 -0.223125 -0.028313  0.138210 0.841537 0
0  0.491554 1.961826 1.678531  0.518562 -0.854507 -0.030187  0.136920 0.842108 0
Material_0
0  0.491554 1.961826 1.678531  0.518562 -0.854507 -0.030187  0.136920 0.842108 0
0  0.384412 1.808651 3.610864  0.974378 -0.223125 -0.028313  0.138210 0.841537 0
0  0.384412 1.808651 1.678531  0.974378 -0.223127 -0.028309  0.138210 0.841537 0
Material_0
0  0.384412 1.808651 1.678531  0.974378 -0.223127 -0.028309  0.138210 0.841537 0
0  0.384412 1.808651 3.610864  0.974378 -0.223125 -0.028313  0.138210 0.841537 0
0  0.416881 1.624783 1.678531  0.831614 0.554429 -0.032049  0.137866 0.840804 0
Material_0
0  0.384412 1.808651 3.610864  0.974378 -0.223125 -0.028313  0.138210 0.841537 0
0  0.416881 1.624782 3.610864  0.831612 0.554431 -0.032051  0.137866 0.840804 0
0  0.416881 1.624783 1.678531  0.831614 0.554429 -0.032049  0.137866 0.840804 0
Material_0
0  0.416881 1.624783 1.678531  0.831614 0.554429 -0.032049  0.137866 0.840804 0
0  0.416881 1.624782 3.610864  0.831612 0.554431 -0.032051  0.137866 0.840804 0
0  0.569950 1.517647 1.678531  0.216700 0.976231 -0.003695  0.135888 0.840396 0
Material_0
0  0.416881 1.624782 3.610864  0.831612 0.554431 -0.032051  0.137866 0.840804 0
0  0.569951 1.517647 3.610864  0.216699 0.976232 -0.003695  0.135888 0.840396 0
0  0.569950 1.517647 1.678531  0.216700 0.976231 -0.003695  0.135888 0.840396 0
Material_0
0  0.569950 1.517647 1.678531  0.216700 0.976231 -0.003695  0.135888 0.840396 0
0  0.569951 1.517647 3.610864  0.216699 0.976232 -0.003695  0.135888 0.840396 0
0  0.753986 1.550077 1.678531  -0.545308 0.838234 0.001882  0.133567 0.840478 0
Material_0
0  0.569951 1.517647 3.610864  0.216699 0.976232 -0.003695  0.135888 0.840396 0
0  0.753987 1.550077 3.610864  -0.545278 0.838253 0.001875  0.133567 0.840478 0
0  0.753986 1.550077 1.678531  -0.545308 0.838234 0.001882  0.133567 0.840478 0
Material_0
0  0.753986 1.550077 1.678531  -0.545308 0.838234 0.001882  0.133567 0.840478 0
0  0.753987 1.550077 3.610864  -0.545278 0.838253 0.001875  0.133567 0.840478 0
0  0.861128 1.702963 1.678531  -0.974703 0.218868 -0.045296  0.132191 0.841130 0
Material_0
0  0.474176 2.035663 3.610864  0.085339 0.996183 -0.018369  0.137092 0.842434 0
0  0.653378 2.088941 3.610864  -0.622109 0.782026 -0.037627  0.134857 0.842678 0
0  0.653377 2.088941 1.678531  -0.622114 0.782023 -0.037600  0.134857 0.842678 0
Material_0
0  0.653378 2.088941 3.610864  -0.622109 0.782026 -0.037627  0.134857 0.842678 0
0  0.742488 2.253119 3.610864  -0.994017 0.102503 -0.037738  0.133653 0.843330 0
0  0.653377 2.088941 1.678531  -0.622114 0.782023 -0.037600  0.134857 0.842678 0
Material_0
0  0.653377 2.088941 1.678531  -0.622114 0.782023 -0.037600  0.134857 0.842678 0
0  0.742488 2.253119 3.610864  -0.994017 0.102503 -0.037738  0.133653 0.843330 0
0  0.742488 2.253120 1.678531  -0.994017 0.102502 -0.037738  0.133653 0.843330 0
Material_0
0  0.742488 2.253119 3.610864  -0.994017 0.102503 -0.037738  0.133653 0.843330 0
0  0.689440 2.432065 3.610864  -0.777409 -0.628358 -0.028312  0.134341 0.843982 0
0  0.742488 2.253120 1.678531  -0.994017 0.102502 -0.037738  0.133653 0.843330 0
Material_0
0  0.742488 2.253120 1.678531  -0.994017 0.102502 -0.037738  0.133653 0.843330 0
0  0.689440 2.432065 3.610864  -0.777409 -0.628358 -0.028312  0.134341 0.843982 0
0  0.689440 2.432065 1.678531  -0.777409 -0.628358 -0.028311  0.134341 0.843982 0
Material_0
0  0.689440 2.432065 3.610864  -0.777409 -0.628358 -0.028312  0.134341 0.843982 0
0  0.525199 2.521249 3.610864  -0.105779 -0.994040 -0.026350  0.136490 0.844390 0
0  0.689440 2.432065 1.678531  -0.777409 -0.628358 -0.028311  0.134341 0.843982 0
Material_0
0  0.689440 2.432065 1.678531  -0.777409 -0.628358 -0.028311  0.134341 0.843982 0
0  0.525199 2.521249 3.610864  -0.105779 -0.994040 -0.026350  0.136490 0.844390 0
0  0.525199 2.521249 1.678531  -0.105774 -0.994041 -0.026350  0.136490 0.844390 0
Material_0
0  0.525199 2.521249 3.610864  -0.105779 -0.994040 -0.026350  0.136490 0.844390 0
0  0.346063 2.468260 3.610864  0.628924 -0.776551 -0.037730  0.138726 0.844145 0
0  0.525199 2.521249 1.678531  -0.105774 -0.994041 -0.026350  0.136490 0.844390 0
Material_0
0  0.525199 2.521249 1.678531  -0.105774 -0.994041 -0.026350  0.136490 0.844390 0
0  0.346063 2.468260 3.610864  0.628924 -0.776551 -0.037730  0.138726 0.844145 0
0  0.346063 2.468260 1.678531  0.628924 -0.776551 -0.037736  0.138726 0.844145 0
Material_0
0  0.346063 2.468260 1.678531  0.628924 -0.776551 -0.037736  0.138726 0.844145 0
0  0.346063 2.468260 3.610864  0.628924 -0.776551 -0.037730  0.138726 0.844145 0
0  0.256952 2.304081 1.678531  0.992249 -0.124209 -0.003766  0.139843 0.843493 0
Material_0
0  0.346063 2.468260 3.610864  0.628924 -0.776551 -0.037730  0.138726 0.844145 0
0  0.256952 2.304081 3.610864  0.992250 -0.124202 -0.003773  0.139843 0.843493 0
0  0.256952 2.304081 1.678531  0.992249 -0.124209 -0.003766  0.139843 0.843493 0
Material_0
0  0.256952 2.304081 1.678531  0.992249 -0.124209 -0.003766  0.139843 0.843493 0
0  0.256952 2.304081 3.610864  0.992250 -0.124202 -0.003773  0.139843 0.843493 0
0  0.310000 2.124846 1.678531  0.772263 0.635125 -0.015056  0.139156 0.842760 0
Material_0
0  0.256952 2.304081 3.610864  0.992250 -0.124202 -0.003773  0.139843 0.843493 0
0  0.310000 2.124846 3.610864  0.772261 0.635127 -0.015058  0.139156 0.842760 0
0  0.310000 2.124846 1.678531  0.772263 0.635125 -0.015056  0.139156 0.842760 0
Material_0
0  0.310000 2.124846 1.678531  0.772263 0.635125 -0.015056  0.139156 0.842760 0
0  0.310000 2.124846 3.610864  0.772261 0.635127 -0.015058  0.139156 0.842760 0
0  0.474176 2.035663 1.678531  0.085311 0.996185 -0.018395  0.137092 0.842434 0
Material_0
0  0.310000 2.124846 3.610864  0.772261 0.635127 -0.015058  0.139156 0.842760 0
0  0.474176 2.035663 3.610864  0.085339 0.996183 -0.018369  0.137092 0.842434 0
0  0.474176 2.035663 1.678531  0.085311 0.996185 -0.018395  0.137092 0.842434 0
Material_0
0  0.474176 2.035663 1.678531  0.085311 0.996185 -0.018395  0.137092 0.842434 0
0  0.474176 2.035663 3.610864  0.085339 0.996183 -0.018369  0.137092 0.842434 0
0  0.653377 2.088941 1.678531  -0.622114 0.782023 -0.037600  0.134857 0.842678 0
Material_0
0  -0.414777 2.838602 1.715409  0.000000 0.865644 0.500660  0.148441 0.845613 0
0  -0.514471 2.790825 1.831687  0.000000 1.000000 -0.000263  0.149731 0.845450 0
0  -0.308615 2.790825 1.831687  -0.630094 0.776517 -0.001777  0.147065 0.845450 0
Material_0
0  -0.514471 2.790825 1.831687  0.000000 1.000000 -0.000263  0.149731 0.845450 0
0  -0.414777 2.838602 1.947590  -0.000001 0.865744 -0.500488  0.148441 0.845613 0
0  -0.308615 2.790825 1.831687  -0.630094 0.776517 -0.001777  0.147065 0.845450 0
Material_0
0  -0.308615 2.790825 1.831687  -0.630094 0.776517 -0.001777  0.147065 0.845450 0
0  -0.414777 2.838602 1.947590  -0.000001 0.865744 -0.500488  0.148441 0.845613 0
0  -0.308615 2.838602 1.947590  -0.632380 0.547130 -0.548402  0.147065 0.845613 0
Material_0
0  -0.414777 2.838602 1.947590  -0.000001 0.865744 -0.500488  0.148441 0.845613 0
0  -0.308615 2.889853 1.968663  -0.736397 0.257046 -0.625817  0.147065 0.845857 0
0  -0.308615 2.838602 1.947590  -0.632380 0.547130 -0.548402  0.147065 0.845613 0
Material_0
0  -0.308615 2.838602 1.947590  -0.632380 0.547130 -0.548402  0.147065 0.845613 0
0  -0.308615 2.889853 1.968663  -0.736397 0.257046 -0.625817  0.147065 0.845857 0
0  -0.308615 2.838602 1.715409  -0.629888 0.547214 0.551179  0.147065 0.845613 0
Material_0
0  -0.308615 2.889853 1.968663  -0.736397 0.257046 -0.625817  0.147065 0.845857 0
0  -0.308615 2.889853 1.694336  -0.733968 0.257090 0.628646  0.147065 0.845857 0
0  -0.308615 2.838602 1.715409  -0.629888 0.547214 0.551179  0.147065 0.845613 0
Material_0
0  -0.308615 2.889853 1.694336  -0.733968 0.257090 0.628646  0.147065 0.845857 0
0  -0.414777 2.838602 1.715409  0.000000 0.865644 0.500660  0.148441 0.845613 0
0  -0.308615 2.838602 1.715409  -0.629888 0.547214 0.551179  0.147065 0.845613 0
Material_0
0  -0.414777 2.838602 1.715409  0.000000 0.865644 0.500660  0.148441 0.845613 0
0  -0.308615 2.790825 1.831687  -0.630094 0.776517 -0.001777  0.147065 0.845450 0
0  -0.308615 2.838602 1.715409  -0.629888 0.547214 0.551179  0.147065 0.845613 0
Material_0
0  -0.308615 2.838602 1.715409  -0.629888 0.547214 0.551179  0.147065 0.845613 0
0  -0.308615 2.790825 1.831687  -0.630094 0.776517 -0.001777  0.147065 0.845450 0
0  -0.308615 2.838602 1.947590  -0.632380 0.547130 -0.548402  0.147065 0.845613 0
Material_0
0  0.433083 2.848737 1.947590  0.649606 0.586566 -0.483687  0.137608 0.845694 0
0  0.538069 2.798064 1.965653  -0.278933 0.709404 -0.647258  0.136318 0.845450 0
0  0.505208 2.768529 1.947590  -0.015025 0.835809 -0.548814  0.136662 0.845368 0
Material_0
0  0.538069 2.798064 1.965653  -0.278933 0.709404 -0.647258  0.136318 0.845450 0
0  0.538069 2.798064 1.697346  -0.282138 0.709253 0.646033  0.136318 0.845450 0
0  0.505208 2.768529 1.947590  -0.015025 0.835809 -0.548814  0.136662 0.845368 0
Material_0
0  0.505208 2.768529 1.947590  -0.015025 0.835809 -0.548814  0.136662 0.845368 0
0  0.538069 2.798064 1.697346  -0.282138 0.709253 0.646033  0.136318 0.845450 0
0  0.505208 2.768530 1.715409  -0.014940 0.835774 0.548869  0.136662 0.845368 0
Material_0
0  0.538069 2.798064 1.697346  -0.282138 0.709253 0.646033  0.136318 0.845450 0
0  0.433083 2.848737 1.715409  0.647361 0.586697 0.486529  0.137608 0.845694 0
0  0.505208 2.768530 1.715409  -0.014940 0.835774 0.548869  0.136662 0.845368 0
Material_0
0  0.505208 2.768530 1.715409  -0.014940 0.835774 0.548869  0.136662 0.845368 0
0  0.433083 2.848737 1.715409  0.647361 0.586697 0.486529  0.137608 0.845694 0
0  0.469472 2.736389 1.831687  0.156709 0.987645 0.000028  0.137178 0.845205 0
Material_0
0  0.433083 2.848737 1.715409  0.647361 0.586697 0.486529  0.137608 0.845694 0
0  0.319016 2.903463 1.831687  0.743845 0.668352 -0.000022  0.139070 0.845857 0
0  0.469472 2.736389 1.831687  0.156709 0.987645 0.000028  0.137178 0.845205 0
Material_0
0  0.319016 2.903463 1.831687  0.743845 0.668352 -0.000022  0.139070 0.845857 0
0  0.433083 2.848737 1.947590  0.649606 0.586566 -0.483687  0.137608 0.845694 0
0  0.469472 2.736389 1.831687  0.156709 0.987645 0.000028  0.137178 0.845205 0
Material_0
0  0.433083 2.848737 1.947590  0.649606 0.586566 -0.483687  0.137608 0.845694 0
0  0.505208 2.768529 1.947590  -0.015025 0.835809 -0.548814  0.136662 0.845368 0
0  0.469472 2.736389 1.831687  0.156709 0.987645 0.000028  0.137178 0.845205 0
Material_0
0  0.469472 2.736389 1.831687  0.156709 0.987645 0.000028  0.137178 0.845205 0
0  0.505208 2.768529 1.947590  -0.015025 0.835809 -0.548814  0.136662 0.845368 0
0  0.505208 2.768530 1.715409  -0.014940 0.835774 0.548869  0.136662 0.845368 0
Material_0
0  -0.995565 2.132085 1.947590  -0.680946 0.536103 -0.498905  0.155835 0.842841 0
0  -0.969563 2.245880 1.967911  -0.655725 -0.417229 -0.629241  0.155491 0.843249 0
0  -0.930496 2.215477 1.947590  -0.819104 -0.158868 -0.551207  0.154975 0.843167 0
Material_0
0  -0.969563 2.245880 1.967911  -0.655725 -0.417229 -0.629241  0.155491 0.843249 0
0  -0.969563 2.245880 1.695089  -0.655794 -0.417218 0.629177  0.155491 0.843249 0
0  -0.930496 2.215477 1.947590  -0.819104 -0.158868 -0.551207  0.154975 0.843167 0
Material_0
0  -0.930496 2.215477 1.947590  -0.819104 -0.158868 -0.551207  0.154975 0.843167 0
0  -0.969563 2.245880 1.695089  -0.655794 -0.417218 0.629177  0.155491 0.843249 0
0  -0.930496 2.215477 1.715409  -0.819154 -0.158898 0.551125  0.154975 0.843167 0
Material_0
0  -0.969563 2.245880 1.695089  -0.655794 -0.417218 0.629177  0.155491 0.843249 0
0  -0.995565 2.132085 1.715409  -0.683218 0.535978 0.495925  0.155835 0.842841 0
0  -0.930496 2.215477 1.715409  -0.819154 -0.158898 0.551125  0.154975 0.843167 0
Material_0
0  -0.930496 2.215477 1.715409  -0.819154 -0.158898 0.551125  0.154975 0.843167 0
0  -0.995565 2.132085 1.715409  -0.683218 0.535978 0.495925  0.155835 0.842841 0
0  -0.892604 2.185942 1.831688  -0.999807 -0.019643 -0.000100  0.154545 0.843004 0
Material_0
0  -0.995565 2.132085 1.715409  -0.683218 0.535978 0.495925  0.155835 0.842841 0
0  -1.020717 2.021764 1.831688  -0.788755 0.614705 -0.001765  0.156179 0.842352 0
0  -0.892604 2.185942 1.831688  -0.999807 -0.019643 -0.000100  0.154545 0.843004 0
Material_0
0  -1.020717 2.021764 1.831688  -0.788755 0.614705 -0.001765  0.156179 0.842352 0
0  -0.995565 2.132085 1.947590  -0.680946 0.536103 -0.498905  0.155835 0.842841 0
0  -0.892604 2.185942 1.831688  -0.999807 -0.019643 -0.000100  0.154545 0.843004 0
Material_0
0  -0.995565 2.132085 1.947590  -0.680946 0.536103 -0.498905  0.155835 0.842841 0
0  -0.930496 2.215477 1.947590  -0.819104 -0.158868 -0.551207  0.154975 0.843167 0
0  -0.892604 2.185942 1.831688  -0.999807 -0.019643 -0.000100  0.154545 0.843004 0
Material_0
0  -0.892604 2.185942 1.831688  -0.999807 -0.019643 -0.000100  0.154545 0.843004 0
0  -0.930496 2.215477 1.947590  -0.819104 -0.158868 -0.551207  0.154975 0.843167 0
0  -0.930496 2.215477 1.715409  -0.819154 -0.158898 0.551125  0.154975 0.843167 0
Material_0
0  -0.796568 1.239093 1.947591  -0.844704 -0.210332 -0.492175  0.153256 0.839255 0
0  -0.868954 1.330014 1.967535  -0.082880 -0.768245 -0.634767  0.154202 0.839663 0
0  -0.822112 1.341596 1.947591  -0.383196 -0.742515 -0.549393  0.153600 0.839663 0
Material_0
0  -0.868954 1.330014 1.967535  -0.082880 -0.768245 -0.634767  0.154202 0.839663 0
0  -0.868954 1.330014 1.695465  -0.075465 -0.768236 0.635703  0.154202 0.839663 0
0  -0.822112 1.341596 1.947591  -0.383196 -0.742515 -0.549393  0.153600 0.839663 0
Material_0
0  -0.822112 1.341596 1.947591  -0.383196 -0.742515 -0.549393  0.153600 0.839663 0
0  -0.868954 1.330014 1.695465  -0.075465 -0.768236 0.635703  0.154202 0.839663 0
0  -0.822112 1.341596 1.715409  -0.377058 -0.745368 0.549776  0.153600 0.839663 0
Material_0
0  -0.868954 1.330014 1.695465  -0.075465 -0.768236 0.635703  0.154202 0.839663 0
0  -0.796568 1.239093 1.715409  -0.842880 -0.210336 0.495290  0.153256 0.839255 0
0  -0.822112 1.341596 1.715409  -0.377058 -0.745368 0.549776  0.153600 0.839663 0
Material_0
0  -0.822112 1.341596 1.715409  -0.377058 -0.745368 0.549776  0.153600 0.839663 0
0  -0.796568 1.239093 1.715409  -0.842880 -0.210336 0.495290  0.153256 0.839255 0
0  -0.775532 1.353179 1.831688  -0.602035 -0.798093 -0.024547  0.152998 0.839744 0
Material_0
0  -0.796568 1.239093 1.715409  -0.842880 -0.210336 0.495290  0.153256 0.839255 0
0  -0.724509 1.148752 1.831688  -0.970707 -0.240265 -0.000016  0.152396 0.838929 0
0  -0.775532 1.353179 1.831688  -0.602035 -0.798093 -0.024547  0.152998 0.839744 0
Material_0
0  -0.724509 1.148752 1.831688  -0.970707 -0.240265 -0.000016  0.152396 0.838929 0
0  -0.796568 1.239093 1.947591  -0.844704 -0.210332 -0.492175  0.153256 0.839255 0
0  -0.775532 1.353179 1.831688  -0.602035 -0.798093 -0.024547  0.152998 0.839744 0
Material_0
0  -0.796568 1.239093 1.947591  -0.844704 -0.210332 -0.492175  0.153256 0.839255 0
0  -0.822112 1.341596 1.947591  -0.383196 -0.742515 -0.549393  0.153600 0.839663 0
0  -0.775532 1.353179 1.831688  -0.602035 -0.798093 -0.024547  0.152998 0.839744 0
Material_0
0  -0.775532 1.353179 1.831688  -0.602035 -0.798093 -0.024547  0.152998 0.839744 0
0  -0.822112 1.341596 1.947591  -0.383196 -0.742515 -0.549393  0.153600 0.839663 0
0  -0.822112 1.341596 1.715409  -0.377058 -0.745368 0.549776  0.153600 0.839663 0
Material_0
0  -0.637553 1.988465 3.610864  0.225218 -0.974307 0.001747  0.151278 0.842271 0
0  -0.789708 1.880171 3.610864  0.846543 -0.532321 -0.000000  0.153170 0.841782 0
0  -0.789708 1.880171 1.678531  0.846478 -0.532424 0.000001  0.153170 0.841782 0
Material_0
0  -0.789708 1.880171 3.610864  0.846543 -0.532321 -0.000000  0.153170 0.841782 0
0  -0.820544 1.695724 3.610864  0.973828 0.227280 0.001794  0.153600 0.841048 0
0  -0.789708 1.880171 1.678531  0.846478 -0.532424 0.000001  0.153170 0.841782 0
Material_0
0  -0.789708 1.880171 1.678531  0.846478 -0.532424 0.000001  0.153170 0.841782 0
0  -0.820544 1.695724 3.610864  0.973828 0.227280 0.001794  0.153600 0.841048 0
0  -0.820544 1.695724 1.678531  0.973805 0.227377 0.001877  0.153600 0.841048 0
Material_0
0  -0.820544 1.695724 3.610864  0.973828 0.227280 0.001794  0.153600 0.841048 0
0  -0.712030 1.543706 3.610864  0.530553 0.847650 0.001793  0.152224 0.840478 0
0  -0.820544 1.695724 1.678531  0.973805 0.227377 0.001877  0.153600 0.841048 0
Material_0
0  -0.820544 1.695724 1.678531  0.973805 0.227377 0.001877  0.153600 0.841048 0
0  -0.712030 1.543706 3.610864  0.530553 0.847650 0.001793  0.152224 0.840478 0
0  -0.712030 1.543707 1.678531  0.530552 0.847651 0.001792  0.152224 0.840478 0
Material_0
0  -0.712030 1.543706 3.610864  0.530553 0.847650 0.001793  0.152224 0.840478 0
0  -0.527733 1.512724 3.610864  -0.225198 0.974312 -0.001657  0.149903 0.840315 0
0  -0.712030 1.543707 1.678531  0.530552 0.847651 0.001792  0.152224 0.840478 0
Material_0
0  -0.712030 1.543707 1.678531  0.530552 0.847651 0.001792  0.152224 0.840478 0
0  -0.527733 1.512724 3.610864  -0.225198 0.974312 -0.001657  0.149903 0.840315 0
0  -0.527733 1.512724 1.678531  -0.225200 0.974311 -0.001658  0.149903 0.840315 0
Material_0
0  -0.527733 1.512724 3.610864  -0.225198 0.974312 -0.001657  0.149903 0.840315 0
0  -0.375643 1.621308 3.610864  -0.845870 0.532425 -0.032047  0.147925 0.840804 0
0  -0.527733 1.512724 1.678531  -0.225200 0.974311 -0.001658  0.149903 0.840315 0
Material_0
0  -0.527733 1.512724 1.678531  -0.225200 0.974311 -0.001658  0.149903 0.840315 0
0  -0.375643 1.621308 3.610864  -0.845870 0.532425 -0.032047  0.147925 0.840804 0
0  -0.375644 1.621308 1.678531  -0.845870 0.532425 -0.032052  0.147925 0.840804 0
Material_0
0  -0.375644 1.621308 1.678531  -0.845870 0.532425 -0.032052  0.147925 0.840804 0
0  -0.375643 1.621308 3.610864  -0.845870 0.532425 -0.032047  0.147925 0.840804 0
0  -0.344808 1.805465 1.678531  -0.976391 -0.214614 -0.024515  0.147581 0.841537 0
Material_0
0  -0.375643 1.621308 3.610864  -0.845870 0.532425 -0.032047  0.147925 0.840804 0
0  -0.344807 1.805465 3.610864  -0.976393 -0.214605 -0.024509  0.147581 0.841537 0
0  -0.344808 1.805465 1.678531  -0.976391 -0.214614 -0.024515  0.147581 0.841537 0
Material_0
0  -0.344808 1.805465 1.678531  -0.976391 -0.214614 -0.024515  0.147581 0.841537 0
0  -0.344807 1.805465 3.610864  -0.976393 -0.214605 -0.024509  0.147581 0.841537 0
0  -0.453256 1.957772 1.678531  -0.518549 -0.854515 -0.030179  0.148957 0.842108 0
Material_0
0  -0.344807 1.805465 3.610864  -0.976393 -0.214605 -0.024509  0.147581 0.841537 0
0  -0.453256 1.957772 3.610864  -0.518549 -0.854515 -0.030182  0.148957 0.842108 0
0  -0.453256 1.957772 1.678531  -0.518549 -0.854515 -0.030179  0.148957 0.842108 0
Material_0
0  -0.453256 1.957772 1.678531  -0.518549 -0.854515 -0.030179  0.148957 0.842108 0
0  -0.453256 1.957772 3.610864  -0.518549 -0.854515 -0.030182  0.148957 0.842108 0
0  -0.637554 1.988465 1.678531  0.225199 -0.974311 0.001665  0.151278 0.842271 0
Material_0
0  -0.453256 1.957772 3.610864  -0.518549 -0.854515 -0.030182  0.148957 0.842108 0
0  -0.637553 1.988465 3.610864  0.225218 -0.974307 0.001747  0.151278 0.842271 0
0  -0.637554 1.988465 1.678531  0.225199 -0.974311 0.001665  0.151278 0.842271 0
Material_0
0  -0.637554 1.988465 1.678531  0.225199 -0.974311 0.001665  0.151278 0.842271 0
0  -0.637553 1.988465 3.610864  0.225218 -0.974307 0.001747  0.151278 0.842271 0
0  -0.789708 1.880171 1.678531  0.846478 -0.532424 0.000001  0.153170 0.841782 0
Material_0
0  0.563548 1.488691 3.636076  0.000002 0.002205 0.999998  0.135974 0.840233 0
0  0.393428 1.612621 3.636076  -0.000003 0.002205 0.999998  0.138124 0.840722 0
0  0.377487 1.595827 3.636076  -0.000002 0.002205 0.999998  0.138296 0.840641 0
Material_0
0  0.377487 1.595827 3.636076  -0.000002 0.002205 0.999998  0.138296 0.840641 0
0  0.393428 1.612621 3.636076  -0.000003 0.002205 0.999998  0.138124 0.840722 0
0  0.349460 1.815889 3.636076  -0.000001 0.002205 0.999998  0.138726 0.841537 0
Material_0
0  0.377487 1.595827 3.636076  -0.000002 0.002205 0.999998  0.138296 0.840641 0
0  0.536371 1.454234 3.636076  0.000002 0.002205 0.999998  0.136318 0.840152 0
0  0.563548 1.488691 3.636076  0.000002 0.002205 0.999998  0.135974 0.840233 0
Material_0
0  0.536371 1.454234 3.636076  0.000002 0.002205 0.999998  0.136318 0.840152 0
0  0.547216 1.244595 3.636076  -0.000001 0.002206 0.999998  0.136146 0.839255 0
0  0.563548 1.488691 3.636076  0.000002 0.002205 0.999998  0.135974 0.840233 0
Material_0
0  0.563548 1.488691 3.636076  0.000002 0.002205 0.999998  0.135974 0.840233 0
0  0.547216 1.244595 3.636076  -0.000001 0.002206 0.999998  0.136146 0.839255 0
0  0.766008 1.521700 3.636076  0.000004 0.002204 0.999998  0.133395 0.840396 0
Material_0
0  0.547216 1.244595 3.636076  -0.000001 0.002206 0.999998  0.136146 0.839255 0
0  0.854400 1.493034 3.636076  0.000003 0.002204 0.999998  0.132277 0.840233 0
0  0.766008 1.521700 3.636076  0.000004 0.002204 0.999998  0.133395 0.840396 0
Material_0
0  0.766008 1.521700 3.636076  0.000004 0.002204 0.999998  0.133395 0.840396 0
0  0.854400 1.493034 3.636076  0.000003 0.002204 0.999998  0.132277 0.840233 0
0  0.889939 1.696592 3.636076  -0.000025 0.002205 0.999998  0.131847 0.841048 0
Material_0
0  0.854400 1.493034 3.636076  0.000003 0.002204 0.999998  0.132277 0.840233 0
0  0.941812 1.889727 3.636076  0.000002 0.002205 0.999998  0.131160 0.841863 0
0  0.889939 1.696592 3.636076  -0.000025 0.002205 0.999998  0.131847 0.841048 0
Material_0
0  0.889939 1.696592 3.636076  -0.000025 0.002205 0.999998  0.131847 0.841048 0
0  0.941812 1.889727 3.636076  0.000002 0.002205 0.999998  0.131160 0.841863 0
0  0.853616 1.903046 3.636076  0.000002 0.002205 0.999998  0.132277 0.841863 0
Material_0
0  0.941812 1.889727 3.636076  0.000002 0.002205 0.999998  0.131160 0.841863 0
0  0.850480 2.289893 3.636076  0.000005 0.002206 0.999998  0.132277 0.843412 0
0  0.853616 1.903046 3.636076  0.000002 0.002205 0.999998  0.132277 0.841863 0
Material_0
0  0.853616 1.903046 3.636076  0.000002 0.002205 0.999998  0.132277 0.841863 0
0  0.850480 2.289893 3.636076  0.000005 0.002206 0.999998  0.132277 0.843412 0
0  0.771887 2.249934 3.636076  0.000004 0.002205 0.999998  0.133309 0.843249 0
Material_0
0  0.850480 2.289893 3.636076  0.000005 0.002206 0.999998  0.132277 0.843412 0
0  0.712371 2.450886 3.636076  0.000001 0.002212 0.999998  0.134083 0.844064 0
0  0.771887 2.249934 3.636076  0.000004 0.002205 0.999998  0.133309 0.843249 0
Material_0
0  0.594646 1.166126 3.636076  -0.000001 0.002205 0.999998  0.135544 0.839011 0
0  0.854400 1.493034 3.636076  0.000003 0.002204 0.999998  0.132277 0.840233 0
0  0.547216 1.244595 3.636076  -0.000001 0.002206 0.999998  0.136146 0.839255 0
Material_0
0  0.853616 1.903046 3.636076  0.000002 0.002205 0.999998  0.132277 0.841863 0
0  0.771887 2.249934 3.636076  0.000004 0.002205 0.999998  0.133309 0.843249 0
0  0.682058 2.023212 3.636076  0.000002 0.002205 0.999998  0.134427 0.842352 0
Material_0
0  0.771887 2.249934 3.636076  0.000004 0.002205 0.999998  0.133309 0.843249 0
0  0.671932 2.065777 3.636076  0.000003 0.002205 0.999998  0.134599 0.842515 0
0  0.682058 2.023212 3.636076  0.000002 0.002205 0.999998  0.134427 0.842352 0
Material_0
0  0.682058 2.023212 3.636076  0.000002 0.002205 0.999998  0.134427 0.842352 0
0  0.671932 2.065777 3.636076  0.000003 0.002205 0.999998  0.134599 0.842515 0
0  0.473523 1.985859 3.636076  -0.000018 0.002205 0.999998  0.137092 0.842189 0
Material_0
0  0.671932 2.065777 3.636076  0.000003 0.002205 0.999998  0.134599 0.842515 0
0  0.469472 2.011919 3.636076  -0.000006 0.002205 0.999998  0.137178 0.842352 0
0  0.473523 1.985859 3.636076  -0.000018 0.002205 0.999998  0.137092 0.842189 0
Material_0
0  0.473523 1.985859 3.636076  -0.000018 0.002205 0.999998  0.137092 0.842189 0
0  0.469472 2.011919 3.636076  -0.000006 0.002205 0.999998  0.137178 0.842352 0
0  0.349460 1.815889 3.636076  -0.000001 0.002205 0.999998  0.138726 0.841537 0
Material_0
0  0.469472 2.011919 3.636076  -0.000006 0.002205 0.999998  0.137178 0.842352 0
0  0.284326 2.104577 3.636076  -0.000001 0.002205 0.999998  0.139499 0.842678 0
0  0.349460 1.815889 3.636076  -0.000001 0.002205 0.999998  0.138726 0.841537 0
Material_0
0  0.349460 1.815889 3.636076  -0.000001 0.002205 0.999998  0.138726 0.841537 0
0  0.284326 2.104577 3.636076  -0.000001 0.002205 0.999998  0.139499 0.842678 0
0  0.019541 2.231403 3.636076  -0.000000 0.002205 0.999998  0.142853 0.843167 0
Material_0
0  0.019541 2.231403 3.636076  -0.000000 0.002205 0.999998  0.142853 0.843167 0
0  0.284326 2.104577 3.636076  -0.000001 0.002205 0.999998  0.139499 0.842678 0
0  0.212985 2.312768 3.636076  0.000001 0.002205 0.999998  0.140445 0.843493 0
Material_0
0  0.284326 2.104577 3.636076  -0.000001 0.002205 0.999998  0.139499 0.842678 0
0  0.228599 2.305240 3.636076  0.000001 0.002205 0.999998  0.140187 0.843493 0
0  0.212985 2.312768 3.636076  0.000001 0.002205 0.999998  0.140445 0.843493 0
Material_0
0  0.212985 2.312768 3.636076  0.000001 0.002205 0.999998  0.140445 0.843493 0
0  0.228599 2.305240 3.636076  0.000001 0.002205 0.999998  0.140187 0.843493 0
0  0.293145 2.507639 3.636076  0.000005 0.002205 0.999998  0.139413 0.844308 0
Material_0
0  0.228599 2.305240 3.636076  0.000001 0.002205 0.999998  0.140187 0.843493 0
0  0.327509 2.491135 3.636076  0.000004 0.002205 0.999998  0.138984 0.844227 0
0  0.293145 2.507639 3.636076  0.000005 0.002205 0.999998  0.139413 0.844308 0
Material_0
0  0.293145 2.507639 3.636076  0.000005 0.002205 0.999998  0.139413 0.844308 0
0  0.327509 2.491135 3.636076  0.000004 0.002205 0.999998  0.138984 0.844227 0
0  0.212985 2.701063 3.636076  -0.000000 0.002205 0.999998  0.140445 0.845042 0
Material_0
0  0.327509 2.491135 3.636076  0.000004 0.002205 0.999998  0.138984 0.844227 0
0  0.528335 2.550784 3.636076  -0.000000 0.002205 0.999998  0.136404 0.844472 0
0  0.212985 2.701063 3.636076  -0.000000 0.002205 0.999998  0.140445 0.845042 0
Material_0
0  0.212985 2.701063 3.636076  -0.000000 0.002205 0.999998  0.140445 0.845042 0
0  0.528335 2.550784 3.636076  -0.000000 0.002205 0.999998  0.136404 0.844472 0
0  0.594515 2.610722 3.636076  0.000000 0.002205 0.999998  0.135544 0.844716 0
Material_0
0  0.528335 2.550784 3.636076  -0.000000 0.002205 0.999998  0.136404 0.844472 0
0  0.712371 2.450886 3.636076  0.000001 0.002212 0.999998  0.134083 0.844064 0
0  0.594515 2.610722 3.636076  0.000000 0.002205 0.999998  0.135544 0.844716 0
Material_0
0  0.594515 2.610722 3.636076  0.000000 0.002205 0.999998  0.135544 0.844716 0
0  0.712371 2.450886 3.636076  0.000001 0.002212 0.999998  0.134083 0.844064 0
0  0.850480 2.289893 3.636076  0.000005 0.002206 0.999998  0.132277 0.843412 0
Material_0
0  0.594515 2.610722 3.636076  0.000000 0.002205 0.999998  0.135544 0.844716 0
0  0.224679 2.788799 3.636076  -0.000000 0.002205 0.999998  0.140273 0.845450 0
0  0.212985 2.701063 3.636076  -0.000000 0.002205 0.999998  0.140445 0.845042 0
Material_0
0  0.212985 2.701063 3.636076  -0.000000 0.002205 0.999998  0.140445 0.845042 0
0  0.224679 2.788799 3.636076  -0.000000 0.002205 0.999998  0.140273 0.845450 0
0  0.019476 2.781270 3.636076  -0.000000 0.002205 0.999998  0.142853 0.845368 0
Material_0
0  0.224679 2.788799 3.636076  -0.000000 0.002205 0.999998  0.140273 0.845450 0
0  -0.183310 2.791404 3.636076  0.000000 0.002205 0.999998  0.145518 0.845450 0
0  0.019476 2.781270 3.636076  -0.000000 0.002205 0.999998  0.142853 0.845368 0
Material_0
0  0.019476 2.781270 3.636076  -0.000000 0.002205 0.999998  0.142853 0.845368 0
0  -0.183310 2.791404 3.636076  0.000000 0.002205 0.999998  0.145518 0.845450 0
0  -0.173511 2.700194 3.636076  0.000000 0.002205 0.999998  0.145346 0.845042 0
Material_0
0  -0.183310 2.791404 3.636076  0.000000 0.002205 0.999998  0.145518 0.845450 0
0  -0.555629 2.610721 3.636076  -0.000000 0.002205 0.999998  0.150247 0.844716 0
0  -0.173511 2.700194 3.636076  0.000000 0.002205 0.999998  0.145346 0.845042 0
Material_0
0  -0.173511 2.700194 3.636076  0.000000 0.002205 0.999998  0.145346 0.845042 0
0  -0.555629 2.610721 3.636076  -0.000000 0.002205 0.999998  0.150247 0.844716 0
0  -0.495133 2.546150 3.636076  -0.000000 0.002205 0.999998  0.149473 0.844472 0
Material_0
0  -0.495133 2.546150 3.636076  -0.000000 0.002205 0.999998  0.149473 0.844472 0
0  -0.555629 2.610721 3.636076  -0.000000 0.002205 0.999998  0.150247 0.844716 0
0  -0.678320 2.444805 3.636076  0.000001 0.002190 0.999998  0.151794 0.844064 0
Material_0
0  -0.555629 2.610721 3.636076  -0.000000 0.002205 0.999998  0.150247 0.844716 0
0  -0.811594 2.289893 3.636077  0.000008 0.002108 0.999998  0.153514 0.843412 0
0  -0.678320 2.444805 3.636076  0.000001 0.002190 0.999998  0.151794 0.844064 0
Material_0
0  -0.678320 2.444805 3.636076  0.000001 0.002190 0.999998  0.151794 0.844064 0
0  -0.811594 2.289893 3.636077  0.000008 0.002108 0.999998  0.153514 0.843412 0
0  -0.736072 2.243274 3.636076  0.000006 0.002204 0.999998  0.152482 0.843249 0
Material_0
0  -0.811594 2.289893 3.636077  0.000008 0.002108 0.999998  0.153514 0.843412 0
0  -0.902926 1.889726 3.636077  -0.000001 0.002206 0.999998  0.154631 0.841863 0
0  -0.736072 2.243274 3.636076  0.000006 0.002204 0.999998  0.152482 0.843249 0
Material_0
0  -0.736072 2.243274 3.636076  0.000006 0.002204 0.999998  0.152482 0.843249 0
0  -0.902926 1.889726 3.636077  -0.000001 0.002206 0.999998  0.154631 0.841863 0
0  -0.814730 1.895807 3.636077  -0.000001 0.002206 0.999998  0.153514 0.841863 0
Material_0
0  -0.902926 1.889726 3.636077  -0.000001 0.002206 0.999998  0.154631 0.841863 0
0  -0.849290 1.689064 3.636077  0.000001 0.002205 0.999998  0.153944 0.841048 0
0  -0.814730 1.895807 3.636077  -0.000001 0.002206 0.999998  0.153514 0.841863 0
Material_0
0  -0.495133 2.546150 3.636076  -0.000000 0.002205 0.999998  0.149473 0.844472 0
0  -0.293784 2.488529 3.636076  -0.000004 0.002205 0.999998  0.146893 0.844227 0
0  -0.173511 2.700194 3.636076  0.000000 0.002205 0.999998  0.145346 0.845042 0
Material_0
0  -0.736072 2.243274 3.636076  0.000006 0.002204 0.999998  0.152482 0.843249 0
0  -0.814730 1.895807 3.636077  -0.000001 0.002206 0.999998  0.153514 0.841863 0
0  -0.634483 2.060275 3.636076  0.000003 0.002205 0.999998  0.151192 0.842515 0
Material_0
0  -0.814730 1.895807 3.636077  -0.000001 0.002206 0.999998  0.153514 0.841863 0
0  -0.644217 2.017421 3.636076  0.000006 0.002205 0.999998  0.151364 0.842352 0
0  -0.634483 2.060275 3.636076  0.000003 0.002205 0.999998  0.151192 0.842515 0
Material_0
0  -0.634483 2.060275 3.636076  0.000003 0.002205 0.999998  0.151192 0.842515 0
0  -0.644217 2.017421 3.636076  0.000006 0.002205 0.999998  0.151364 0.842352 0
0  -0.431370 2.004390 3.636076  -0.000000 0.002205 0.999998  0.148613 0.842271 0
Material_0
0  -0.644217 2.017421 3.636076  0.000006 0.002205 0.999998  0.151364 0.842352 0
0  -0.436074 1.983542 3.636076  0.000000 0.002205 0.999998  0.148699 0.842189 0
0  -0.431370 2.004390 3.636076  -0.000000 0.002205 0.999998  0.148613 0.842271 0
Material_0
0  -0.436074 1.983542 3.636076  0.000000 0.002205 0.999998  0.148699 0.842189 0
0  -0.317956 1.814441 3.636076  0.000000 0.002205 0.999998  0.147237 0.841537 0
0  -0.431370 2.004390 3.636076  -0.000000 0.002205 0.999998  0.148613 0.842271 0
Material_0
0  -0.431370 2.004390 3.636076  -0.000000 0.002205 0.999998  0.148613 0.842271 0
0  -0.317956 1.814441 3.636076  0.000000 0.002205 0.999998  0.147237 0.841537 0
0  -0.251907 2.106314 3.636076  -0.000000 0.002205 0.999998  0.146378 0.842678 0
Material_0
0  -0.317956 1.814441 3.636076  0.000000 0.002205 0.999998  0.147237 0.841537 0
0  0.019541 2.231403 3.636076  -0.000000 0.002205 0.999998  0.142853 0.843167 0
0  -0.251907 2.106314 3.636076  -0.000000 0.002205 0.999998  0.146378 0.842678 0
Material_0
0  0.019541 2.231403 3.636076  -0.000000 0.002205 0.999998  0.142853 0.843167 0
0  -0.173380 2.313637 3.636076  -0.000001 0.002205 0.999998  0.145346 0.843493 0
0  -0.251907 2.106314 3.636076  -0.000000 0.002205 0.999998  0.146378 0.842678 0
Material_0
0  -0.251907 2.106314 3.636076  -0.000000 0.002205 0.999998  0.146378 0.842678 0
0  -0.173380 2.313637 3.636076  -0.000001 0.002205 0.999998  0.145346 0.843493 0
0  -0.192653 2.304371 3.636076  -0.000003 0.002205 0.999998  0.145604 0.843493 0
Material_0
0  -0.173380 2.313637 3.636076  -0.000001 0.002205 0.999998  0.145346 0.843493 0
0  -0.254194 2.507639 3.636076  -0.000003 0.002205 0.999998  0.146378 0.844308 0
0  -0.192653 2.304371 3.636076  -0.000003 0.002205 0.999998  0.145604 0.843493 0
Material_0
0  -0.192653 2.304371 3.636076  -0.000003 0.002205 0.999998  0.145604 0.843493 0
0  -0.254194 2.507639 3.636076  -0.000003 0.002205 0.999998  0.146378 0.844308 0
0  -0.293784 2.488529 3.636076  -0.000004 0.002205 0.999998  0.146893 0.844227 0
Material_0
0  -0.254194 2.507639 3.636076  -0.000003 0.002205 0.999998  0.146378 0.844308 0
0  -0.173511 2.700194 3.636076  0.000000 0.002205 0.999998  0.145346 0.845042 0
0  -0.293784 2.488529 3.636076  -0.000004 0.002205 0.999998  0.146893 0.844227 0
Material_0
0  0.019541 2.231403 3.636076  -0.000000 0.002205 0.999998  0.142853 0.843167 0
0  -0.317956 1.814441 3.636076  0.000000 0.002205 0.999998  0.147237 0.841537 0
0  0.349460 1.815889 3.636076  -0.000001 0.002205 0.999998  0.138726 0.841537 0
Material_0
0  0.349460 1.815889 3.636076  -0.000001 0.002205 0.999998  0.138726 0.841537 0
0  -0.317956 1.814441 3.636076  0.000000 0.002205 0.999998  0.147237 0.841537 0
0  -0.128759 1.579032 3.636076  0.000001 0.002205 0.999998  0.144744 0.840641 0
Material_0
0  -0.317956 1.814441 3.636076  0.000000 0.002205 0.999998  0.147237 0.841537 0
0  -0.350164 1.607119 3.636076  0.000001 0.002205 0.999998  0.147581 0.840722 0
0  -0.128759 1.579032 3.636076  0.000001 0.002205 0.999998  0.144744 0.840641 0
Material_0
0  -0.128759 1.579032 3.636076  0.000001 0.002205 0.999998  0.144744 0.840641 0
0  -0.350164 1.607119 3.636076  0.000001 0.002205 0.999998  0.147581 0.840722 0
0  -0.334942 1.589746 3.636076  0.000003 0.002205 0.999998  0.147409 0.840641 0
Material_0
0  -0.334942 1.589746 3.636076  0.000003 0.002205 0.999998  0.147409 0.840641 0
0  -0.350164 1.607119 3.636076  0.000001 0.002205 0.999998  0.147581 0.840722 0
0  -0.493565 1.449890 3.636076  -0.000002 0.002205 0.999998  0.149473 0.840070 0
Material_0
0  -0.350164 1.607119 3.636076  0.000001 0.002205 0.999998  0.147581 0.840722 0
0  -0.521069 1.484058 3.636076  -0.000002 0.002205 0.999998  0.149817 0.840233 0
0  -0.493565 1.449890 3.636076  -0.000002 0.002205 0.999998  0.149473 0.840070 0
Material_0
0  -0.493565 1.449890 3.636076  -0.000002 0.002205 0.999998  0.149473 0.840070 0
0  -0.521069 1.484058 3.636076  -0.000002 0.002205 0.999998  0.149817 0.840233 0
0  -0.504540 1.240541 3.636076  -0.000001 0.002206 0.999998  0.149559 0.839255 0
Material_0
0  -0.521069 1.484058 3.636076  -0.000002 0.002205 0.999998  0.149817 0.840233 0
0  -0.727644 1.518515 3.636076  0.000005 0.002207 0.999998  0.152396 0.840396 0
0  -0.504540 1.240541 3.636076  -0.000001 0.002206 0.999998  0.149559 0.839255 0
Material_0
0  -0.504540 1.240541 3.636076  -0.000001 0.002206 0.999998  0.149559 0.839255 0
0  -0.727644 1.518515 3.636076  0.000005 0.002207 0.999998  0.152396 0.840396 0
0  -0.555629 1.168442 3.636076  -0.000002 0.002205 0.999998  0.150247 0.839011 0
Material_0
0  -0.555629 1.168442 3.636076  -0.000002 0.002205 0.999998  0.150247 0.839011 0
0  -0.727644 1.518515 3.636076  0.000005 0.002207 0.999998  0.152396 0.840396 0
0  -0.811594 1.489270 3.636077  0.000006 0.002207 0.999998  0.153514 0.840233 0
Material_0
0  -0.727644 1.518515 3.636076  0.000005 0.002207 0.999998  0.152396 0.840396 0
0  -0.849290 1.689064 3.636077  0.000001 0.002205 0.999998  0.153944 0.841048 0
0  -0.811594 1.489270 3.636077  0.000006 0.002207 0.999998  0.153514 0.840233 0
Material_0
0  -0.811594 1.489270 3.636077  0.000006 0.002207 0.999998  0.153514 0.840233 0
0  -0.849290 1.689064 3.636077  0.000001 0.002205 0.999998  0.153944 0.841048 0
0  -0.902926 1.889726 3.636077  -0.000001 0.002206 0.999998  0.154631 0.841863 0
Material_0
0  -0.504540 1.240541 3.636076  -0.000001 0.002206 0.999998  0.149559 0.839255 0
0  -0.555629 1.168442 3.636076  -0.000002 0.002205 0.999998  0.150247 0.839011 0
0  -0.364406 1.084760 3.636077  -0.000014 0.002064 0.999998  0.147753 0.838685 0
Material_0
0  -0.555629 1.168442 3.636076  -0.000002 0.002205 0.999998  0.150247 0.839011 0
0  -0.185793 0.990365 3.636076  0.000001 0.002103 0.999998  0.145518 0.838277 0
0  -0.364406 1.084760 3.636077  -0.000014 0.002064 0.999998  0.147753 0.838685 0
Material_0
0  -0.364406 1.084760 3.636077  -0.000014 0.002064 0.999998  0.147753 0.838685 0
0  -0.185793 0.990365 3.636076  0.000001 0.002103 0.999998  0.145518 0.838277 0
0  -0.155218 1.074046 3.636077  0.000002 0.002105 0.999998  0.145088 0.838603 0
Material_0
0  -0.185793 0.990365 3.636076  0.000001 0.002103 0.999998  0.145518 0.838277 0
0  0.224679 0.990365 3.636076  0.000000 0.002151 0.999998  0.140273 0.838277 0
0  -0.155218 1.074046 3.636077  0.000002 0.002105 0.999998  0.145088 0.838603 0
Material_0
0  -0.155218 1.074046 3.636077  0.000002 0.002105 0.999998  0.145088 0.838603 0
0  0.224679 0.990365 3.636076  0.000000 0.002151 0.999998  0.140273 0.838277 0
0  0.201291 1.075494 3.636077  0.000001 0.002201 0.999998  0.140617 0.838603 0
Material_0
0  0.201291 1.075494 3.636077  0.000001 0.002201 0.999998  0.140617 0.838603 0
0  0.224679 0.990365 3.636076  0.000000 0.002151 0.999998  0.140273 0.838277 0
0  0.410348 1.088235 3.636077  0.000012 0.002070 0.999998  0.137952 0.838685 0
Material_0
0  0.224679 0.990365 3.636076  0.000000 0.002151 0.999998  0.140273 0.838277 0
0  0.594646 1.166126 3.636076  -0.000001 0.002205 0.999998  0.135544 0.839011 0
0  0.410348 1.088235 3.636077  0.000012 0.002070 0.999998  0.137952 0.838685 0
Material_0
0  0.410348 1.088235 3.636077  0.000012 0.002070 0.999998  0.137952 0.838685 0
0  0.594646 1.166126 3.636076  -0.000001 0.002205 0.999998  0.135544 0.839011 0
0  0.547216 1.244595 3.636076  -0.000001 0.002206 0.999998  0.136146 0.839255 0
Material_0
0  0.201291 1.075494 3.636077  0.000001 0.002201 0.999998  0.140617 0.838603 0
0  0.044367 1.214192 3.636076  -0.000000 0.002207 0.999998  0.142595 0.839174 0
0  -0.155218 1.074046 3.636077  0.000002 0.002105 0.999998  0.145088 0.838603 0
Material_0
0  -0.155218 1.074046 3.636077  0.000002 0.002105 0.999998  0.145088 0.838603 0
0  0.044367 1.214192 3.636076  -0.000000 0.002207 0.999998  0.142595 0.839174 0
0  0.000399 1.214192 3.636076  -0.000001 0.002207 0.999998  0.143110 0.839174 0
Material_0
0  0.000399 1.214192 3.636076  -0.000001 0.002207 0.999998  0.143110 0.839174 0
0  0.044367 1.214192 3.636076  -0.000000 0.002207 0.999998  0.142595 0.839174 0
0  0.010787 1.423541 3.636076  0.000001 0.002205 0.999998  0.143024 0.839989 0
Material_0
0  0.044367 1.214192 3.636076  -0.000000 0.002207 0.999998  0.142595 0.839174 0
0  0.032215 1.423830 3.636076  0.000001 0.002205 0.999998  0.142767 0.839989 0
0  0.010787 1.423541 3.636076  0.000001 0.002205 0.999998  0.143024 0.839989 0
Material_0
0  0.010787 1.423541 3.636076  0.000001 0.002205 0.999998  0.143024 0.839989 0
0  0.032215 1.423830 3.636076  0.000001 0.002205 0.999998  0.142767 0.839989 0
0  -0.128759 1.579032 3.636076  0.000001 0.002205 0.999998  0.144744 0.840641 0
Material_0
0  0.032215 1.423830 3.636076  0.000001 0.002205 0.999998  0.142767 0.839989 0
0  0.170324 1.584824 3.636076  0.000000 0.002205 0.999998  0.140961 0.840641 0
0  -0.128759 1.579032 3.636076  0.000001 0.002205 0.999998  0.144744 0.840641 0
Material_0
0  -0.128759 1.579032 3.636076  0.000001 0.002205 0.999998  0.144744 0.840641 0
0  0.170324 1.584824 3.636076  0.000000 0.002205 0.999998  0.140961 0.840641 0
0  0.349460 1.815889 3.636076  -0.000001 0.002205 0.999998  0.138726 0.841537 0
Material_0
0  0.170324 1.584824 3.636076  0.000000 0.002205 0.999998  0.140961 0.840641 0
0  0.377487 1.595827 3.636076  -0.000002 0.002205 0.999998  0.138296 0.840641 0
0  0.349460 1.815889 3.636076  -0.000001 0.002205 0.999998  0.138726 0.841537 0
Material_0
0  0.311634 2.257463 5.371224  0.809073 -0.586727 0.033944  0.139156 0.843330 0
0  0.131061 2.126294 7.488701  0.309420 -0.950924 -0.001891  0.141477 0.842760 0
0  0.131060 2.126294 5.371225  0.309416 -0.950925 -0.001844  0.141477 0.842760 0
Material_0
0  0.131060 2.126294 5.371225  0.309416 -0.950925 -0.001844  0.141477 0.842760 0
0  0.131061 2.126294 7.488701  0.309420 -0.950924 -0.001891  0.141477 0.842760 0
0  -0.092109 2.126294 5.371225  -0.309392 -0.950933 -0.001746  0.144314 0.842760 0
Material_0
0  0.131061 2.126294 7.488701  0.309420 -0.950924 -0.001891  0.141477 0.842760 0
0  -0.092108 2.126294 7.488701  -0.309412 -0.950926 -0.001892  0.144314 0.842760 0
0  -0.092109 2.126294 5.371225  -0.309392 -0.950933 -0.001746  0.144314 0.842760 0
Material_0
0  -0.092109 2.126294 5.371225  -0.309392 -0.950933 -0.001746  0.144314 0.842760 0
0  -0.092108 2.126294 7.488701  -0.309412 -0.950926 -0.001892  0.144314 0.842760 0
0  -0.272682 2.257463 5.371224  -0.809070 -0.586732 -0.033939  0.146636 0.843330 0
Material_0
0  -0.092108 2.126294 7.488701  -0.309412 -0.950926 -0.001892  0.144314 0.842760 0
0  -0.272682 2.257463 7.601968  -0.809173 -0.586590 -0.033915  0.146636 0.843330 0
0  -0.272682 2.257463 5.371224  -0.809070 -0.586732 -0.033939  0.146636 0.843330 0
Material_0
0  -0.272682 2.257463 5.371224  -0.809070 -0.586732 -0.033939  0.146636 0.843330 0
0  -0.272682 2.257463 7.601968  -0.809173 -0.586590 -0.033915  0.146636 0.843330 0
0  -0.341671 2.469707 5.371224  -0.999998 0.002169 0.000000  0.147495 0.844145 0
Material_0
0  -0.272682 2.257463 7.601968  -0.809173 -0.586590 -0.033915  0.146636 0.843330 0
0  -0.341671 2.469707 7.785606  -0.999997 0.002379 0.000001  0.147495 0.844145 0
0  -0.341671 2.469707 5.371224  -0.999998 0.002169 0.000000  0.147495 0.844145 0
Material_0
0  -0.341671 2.469707 5.371224  -0.999998 0.002169 0.000000  0.147495 0.844145 0
0  -0.341671 2.469707 7.785606  -0.999997 0.002379 0.000001  0.147495 0.844145 0
0  -0.272682 2.681952 5.371224  -0.808996 0.586725 -0.035774  0.146636 0.844961 0
Material_0
0  -0.341671 2.469707 7.785606  -0.999997 0.002379 0.000001  0.147495 0.844145 0
0  -0.272682 2.681952 7.968867  -0.808884 0.586881 -0.035746  0.146636 0.844961 0
0  -0.272682 2.681952 5.371224  -0.808996 0.586725 -0.035774  0.146636 0.844961 0
Material_0
0  -0.272682 2.681952 5.371224  -0.808996 0.586725 -0.035774  0.146636 0.844961 0
0  -0.272682 2.681952 7.968867  -0.808884 0.586881 -0.035746  0.146636 0.844961 0
0  -0.092109 2.813121 5.371224  -0.309395 0.950932 0.001745  0.144314 0.845531 0
Material_0
0  -0.272682 2.681952 7.968867  -0.808884 0.586881 -0.035746  0.146636 0.844961 0
0  -0.092108 2.813121 8.082511  -0.309405 0.950928 0.001873  0.144314 0.845531 0
0  -0.092109 2.813121 5.371224  -0.309395 0.950932 0.001745  0.144314 0.845531 0
Material_0
0  -0.092109 2.813121 5.371224  -0.309395 0.950932 0.001745  0.144314 0.845531 0
0  -0.092108 2.813121 8.082511  -0.309405 0.950928 0.001873  0.144314 0.845531 0
0  0.131060 2.813121 5.371224  0.309400 0.950930 0.001767  0.141477 0.845531 0
Material_0
0  -0.092108 2.813121 8.082511  -0.309405 0.950928 0.001873  0.144314 0.845531 0
0  0.131061 2.813121 8.082511  0.309415 0.950925 0.001873  0.141477 0.845531 0
0  0.131060 2.813121 5.371224  0.309400 0.950930 0.001767  0.141477 0.845531 0
Material_0
0  0.131061 2.813121 8.082511  0.309415 0.950925 0.001873  0.141477 0.845531 0
0  0.311634 2.681952 7.968867  0.808712 0.586878 0.039505  0.139156 0.844961 0
0  0.131060 2.813121 5.371224  0.309400 0.950930 0.001767  0.141477 0.845531 0
Material_0
0  0.131060 2.813121 5.371224  0.309400 0.950930 0.001767  0.141477 0.845531 0
0  0.311634 2.681952 7.968867  0.808712 0.586878 0.039505  0.139156 0.844961 0
0  0.311634 2.681952 5.371224  0.808824 0.586720 0.039538  0.139156 0.844961 0
Material_0
0  0.311634 2.681952 7.968867  0.808712 0.586878 0.039505  0.139156 0.844961 0
0  0.380558 2.469707 7.785606  0.999998 -0.001976 0.000004  0.138296 0.844145 0
0  0.311634 2.681952 5.371224  0.808824 0.586720 0.039538  0.139156 0.844961 0
Material_0
0  0.311634 2.681952 5.371224  0.808824 0.586720 0.039538  0.139156 0.844961 0
0  0.380558 2.469707 7.785606  0.999998 -0.001976 0.000004  0.138296 0.844145 0
0  0.380558 2.469707 5.371224  0.999998 0.002011 -0.000000  0.138296 0.844145 0
Material_0
0  0.380558 2.469707 7.785606  0.999998 -0.001976 0.000004  0.138296 0.844145 0
0  0.311634 2.257463 7.601968  0.809187 -0.586572 -0.033903  0.139156 0.843330 0
0  0.380558 2.469707 5.371224  0.999998 0.002011 -0.000000  0.138296 0.844145 0
Material_0
0  0.380558 2.469707 5.371224  0.999998 0.002011 -0.000000  0.138296 0.844145 0
0  0.311634 2.257463 7.601968  0.809187 -0.586572 -0.033903  0.139156 0.843330 0
0  0.311634 2.257463 5.371224  0.809073 -0.586727 0.033944  0.139156 0.843330 0
Material_0
0  0.311634 2.257463 7.601968  0.809187 -0.586572 -0.033903  0.139156 0.843330 0
0  0.131061 2.126294 7.488701  0.309420 -0.950924 -0.001891  0.141477 0.842760 0
0  0.311634 2.257463 5.371224  0.809073 -0.586727 0.033944  0.139156 0.843330 0
Material_0
0  -0.092108 2.813121 8.377912  -0.309390 0.950933 0.001872  0.624583 0.841619 0
0  0.131061 2.813121 8.377912  0.309413 0.950926 0.001873  0.619855 0.841619 0
0  0.131061 2.813121 8.082511  0.309444 0.950916 0.001876  0.619855 0.841619 0
Material_0
0  0.131061 2.813121 8.377912  0.309413 0.950926 0.001873  0.619855 0.841619 0
0  0.311634 2.681952 8.264267  0.808715 0.586873 0.039494  0.615986 0.840967 0
0  0.131061 2.813121 8.082511  0.309444 0.950916 0.001876  0.619855 0.841619 0
Material_0
0  0.131061 2.813121 8.082511  0.309444 0.950916 0.001876  0.619855 0.841619 0
0  0.311634 2.681952 8.264267  0.808715 0.586873 0.039494  0.615986 0.840967 0
0  0.311634 2.681952 7.968867  0.808918 0.586593 0.039502  0.615986 0.840967 0
Material_0
0  0.311634 2.681952 8.264267  0.808715 0.586873 0.039494  0.615986 0.840967 0
0  0.380558 2.469707 8.080629  0.999997 0.002389 0.000001  0.614524 0.839907 0
0  0.311634 2.681952 7.968867  0.808918 0.586593 0.039502  0.615986 0.840967 0
Material_0
0  0.311634 2.681952 7.968867  0.808918 0.586593 0.039502  0.615986 0.840967 0
0  0.380558 2.469707 8.080629  0.999997 0.002389 0.000001  0.614524 0.839907 0
0  0.380558 2.469707 7.785606  0.999997 -0.002388 -0.000002  0.614524 0.839907 0
Material_0
0  0.380558 2.469707 8.080629  0.999997 0.002389 0.000001  0.614524 0.839907 0
0  0.311634 2.257463 7.897368  0.809187 -0.586572 0.033905  0.615986 0.838848 0
0  0.380558 2.469707 7.785606  0.999997 -0.002388 -0.000002  0.614524 0.839907 0
Material_0
0  0.380558 2.469707 7.785606  0.999997 -0.002388 -0.000002  0.614524 0.839907 0
0  0.311634 2.257463 7.897368  0.809187 -0.586572 0.033905  0.615986 0.838848 0
0  0.311634 2.257463 7.601968  0.808962 -0.586882 -0.033908  0.615986 0.838848 0
Material_0
0  0.311634 2.257463 7.897368  0.809187 -0.586572 0.033905  0.615986 0.838848 0
0  0.131061 2.126294 7.783724  0.309445 -0.950916 -0.001890  0.619855 0.838196 0
0  0.311634 2.257463 7.601968  0.808962 -0.586882 -0.033908  0.615986 0.838848 0
Material_0
0  0.311634 2.257463 7.601968  0.808962 -0.586882 -0.033908  0.615986 0.838848 0
0  0.131061 2.126294 7.783724  0.309445 -0.950916 -0.001890  0.619855 0.838196 0
0  0.131061 2.126294 7.488701  0.309395 -0.950932 -0.001892  0.619855 0.838196 0
Material_0
0  0.131061 2.126294 7.488701  0.309395 -0.950932 -0.001892  0.619855 0.838196 0
0  0.131061 2.126294 7.783724  0.309445 -0.950916 -0.001890  0.619855 0.838196 0
0  -0.092108 2.126294 7.488701  -0.309424 -0.950922 -0.001893  0.624583 0.838196 0
Material_0
0  0.131061 2.126294 7.783724  0.309445 -0.950916 -0.001890  0.619855 0.838196 0
0  -0.092108 2.126294 7.783724  -0.309444 -0.950916 -0.001890  0.624583 0.838196 0
0  -0.092108 2.126294 7.488701  -0.309424 -0.950922 -0.001893  0.624583 0.838196 0
Material_0
0  -0.092108 2.126294 7.488701  -0.309424 -0.950922 -0.001893  0.624583 0.838196 0
0  -0.092108 2.126294 7.783724  -0.309444 -0.950916 -0.001890  0.624583 0.838196 0
0  -0.272682 2.257463 7.601968  -0.808979 -0.586858 -0.033921  0.628452 0.838848 0
Material_0
0  -0.092108 2.126294 7.783724  -0.309444 -0.950916 -0.001890  0.624583 0.838196 0
0  -0.272682 2.257463 7.897368  -0.809176 -0.586587 -0.033914  0.628452 0.838848 0
0  -0.272682 2.257463 7.601968  -0.808979 -0.586858 -0.033921  0.628452 0.838848 0
Material_0
0  -0.272682 2.257463 7.601968  -0.808979 -0.586858 -0.033921  0.628452 0.838848 0
0  -0.272682 2.257463 7.897368  -0.809176 -0.586587 -0.033914  0.628452 0.838848 0
0  -0.341671 2.469707 7.785606  -0.999998 0.001987 -0.000012  0.629914 0.839907 0
Material_0
0  -0.272682 2.257463 7.897368  -0.809176 -0.586587 -0.033914  0.628452 0.838848 0
0  -0.341671 2.469707 8.080629  -0.999998 -0.001987 0.000013  0.629914 0.839907 0
0  -0.341671 2.469707 7.785606  -0.999998 0.001987 -0.000012  0.629914 0.839907 0
Material_0
0  -0.341671 2.469707 7.785606  -0.999998 0.001987 -0.000012  0.629914 0.839907 0
0  -0.341671 2.469707 8.080629  -0.999998 -0.001987 0.000013  0.629914 0.839907 0
0  -0.272682 2.681952 7.968867  -0.809099 0.586585 -0.035731  0.628452 0.840967 0
Material_0
0  -0.341671 2.469707 8.080629  -0.999998 -0.001987 0.000013  0.629914 0.839907 0
0  -0.272682 2.681952 8.264267  -0.808876 0.586893 -0.035737  0.628452 0.840967 0
0  -0.272682 2.681952 7.968867  -0.809099 0.586585 -0.035731  0.628452 0.840967 0
Material_0
0  -0.272682 2.681952 7.968867  -0.809099 0.586585 -0.035731  0.628452 0.840967 0
0  -0.272682 2.681952 8.264267  -0.808876 0.586893 -0.035737  0.628452 0.840967 0
0  -0.092108 2.813121 8.082511  -0.309443 0.950916 0.001877  0.624583 0.841619 0
Material_0
0  -0.272682 2.681952 8.264267  -0.808876 0.586893 -0.035737  0.628452 0.840967 0
0  -0.092108 2.813121 8.377912  -0.309390 0.950933 0.001872  0.624583 0.841619 0
0  -0.092108 2.813121 8.082511  -0.309443 0.950916 0.001877  0.624583 0.841619 0
Material_0
0  -0.092108 2.813121 8.082511  -0.309443 0.950916 0.001877  0.624583 0.841619 0
0  -0.092108 2.813121 8.377912  -0.309390 0.950933 0.001872  0.624583 0.841619 0
0  0.131061 2.813121 8.082511  0.309444 0.950916 0.001876  0.619855 0.841619 0
Material_0
0  0.131061 2.126294 8.226261  0.309407 -0.950928 -0.001893  0.619855 0.838196 0
0  -0.092108 2.126294 9.912112  -0.309423 -0.950923 -0.001876  0.624583 0.838196 0
0  -0.092108 2.126294 8.226261  -0.309415 -0.950925 -0.001893  0.624583 0.838196 0
Material_0
0  -0.092108 2.126294 8.226261  -0.309415 -0.950925 -0.001893  0.624583 0.838196 0
0  -0.092108 2.126294 9.912112  -0.309423 -0.950923 -0.001876  0.624583 0.838196 0
0  -0.272682 2.257463 8.339904  -0.808967 -0.586875 -0.033917  0.628452 0.838848 0
Material_0
0  -0.092108 2.126294 9.912112  -0.309423 -0.950923 -0.001876  0.624583 0.838196 0
0  -0.272681 2.257463 9.912112  -0.809074 -0.586725 -0.033967  0.628452 0.838848 0
0  -0.272682 2.257463 8.339904  -0.808967 -0.586875 -0.033917  0.628452 0.838848 0
Material_0
0  -0.272682 2.257463 8.339904  -0.808967 -0.586875 -0.033917  0.628452 0.838848 0
0  -0.272681 2.257463 9.912112  -0.809074 -0.586725 -0.033967  0.628452 0.838848 0
0  -0.341671 2.469707 8.523166  -0.999998 0.002000 -0.000001  0.629914 0.839907 0
Material_0
0  -0.272681 2.257463 9.912112  -0.809074 -0.586725 -0.033967  0.628452 0.838848 0
0  -0.341670 2.469707 9.912112  -0.999998 0.002070 0.000000  0.629914 0.839907 0
0  -0.341671 2.469707 8.523166  -0.999998 0.002000 -0.000001  0.629914 0.839907 0
Material_0
0  -0.341671 2.469707 8.523166  -0.999998 0.002000 -0.000001  0.629914 0.839907 0
0  -0.341670 2.469707 9.912112  -0.999998 0.002070 0.000000  0.629914 0.839907 0
0  -0.272682 2.681952 8.706803  -0.809093 0.586593 -0.035736  0.628452 0.840967 0
Material_0
0  -0.341670 2.469707 9.912112  -0.999998 0.002070 0.000000  0.629914 0.839907 0
0  -0.272681 2.681952 9.912112  -0.808994 0.586726 -0.035786  0.628452 0.840967 0
0  -0.272682 2.681952 8.706803  -0.809093 0.586593 -0.035736  0.628452 0.840967 0
Material_0
0  -0.272682 2.681952 8.706803  -0.809093 0.586593 -0.035736  0.628452 0.840967 0
0  -0.272681 2.681952 9.912112  -0.808994 0.586726 -0.035786  0.628452 0.840967 0
0  -0.092108 2.813121 8.820071  -0.309446 0.950915 0.001876  0.624583 0.841619 0
Material_0
0  -0.272681 2.681952 9.912112  -0.808994 0.586726 -0.035786  0.628452 0.840967 0
0  -0.092108 2.813121 9.912112  -0.309418 0.950924 0.001843  0.624583 0.841619 0
0  -0.092108 2.813121 8.820071  -0.309446 0.950915 0.001876  0.624583 0.841619 0
Material_0
0  -0.092108 2.813121 9.912112  -0.309418 0.950924 0.001843  0.624583 0.841619 0
0  0.131061 2.813121 9.912112  0.309409 0.950927 0.001806  0.619855 0.841619 0
0  -0.092108 2.813121 8.820071  -0.309446 0.950915 0.001876  0.624583 0.841619 0
Material_0
0  -0.092108 2.813121 8.820071  -0.309446 0.950915 0.001876  0.624583 0.841619 0
0  0.131061 2.813121 9.912112  0.309409 0.950927 0.001806  0.619855 0.841619 0
0  0.131061 2.813121 8.820071  0.309413 0.950926 0.001877  0.619855 0.841619 0
Material_0
0  0.131061 2.813121 9.912112  0.309409 0.950927 0.001806  0.619855 0.841619 0
0  0.311635 2.681952 9.912112  0.809000 0.586718 -0.035792  0.615986 0.840967 0
0  0.131061 2.813121 8.820071  0.309413 0.950926 0.001877  0.619855 0.841619 0
Material_0
0  0.131061 2.813121 8.820071  0.309413 0.950926 0.001877  0.619855 0.841619 0
0  0.311635 2.681952 9.912112  0.809000 0.586718 -0.035792  0.615986 0.840967 0
0  0.311635 2.681952 8.706803  0.809108 0.586573 -0.035736  0.615986 0.840967 0
Material_0
0  0.311635 2.681952 9.912112  0.809000 0.586718 -0.035792  0.615986 0.840967 0
0  0.380558 2.469707 9.912112  0.999998 0.002177 -0.000000  0.614524 0.839907 0
0  0.311635 2.681952 8.706803  0.809108 0.586573 -0.035736  0.615986 0.840967 0
Material_0
0  0.311635 2.681952 8.706803  0.809108 0.586573 -0.035736  0.615986 0.840967 0
0  0.380558 2.469707 9.912112  0.999998 0.002177 -0.000000  0.614524 0.839907 0
0  0.380558 2.469707 8.523166  0.999997 -0.002393 -0.000004  0.614524 0.839907 0
Material_0
0  0.380558 2.469707 9.912112  0.999998 0.002177 -0.000000  0.614524 0.839907 0
0  0.311635 2.257463 9.912112  0.809073 -0.586725 -0.033972  0.615986 0.838848 0
0  0.380558 2.469707 8.523166  0.999997 -0.002393 -0.000004  0.614524 0.839907 0
Material_0
0  0.380558 2.469707 8.523166  0.999997 -0.002393 -0.000004  0.614524 0.839907 0
0  0.311635 2.257463 9.912112  0.809073 -0.586725 -0.033972  0.615986 0.838848 0
0  0.311635 2.257463 8.339904  0.808981 -0.586856 -0.033917  0.615986 0.838848 0
Material_0
0  0.311635 2.257463 9.912112  0.809073 -0.586725 -0.033972  0.615986 0.838848 0
0  0.131061 2.126294 9.912112  0.309430 -0.950920 -0.001904  0.619855 0.838196 0
0  0.311635 2.257463 8.339904  0.808981 -0.586856 -0.033917  0.615986 0.838848 0
Material_0
0  0.311635 2.257463 8.339904  0.808981 -0.586856 -0.033917  0.615986 0.838848 0
0  0.131061 2.126294 9.912112  0.309430 -0.950920 -0.001904  0.619855 0.838196 0
0  0.131061 2.126294 8.226261  0.309407 -0.950928 -0.001893  0.619855 0.838196 0
Material_0
0  0.131061 2.126294 9.912112  0.309430 -0.950920 -0.001904  0.619855 0.838196 0
0  -0.092108 2.126294 9.912112  -0.309423 -0.950923 -0.001876  0.624583 0.838196 0
0  0.131061 2.126294 8.226261  0.309407 -0.950928 -0.001893  0.619855 0.838196 0
Material_0
0  -0.167891 2.605799 9.950120  0.711013 -0.513864 0.480004  0.145260 0.844716 0
0  -0.212120 2.469707 9.950120  0.878404 0.002180 0.477914  0.145862 0.844145 0
0  0.019476 2.469707 7.805550  0.000041 -0.002127 0.999998  0.142853 0.844145 0
Material_0
0  -0.212120 2.469707 9.950120  0.878404 0.002180 0.477914  0.145862 0.844145 0
0  -0.167891 2.333616 9.950120  0.708253 0.513843 0.484090  0.145260 0.843575 0
0  0.019476 2.469707 7.805550  0.000041 -0.002127 0.999998  0.142853 0.844145 0
Material_0
0  -0.167891 2.333616 9.950120  0.708253 0.513843 0.484090  0.145260 0.843575 0
0  -0.052125 2.249355 9.950120  0.270356 0.833490 0.481875  0.143798 0.843249 0
0  0.019476 2.469707 7.805550  0.000041 -0.002127 0.999998  0.142853 0.844145 0
Material_0
0  -0.052125 2.249355 9.950120  0.270356 0.833490 0.481875  0.143798 0.843249 0
0  0.091014 2.249355 9.950120  -0.270310 0.833517 0.481853  0.141993 0.843249 0
0  0.019476 2.469707 7.805550  0.000041 -0.002127 0.999998  0.142853 0.844145 0
Material_0
0  0.091014 2.249355 9.950120  -0.270310 0.833517 0.481853  0.141993 0.843249 0
0  0.206845 2.333616 9.950120  -0.708220 0.513876 0.484104  0.140531 0.843575 0
0  0.019476 2.469707 7.805550  0.000041 -0.002127 0.999998  0.142853 0.844145 0
Material_0
0  0.206845 2.333616 9.950120  -0.708220 0.513876 0.484104  0.140531 0.843575 0
0  0.251073 2.469707 9.950120  -0.878404 0.002187 0.477914  0.139929 0.844145 0
0  0.019476 2.469707 7.805550  0.000041 -0.002127 0.999998  0.142853 0.844145 0
Material_0
0  0.251073 2.469707 9.950120  -0.878404 0.002187 0.477914  0.139929 0.844145 0
0  0.206845 2.605799 9.950120  -0.711010 -0.513856 0.480018  0.140531 0.844716 0
0  0.019476 2.469707 7.805550  0.000041 -0.002127 0.999998  0.142853 0.844145 0
Material_0
0  0.206845 2.605799 9.950120  -0.711010 -0.513856 0.480018  0.140531 0.844716 0
0  0.091014 2.690060 9.950120  -0.271420 -0.833493 0.481270  0.141993 0.845042 0
0  0.019476 2.469707 7.805550  0.000041 -0.002127 0.999998  0.142853 0.844145 0
Material_0
0  0.091014 2.690060 9.950120  -0.271420 -0.833493 0.481270  0.141993 0.845042 0
0  -0.052126 2.690060 9.950120  0.271387 -0.833512 0.481256  0.143798 0.845042 0
0  0.019476 2.469707 7.805550  0.000041 -0.002127 0.999998  0.142853 0.844145 0
Material_0
0  0.019476 2.469707 7.805550  0.000041 -0.002127 0.999998  0.142853 0.844145 0
0  -0.052126 2.690060 9.950120  0.271387 -0.833512 0.481256  0.143798 0.845042 0
0  -0.167891 2.605799 9.950120  0.711013 -0.513864 0.480004  0.145260 0.844716 0
Material_0
0  -1.050900 1.889726 2.001026  -0.052841 0.002184 0.998601  0.609279 0.841863 0
0  -0.877970 2.321744 2.004789  -0.045299 0.023912 0.998687  0.607044 0.843575 0
0  -0.944934 2.353885 2.001026  -0.045274 0.024085 0.998684  0.607904 0.843738 0
Material_0
0  -0.944934 2.353885 2.001026  -0.045274 0.024085 0.998684  0.607904 0.843738 0
0  -0.877970 2.321744 2.004789  -0.045299 0.023912 0.998687  0.607044 0.843575 0
0  -0.647941 2.726544 2.001026  -0.037731 0.041502 0.998426  0.604121 0.845205 0
Material_0
0  -0.877970 2.321744 2.004789  -0.045299 0.023912 0.998687  0.607044 0.843575 0
0  -0.601622 2.668343 2.004789  -0.037739 0.041505 0.998425  0.603605 0.844961 0
0  -0.647941 2.726544 2.001026  -0.037731 0.041502 0.998426  0.604121 0.845205 0
Material_0
0  -0.647941 2.726544 2.001026  -0.037731 0.041502 0.998426  0.604121 0.845205 0
0  -0.601622 2.668343 2.004789  -0.037739 0.041505 0.998425  0.603605 0.844961 0
0  -0.218720 2.932997 2.001026  -0.011256 0.049347 0.998718  0.598704 0.846020 0
Material_0
0  -0.601622 2.668343 2.004789  -0.037739 0.041505 0.998425  0.603605 0.844961 0
0  -0.202257 2.860608 2.004789  -0.011301 0.049830 0.998694  0.598446 0.845694 0
0  -0.218720 2.932997 2.001026  -0.011256 0.049347 0.998718  0.598704 0.846020 0
Material_0
0  -0.202257 2.860608 2.004789  -0.011301 0.049830 0.998694  0.598446 0.845694 0
0  0.241076 2.860609 2.004789  0.011326 0.050206 0.998675  0.592858 0.845694 0
0  -0.218720 2.932997 2.001026  -0.011256 0.049347 0.998718  0.598704 0.846020 0
Material_0
0  -0.218720 2.932997 2.001026  -0.011256 0.049347 0.998718  0.598704 0.846020 0
0  0.241076 2.860609 2.004789  0.011326 0.050206 0.998675  0.592858 0.845694 0
0  0.257605 2.932997 2.001026  0.011284 0.049673 0.998702  0.592600 0.846020 0
Material_0
0  0.241076 2.860609 2.004789  0.011326 0.050206 0.998675  0.592858 0.845694 0
0  0.640442 2.668343 2.004789  0.037738 0.041503 0.998425  0.587699 0.844961 0
0  0.257605 2.932997 2.001026  0.011284 0.049673 0.998702  0.592600 0.846020 0
Material_0
0  0.257605 2.932997 2.001026  0.011284 0.049673 0.998702  0.592600 0.846020 0
0  0.640442 2.668343 2.004789  0.037738 0.041503 0.998425  0.587699 0.844961 0
0  0.686761 2.726544 2.001026  0.037686 0.041487 0.998428  0.587183 0.845205 0
Material_0
0  0.640442 2.668343 2.004789  0.037738 0.041503 0.998425  0.587699 0.844961 0
0  0.916855 2.321744 2.004789  0.045304 0.023917 0.998687  0.584260 0.843575 0
0  0.686761 2.726544 2.001026  0.037686 0.041487 0.998428  0.587183 0.845205 0
Material_0
0  0.686761 2.726544 2.001026  0.037686 0.041487 0.998428  0.587183 0.845205 0
0  0.916855 2.321744 2.004789  0.045304 0.023917 0.998687  0.584260 0.843575 0
0  0.983754 2.353885 2.001026  0.045306 0.023907 0.998687  0.583400 0.843738 0
Material_0
0  0.916855 2.321744 2.004789  0.045304 0.023917 0.998687  0.584260 0.843575 0
0  1.015439 1.889727 2.004789  0.052823 0.002167 0.998602  0.582970 0.841863 0
0  0.983754 2.353885 2.001026  0.045306 0.023907 0.998687  0.583400 0.843738 0
Material_0
0  0.983754 2.353885 2.001026  0.045306 0.023907 0.998687  0.583400 0.843738 0
0  1.015439 1.889727 2.004789  0.052823 0.002167 0.998602  0.582970 0.841863 0
0  1.089785 1.889727 2.001026  0.052786 0.002133 0.998604  0.582025 0.841863 0
Material_0
0  1.015439 1.889727 2.004789  0.052823 0.002167 0.998602  0.582970 0.841863 0
0  0.916855 1.457419 2.004789  0.045287 -0.023975 0.998686  0.584260 0.840152 0
0  1.089785 1.889727 2.001026  0.052786 0.002133 0.998604  0.582025 0.841863 0
Material_0
0  1.089785 1.889727 2.001026  0.052786 0.002133 0.998604  0.582025 0.841863 0
0  0.916855 1.457419 2.004789  0.045287 -0.023975 0.998686  0.584260 0.840152 0
0  0.983754 1.425278 2.001026  0.045273 -0.024057 0.998685  0.583400 0.839989 0
Material_0
0  0.916855 1.457419 2.004789  0.045287 -0.023975 0.998686  0.584260 0.840152 0
0  0.640442 1.110820 2.004789  0.037614 -0.041464 0.998432  0.587699 0.838766 0
0  0.983754 1.425278 2.001026  0.045273 -0.024057 0.998685  0.583400 0.839989 0
Material_0
0  0.983754 1.425278 2.001026  0.045273 -0.024057 0.998685  0.583400 0.839989 0
0  0.640442 1.110820 2.004789  0.037614 -0.041464 0.998432  0.587699 0.838766 0
0  0.686761 1.052909 2.001026  0.037624 -0.041465 0.998431  0.587183 0.838522 0
Material_0
0  0.640442 1.110820 2.004789  0.037614 -0.041464 0.998432  0.587699 0.838766 0
0  0.241077 0.918555 2.004789  0.011319 -0.050113 0.998679  0.592858 0.837951 0
0  0.686761 1.052909 2.001026  0.037624 -0.041465 0.998431  0.587183 0.838522 0
Material_0
0  0.686761 1.052909 2.001026  0.037624 -0.041465 0.998431  0.587183 0.838522 0
0  0.241077 0.918555 2.004789  0.011319 -0.050113 0.998679  0.592858 0.837951 0
0  0.257605 0.846166 2.001026  0.011319 -0.050108 0.998680  0.592600 0.837707 0
Material_0
0  0.257605 0.846166 2.001026  0.011319 -0.050108 0.998680  0.592600 0.837707 0
0  0.241077 0.918555 2.004789  0.011319 -0.050113 0.998679  0.592858 0.837951 0
0  -0.218720 0.846166 2.001026  -0.011312 -0.050023 0.998684  0.598704 0.837707 0
Material_0
0  0.241077 0.918555 2.004789  0.011319 -0.050113 0.998679  0.592858 0.837951 0
0  -0.202256 0.918555 2.004789  -0.011315 -0.050024 0.998684  0.598446 0.837951 0
0  -0.218720 0.846166 2.001026  -0.011312 -0.050023 0.998684  0.598704 0.837707 0
Material_0
0  -0.218720 0.846166 2.001026  -0.011312 -0.050023 0.998684  0.598704 0.837707 0
0  -0.202256 0.918555 2.004789  -0.011315 -0.050024 0.998684  0.598446 0.837951 0
0  -0.647941 1.052909 2.001026  -0.037718 -0.041493 0.998427  0.604121 0.838522 0
Material_0
0  -0.202256 0.918555 2.004789  -0.011315 -0.050024 0.998684  0.598446 0.837951 0
0  -0.601622 1.110820 2.004789  -0.037706 -0.041490 0.998427  0.603605 0.838766 0
0  -0.647941 1.052909 2.001026  -0.037718 -0.041493 0.998427  0.604121 0.838522 0
Material_0
0  -0.647941 1.052909 2.001026  -0.037718 -0.041493 0.998427  0.604121 0.838522 0
0  -0.601622 1.110820 2.004789  -0.037706 -0.041490 0.998427  0.603605 0.838766 0
0  -0.944934 1.425278 2.001026  -0.045298 -0.023896 0.998688  0.607904 0.839989 0
Material_0
0  -0.601622 1.110820 2.004789  -0.037706 -0.041490 0.998427  0.603605 0.838766 0
0  -0.877970 1.457419 2.004789  -0.045289 -0.023961 0.998687  0.607044 0.840152 0
0  -0.944934 1.425278 2.001026  -0.045298 -0.023896 0.998688  0.607904 0.839989 0
Material_0
0  -0.944934 1.425278 2.001026  -0.045298 -0.023896 0.998688  0.607904 0.839989 0
0  -0.877970 1.457419 2.004789  -0.045289 -0.023961 0.998687  0.607044 0.840152 0
0  -1.050900 1.889726 2.001026  -0.052841 0.002184 0.998601  0.609279 0.841863 0
Material_0
0  -0.877970 1.457419 2.004789  -0.045289 -0.023961 0.998687  0.607044 0.840152 0
0  -0.976619 1.889726 2.004789  -0.052807 0.002150 0.998602  0.608334 0.841863 0
0  -1.050900 1.889726 2.001026  -0.052841 0.002184 0.998601  0.609279 0.841863 0
Material_0
0  -1.050900 1.889726 2.001026  -0.052841 0.002184 0.998601  0.609279 0.841863 0
0  -0.976619 1.889726 2.004789  -0.052807 0.002150 0.998602  0.608334 0.841863 0
0  -0.877970 2.321744 2.004789  -0.045299 0.023912 0.998687  0.607044 0.843575 0
Material_0
0  0.573021 2.700773 2.235841  0.432468 0.900427 0.046937  0.135888 0.845042 0
0  0.640442 2.668343 2.004789  0.621609 0.782025 -0.045147  0.135029 0.844961 0
0  0.487176 2.742180 2.160203  0.432462 0.900428 0.046972  0.136920 0.845205 0
Material_0
0  0.487176 2.742180 2.160203  0.432462 0.900428 0.046972  0.136920 0.845205 0
0  0.640442 2.668343 2.004789  0.621609 0.782025 -0.045147  0.135029 0.844961 0
0  0.387939 2.789957 2.159827  0.432466 0.900428 0.046941  0.138210 0.845450 0
Material_0
0  0.640442 2.668343 2.004789  0.621609 0.782025 -0.045147  0.135029 0.844961 0
0  0.573021 2.700773 2.235841  0.432468 0.900427 0.046937  0.135888 0.845042 0
0  0.640442 2.668343 3.569470  0.621610 0.782025 -0.045148  0.135029 0.844961 0
Material_0
0  0.573021 2.700773 2.235841  0.432468 0.900427 0.046937  0.135888 0.845042 0
0  0.573021 2.700773 3.270307  0.432467 0.900425 0.046975  0.135888 0.845042 0
0  0.640442 2.668343 3.569470  0.621610 0.782025 -0.045148  0.135029 0.844961 0
Material_0
0  0.573021 2.700773 3.270307  0.432467 0.900425 0.046975  0.135888 0.845042 0
0  0.487177 2.742180 3.335784  0.432468 0.900425 0.046971  0.136920 0.845205 0
0  0.640442 2.668343 3.569470  0.621610 0.782025 -0.045148  0.135029 0.844961 0
Material_0
0  0.487177 2.742180 3.335784  0.432468 0.900425 0.046971  0.136920 0.845205 0
0  0.387940 2.789957 3.335784  0.432467 0.900426 0.046967  0.138210 0.845450 0
0  0.640442 2.668343 3.569470  0.621610 0.782025 -0.045148  0.135029 0.844961 0
Material_0
0  0.640442 2.668343 3.569470  0.621610 0.782025 -0.045148  0.135029 0.844961 0
0  0.387940 2.789957 3.335784  0.432467 0.900426 0.046967  0.138210 0.845450 0
0  0.241077 2.860609 3.569470  0.223014 0.974299 -0.031716  0.140101 0.845694 0
Material_0
0  0.387940 2.789957 3.335784  0.432467 0.900426 0.046967  0.138210 0.845450 0
0  0.300593 2.831942 3.270307  0.432466 0.900427 0.046953  0.139327 0.845613 0
0  0.241077 2.860609 3.569470  0.223014 0.974299 -0.031716  0.140101 0.845694 0
Material_0
0  0.241077 2.860609 3.569470  0.223014 0.974299 -0.031716  0.140101 0.845694 0
0  0.300593 2.831942 3.270307  0.432466 0.900427 0.046953  0.139327 0.845613 0
0  0.241076 2.860609 2.004789  0.223013 0.974300 -0.031710  0.140101 0.845694 0
Material_0
0  0.300593 2.831942 3.270307  0.432466 0.900427 0.046953  0.139327 0.845613 0
0  0.300593 2.831942 2.235841  0.432469 0.900425 0.046955  0.139327 0.845613 0
0  0.241076 2.860609 2.004789  0.223013 0.974300 -0.031710  0.140101 0.845694 0
Material_0
0  0.300593 2.831942 2.235841  0.432469 0.900425 0.046955  0.139327 0.845613 0
0  0.387939 2.789957 2.159827  0.432466 0.900428 0.046941  0.138210 0.845450 0
0  0.241076 2.860609 2.004789  0.223013 0.974300 -0.031710  0.140101 0.845694 0
Material_0
0  0.241076 2.860609 2.004789  0.223013 0.974300 -0.031710  0.140101 0.845694 0
0  0.387939 2.789957 2.159827  0.432466 0.900428 0.046941  0.138210 0.845450 0
0  0.640442 2.668343 2.004789  0.621609 0.782025 -0.045147  0.135029 0.844961 0
Material_0
0  0.241077 2.860609 3.569470  0.223014 0.974299 -0.031716  0.140101 0.845694 0
0  0.241076 2.860609 2.004789  0.223013 0.974300 -0.031710  0.140101 0.845694 0
0  -0.202256 2.860609 3.569470  -0.223015 0.974298 -0.031732  0.145690 0.845694 0
Material_0
0  0.241076 2.860609 2.004789  0.223013 0.974300 -0.031710  0.140101 0.845694 0
0  -0.202257 2.860608 2.004789  -0.223009 0.974301 -0.031693  0.145690 0.845694 0
0  -0.202256 2.860609 3.569470  -0.223015 0.974298 -0.031732  0.145690 0.845694 0
Material_0
0  -0.202256 2.860609 3.569470  -0.223015 0.974298 -0.031732  0.145690 0.845694 0
0  -0.202257 2.860608 2.004789  -0.223009 0.974301 -0.031693  0.145690 0.845694 0
0  -0.270984 2.827599 2.235841  -0.433116 0.898518 0.071250  0.146636 0.845613 0
Material_0
0  -0.202257 2.860608 2.004789  -0.223009 0.974301 -0.031693  0.145690 0.845694 0
0  -0.356567 2.786482 2.160203  -0.433115 0.898519 0.071243  0.147667 0.845450 0
0  -0.270984 2.827599 2.235841  -0.433116 0.898518 0.071250  0.146636 0.845613 0
Material_0
0  -0.270984 2.827599 2.235841  -0.433116 0.898518 0.071250  0.146636 0.845613 0
0  -0.270984 2.827599 3.270307  -0.433114 0.898518 0.071267  0.146636 0.845613 0
0  -0.202256 2.860609 3.569470  -0.223015 0.974298 -0.031732  0.145690 0.845694 0
Material_0
0  -0.270984 2.827599 3.270307  -0.433114 0.898518 0.071267  0.146636 0.845613 0
0  -0.356567 2.786482 3.335407  -0.433111 0.898519 0.071268  0.147667 0.845450 0
0  -0.202256 2.860609 3.569470  -0.223015 0.974298 -0.031732  0.145690 0.845694 0
Material_0
0  -0.202256 2.860609 3.569470  -0.223015 0.974298 -0.031732  0.145690 0.845694 0
0  -0.356567 2.786482 3.335407  -0.433111 0.898519 0.071268  0.147667 0.845450 0
0  -0.601622 2.668343 3.569470  -0.621611 0.782025 -0.045137  0.150848 0.844961 0
Material_0
0  -0.356567 2.786482 3.335407  -0.433111 0.898519 0.071268  0.147667 0.845450 0
0  -0.455804 2.738416 3.335784  -0.433115 0.898517 0.071269  0.148957 0.845205 0
0  -0.601622 2.668343 3.569470  -0.621611 0.782025 -0.045137  0.150848 0.844961 0
Material_0
0  -0.455804 2.738416 3.335784  -0.433115 0.898517 0.071269  0.148957 0.845205 0
0  -0.543412 2.696430 3.270307  -0.433111 0.898521 0.071246  0.150075 0.845042 0
0  -0.601622 2.668343 3.569470  -0.621611 0.782025 -0.045137  0.150848 0.844961 0
Material_0
0  -0.601622 2.668343 3.569470  -0.621611 0.782025 -0.045137  0.150848 0.844961 0
0  -0.543412 2.696430 3.270307  -0.433111 0.898521 0.071246  0.150075 0.845042 0
0  -0.601622 2.668343 2.004789  -0.621610 0.782027 -0.045120  0.150848 0.844961 0
Material_0
0  -0.543412 2.696430 3.270307  -0.433111 0.898521 0.071246  0.150075 0.845042 0
0  -0.543412 2.696430 2.235841  -0.433116 0.898517 0.071263  0.150075 0.845042 0
0  -0.601622 2.668343 2.004789  -0.621610 0.782027 -0.045120  0.150848 0.844961 0
Material_0
0  -0.543412 2.696430 2.235841  -0.433116 0.898517 0.071263  0.150075 0.845042 0
0  -0.455804 2.738415 2.159827  -0.433114 0.898517 0.071263  0.148957 0.845205 0
0  -0.601622 2.668343 2.004789  -0.621610 0.782027 -0.045120  0.150848 0.844961 0
Material_0
0  -0.601622 2.668343 2.004789  -0.621610 0.782027 -0.045120  0.150848 0.844961 0
0  -0.455804 2.738415 2.159827  -0.433114 0.898517 0.071263  0.148957 0.845205 0
0  -0.202257 2.860608 2.004789  -0.223009 0.974301 -0.031693  0.145690 0.845694 0
Material_0
0  -0.455804 2.738415 2.159827  -0.433114 0.898517 0.071263  0.148957 0.845205 0
0  -0.356567 2.786482 2.160203  -0.433115 0.898519 0.071243  0.147667 0.845450 0
0  -0.202257 2.860608 2.004789  -0.223009 0.974301 -0.031693  0.145690 0.845694 0
Material_0
0  -0.601622 2.668343 3.569470  -0.621611 0.782025 -0.045137  0.150848 0.844961 0
0  -0.601622 2.668343 2.004789  -0.621610 0.782027 -0.045120  0.150848 0.844961 0
0  -0.877970 2.321744 3.569470  -0.900329 0.433048 -0.043320  0.154373 0.843575 0
Material_0
0  -0.601622 2.668343 2.004789  -0.621610 0.782027 -0.045120  0.150848 0.844961 0
0  -0.877970 2.321744 2.004789  -0.972394 0.223289 0.067762  0.154373 0.843575 0
0  -0.877970 2.321744 3.569470  -0.900329 0.433048 -0.043320  0.154373 0.843575 0
Material_0
0  -0.877970 2.321744 3.569470  -0.900329 0.433048 -0.043320  0.154373 0.843575 0
0  -0.877970 2.321744 2.004789  -0.972394 0.223289 0.067762  0.154373 0.843575 0
0  -0.895283 2.245880 2.235841  -0.972426 0.223129 0.067836  0.154545 0.843249 0
Material_0
0  -0.877970 2.321744 2.004789  -0.972394 0.223289 0.067762  0.154373 0.843575 0
0  -0.916384 2.153512 2.160203  -0.972429 0.223126 0.067802  0.154803 0.842923 0
0  -0.895283 2.245880 2.235841  -0.972426 0.223129 0.067836  0.154545 0.843249 0
Material_0
0  -0.895283 2.245880 2.235841  -0.972426 0.223129 0.067836  0.154545 0.843249 0
0  -0.895282 2.245880 3.270307  -0.972428 0.223127 0.067802  0.154545 0.843249 0
0  -0.877970 2.321744 3.569470  -0.900329 0.433048 -0.043320  0.154373 0.843575 0
Material_0
0  -0.895282 2.245880 3.270307  -0.972428 0.223127 0.067802  0.154545 0.843249 0
0  -0.916384 2.153512 3.335407  -0.972430 0.223125 0.067790  0.154803 0.842923 0
0  -0.877970 2.321744 3.569470  -0.900329 0.433048 -0.043320  0.154373 0.843575 0
Material_0
0  -0.877970 2.321744 3.569470  -0.900329 0.433048 -0.043320  0.154373 0.843575 0
0  -0.916384 2.153512 3.335407  -0.972430 0.223125 0.067790  0.154803 0.842923 0
0  -0.976619 1.889726 3.569470  -0.999998 0.002138 -0.000001  0.155577 0.841863 0
Material_0
0  -0.916384 2.153512 3.335407  -0.972430 0.223125 0.067790  0.154803 0.842923 0
0  -0.940883 2.046087 3.335784  -0.972426 0.223129 0.067833  0.155147 0.842434 0
0  -0.976619 1.889726 3.569470  -0.999998 0.002138 -0.000001  0.155577 0.841863 0
Material_0
0  -0.940883 2.046087 3.335784  -0.972426 0.223129 0.067833  0.155147 0.842434 0
0  -0.962573 1.951112 3.270307  -0.972429 0.223124 0.067799  0.155405 0.842108 0
0  -0.976619 1.889726 3.569470  -0.999998 0.002138 -0.000001  0.155577 0.841863 0
Material_0
0  -0.962573 1.951112 3.270307  -0.972429 0.223124 0.067799  0.155405 0.842108 0
0  -0.962573 1.951112 2.235841  -0.972427 0.223132 0.067801  0.155405 0.842108 0
0  -0.976619 1.889726 3.569470  -0.999998 0.002138 -0.000001  0.155577 0.841863 0
Material_0
0  -0.976619 1.889726 3.569470  -0.999998 0.002138 -0.000001  0.155577 0.841863 0
0  -0.962573 1.951112 2.235841  -0.972427 0.223132 0.067801  0.155405 0.842108 0
0  -0.976619 1.889726 2.004789  -0.999998 0.002156 0.000001  0.155577 0.841863 0
Material_0
0  -0.962573 1.951112 2.235841  -0.972427 0.223132 0.067801  0.155405 0.842108 0
0  -0.940883 2.046087 2.159827  -0.972428 0.223128 0.067813  0.155147 0.842434 0
0  -0.976619 1.889726 2.004789  -0.999998 0.002156 0.000001  0.155577 0.841863 0
Material_0
0  -0.976619 1.889726 2.004789  -0.999998 0.002156 0.000001  0.155577 0.841863 0
0  -0.940883 2.046087 2.159827  -0.972428 0.223128 0.067813  0.155147 0.842434 0
0  -0.877970 2.321744 2.004789  -0.972394 0.223289 0.067762  0.154373 0.843575 0
Material_0
0  -0.940883 2.046087 2.159827  -0.972428 0.223128 0.067813  0.155147 0.842434 0
0  -0.916384 2.153512 2.160203  -0.972429 0.223126 0.067802  0.154803 0.842923 0
0  -0.877970 2.321744 2.004789  -0.972394 0.223289 0.067762  0.154373 0.843575 0
Material_0
0  -0.976619 1.889726 2.004789  -0.999998 0.002156 0.000001  0.155577 0.841863 0
0  -0.877970 1.457419 2.004789  -0.900418 -0.433039 -0.041523  0.154373 0.840152 0
0  -0.976619 1.889726 3.569470  -0.999998 0.002138 -0.000001  0.155577 0.841863 0
Material_0
0  -0.976619 1.889726 3.569470  -0.999998 0.002138 -0.000001  0.155577 0.841863 0
0  -0.877970 1.457419 2.004789  -0.900418 -0.433039 -0.041523  0.154373 0.840152 0
0  -0.877970 1.457419 3.569470  -0.900415 -0.433046 -0.041526  0.154373 0.840152 0
Material_0
0  -0.877970 1.457419 2.004789  -0.900418 -0.433039 -0.041523  0.154373 0.840152 0
0  -0.828580 1.395454 2.235841  -0.782079 -0.621534 0.045256  0.153686 0.839907 0
0  -0.877970 1.457419 3.569470  -0.900415 -0.433046 -0.041526  0.154373 0.840152 0
Material_0
0  -0.828580 1.395454 2.235841  -0.782079 -0.621534 0.045256  0.153686 0.839907 0
0  -0.828580 1.395454 3.270307  -0.782077 -0.621535 0.045269  0.153686 0.839907 0
0  -0.877970 1.457419 3.569470  -0.900415 -0.433046 -0.041526  0.154373 0.840152 0
Material_0
0  -0.828580 1.395454 3.270307  -0.782077 -0.621535 0.045269  0.153686 0.839907 0
0  -0.769717 1.321617 3.335407  -0.782074 -0.621540 0.045259  0.152912 0.839581 0
0  -0.877970 1.457419 3.569470  -0.900415 -0.433046 -0.041526  0.154373 0.840152 0
Material_0
0  -0.877970 1.457419 3.569470  -0.900415 -0.433046 -0.041526  0.154373 0.840152 0
0  -0.769717 1.321617 3.335407  -0.782074 -0.621540 0.045259  0.152912 0.839581 0
0  -0.601621 1.110820 3.569470  -0.621310 -0.782026 -0.049079  0.150848 0.838766 0
Material_0
0  -0.769717 1.321617 3.335407  -0.782074 -0.621540 0.045259  0.152912 0.839581 0
0  -0.700989 1.235619 3.335784  -0.782076 -0.621538 0.045260  0.152052 0.839255 0
0  -0.601621 1.110820 3.569470  -0.621310 -0.782026 -0.049079  0.150848 0.838766 0
Material_0
0  -0.700989 1.235619 3.335784  -0.782076 -0.621538 0.045260  0.152052 0.839255 0
0  -0.640036 1.158886 3.270307  -0.782077 -0.621535 0.045271  0.151278 0.838929 0
0  -0.601621 1.110820 3.569470  -0.621310 -0.782026 -0.049079  0.150848 0.838766 0
Material_0
0  -0.640036 1.158886 3.270307  -0.782077 -0.621535 0.045271  0.151278 0.838929 0
0  -0.640036 1.158886 2.235841  -0.782077 -0.621536 0.045260  0.151278 0.838929 0
0  -0.601621 1.110820 3.569470  -0.621310 -0.782026 -0.049079  0.150848 0.838766 0
Material_0
0  -0.601621 1.110820 3.569470  -0.621310 -0.782026 -0.049079  0.150848 0.838766 0
0  -0.640036 1.158886 2.235841  -0.782077 -0.621536 0.045260  0.151278 0.838929 0
0  -0.601622 1.110820 2.004789  -0.621312 -0.782025 -0.049082  0.150848 0.838766 0
Material_0
0  -0.640036 1.158886 2.235841  -0.782077 -0.621536 0.045260  0.151278 0.838929 0
0  -0.700989 1.235619 2.159827  -0.782077 -0.621537 0.045248  0.152052 0.839255 0
0  -0.601622 1.110820 2.004789  -0.621312 -0.782025 -0.049082  0.150848 0.838766 0
Material_0
0  -0.601622 1.110820 2.004789  -0.621312 -0.782025 -0.049082  0.150848 0.838766 0
0  -0.700989 1.235619 2.159827  -0.782077 -0.621537 0.045248  0.152052 0.839255 0
0  -0.877970 1.457419 2.004789  -0.900418 -0.433039 -0.041523  0.154373 0.840152 0
Material_0
0  -0.700989 1.235619 2.159827  -0.782077 -0.621537 0.045248  0.152052 0.839255 0
0  -0.769717 1.321617 2.160203  -0.782073 -0.621540 0.045271  0.152912 0.839581 0
0  -0.877970 1.457419 2.004789  -0.900418 -0.433039 -0.041523  0.154373 0.840152 0
Material_0
0  -0.877970 1.457419 2.004789  -0.900418 -0.433039 -0.041523  0.154373 0.840152 0
0  -0.769717 1.321617 2.160203  -0.782073 -0.621540 0.045271  0.152912 0.839581 0
0  -0.828580 1.395454 2.235841  -0.782079 -0.621534 0.045256  0.153686 0.839907 0
Material_0
0  -0.601622 1.110820 2.004789  -0.621312 -0.782025 -0.049082  0.150848 0.838766 0
0  -0.202256 0.918555 2.004789  -0.223472 -0.974299 -0.028317  0.145690 0.837951 0
0  -0.601621 1.110820 3.569470  -0.621310 -0.782026 -0.049079  0.150848 0.838766 0
Material_0
0  -0.601621 1.110820 3.569470  -0.621310 -0.782026 -0.049079  0.150848 0.838766 0
0  -0.202256 0.918555 2.004789  -0.223472 -0.974299 -0.028317  0.145690 0.837951 0
0  -0.202256 0.918555 3.569470  -0.223471 -0.974300 -0.028286  0.145690 0.837951 0
Material_0
0  -0.202256 0.918555 2.004789  -0.223472 -0.974299 -0.028317  0.145690 0.837951 0
0  -0.131765 0.918555 2.235841  -0.000000 -0.998130 0.061131  0.144830 0.837951 0
0  -0.202256 0.918555 3.569470  -0.223471 -0.974300 -0.028286  0.145690 0.837951 0
Material_0
0  -0.131765 0.918555 2.235841  -0.000000 -0.998130 0.061131  0.144830 0.837951 0
0  -0.131764 0.918555 3.270307  -0.000003 -0.998130 0.061131  0.144830 0.837951 0
0  -0.202256 0.918555 3.569470  -0.223471 -0.974300 -0.028286  0.145690 0.837951 0
Material_0
0  -0.131764 0.918555 3.270307  -0.000003 -0.998130 0.061131  0.144830 0.837951 0
0  -0.035598 0.918555 3.335784  0.000002 -0.998130 0.061133  0.143626 0.837951 0
0  -0.202256 0.918555 3.569470  -0.223471 -0.974300 -0.028286  0.145690 0.837951 0
Material_0
0  -0.035598 0.918555 3.335784  0.000002 -0.998130 0.061133  0.143626 0.837951 0
0  0.074484 0.918555 3.335784  -0.000003 -0.998130 0.061132  0.142165 0.837951 0
0  -0.202256 0.918555 3.569470  -0.223471 -0.974300 -0.028286  0.145690 0.837951 0
Material_0
0  -0.202256 0.918555 3.569470  -0.223471 -0.974300 -0.028286  0.145690 0.837951 0
0  0.074484 0.918555 3.335784  -0.000003 -0.998130 0.061132  0.142165 0.837951 0
0  0.241077 0.918555 3.569470  0.223473 -0.974300 -0.028287  0.140101 0.837951 0
Material_0
0  0.074484 0.918555 3.335784  -0.000003 -0.998130 0.061132  0.142165 0.837951 0
0  0.170585 0.918555 3.270307  0.000002 -0.998130 0.061131  0.140961 0.837951 0
0  0.241077 0.918555 3.569470  0.223473 -0.974300 -0.028287  0.140101 0.837951 0
Material_0
0  0.170585 0.918555 3.270307  0.000002 -0.998130 0.061131  0.140961 0.837951 0
0  0.170585 0.918555 2.235841  -0.000002 -0.998130 0.061132  0.140961 0.837951 0
0  0.241077 0.918555 3.569470  0.223473 -0.974300 -0.028287  0.140101 0.837951 0
Material_0
0  0.241077 0.918555 3.569470  0.223473 -0.974300 -0.028287  0.140101 0.837951 0
0  0.170585 0.918555 2.235841  -0.000002 -0.998130 0.061132  0.140961 0.837951 0
0  0.241077 0.918555 2.004789  0.223471 -0.974300 -0.028300  0.140101 0.837951 0
Material_0
0  0.170585 0.918555 2.235841  -0.000002 -0.998130 0.061132  0.140961 0.837951 0
0  0.074484 0.918555 2.159827  -0.000002 -0.998130 0.061131  0.142165 0.837951 0
0  0.241077 0.918555 2.004789  0.223471 -0.974300 -0.028300  0.140101 0.837951 0
Material_0
0  0.241077 0.918555 2.004789  0.223471 -0.974300 -0.028300  0.140101 0.837951 0
0  0.074484 0.918555 2.159827  -0.000002 -0.998130 0.061131  0.142165 0.837951 0
0  -0.202256 0.918555 2.004789  -0.223472 -0.974299 -0.028317  0.145690 0.837951 0
Material_0
0  0.074484 0.918555 2.159827  -0.000002 -0.998130 0.061131  0.142165 0.837951 0
0  -0.035598 0.918555 2.159827  0.000001 -0.998130 0.061132  0.143626 0.837951 0
0  -0.202256 0.918555 2.004789  -0.223472 -0.974299 -0.028317  0.145690 0.837951 0
Material_0
0  -0.202256 0.918555 2.004789  -0.223472 -0.974299 -0.028317  0.145690 0.837951 0
0  -0.035598 0.918555 2.159827  0.000001 -0.998130 0.061132  0.143626 0.837951 0
0  -0.131765 0.918555 2.235841  -0.000000 -0.998130 0.061131  0.144830 0.837951 0
Material_0
0  0.241077 0.918555 3.569470  0.223473 -0.974300 -0.028287  0.140101 0.837951 0
0  0.241077 0.918555 2.004789  0.223471 -0.974300 -0.028300  0.140101 0.837951 0
0  0.640442 1.110820 3.569470  0.621314 -0.782024 -0.049070  0.135029 0.838766 0
Material_0
0  0.241077 0.918555 2.004789  0.223471 -0.974300 -0.028300  0.140101 0.837951 0
0  0.640442 1.110820 2.004789  0.621311 -0.782026 -0.049071  0.135029 0.838766 0
0  0.640442 1.110820 3.569470  0.621314 -0.782024 -0.049070  0.135029 0.838766 0
Material_0
0  0.640442 1.110820 3.569470  0.621314 -0.782024 -0.049070  0.135029 0.838766 0
0  0.640442 1.110820 2.004789  0.621311 -0.782026 -0.049071  0.135029 0.838766 0
0  0.685324 1.166994 2.235841  0.782075 -0.621539 0.045260  0.134427 0.839011 0
Material_0
0  0.685324 1.166994 2.235841  0.782075 -0.621539 0.045260  0.134427 0.839011 0
0  0.640442 1.110820 2.004789  0.621311 -0.782026 -0.049071  0.135029 0.838766 0
0  0.745036 1.241989 2.159827  0.782075 -0.621538 0.045267  0.133653 0.839255 0
Material_0
0  0.745036 1.241989 2.159827  0.782075 -0.621538 0.045267  0.133653 0.839255 0
0  0.640442 1.110820 2.004789  0.621311 -0.782026 -0.049071  0.135029 0.838766 0
0  0.813764 1.328277 2.159827  0.778158 -0.621539 0.090327  0.132793 0.839581 0
Material_0
0  0.640442 1.110820 2.004789  0.621311 -0.782026 -0.049071  0.135029 0.838766 0
0  0.916855 1.457419 2.004789  0.900417 -0.433043 -0.041515  0.131504 0.840152 0
0  0.813764 1.328277 2.159827  0.778158 -0.621539 0.090327  0.132793 0.839581 0
Material_0
0  0.813764 1.328277 2.159827  0.778158 -0.621539 0.090327  0.132793 0.839581 0
0  0.916855 1.457419 2.004789  0.900417 -0.433043 -0.041515  0.131504 0.840152 0
0  0.873868 1.403562 2.235841  0.778152 -0.621539 0.090377  0.132019 0.839907 0
Material_0
0  0.916855 1.457419 2.004789  0.900417 -0.433043 -0.041515  0.131504 0.840152 0
0  0.916856 1.457419 3.569470  0.900419 -0.433040 -0.041490  0.131504 0.840152 0
0  0.873868 1.403562 2.235841  0.778152 -0.621539 0.090377  0.132019 0.839907 0
Material_0
0  0.873868 1.403562 2.235841  0.778152 -0.621539 0.090377  0.132019 0.839907 0
0  0.916856 1.457419 3.569470  0.900419 -0.433040 -0.041490  0.131504 0.840152 0
0  0.873868 1.403562 3.270306  0.778155 -0.621541 0.090344  0.132019 0.839907 0
Material_0
0  0.873868 1.403562 3.270306  0.778155 -0.621541 0.090344  0.132019 0.839907 0
0  0.916856 1.457419 3.569470  0.900419 -0.433040 -0.041490  0.131504 0.840152 0
0  0.813764 1.328277 3.335784  0.778154 -0.621540 0.090358  0.132793 0.839581 0
Material_0
0  0.916856 1.457419 3.569470  0.900419 -0.433040 -0.041490  0.131504 0.840152 0
0  0.640442 1.110820 3.569470  0.621314 -0.782024 -0.049070  0.135029 0.838766 0
0  0.813764 1.328277 3.335784  0.778154 -0.621540 0.090358  0.132793 0.839581 0
Material_0
0  0.813764 1.328277 3.335784  0.778154 -0.621540 0.090358  0.132793 0.839581 0
0  0.640442 1.110820 3.569470  0.621314 -0.782024 -0.049070  0.135029 0.838766 0
0  0.745036 1.241989 3.335784  0.778154 -0.621538 0.090370  0.133653 0.839255 0
Material_0
0  0.745036 1.241989 3.335784  0.778154 -0.621538 0.090370  0.133653 0.839255 0
0  0.640442 1.110820 3.569470  0.621314 -0.782024 -0.049070  0.135029 0.838766 0
0  0.685324 1.166994 3.270307  0.778154 -0.621539 0.090363  0.134427 0.839011 0
Material_0
0  0.640442 1.110820 3.569470  0.621314 -0.782024 -0.049070  0.135029 0.838766 0
0  0.685324 1.166994 2.235841  0.782075 -0.621539 0.045260  0.134427 0.839011 0
0  0.685324 1.166994 3.270307  0.778154 -0.621539 0.090363  0.134427 0.839011 0
Material_0
0  0.916855 1.457419 2.004789  0.900417 -0.433043 -0.041515  0.131504 0.840152 0
0  1.015439 1.889727 2.004789  0.999998 0.002031 -0.000006  0.130214 0.841863 0
0  0.916856 1.457419 3.569470  0.900419 -0.433040 -0.041490  0.131504 0.840152 0
Material_0
0  0.916856 1.457419 3.569470  0.900419 -0.433040 -0.041490  0.131504 0.840152 0
0  1.015439 1.889727 2.004789  0.999998 0.002031 -0.000006  0.130214 0.841863 0
0  1.015439 1.889727 3.569470  0.999998 0.001964 0.000004  0.130214 0.841863 0
Material_0
0  1.015439 1.889727 2.004789  0.999998 0.002031 -0.000006  0.130214 0.841863 0
0  0.999172 1.961247 2.235841  0.972428 0.223131 0.067792  0.130386 0.842108 0
0  1.015439 1.889727 3.569470  0.999998 0.001964 0.000004  0.130214 0.841863 0
Material_0
0  1.015439 1.889727 3.569470  0.999998 0.001964 0.000004  0.130214 0.841863 0
0  0.999172 1.961247 2.235841  0.972428 0.223131 0.067792  0.130386 0.842108 0
0  0.999172 1.961247 3.270306  0.972426 0.223132 0.067826  0.130386 0.842108 0
Material_0
0  0.999172 1.961247 2.235841  0.972428 0.223131 0.067792  0.130386 0.842108 0
0  1.015439 1.889727 2.004789  0.999998 0.002031 -0.000006  0.130214 0.841863 0
0  0.977939 2.054194 2.160203  0.972427 0.223130 0.067817  0.130644 0.842515 0
Material_0
0  1.015439 1.889727 2.004789  0.999998 0.002031 -0.000006  0.130214 0.841863 0
0  0.916855 2.321744 2.004789  0.900331 0.433040 -0.043356  0.131504 0.843575 0
0  0.977939 2.054194 2.160203  0.972427 0.223130 0.067817  0.130644 0.842515 0
Material_0
0  0.977939 2.054194 2.160203  0.972427 0.223130 0.067817  0.130644 0.842515 0
0  0.916855 2.321744 2.004789  0.900331 0.433040 -0.043356  0.131504 0.843575 0
0  0.953375 2.161620 2.159827  0.972427 0.223128 0.067817  0.130988 0.842923 0
Material_0
0  0.953375 2.161620 2.159827  0.972427 0.223128 0.067817  0.130988 0.842923 0
0  0.916855 2.321744 2.004789  0.900331 0.433040 -0.043356  0.131504 0.843575 0
0  0.931881 2.256015 2.235841  0.972427 0.223130 0.067815  0.131246 0.843330 0
Material_0
0  0.916855 2.321744 2.004789  0.900331 0.433040 -0.043356  0.131504 0.843575 0
0  0.916856 2.321744 3.569470  0.900332 0.433042 -0.043322  0.131504 0.843575 0
0  0.931881 2.256015 2.235841  0.972427 0.223130 0.067815  0.131246 0.843330 0
Material_0
0  0.931881 2.256015 2.235841  0.972427 0.223130 0.067815  0.131246 0.843330 0
0  0.916856 2.321744 3.569470  0.900332 0.433042 -0.043322  0.131504 0.843575 0
0  0.931882 2.256015 3.270306  0.972425 0.223133 0.067830  0.131246 0.843330 0
Material_0
0  0.931882 2.256015 3.270306  0.972425 0.223133 0.067830  0.131246 0.843330 0
0  0.916856 2.321744 3.569470  0.900332 0.433042 -0.043322  0.131504 0.843575 0
0  0.953375 2.161620 3.335784  0.972427 0.223126 0.067831  0.130988 0.842923 0
Material_0
0  0.916856 2.321744 3.569470  0.900332 0.433042 -0.043322  0.131504 0.843575 0
0  1.015439 1.889727 3.569470  0.999998 0.001964 0.000004  0.130214 0.841863 0
0  0.953375 2.161620 3.335784  0.972427 0.223126 0.067831  0.130988 0.842923 0
Material_0
0  0.953375 2.161620 3.335784  0.972427 0.223126 0.067831  0.130988 0.842923 0
0  1.015439 1.889727 3.569470  0.999998 0.001964 0.000004  0.130214 0.841863 0
0  0.977940 2.054194 3.335784  0.972428 0.223132 0.067790  0.130644 0.842515 0
Material_0
0  1.015439 1.889727 3.569470  0.999998 0.001964 0.000004  0.130214 0.841863 0
0  0.999172 1.961247 3.270306  0.972426 0.223132 0.067826  0.130386 0.842108 0
0  0.977940 2.054194 3.335784  0.972428 0.223132 0.067790  0.130644 0.842515 0
Material_0
0  0.916855 2.321744 2.004789  0.900331 0.433040 -0.043356  0.131504 0.843575 0
0  0.640442 2.668343 2.004789  0.621609 0.782025 -0.045147  0.135029 0.844961 0
0  0.916856 2.321744 3.569470  0.900332 0.433042 -0.043322  0.131504 0.843575 0
Material_0
0  0.640442 2.668343 2.004789  0.621609 0.782025 -0.045147  0.135029 0.844961 0
0  0.640442 2.668343 3.569470  0.621610 0.782025 -0.045148  0.135029 0.844961 0
0  0.916856 2.321744 3.569470  0.900332 0.433042 -0.043322  0.131504 0.843575 0
Material_0
0  1.002112 2.273678 1.831688  0.974323 0.223130 0.030141  0.583142 0.843330 0
0  1.029616 2.152933 1.715409  0.974323 0.223127 -0.030141  0.582798 0.842923 0
0  0.983754 2.353885 1.678531  0.900330 0.433042 -0.043356  0.583400 0.843738 0
Material_0
0  1.029616 2.152933 1.715409  0.974323 0.223127 -0.030141  0.582798 0.842923 0
0  1.055421 2.040006 1.696970  0.974323 0.223129 -0.030148  0.582454 0.842434 0
0  0.983754 2.353885 1.678531  0.900330 0.433042 -0.043356  0.583400 0.843738 0
Material_0
0  0.983754 2.353885 1.678531  0.900330 0.433042 -0.043356  0.583400 0.843738 0
0  1.055421 2.040006 1.696970  0.974323 0.223129 -0.030148  0.582454 0.842434 0
0  1.089785 1.889727 1.678531  0.999998 0.002009 0.000006  0.582025 0.841863 0
Material_0
0  1.055421 2.040006 1.696970  0.974323 0.223129 -0.030148  0.582454 0.842434 0
0  1.055421 2.040006 1.966029  0.974321 0.223133 0.030175  0.582454 0.842434 0
0  1.089785 1.889727 1.678531  0.999998 0.002009 0.000006  0.582025 0.841863 0
Material_0
0  1.089785 1.889727 1.678531  0.999998 0.002009 0.000006  0.582025 0.841863 0
0  1.055421 2.040006 1.966029  0.974321 0.223133 0.030175  0.582454 0.842434 0
0  1.089785 1.889727 2.001026  0.999998 0.002068 -0.000004  0.582025 0.841863 0
Material_0
0  1.089785 1.889727 2.001026  0.999998 0.002068 -0.000004  0.582025 0.841863 0
0  1.055421 2.040006 1.966029  0.974321 0.223133 0.030175  0.582454 0.842434 0
0  0.983754 2.353885 2.001026  0.900144 0.433041 0.047087  0.583400 0.843738 0
Material_0
0  1.055421 2.040006 1.966029  0.974321 0.223133 0.030175  0.582454 0.842434 0
0  1.029616 2.152933 1.947590  0.974321 0.223131 0.030176  0.582798 0.842923 0
0  0.983754 2.353885 2.001026  0.900144 0.433041 0.047087  0.583400 0.843738 0
Material_0
0  1.029616 2.152933 1.947590  0.974321 0.223131 0.030176  0.582798 0.842923 0
0  1.002112 2.273678 1.831688  0.974323 0.223130 0.030141  0.583142 0.843330 0
0  0.983754 2.353885 2.001026  0.900144 0.433041 0.047087  0.583400 0.843738 0
Material_0
0  1.002112 2.273678 1.831688  0.974323 0.223130 0.030141  0.583142 0.843330 0
0  0.983754 2.353885 1.678531  0.900330 0.433042 -0.043356  0.583400 0.843738 0
0  0.983754 2.353885 2.001026  0.900144 0.433041 0.047087  0.583400 0.843738 0
Material_0
0  0.983754 2.353885 2.001026  0.900144 0.433041 0.047087  0.583400 0.843738 0
0  0.983754 2.353885 1.678531  0.900330 0.433042 -0.043356  0.583400 0.843738 0
0  0.686761 2.726544 2.001026  0.621609 0.782028 -0.045108  0.587183 0.845205 0
Material_0
0  0.983754 2.353885 1.678531  0.900330 0.433042 -0.043356  0.583400 0.843738 0
0  0.686761 2.726544 1.678531  0.621612 0.782024 -0.045125  0.587183 0.845205 0
0  0.686761 2.726544 2.001026  0.621609 0.782028 -0.045108  0.587183 0.845205 0
Material_0
0  0.686761 2.726544 2.001026  0.621609 0.782028 -0.045108  0.587183 0.845205 0
0  0.686761 2.726544 1.678531  0.621612 0.782024 -0.045125  0.587183 0.845205 0
0  0.538069 2.798064 1.965653  0.432858 0.900426 -0.043217  0.589075 0.845450 0
Material_0
0  0.538069 2.798064 1.965653  0.432858 0.900426 -0.043217  0.589075 0.845450 0
0  0.686761 2.726544 1.678531  0.621612 0.782024 -0.045125  0.587183 0.845205 0
0  0.538069 2.798064 1.697346  0.433032 0.900155 0.046955  0.589075 0.845450 0
Material_0
0  0.686761 2.726544 1.678531  0.621612 0.782024 -0.045125  0.587183 0.845205 0
0  0.257605 2.932997 1.678531  0.223012 0.974299 -0.031721  0.592600 0.846020 0
0  0.538069 2.798064 1.697346  0.433032 0.900155 0.046955  0.589075 0.845450 0
Material_0
0  0.538069 2.798064 1.697346  0.433032 0.900155 0.046955  0.589075 0.845450 0
0  0.257605 2.932997 1.678531  0.223012 0.974299 -0.031721  0.592600 0.846020 0
0  0.433083 2.848737 1.715409  0.432466 0.900427 0.046959  0.590364 0.845694 0
Material_0
0  0.433083 2.848737 1.715409  0.432466 0.900427 0.046959  0.590364 0.845694 0
0  0.257605 2.932997 1.678531  0.223012 0.974299 -0.031721  0.592600 0.846020 0
0  0.319016 2.903463 1.831687  0.432853 0.900428 -0.043212  0.591826 0.845857 0
Material_0
0  0.257605 2.932997 1.678531  0.223012 0.974299 -0.031721  0.592600 0.846020 0
0  0.257605 2.932997 2.001026  0.223017 0.974298 -0.031719  0.592600 0.846020 0
0  0.319016 2.903463 1.831687  0.432853 0.900428 -0.043212  0.591826 0.845857 0
Material_0
0  0.319016 2.903463 1.831687  0.432853 0.900428 -0.043212  0.591826 0.845857 0
0  0.257605 2.932997 2.001026  0.223017 0.974298 -0.031719  0.592600 0.846020 0
0  0.433083 2.848737 1.947590  0.432868 0.900420 -0.043236  0.590364 0.845694 0
Material_0
0  0.433083 2.848737 1.947590  0.432868 0.900420 -0.043236  0.590364 0.845694 0
0  0.257605 2.932997 2.001026  0.223017 0.974298 -0.031719  0.592600 0.846020 0
0  0.538069 2.798064 1.965653  0.432858 0.900426 -0.043217  0.589075 0.845450 0
Material_0
0  0.257605 2.932997 2.001026  0.223017 0.974298 -0.031719  0.592600 0.846020 0
0  0.686761 2.726544 2.001026  0.621609 0.782028 -0.045108  0.587183 0.845205 0
0  0.538069 2.798064 1.965653  0.432858 0.900426 -0.043217  0.589075 0.845450 0
Material_0
0  1.089785 1.889727 1.678531  0.999998 0.002009 0.000006  0.582025 0.841863 0
0  1.089785 1.889727 2.001026  0.999998 0.002068 -0.000004  0.582025 0.841863 0
0  0.983754 1.425278 1.678531  0.900419 -0.433040 -0.041502  0.583400 0.839989 0
Material_0
0  0.257605 2.932997 2.001026  0.223017 0.974298 -0.031719  0.592600 0.846020 0
0  0.257605 2.932997 1.678531  0.223012 0.974299 -0.031721  0.592600 0.846020 0
0  -0.218720 2.932997 2.001026  -0.223507 0.974300 0.027990  0.598704 0.846020 0
Material_0
0  0.257605 2.932997 1.678531  0.223012 0.974299 -0.031721  0.592600 0.846020 0
0  -0.218720 2.932997 1.678531  -0.223018 0.974298 -0.031727  0.598704 0.846020 0
0  -0.218720 2.932997 2.001026  -0.223507 0.974300 0.027990  0.598704 0.846020 0
Material_0
0  -0.218720 2.932997 2.001026  -0.223507 0.974300 0.027990  0.598704 0.846020 0
0  -0.218720 2.932997 1.678531  -0.223018 0.974298 -0.031727  0.598704 0.846020 0
0  -0.308615 2.889853 1.968663  -0.432466 0.900427 0.046941  0.599822 0.845857 0
Material_0
0  -0.308615 2.889853 1.968663  -0.432466 0.900427 0.046941  0.599822 0.845857 0
0  -0.218720 2.932997 1.678531  -0.223018 0.974298 -0.031727  0.598704 0.846020 0
0  -0.308615 2.889853 1.694336  -0.432847 0.900431 -0.043210  0.599822 0.845857 0
Material_0
0  -0.218720 2.932997 1.678531  -0.223018 0.974298 -0.031727  0.598704 0.846020 0
0  -0.647941 2.726544 1.678531  -0.621611 0.782025 -0.045122  0.604121 0.845205 0
0  -0.308615 2.889853 1.694336  -0.432847 0.900431 -0.043210  0.599822 0.845857 0
Material_0
0  -0.308615 2.889853 1.694336  -0.432847 0.900431 -0.043210  0.599822 0.845857 0
0  -0.647941 2.726544 1.678531  -0.621611 0.782025 -0.045122  0.604121 0.845205 0
0  -0.414777 2.838602 1.715409  -0.432860 0.900425 -0.043204  0.601198 0.845613 0
Material_0
0  -0.414777 2.838602 1.715409  -0.432860 0.900425 -0.043204  0.601198 0.845613 0
0  -0.647941 2.726544 1.678531  -0.621611 0.782025 -0.045122  0.604121 0.845205 0
0  -0.514471 2.790825 1.831687  -0.432462 0.900429 0.046957  0.602487 0.845450 0
Material_0
0  -0.647941 2.726544 1.678531  -0.621611 0.782025 -0.045122  0.604121 0.845205 0
0  -0.647941 2.726544 2.001026  -0.621603 0.782032 -0.045120  0.604121 0.845205 0
0  -0.514471 2.790825 1.831687  -0.432462 0.900429 0.046957  0.602487 0.845450 0
Material_0
0  -0.514471 2.790825 1.831687  -0.432462 0.900429 0.046957  0.602487 0.845450 0
0  -0.647941 2.726544 2.001026  -0.621603 0.782032 -0.045120  0.604121 0.845205 0
0  -0.414777 2.838602 1.947590  -0.432464 0.900427 0.046973  0.601198 0.845613 0
Material_0
0  -0.414777 2.838602 1.947590  -0.432464 0.900427 0.046973  0.601198 0.845613 0
0  -0.647941 2.726544 2.001026  -0.621603 0.782032 -0.045120  0.604121 0.845205 0
0  -0.308615 2.889853 1.968663  -0.432466 0.900427 0.046941  0.599822 0.845857 0
Material_0
0  -0.647941 2.726544 2.001026  -0.621603 0.782032 -0.045120  0.604121 0.845205 0
0  -0.218720 2.932997 2.001026  -0.223507 0.974300 0.027990  0.598704 0.846020 0
0  -0.308615 2.889853 1.968663  -0.432466 0.900427 0.046941  0.599822 0.845857 0
Material_0
0  -0.647941 2.726544 2.001026  -0.621603 0.782032 -0.045120  0.604121 0.845205 0
0  -0.647941 2.726544 1.678531  -0.621611 0.782025 -0.045122  0.604121 0.845205 0
0  -0.944934 2.353885 2.001026  -0.900332 0.433040 -0.043352  0.607904 0.843738 0
Material_0
0  -0.647941 2.726544 1.678531  -0.621611 0.782025 -0.045122  0.604121 0.845205 0
0  -0.944934 2.353885 1.678531  -0.900333 0.433040 -0.043336  0.607904 0.843738 0
0  -0.944934 2.353885 2.001026  -0.900332 0.433040 -0.043352  0.607904 0.843738 0
Material_0
0  -0.944934 2.353885 2.001026  -0.900332 0.433040 -0.043352  0.607904 0.843738 0
0  -0.944934 2.353885 1.678531  -0.900333 0.433040 -0.043336  0.607904 0.843738 0
0  -0.969563 2.245880 1.967911  -0.974321 0.223132 0.030178  0.608248 0.843249 0
Material_0
0  -0.969563 2.245880 1.967911  -0.974321 0.223132 0.030178  0.608248 0.843249 0
0  -0.944934 2.353885 1.678531  -0.900333 0.433040 -0.043336  0.607904 0.843738 0
0  -0.969563 2.245880 1.695089  -0.974321 0.223133 -0.030183  0.608248 0.843249 0
Material_0
0  -0.944934 2.353885 1.678531  -0.900333 0.433040 -0.043336  0.607904 0.843738 0
0  -1.050900 1.889726 1.678531  -0.999998 0.002103 0.000002  0.609279 0.841863 0
0  -0.969563 2.245880 1.695089  -0.974321 0.223133 -0.030183  0.608248 0.843249 0
Material_0
0  -0.969563 2.245880 1.695089  -0.974321 0.223133 -0.030183  0.608248 0.843249 0
0  -1.050900 1.889726 1.678531  -0.999998 0.002103 0.000002  0.609279 0.841863 0
0  -0.995565 2.132085 1.715409  -0.974322 0.223128 -0.030176  0.608592 0.842841 0
Material_0
0  -0.995565 2.132085 1.715409  -0.974322 0.223128 -0.030176  0.608592 0.842841 0
0  -1.050900 1.889726 1.678531  -0.999998 0.002103 0.000002  0.609279 0.841863 0
0  -1.020717 2.021764 1.831688  -0.974324 0.223125 -0.030132  0.608935 0.842352 0
Material_0
0  -1.050900 1.889726 1.678531  -0.999998 0.002103 0.000002  0.609279 0.841863 0
0  -1.050900 1.889726 2.001026  -0.999998 0.002093 -0.000003  0.609279 0.841863 0
0  -1.020717 2.021764 1.831688  -0.974324 0.223125 -0.030132  0.608935 0.842352 0
Material_0
0  -1.020717 2.021764 1.831688  -0.974324 0.223125 -0.030132  0.608935 0.842352 0
0  -1.050900 1.889726 2.001026  -0.999998 0.002093 -0.000003  0.609279 0.841863 0
0  -0.995565 2.132085 1.947590  -0.974321 0.223138 -0.030143  0.608592 0.842841 0
Material_0
0  -0.995565 2.132085 1.947590  -0.974321 0.223138 -0.030143  0.608592 0.842841 0
0  -1.050900 1.889726 2.001026  -0.999998 0.002093 -0.000003  0.609279 0.841863 0
0  -0.969563 2.245880 1.967911  -0.974321 0.223132 0.030178  0.608248 0.843249 0
Material_0
0  -1.050900 1.889726 2.001026  -0.999998 0.002093 -0.000003  0.609279 0.841863 0
0  -0.944934 2.353885 2.001026  -0.900332 0.433040 -0.043352  0.607904 0.843738 0
0  -0.969563 2.245880 1.967911  -0.974321 0.223132 0.030178  0.608248 0.843249 0
Material_0
0  -1.050900 1.889726 2.001026  -0.999998 0.002093 -0.000003  0.609279 0.841863 0
0  -1.050900 1.889726 1.678531  -0.999998 0.002103 0.000002  0.609279 0.841863 0
0  -0.944934 1.425278 2.001026  -0.900423 -0.433034 0.041482  0.607904 0.839989 0
Material_0
0  -1.050900 1.889726 1.678531  -0.999998 0.002103 0.000002  0.609279 0.841863 0
0  -0.944934 1.425278 1.678531  -0.900419 -0.433039 -0.041512  0.607904 0.839989 0
0  -0.944934 1.425278 2.001026  -0.900423 -0.433034 0.041482  0.607904 0.839989 0
Material_0
0  -0.944934 1.425278 1.678531  -0.900419 -0.433039 -0.041512  0.607904 0.839989 0
0  -0.868954 1.330014 1.967535  -0.782075 -0.621539 0.045247  0.606958 0.839663 0
0  -0.944934 1.425278 2.001026  -0.900423 -0.433034 0.041482  0.607904 0.839989 0
Material_0
0  -0.944934 1.425278 2.001026  -0.900423 -0.433034 0.041482  0.607904 0.839989 0
0  -0.868954 1.330014 1.967535  -0.782075 -0.621539 0.045247  0.606958 0.839663 0
0  -0.647941 1.052909 2.001026  -0.621305 -0.782032 0.049057  0.604121 0.838522 0
Material_0
0  -0.868954 1.330014 1.967535  -0.782075 -0.621539 0.045247  0.606958 0.839663 0
0  -0.796568 1.239093 1.947591  -0.782075 -0.621538 0.045277  0.606012 0.839255 0
0  -0.647941 1.052909 2.001026  -0.621305 -0.782032 0.049057  0.604121 0.838522 0
Material_0
0  -0.796568 1.239093 1.947591  -0.782075 -0.621538 0.045277  0.606012 0.839255 0
0  -0.724509 1.148752 1.831688  -0.782078 -0.621533 0.045276  0.605152 0.838929 0
0  -0.647941 1.052909 2.001026  -0.621305 -0.782032 0.049057  0.604121 0.838522 0
Material_0
0  -0.647941 1.052909 2.001026  -0.621305 -0.782032 0.049057  0.604121 0.838522 0
0  -0.724509 1.148752 1.831688  -0.782078 -0.621533 0.045276  0.605152 0.838929 0
0  -0.647941 1.052909 1.678531  -0.621314 -0.782024 -0.049063  0.604121 0.838522 0
Material_0
0  -0.724509 1.148752 1.831688  -0.782078 -0.621533 0.045276  0.605152 0.838929 0
0  -0.796568 1.239093 1.715409  -0.782074 -0.621538 0.045276  0.606012 0.839255 0
0  -0.647941 1.052909 1.678531  -0.621314 -0.782024 -0.049063  0.604121 0.838522 0
Material_0
0  -0.796568 1.239093 1.715409  -0.782074 -0.621538 0.045276  0.606012 0.839255 0
0  -0.868954 1.330014 1.695465  -0.782078 -0.621537 0.045239  0.606958 0.839663 0
0  -0.647941 1.052909 1.678531  -0.621314 -0.782024 -0.049063  0.604121 0.838522 0
Material_0
0  -0.647941 1.052909 1.678531  -0.621314 -0.782024 -0.049063  0.604121 0.838522 0
0  -0.868954 1.330014 1.695465  -0.782078 -0.621537 0.045239  0.606958 0.839663 0
0  -0.944934 1.425278 1.678531  -0.900419 -0.433039 -0.041512  0.607904 0.839989 0
Material_0
0  -0.868954 1.330014 1.695465  -0.782078 -0.621537 0.045239  0.606958 0.839663 0
0  -0.868954 1.330014 1.967535  -0.782075 -0.621539 0.045247  0.606958 0.839663 0
0  -0.944934 1.425278 1.678531  -0.900419 -0.433039 -0.041512  0.607904 0.839989 0
Material_0
0  -0.647941 1.052909 1.678531  -0.621314 -0.782024 -0.049063  0.604121 0.838522 0
0  -0.218720 0.846166 1.678531  -0.223467 -0.974300 -0.028315  0.598704 0.837707 0
0  -0.647941 1.052909 2.001026  -0.621305 -0.782032 0.049057  0.604121 0.838522 0
Material_0
0  -0.647941 1.052909 2.001026  -0.621305 -0.782032 0.049057  0.604121 0.838522 0
0  -0.218720 0.846166 1.678531  -0.223467 -0.974300 -0.028315  0.598704 0.837707 0
0  -0.218720 0.846166 2.001026  -0.222966 -0.974299 0.032068  0.598704 0.837707 0
Material_0
0  -0.218720 0.846166 1.678531  -0.223467 -0.974300 -0.028315  0.598704 0.837707 0
0  -0.086033 0.846166 1.967158  -0.000000 -1.000000 -0.000002  0.596985 0.837707 0
0  -0.218720 0.846166 2.001026  -0.222966 -0.974299 0.032068  0.598704 0.837707 0
Material_0
0  -0.218720 0.846166 2.001026  -0.222966 -0.974299 0.032068  0.598704 0.837707 0
0  -0.086033 0.846166 1.967158  -0.000000 -1.000000 -0.000002  0.596985 0.837707 0
0  0.257605 0.846166 2.001026  0.222959 -0.974301 0.032046  0.592600 0.837707 0
Material_0
0  -0.086033 0.846166 1.967158  -0.000000 -1.000000 -0.000002  0.596985 0.837707 0
0  0.029732 0.846166 1.947591  -0.000000 -1.000000 -0.000002  0.595523 0.837707 0
0  0.257605 0.846166 2.001026  0.222959 -0.974301 0.032046  0.592600 0.837707 0
Material_0
0  0.029732 0.846166 1.947591  -0.000000 -1.000000 -0.000002  0.595523 0.837707 0
0  0.147785 0.846166 1.831688  0.000000 -1.000000 0.000000  0.593975 0.837707 0
0  0.257605 0.846166 2.001026  0.222959 -0.974301 0.032046  0.592600 0.837707 0
Material_0
0  0.257605 0.846166 2.001026  0.222959 -0.974301 0.032046  0.592600 0.837707 0
0  0.147785 0.846166 1.831688  0.000000 -1.000000 0.000000  0.593975 0.837707 0
0  0.257605 0.846166 1.678531  0.223472 -0.974299 -0.028308  0.592600 0.837707 0
Material_0
0  0.147785 0.846166 1.831688  0.000000 -1.000000 0.000000  0.593975 0.837707 0
0  0.029732 0.846166 1.715409  -0.000000 -1.000000 0.000005  0.595523 0.837707 0
0  0.257605 0.846166 1.678531  0.223472 -0.974299 -0.028308  0.592600 0.837707 0
Material_0
0  0.029732 0.846166 1.715409  -0.000000 -1.000000 0.000005  0.595523 0.837707 0
0  -0.086033 0.846166 1.696218  0.000000 -1.000000 0.000001  0.596985 0.837707 0
0  0.257605 0.846166 1.678531  0.223472 -0.974299 -0.028308  0.592600 0.837707 0
Material_0
0  0.257605 0.846166 1.678531  0.223472 -0.974299 -0.028308  0.592600 0.837707 0
0  -0.086033 0.846166 1.696218  0.000000 -1.000000 0.000001  0.596985 0.837707 0
0  -0.218720 0.846166 1.678531  -0.223467 -0.974300 -0.028315  0.598704 0.837707 0
Material_0
0  -0.086033 0.846166 1.696218  0.000000 -1.000000 0.000001  0.596985 0.837707 0
0  -0.086033 0.846166 1.967158  -0.000000 -1.000000 -0.000002  0.596985 0.837707 0
0  -0.218720 0.846166 1.678531  -0.223467 -0.974300 -0.028315  0.598704 0.837707 0
Material_0
0  0.257605 0.846166 1.678531  0.223472 -0.974299 -0.028308  0.592600 0.837707 0
0  0.686761 1.052909 1.678531  0.621305 -0.782029 -0.049093  0.587183 0.838522 0
0  0.257605 0.846166 2.001026  0.222959 -0.974301 0.032046  0.592600 0.837707 0
Material_0
0  0.257605 0.846166 2.001026  0.222959 -0.974301 0.032046  0.592600 0.837707 0
0  0.686761 1.052909 1.678531  0.621305 -0.782029 -0.049093  0.587183 0.838522 0
0  0.686761 1.052909 2.001026  0.621310 -0.782026 0.049083  0.587183 0.838522 0
Material_0
0  0.686761 1.052909 1.678531  0.621305 -0.782029 -0.049093  0.587183 0.838522 0
0  0.776264 1.164967 1.696594  0.782072 -0.621542 -0.045259  0.585980 0.838929 0
0  0.686761 1.052909 2.001026  0.621310 -0.782026 0.049083  0.587183 0.838522 0
Material_0
0  0.776264 1.164967 1.696594  0.782072 -0.621542 -0.045259  0.585980 0.838929 0
0  0.776264 1.164967 1.966406  0.782077 -0.621535 -0.045262  0.585980 0.838929 0
0  0.686761 1.052909 2.001026  0.621310 -0.782026 0.049083  0.587183 0.838522 0
Material_0
0  0.686761 1.052909 2.001026  0.621310 -0.782026 0.049083  0.587183 0.838522 0
0  0.776264 1.164967 1.966406  0.782077 -0.621535 -0.045262  0.585980 0.838929 0
0  0.983754 1.425278 2.001026  0.900421 -0.433035 0.041510  0.583400 0.839989 0
Material_0
0  0.776264 1.164967 1.966406  0.782077 -0.621535 -0.045262  0.585980 0.838929 0
0  0.848389 1.255309 1.947591  0.782074 -0.621541 0.045238  0.585120 0.839337 0
0  0.983754 1.425278 2.001026  0.900421 -0.433035 0.041510  0.583400 0.839989 0
Material_0
0  0.848389 1.255309 1.947591  0.782074 -0.621541 0.045238  0.585120 0.839337 0
0  0.923715 1.349994 1.831688  0.782077 -0.621535 0.045269  0.584174 0.839663 0
0  0.983754 1.425278 2.001026  0.900421 -0.433035 0.041510  0.583400 0.839989 0
Material_0
0  0.983754 1.425278 2.001026  0.900421 -0.433035 0.041510  0.583400 0.839989 0
0  0.923715 1.349994 1.831688  0.782077 -0.621535 0.045269  0.584174 0.839663 0
0  0.983754 1.425278 1.678531  0.900419 -0.433040 -0.041502  0.583400 0.839989 0
Material_0
0  0.923715 1.349994 1.831688  0.782077 -0.621535 0.045269  0.584174 0.839663 0
0  0.848389 1.255309 1.715409  0.782077 -0.621537 0.045254  0.585120 0.839337 0
0  0.983754 1.425278 1.678531  0.900419 -0.433040 -0.041502  0.583400 0.839989 0
Material_0
0  0.848389 1.255309 1.715409  0.782077 -0.621537 0.045254  0.585120 0.839337 0
0  0.776264 1.164967 1.696594  0.782072 -0.621542 -0.045259  0.585980 0.838929 0
0  0.983754 1.425278 1.678531  0.900419 -0.433040 -0.041502  0.583400 0.839989 0
Material_0
0  0.983754 1.425278 1.678531  0.900419 -0.433040 -0.041502  0.583400 0.839989 0
0  0.776264 1.164967 1.696594  0.782072 -0.621542 -0.045259  0.585980 0.838929 0
0  0.686761 1.052909 1.678531  0.621305 -0.782029 -0.049093  0.587183 0.838522 0
Material_0
0  0.983754 1.425278 2.001026  0.900421 -0.433035 0.041510  0.583400 0.839989 0
0  0.983754 1.425278 1.678531  0.900419 -0.433040 -0.041502  0.583400 0.839989 0
0  1.089785 1.889727 2.001026  0.999998 0.002068 -0.000004  0.582025 0.841863 0
Material_0
0  -0.495133 2.546150 1.653319  0.000000 0.002205 -0.999998  0.602229 0.844472 0
0  -0.254194 2.507639 1.653319  -0.000000 0.002205 -0.999998  0.599134 0.844308 0
0  -0.293785 2.488529 1.653319  0.000001 0.002205 -0.999998  0.599650 0.844227 0
Material_0
0  -0.293785 2.488529 1.653319  0.000001 0.002205 -0.999998  0.599650 0.844227 0
0  -0.254194 2.507639 1.653319  -0.000000 0.002205 -0.999998  0.599134 0.844308 0
0  -0.187949 2.295974 1.653319  0.000001 0.002205 -0.999998  0.598274 0.843493 0
Material_0
0  -0.254194 2.507639 1.653319  -0.000000 0.002205 -0.999998  0.599134 0.844308 0
0  -0.169657 2.304661 1.653319  0.000001 0.002205 -0.999998  0.598102 0.843493 0
0  -0.187949 2.295974 1.653319  0.000001 0.002205 -0.999998  0.598274 0.843493 0
Material_0
0  -0.169657 2.304661 1.653319  0.000001 0.002205 -0.999998  0.598102 0.843493 0
0  0.018887 2.229376 1.653319  0.000001 0.002109 -0.999998  0.595695 0.843167 0
0  -0.187949 2.295974 1.653319  0.000001 0.002205 -0.999998  0.598274 0.843493 0
Material_0
0  -0.187949 2.295974 1.653319  0.000001 0.002205 -0.999998  0.598274 0.843493 0
0  0.018887 2.229376 1.653319  0.000001 0.002109 -0.999998  0.595695 0.843167 0
0  -0.245832 2.098496 1.653319  0.000000 0.002205 -0.999998  0.599048 0.842678 0
Material_0
0  0.018887 2.229376 1.653319  0.000001 0.002109 -0.999998  0.595695 0.843167 0
0  -0.315997 1.812125 1.653319  0.000000 0.002157 -0.999998  0.599908 0.841537 0
0  -0.245832 2.098496 1.653319  0.000000 0.002205 -0.999998  0.599048 0.842678 0
Material_0
0  -0.245832 2.098496 1.653319  0.000000 0.002205 -0.999998  0.599048 0.842678 0
0  -0.315997 1.812125 1.653319  0.000000 0.002157 -0.999998  0.599908 0.841537 0
0  -0.421963 2.001495 1.653319  0.000003 0.002205 -0.999998  0.601283 0.842271 0
Material_0
0  -0.315997 1.812125 1.653319  0.000000 0.002157 -0.999998  0.599908 0.841537 0
0  -0.426471 1.981805 1.653319  0.000010 0.002205 -0.999998  0.601369 0.842189 0
0  -0.421963 2.001495 1.653319  0.000003 0.002205 -0.999998  0.601283 0.842271 0
Material_0
0  -0.421963 2.001495 1.653319  0.000003 0.002205 -0.999998  0.601283 0.842271 0
0  -0.426471 1.981805 1.653319  0.000010 0.002205 -0.999998  0.601369 0.842189 0
0  -0.634483 2.060275 1.653319  0.000006 0.002205 -0.999998  0.603949 0.842515 0
Material_0
0  -0.426471 1.981805 1.653319  0.000010 0.002205 -0.999998  0.601369 0.842189 0
0  -0.644675 2.014815 1.653319  0.000002 0.002205 -0.999998  0.604121 0.842352 0
0  -0.634483 2.060275 1.653319  0.000006 0.002205 -0.999998  0.603949 0.842515 0
Material_0
0  -0.634483 2.060275 1.653319  0.000006 0.002205 -0.999998  0.603949 0.842515 0
0  -0.644675 2.014815 1.653319  0.000002 0.002205 -0.999998  0.604121 0.842352 0
0  -0.736334 2.241248 1.653319  0.000001 0.002205 -0.999998  0.605238 0.843249 0
Material_0
0  -0.644675 2.014815 1.653319  0.000002 0.002205 -0.999998  0.604121 0.842352 0
0  -0.814730 1.895807 1.653319  -0.000000 0.002205 -0.999998  0.606270 0.841863 0
0  -0.736334 2.241248 1.653319  0.000001 0.002205 -0.999998  0.605238 0.843249 0
Material_0
0  -0.814730 1.895807 1.653319  -0.000000 0.002205 -0.999998  0.606270 0.841863 0
0  -0.919651 2.342013 1.653319  -0.000000 0.002205 -0.999998  0.607646 0.843656 0
0  -0.736334 2.241248 1.653319  0.000001 0.002205 -0.999998  0.605238 0.843249 0
Material_0
0  -0.736334 2.241248 1.653319  0.000001 0.002205 -0.999998  0.605238 0.843249 0
0  -0.919651 2.342013 1.653319  -0.000000 0.002205 -0.999998  0.607646 0.843656 0
0  -0.678320 2.444806 1.653319  -0.000001 0.002205 -0.999998  0.604551 0.844064 0
Material_0
0  -0.919651 2.342013 1.653319  -0.000000 0.002205 -0.999998  0.607646 0.843656 0
0  -0.630498 2.704538 1.653319  -0.000000 0.002205 -0.999998  0.603949 0.845042 0
0  -0.678320 2.444806 1.653319  -0.000001 0.002205 -0.999998  0.604551 0.844064 0
Material_0
0  -0.678320 2.444806 1.653319  -0.000001 0.002205 -0.999998  0.604551 0.844064 0
0  -0.630498 2.704538 1.653319  -0.000000 0.002205 -0.999998  0.603949 0.845042 0
0  -0.495133 2.546150 1.653319  0.000000 0.002205 -0.999998  0.602229 0.844472 0
Material_0
0  -0.630498 2.704538 1.653319  -0.000000 0.002205 -0.999998  0.603949 0.845042 0
0  -0.212513 2.905779 1.653318  0.000000 0.002204 -0.999998  0.598618 0.845857 0
0  -0.495133 2.546150 1.653319  0.000000 0.002205 -0.999998  0.602229 0.844472 0
Material_0
0  -0.495133 2.546150 1.653319  0.000000 0.002205 -0.999998  0.602229 0.844472 0
0  -0.212513 2.905779 1.653318  0.000000 0.002204 -0.999998  0.598618 0.845857 0
0  -0.174034 2.701063 1.653319  0.000000 0.002204 -0.999998  0.598102 0.845042 0
Material_0
0  -0.174034 2.701063 1.653319  0.000000 0.002204 -0.999998  0.598102 0.845042 0
0  -0.212513 2.905779 1.653318  0.000000 0.002204 -0.999998  0.598618 0.845857 0
0  0.019475 2.781270 1.653318  0.000000 0.002205 -0.999998  0.595695 0.845368 0
Material_0
0  -0.212513 2.905779 1.653318  0.000000 0.002204 -0.999998  0.598618 0.845857 0
0  0.251333 2.905779 1.653318  0.000000 0.002204 -0.999998  0.592686 0.845857 0
0  0.019475 2.781270 1.653318  0.000000 0.002205 -0.999998  0.595695 0.845368 0
Material_0
0  0.019475 2.781270 1.653318  0.000000 0.002205 -0.999998  0.595695 0.845368 0
0  0.251333 2.905779 1.653318  0.000000 0.002204 -0.999998  0.592686 0.845857 0
0  0.212984 2.701063 1.653319  -0.000000 0.002204 -0.999998  0.593202 0.845042 0
Material_0
0  0.212984 2.701063 1.653319  -0.000000 0.002204 -0.999998  0.593202 0.845042 0
0  0.251333 2.905779 1.653318  0.000000 0.002204 -0.999998  0.592686 0.845857 0
0  0.528335 2.550784 1.653319  -0.000000 0.002205 -0.999998  0.589161 0.844472 0
Material_0
0  0.251333 2.905779 1.653318  0.000000 0.002204 -0.999998  0.592686 0.845857 0
0  0.669318 2.704538 1.653319  0.000000 0.002205 -0.999998  0.587355 0.845042 0
0  0.528335 2.550784 1.653319  -0.000000 0.002205 -0.999998  0.589161 0.844472 0
Material_0
0  0.528335 2.550784 1.653319  -0.000000 0.002205 -0.999998  0.589161 0.844472 0
0  0.669318 2.704538 1.653319  0.000000 0.002205 -0.999998  0.587355 0.845042 0
0  0.712371 2.450886 1.653319  0.000000 0.002205 -0.999998  0.586839 0.844064 0
Material_0
0  0.669318 2.704538 1.653319  0.000000 0.002205 -0.999998  0.587355 0.845042 0
0  0.963240 2.342882 1.653319  -0.000000 0.002205 -0.999998  0.583658 0.843656 0
0  0.712371 2.450886 1.653319  0.000000 0.002205 -0.999998  0.586839 0.844064 0
Material_0
0  0.712371 2.450886 1.653319  0.000000 0.002205 -0.999998  0.586839 0.844064 0
0  0.963240 2.342882 1.653319  -0.000000 0.002205 -0.999998  0.583658 0.843656 0
0  0.771887 2.249935 1.653319  -0.000001 0.002205 -0.999998  0.586066 0.843249 0
Material_0
0  0.771887 2.249935 1.653319  -0.000001 0.002205 -0.999998  0.586066 0.843249 0
0  0.963240 2.342882 1.653319  -0.000000 0.002205 -0.999998  0.583658 0.843656 0
0  0.856555 1.904494 1.653319  0.000000 0.002205 -0.999998  0.585034 0.841945 0
Material_0
0  0.963240 2.342882 1.653319  -0.000000 0.002205 -0.999998  0.583658 0.843656 0
0  1.061758 1.889727 1.653319  0.000001 0.002205 -0.999998  0.582368 0.841863 0
0  0.856555 1.904494 1.653319  0.000000 0.002205 -0.999998  0.585034 0.841945 0
Material_0
0  0.856555 1.904494 1.653319  0.000000 0.002205 -0.999998  0.585034 0.841945 0
0  1.061758 1.889727 1.653319  0.000001 0.002205 -0.999998  0.582368 0.841863 0
0  0.889939 1.696593 1.653319  0.000000 0.002205 -0.999998  0.584604 0.841048 0
Material_0
0  1.061758 1.889727 1.653319  0.000001 0.002205 -0.999998  0.582368 0.841863 0
0  0.958536 1.437440 1.653319  0.000000 0.002205 -0.999998  0.583658 0.840070 0
0  0.889939 1.696593 1.653319  0.000000 0.002205 -0.999998  0.584604 0.841048 0
Material_0
0  0.889939 1.696593 1.653319  0.000000 0.002205 -0.999998  0.584604 0.841048 0
0  0.958536 1.437440 1.653319  0.000000 0.002205 -0.999998  0.583658 0.840070 0
0  0.767118 1.521701 1.653319  0.000000 0.002205 -0.999998  0.586151 0.840396 0
Material_0
0  0.767118 1.521701 1.653319  0.000000 0.002205 -0.999998  0.586151 0.840396 0
0  0.958536 1.437440 1.653319  0.000000 0.002205 -0.999998  0.583658 0.840070 0
0  0.551854 1.246333 1.653319  0.000000 0.002205 -0.999998  0.588903 0.839255 0
Material_0
0  0.958536 1.437440 1.653319  0.000000 0.002205 -0.999998  0.583658 0.840070 0
0  0.669514 1.073757 1.653319  0.000000 0.002205 -0.999998  0.587355 0.838603 0
0  0.551854 1.246333 1.653319  0.000000 0.002205 -0.999998  0.588903 0.839255 0
Material_0
0  0.551854 1.246333 1.653319  0.000000 0.002205 -0.999998  0.588903 0.839255 0
0  0.669514 1.073757 1.653319  0.000000 0.002205 -0.999998  0.587355 0.838603 0
0  0.410348 1.088235 1.653319  0.000000 0.002205 -0.999998  0.590708 0.838685 0
Material_0
0  0.669514 1.073757 1.653319  0.000000 0.002205 -0.999998  0.587355 0.838603 0
0  0.251333 0.873384 1.653319  0.000000 0.002205 -0.999998  0.592686 0.837788 0
0  0.410348 1.088235 1.653319  0.000000 0.002205 -0.999998  0.590708 0.838685 0
Material_0
0  0.410348 1.088235 1.653319  0.000000 0.002205 -0.999998  0.590708 0.838685 0
0  0.251333 0.873384 1.653319  0.000000 0.002205 -0.999998  0.592686 0.837788 0
0  0.201290 1.075494 1.653319  -0.000001 0.002205 -0.999998  0.593374 0.838603 0
Material_0
0  0.251333 0.873384 1.653319  0.000000 0.002205 -0.999998  0.592686 0.837788 0
0  -0.155218 1.074046 1.653319  -0.000001 0.002205 -0.999998  0.597844 0.838603 0
0  0.201290 1.075494 1.653319  -0.000001 0.002205 -0.999998  0.593374 0.838603 0
Material_0
0  0.201290 1.075494 1.653319  -0.000001 0.002205 -0.999998  0.593374 0.838603 0
0  -0.155218 1.074046 1.653319  -0.000001 0.002205 -0.999998  0.597844 0.838603 0
0  0.044366 1.214192 1.653319  0.000001 0.002205 -0.999998  0.595351 0.839174 0
Material_0
0  -0.155218 1.074046 1.653319  -0.000001 0.002205 -0.999998  0.597844 0.838603 0
0  0.000399 1.214192 1.653319  -0.000000 0.002109 -0.999998  0.595867 0.839174 0
0  0.044366 1.214192 1.653319  0.000001 0.002205 -0.999998  0.595351 0.839174 0
Material_0
0  0.044366 1.214192 1.653319  0.000001 0.002205 -0.999998  0.595351 0.839174 0
0  0.000399 1.214192 1.653319  -0.000000 0.002109 -0.999998  0.595867 0.839174 0
0  0.032150 1.424699 1.653319  -0.000001 0.002205 -0.999998  0.595523 0.839989 0
Material_0
0  0.000399 1.214192 1.653319  -0.000000 0.002109 -0.999998  0.595867 0.839174 0
0  0.007977 1.424120 1.653319  -0.000001 0.002205 -0.999998  0.595781 0.839989 0
0  0.032150 1.424699 1.653319  -0.000001 0.002205 -0.999998  0.595523 0.839989 0
Material_0
0  0.007977 1.424120 1.653319  -0.000001 0.002205 -0.999998  0.595781 0.839989 0
0  -0.128760 1.579033 1.653319  0.000000 0.002205 -0.999998  0.597501 0.840641 0
0  0.032150 1.424699 1.653319  -0.000001 0.002205 -0.999998  0.595523 0.839989 0
Material_0
0  0.032150 1.424699 1.653319  -0.000001 0.002205 -0.999998  0.595523 0.839989 0
0  -0.128760 1.579033 1.653319  0.000000 0.002205 -0.999998  0.597501 0.840641 0
0  0.170324 1.584824 1.653319  -0.000000 0.002205 -0.999998  0.593718 0.840641 0
Material_0
0  0.170324 1.584824 1.653319  -0.000000 0.002205 -0.999998  0.593718 0.840641 0
0  -0.128760 1.579033 1.653319  0.000000 0.002205 -0.999998  0.597501 0.840641 0
0  0.341228 1.810678 1.653319  -0.000000 0.002205 -0.999998  0.591568 0.841537 0
Material_0
0  0.341228 1.810678 1.653319  -0.000000 0.002205 -0.999998  0.591568 0.841537 0
0  -0.128760 1.579033 1.653319  0.000000 0.002205 -0.999998  0.597501 0.840641 0
0  -0.315997 1.812125 1.653319  0.000000 0.002157 -0.999998  0.599908 0.841537 0
Material_0
0  -0.128760 1.579033 1.653319  0.000000 0.002205 -0.999998  0.597501 0.840641 0
0  -0.335465 1.589457 1.653319  -0.000000 0.002205 -0.999998  0.600166 0.840641 0
0  -0.315997 1.812125 1.653319  0.000000 0.002157 -0.999998  0.599908 0.841537 0
Material_0
0  -0.315997 1.812125 1.653319  0.000000 0.002157 -0.999998  0.599908 0.841537 0
0  -0.335465 1.589457 1.653319  -0.000000 0.002205 -0.999998  0.600166 0.840641 0
0  -0.349446 1.607409 1.653319  -0.000000 0.002205 -0.999998  0.600338 0.840722 0
Material_0
0  -0.349446 1.607409 1.653319  -0.000000 0.002205 -0.999998  0.600338 0.840722 0
0  -0.335465 1.589457 1.653319  -0.000000 0.002205 -0.999998  0.600166 0.840641 0
0  -0.521069 1.484058 1.653319  -0.000001 0.002205 -0.999998  0.602573 0.840233 0
Material_0
0  -0.335465 1.589457 1.653319  -0.000000 0.002205 -0.999998  0.600166 0.840641 0
0  -0.493565 1.449890 1.653319  -0.000000 0.002205 -0.999998  0.602143 0.840070 0
0  -0.521069 1.484058 1.653319  -0.000001 0.002205 -0.999998  0.602573 0.840233 0
Material_0
0  -0.493565 1.449890 1.653319  -0.000000 0.002205 -0.999998  0.602143 0.840070 0
0  -0.504541 1.240541 1.653319  -0.000000 0.002205 -0.999998  0.602315 0.839255 0
0  -0.521069 1.484058 1.653319  -0.000001 0.002205 -0.999998  0.602573 0.840233 0
Material_0
0  -0.521069 1.484058 1.653319  -0.000001 0.002205 -0.999998  0.602573 0.840233 0
0  -0.504541 1.240541 1.653319  -0.000000 0.002205 -0.999998  0.602315 0.839255 0
0  -0.727644 1.518515 1.653319  -0.000000 0.002205 -0.999998  0.605152 0.840396 0
Material_0
0  -0.504541 1.240541 1.653319  -0.000000 0.002205 -0.999998  0.602315 0.839255 0
0  -0.630498 1.074625 1.653319  0.000000 0.002205 -0.999998  0.603949 0.838603 0
0  -0.727644 1.518515 1.653319  -0.000000 0.002205 -0.999998  0.605152 0.840396 0
Material_0
0  -0.630498 1.074625 1.653319  0.000000 0.002205 -0.999998  0.603949 0.838603 0
0  -0.919716 1.437439 1.653319  -0.000001 0.002205 -0.999998  0.607646 0.840070 0
0  -0.727644 1.518515 1.653319  -0.000000 0.002205 -0.999998  0.605152 0.840396 0
Material_0
0  -0.727644 1.518515 1.653319  -0.000000 0.002205 -0.999998  0.605152 0.840396 0
0  -0.919716 1.437439 1.653319  -0.000001 0.002205 -0.999998  0.607646 0.840070 0
0  -0.849290 1.689064 1.653319  0.000000 0.002205 -0.999998  0.606700 0.841048 0
Material_0
0  -0.919716 1.437439 1.653319  -0.000001 0.002205 -0.999998  0.607646 0.840070 0
0  -1.027773 1.891753 1.653319  -0.000001 0.002205 -0.999998  0.609021 0.841863 0
0  -0.849290 1.689064 1.653319  0.000000 0.002205 -0.999998  0.606700 0.841048 0
Material_0
0  -0.849290 1.689064 1.653319  0.000000 0.002205 -0.999998  0.606700 0.841048 0
0  -1.027773 1.891753 1.653319  -0.000001 0.002205 -0.999998  0.609021 0.841863 0
0  -0.814730 1.895807 1.653319  -0.000000 0.002205 -0.999998  0.606270 0.841863 0
Material_0
0  -1.027773 1.891753 1.653319  -0.000001 0.002205 -0.999998  0.609021 0.841863 0
0  -0.919651 2.342013 1.653319  -0.000000 0.002205 -0.999998  0.607646 0.843656 0
0  -0.814730 1.895807 1.653319  -0.000000 0.002205 -0.999998  0.606270 0.841863 0
Material_0
0  -0.174034 2.701063 1.653319  0.000000 0.002204 -0.999998  0.598102 0.845042 0
0  -0.254194 2.507639 1.653319  -0.000000 0.002205 -0.999998  0.599134 0.844308 0
0  -0.495133 2.546150 1.653319  0.000000 0.002205 -0.999998  0.602229 0.844472 0
Material_0
0  0.251333 0.873384 1.653319  0.000000 0.002205 -0.999998  0.592686 0.837788 0
0  -0.212513 0.873384 1.653319  -0.000000 0.002205 -0.999998  0.598618 0.837788 0
0  -0.155218 1.074046 1.653319  -0.000001 0.002205 -0.999998  0.597844 0.838603 0
Material_0
0  -0.155218 1.074046 1.653319  -0.000001 0.002205 -0.999998  0.597844 0.838603 0
0  -0.212513 0.873384 1.653319  -0.000000 0.002205 -0.999998  0.598618 0.837788 0
0  -0.364407 1.084760 1.653319  0.000001 0.002205 -0.999998  0.600510 0.838685 0
Material_0
0  -0.212513 0.873384 1.653319  -0.000000 0.002205 -0.999998  0.598618 0.837788 0
0  -0.630498 1.074625 1.653319  0.000000 0.002205 -0.999998  0.603949 0.838603 0
0  -0.364407 1.084760 1.653319  0.000001 0.002205 -0.999998  0.600510 0.838685 0
Material_0
0  -0.364407 1.084760 1.653319  0.000001 0.002205 -0.999998  0.600510 0.838685 0
0  -0.630498 1.074625 1.653319  0.000000 0.002205 -0.999998  0.603949 0.838603 0
0  -0.504541 1.240541 1.653319  -0.000000 0.002205 -0.999998  0.602315 0.839255 0
Material_0
0  -0.315997 1.812125 1.653319  0.000000 0.002157 -0.999998  0.599908 0.841537 0
0  0.018887 2.229376 1.653319  0.000001 0.002109 -0.999998  0.595695 0.843167 0
0  0.341228 1.810678 1.653319  -0.000000 0.002205 -0.999998  0.591568 0.841537 0
Material_0
0  0.341228 1.810678 1.653319  -0.000000 0.002205 -0.999998  0.591568 0.841537 0
0  0.018887 2.229376 1.653319  0.000001 0.002109 -0.999998  0.595695 0.843167 0
0  0.281647 2.107183 1.653319  -0.000000 0.002205 -0.999998  0.592342 0.842678 0
Material_0
0  0.281647 2.107183 1.653319  -0.000000 0.002205 -0.999998  0.592342 0.842678 0
0  0.018887 2.229376 1.653319  0.000001 0.002109 -0.999998  0.595695 0.843167 0
0  0.223829 2.296553 1.653319  0.000001 0.002205 -0.999998  0.593030 0.843493 0
Material_0
0  0.018887 2.229376 1.653319  0.000001 0.002109 -0.999998  0.595695 0.843167 0
0  0.209260 2.303502 1.653319  0.000003 0.002205 -0.999998  0.593202 0.843493 0
0  0.223829 2.296553 1.653319  0.000001 0.002205 -0.999998  0.593030 0.843493 0
Material_0
0  0.209260 2.303502 1.653319  0.000003 0.002205 -0.999998  0.593202 0.843493 0
0  0.293145 2.507639 1.653319  -0.000000 0.002205 -0.999998  0.592170 0.844308 0
0  0.223829 2.296553 1.653319  0.000001 0.002205 -0.999998  0.593030 0.843493 0
Material_0
0  0.223829 2.296553 1.653319  0.000001 0.002205 -0.999998  0.593030 0.843493 0
0  0.293145 2.507639 1.653319  -0.000000 0.002205 -0.999998  0.592170 0.844308 0
0  0.327509 2.491135 1.653319  -0.000000 0.002205 -0.999998  0.591740 0.844227 0
Material_0
0  0.293145 2.507639 1.653319  -0.000000 0.002205 -0.999998  0.592170 0.844308 0
0  0.212984 2.701063 1.653319  -0.000000 0.002204 -0.999998  0.593202 0.845042 0
0  0.327509 2.491135 1.653319  -0.000000 0.002205 -0.999998  0.591740 0.844227 0
Material_0
0  0.327509 2.491135 1.653319  -0.000000 0.002205 -0.999998  0.591740 0.844227 0
0  0.212984 2.701063 1.653319  -0.000000 0.002204 -0.999998  0.593202 0.845042 0
0  0.528335 2.550784 1.653319  -0.000000 0.002205 -0.999998  0.589161 0.844472 0
Material_0
0  0.856555 1.904494 1.653319  0.000000 0.002205 -0.999998  0.585034 0.841945 0
0  0.684540 2.027555 1.653319  -0.000002 0.002205 -0.999998  0.587183 0.842352 0
0  0.771887 2.249935 1.653319  -0.000001 0.002205 -0.999998  0.586066 0.843249 0
Material_0
0  0.771887 2.249935 1.653319  -0.000001 0.002205 -0.999998  0.586066 0.843249 0
0  0.684540 2.027555 1.653319  -0.000002 0.002205 -0.999998  0.587183 0.842352 0
0  0.676178 2.062013 1.653319  -0.000004 0.002205 -0.999998  0.587269 0.842515 0
Material_0
0  0.676178 2.062013 1.653319  -0.000004 0.002205 -0.999998  0.587269 0.842515 0
0  0.684540 2.027555 1.653319  -0.000002 0.002205 -0.999998  0.587183 0.842352 0
0  0.460130 2.009024 1.653319  -0.000005 0.002205 -0.999998  0.590020 0.842352 0
Material_0
0  0.684540 2.027555 1.653319  -0.000002 0.002205 -0.999998  0.587183 0.842352 0
0  0.463919 1.984122 1.653319  -0.000002 0.002205 -0.999998  0.590020 0.842189 0
0  0.460130 2.009024 1.653319  -0.000005 0.002205 -0.999998  0.590020 0.842352 0
Material_0
0  0.460130 2.009024 1.653319  -0.000005 0.002205 -0.999998  0.590020 0.842352 0
0  0.463919 1.984122 1.653319  -0.000002 0.002205 -0.999998  0.590020 0.842189 0
0  0.281647 2.107183 1.653319  -0.000000 0.002205 -0.999998  0.592342 0.842678 0
Material_0
0  0.463919 1.984122 1.653319  -0.000002 0.002205 -0.999998  0.590020 0.842189 0
0  0.341228 1.810678 1.653319  -0.000000 0.002205 -0.999998  0.591568 0.841537 0
0  0.281647 2.107183 1.653319  -0.000000 0.002205 -0.999998  0.592342 0.842678 0
Material_0
0  0.341228 1.810678 1.653319  -0.000000 0.002205 -0.999998  0.591568 0.841537 0
0  0.383824 1.609146 1.653319  0.000004 0.002205 -0.999998  0.590966 0.840722 0
0  0.170324 1.584824 1.653319  -0.000000 0.002205 -0.999998  0.593718 0.840641 0
Material_0
0  0.170324 1.584824 1.653319  -0.000000 0.002205 -0.999998  0.593718 0.840641 0
0  0.383824 1.609146 1.653319  0.000004 0.002205 -0.999998  0.590966 0.840722 0
0  0.378467 1.599302 1.653319  0.000005 0.002205 -0.999998  0.591052 0.840722 0
Material_0
0  0.378467 1.599302 1.653319  0.000005 0.002205 -0.999998  0.591052 0.840722 0
0  0.383824 1.609146 1.653319  0.000004 0.002205 -0.999998  0.590966 0.840722 0
0  0.537285 1.458288 1.653319  -0.000001 0.002205 -0.999998  0.589075 0.840152 0
Material_0
0  0.383824 1.609146 1.653319  0.000004 0.002205 -0.999998  0.590966 0.840722 0
0  0.559693 1.489849 1.653319  -0.000002 0.002205 -0.999998  0.588731 0.840233 0
0  0.537285 1.458288 1.653319  -0.000001 0.002205 -0.999998  0.589075 0.840152 0
Material_0
0  0.559693 1.489849 1.653319  -0.000002 0.002205 -0.999998  0.588731 0.840233 0
0  0.767118 1.521701 1.653319  0.000000 0.002205 -0.999998  0.586151 0.840396 0
0  0.537285 1.458288 1.653319  -0.000001 0.002205 -0.999998  0.589075 0.840152 0
Material_0
0  0.537285 1.458288 1.653319  -0.000001 0.002205 -0.999998  0.589075 0.840152 0
0  0.767118 1.521701 1.653319  0.000000 0.002205 -0.999998  0.586151 0.840396 0
0  0.551854 1.246333 1.653319  0.000000 0.002205 -0.999998  0.588903 0.839255 0
Material_0
0  -0.092108 2.813121 8.820071  -0.309432 0.950920 0.001875  0.144314 0.845531 0
0  0.131061 2.813121 8.820071  0.309393 0.950932 0.001874  0.141477 0.845531 0
0  0.131061 2.813121 8.377912  0.309455 0.950912 0.001876  0.141477 0.845531 0
Material_0
0  0.131061 2.813121 8.820071  0.309393 0.950932 0.001874  0.141477 0.845531 0
0  0.311635 2.681952 8.706803  0.808886 0.586878 -0.035746  0.139156 0.844961 0
0  0.131061 2.813121 8.377912  0.309455 0.950912 0.001876  0.141477 0.845531 0
Material_0
0  0.131061 2.813121 8.377912  0.309455 0.950912 0.001876  0.141477 0.845531 0
0  0.311635 2.681952 8.706803  0.808886 0.586878 -0.035746  0.139156 0.844961 0
0  0.311634 2.681952 8.264267  0.808916 0.586596 0.039503  0.139156 0.844961 0
Material_0
0  0.311635 2.681952 8.706803  0.808886 0.586878 -0.035746  0.139156 0.844961 0
0  0.380558 2.469707 8.523166  0.999998 -0.002008 0.000001  0.138296 0.844145 0
0  0.311634 2.681952 8.264267  0.808916 0.586596 0.039503  0.139156 0.844961 0
Material_0
0  0.311634 2.681952 8.264267  0.808916 0.586596 0.039503  0.139156 0.844961 0
0  0.380558 2.469707 8.523166  0.999998 -0.002008 0.000001  0.138296 0.844145 0
0  0.380558 2.469707 8.080629  0.999998 0.002017 -0.000004  0.138296 0.844145 0
Material_0
0  0.380558 2.469707 8.523166  0.999998 -0.002008 0.000001  0.138296 0.844145 0
0  0.311635 2.257463 8.339904  0.809173 -0.586592 -0.033912  0.139156 0.843330 0
0  0.380558 2.469707 8.080629  0.999998 0.002017 -0.000004  0.138296 0.844145 0
Material_0
0  0.380558 2.469707 8.080629  0.999998 0.002017 -0.000004  0.138296 0.844145 0
0  0.311635 2.257463 8.339904  0.809173 -0.586592 -0.033912  0.139156 0.843330 0
0  0.311634 2.257463 7.897368  0.808980 -0.586857 0.033922  0.139156 0.843330 0
Material_0
0  0.311635 2.257463 8.339904  0.809173 -0.586592 -0.033912  0.139156 0.843330 0
0  0.131061 2.126294 8.226261  0.309456 -0.950912 -0.001890  0.141477 0.842760 0
0  0.311634 2.257463 7.897368  0.808980 -0.586857 0.033922  0.139156 0.843330 0
Material_0
0  0.311634 2.257463 7.897368  0.808980 -0.586857 0.033922  0.139156 0.843330 0
0  0.131061 2.126294 8.226261  0.309456 -0.950912 -0.001890  0.141477 0.842760 0
0  0.131061 2.126294 7.783724  0.309415 -0.950925 -0.001893  0.141477 0.842760 0
Material_0
0  0.131061 2.126294 7.783724  0.309415 -0.950925 -0.001893  0.141477 0.842760 0
0  0.131061 2.126294 8.226261  0.309456 -0.950912 -0.001890  0.141477 0.842760 0
0  -0.092108 2.126294 7.783724  -0.309400 -0.950930 -0.001892  0.144314 0.842760 0
Material_0
0  0.131061 2.126294 8.226261  0.309456 -0.950912 -0.001890  0.141477 0.842760 0
0  -0.092108 2.126294 8.226261  -0.309419 -0.950924 -0.001891  0.144314 0.842760 0
0  -0.092108 2.126294 7.783724  -0.309400 -0.950930 -0.001892  0.144314 0.842760 0
Material_0
0  -0.092108 2.126294 7.783724  -0.309400 -0.950930 -0.001892  0.144314 0.842760 0
0  -0.092108 2.126294 8.226261  -0.309419 -0.950924 -0.001891  0.144314 0.842760 0
0  -0.272682 2.257463 7.897368  -0.808967 -0.586875 -0.033917  0.146636 0.843330 0
Material_0
0  -0.092108 2.126294 8.226261  -0.309419 -0.950924 -0.001891  0.144314 0.842760 0
0  -0.272682 2.257463 8.339904  -0.809191 -0.586567 -0.033908  0.146636 0.843330 0
0  -0.272682 2.257463 7.897368  -0.808967 -0.586875 -0.033917  0.146636 0.843330 0
Material_0
0  -0.272682 2.257463 7.897368  -0.808967 -0.586875 -0.033917  0.146636 0.843330 0
0  -0.272682 2.257463 8.339904  -0.809191 -0.586567 -0.033908  0.146636 0.843330 0
0  -0.341671 2.469707 8.080629  -0.999997 -0.002397 -0.000001  0.147495 0.844145 0
Material_0
0  -0.272682 2.257463 8.339904  -0.809191 -0.586567 -0.033908  0.146636 0.843330 0
0  -0.341671 2.469707 8.523166  -0.999997 0.002352 0.000012  0.147495 0.844145 0
0  -0.341671 2.469707 8.080629  -0.999997 -0.002397 -0.000001  0.147495 0.844145 0
Material_0
0  -0.341671 2.469707 8.080629  -0.999997 -0.002397 -0.000001  0.147495 0.844145 0
0  -0.341671 2.469707 8.523166  -0.999997 0.002352 0.000012  0.147495 0.844145 0
0  -0.272682 2.681952 8.264267  -0.809092 0.586594 -0.035744  0.146636 0.844961 0
Material_0
0  -0.341671 2.469707 8.523166  -0.999997 0.002352 0.000012  0.147495 0.844145 0
0  -0.272682 2.681952 8.706803  -0.808873 0.586896 -0.035743  0.146636 0.844961 0
0  -0.272682 2.681952 8.264267  -0.809092 0.586594 -0.035744  0.146636 0.844961 0
Material_0
0  -0.272682 2.681952 8.264267  -0.809092 0.586594 -0.035744  0.146636 0.844961 0
0  -0.272682 2.681952 8.706803  -0.808873 0.586896 -0.035743  0.146636 0.844961 0
0  -0.092108 2.813121 8.377912  -0.309419 0.950924 0.001878  0.144314 0.845531 0
Material_0
0  -0.272682 2.681952 8.706803  -0.808873 0.586896 -0.035743  0.146636 0.844961 0
0  -0.092108 2.813121 8.820071  -0.309432 0.950920 0.001875  0.144314 0.845531 0
0  -0.092108 2.813121 8.377912  -0.309419 0.950924 0.001878  0.144314 0.845531 0
Material_0
0  -0.092108 2.813121 8.377912  -0.309419 0.950924 0.001878  0.144314 0.845531 0
0  -0.092108 2.813121 8.820071  -0.309432 0.950920 0.001875  0.144314 0.845531 0
0  0.131061 2.813121 8.377912  0.309455 0.950912 0.001876  0.141477 0.845531 0
Material_0
0  -0.655912 1.048566 1.110309  -0.498244 0.865662 0.048810  0.137952 0.832572 0
0  -0.715101 0.946062 1.110309  -0.999998 0.002115 0.000000  0.137952 0.829800 0
0  -0.715101 0.946062 1.578810  -0.999998 0.001978 0.000000  0.149473 0.829800 0
Material_0
0  -0.715101 0.946062 1.578810  -0.999998 0.001978 0.000000  0.149473 0.829800 0
0  -0.715101 0.946062 1.110309  -0.999998 0.002115 0.000000  0.137952 0.829800 0
0  -0.655912 0.843560 1.578810  -0.498567 -0.865667 -0.045294  0.149473 0.832572 0
Material_0
0  -0.715101 0.946062 1.578810  -0.999998 0.001978 0.000000  0.149473 0.829800 0
0  -0.655912 1.048566 1.578810  -0.498247 0.865660 -0.048810  0.149473 0.832572 0
0  -0.655912 1.048566 1.110309  -0.498244 0.865662 0.048810  0.137952 0.832572 0
Material_0
0  -0.655912 1.048566 1.110309  -0.498244 0.865662 0.048810  0.137952 0.832572 0
0  -0.655912 1.048566 1.578810  -0.498247 0.865660 -0.048810  0.149473 0.832572 0
0  -0.537402 1.048566 1.110309  0.498251 0.865658 0.048813  0.137952 0.838033 0
Material_0
0  -0.655912 1.048566 1.578810  -0.498247 0.865660 -0.048810  0.149473 0.832572 0
0  -0.537402 1.048566 1.578810  0.498252 0.865657 0.048812  0.149473 0.838033 0
0  -0.537402 1.048566 1.110309  0.498251 0.865658 0.048813  0.137952 0.838033 0
Material_0
0  -0.537402 1.048566 1.110309  0.498251 0.865658 0.048813  0.137952 0.838033 0
0  -0.537402 1.048566 1.578810  0.498252 0.865657 0.048812  0.149473 0.838033 0
0  -0.478147 0.946062 1.110309  0.999998 -0.002116 -0.000000  0.137952 0.840722 0
Material_0
0  -0.537402 1.048566 1.578810  0.498252 0.865657 0.048812  0.149473 0.838033 0
0  -0.478147 0.946062 1.578810  0.999998 -0.002093 -0.000000  0.149473 0.840722 0
0  -0.478147 0.946062 1.110309  0.999998 -0.002116 -0.000000  0.137952 0.840722 0
Material_0
0  -0.478147 0.946062 1.110309  0.999998 -0.002116 -0.000000  0.137952 0.840722 0
0  -0.478147 0.946062 1.578810  0.999998 -0.002093 -0.000000  0.149473 0.840722 0
0  -0.537402 0.843560 1.110309  0.498567 -0.865667 -0.045295  0.137952 0.838033 0
Material_0
0  -0.478147 0.946062 1.578810  0.999998 -0.002093 -0.000000  0.149473 0.840722 0
0  -0.537402 0.843560 1.578810  0.498577 -0.865661 -0.045296  0.149473 0.838033 0
0  -0.537402 0.843560 1.110309  0.498567 -0.865667 -0.045295  0.137952 0.838033 0
Material_0
0  -0.537402 0.843560 1.110309  0.498567 -0.865667 -0.045295  0.137952 0.838033 0
0  -0.537402 0.843560 1.578810  0.498577 -0.865661 -0.045296  0.149473 0.838033 0
0  -0.655912 0.843560 1.110309  -0.498578 -0.865661 -0.045294  0.137952 0.832572 0
Material_0
0  -0.537402 0.843560 1.578810  0.498577 -0.865661 -0.045296  0.149473 0.838033 0
0  -0.655912 0.843560 1.578810  -0.498567 -0.865667 -0.045294  0.149473 0.832572 0
0  -0.655912 0.843560 1.110309  -0.498578 -0.865661 -0.045294  0.137952 0.832572 0
Material_0
0  -0.655912 0.843560 1.110309  -0.498578 -0.865661 -0.045294  0.137952 0.832572 0
0  -0.655912 0.843560 1.578810  -0.498567 -0.865667 -0.045294  0.149473 0.832572 0
0  -0.715101 0.946062 1.110309  -0.999998 0.002115 0.000000  0.137952 0.829800 0
Material_0
0  -0.919716 1.437439 1.653319  0.000172 0.002271 -0.999997  0.813733 0.840070 0
0  -1.050900 1.889726 1.678531  -0.999998 0.002212 0.000220  0.815367 0.841863 0
0  -1.027773 1.891753 1.653319  0.000209 0.002213 -0.999997  0.815109 0.841863 0
Material_0
0  -1.027773 1.891753 1.653319  0.000209 0.002213 -0.999997  0.815109 0.841863 0
0  -1.050900 1.889726 1.678531  -0.999998 0.002212 0.000220  0.815367 0.841863 0
0  -0.944934 2.353885 1.678531  -0.900327 0.433072 -0.043130  0.813991 0.843738 0
Material_0
0  -1.050900 1.889726 1.678531  -0.999998 0.002212 0.000220  0.815367 0.841863 0
0  -0.919716 1.437439 1.653319  0.000172 0.002271 -0.999997  0.813733 0.840070 0
0  -0.944934 1.425278 1.678531  -0.900437 -0.433021 -0.041306  0.813991 0.839989 0
Material_0
0  -0.919716 1.437439 1.653319  0.000172 0.002271 -0.999997  0.813733 0.840070 0
0  -0.630498 1.074625 1.653319  0.000123 0.002344 -0.999997  0.810036 0.838603 0
0  -0.944934 1.425278 1.678531  -0.900437 -0.433021 -0.041306  0.813991 0.839989 0
Material_0
0  -0.944934 1.425278 1.678531  -0.900437 -0.433021 -0.041306  0.813991 0.839989 0
0  -0.630498 1.074625 1.653319  0.000123 0.002344 -0.999997  0.810036 0.838603 0
0  -0.647941 1.052909 1.678531  -0.621354 -0.782003 -0.048895  0.810208 0.838522 0
Material_0
0  -0.630498 1.074625 1.653319  0.000123 0.002344 -0.999997  0.810036 0.838603 0
0  -0.212513 0.873384 1.653319  0.000023 0.002355 -0.999997  0.804706 0.837788 0
0  -0.647941 1.052909 1.678531  -0.621354 -0.782003 -0.048895  0.810208 0.838522 0
Material_0
0  -0.647941 1.052909 1.678531  -0.621354 -0.782003 -0.048895  0.810208 0.838522 0
0  -0.212513 0.873384 1.653319  0.000023 0.002355 -0.999997  0.804706 0.837788 0
0  -0.218720 0.846166 1.678531  -0.223487 -0.974301 -0.028117  0.804792 0.837707 0
Material_0
0  -0.212513 0.873384 1.653319  0.000023 0.002355 -0.999997  0.804706 0.837788 0
0  0.251333 0.873384 1.653319  -0.000074 0.002392 -0.999997  0.798773 0.837788 0
0  -0.218720 0.846166 1.678531  -0.223487 -0.974301 -0.028117  0.804792 0.837707 0
Material_0
0  -0.218720 0.846166 1.678531  -0.223487 -0.974301 -0.028117  0.804792 0.837707 0
0  0.251333 0.873384 1.653319  -0.000074 0.002392 -0.999997  0.798773 0.837788 0
0  0.257605 0.846166 1.678531  0.223478 -0.974304 -0.028101  0.798687 0.837707 0
Material_0
0  0.251333 0.873384 1.653319  -0.000074 0.002392 -0.999997  0.798773 0.837788 0
0  0.669514 1.073757 1.653319  -0.000140 0.002315 -0.999997  0.793443 0.838603 0
0  0.257605 0.846166 1.678531  0.223478 -0.974304 -0.028101  0.798687 0.837707 0
Material_0
0  0.257605 0.846166 1.678531  0.223478 -0.974304 -0.028101  0.798687 0.837707 0
0  0.669514 1.073757 1.653319  -0.000140 0.002315 -0.999997  0.793443 0.838603 0
0  0.686761 1.052909 1.678531  0.621300 -0.782045 -0.048903  0.793271 0.838522 0
Material_0
0  0.669514 1.073757 1.653319  -0.000140 0.002315 -0.999997  0.793443 0.838603 0
0  0.958536 1.437440 1.653319  -0.000184 0.002283 -0.999997  0.789746 0.840070 0
0  0.686761 1.052909 1.678531  0.621300 -0.782045 -0.048903  0.793271 0.838522 0
Material_0
0  0.686761 1.052909 1.678531  0.621300 -0.782045 -0.048903  0.793271 0.838522 0
0  0.958536 1.437440 1.653319  -0.000184 0.002283 -0.999997  0.789746 0.840070 0
0  0.983754 1.425278 1.678531  0.900411 -0.433072 -0.041345  0.789488 0.839989 0
Material_0
0  0.958536 1.437440 1.653319  -0.000184 0.002283 -0.999997  0.789746 0.840070 0
0  1.061758 1.889727 1.653319  -0.000212 0.002151 -0.999998  0.788456 0.841863 0
0  0.983754 1.425278 1.678531  0.900411 -0.433072 -0.041345  0.789488 0.839989 0
Material_0
0  0.983754 1.425278 1.678531  0.900411 -0.433072 -0.041345  0.789488 0.839989 0
0  1.061758 1.889727 1.653319  -0.000212 0.002151 -0.999998  0.788456 0.841863 0
0  1.089785 1.889727 1.678531  0.999998 0.002140 0.000199  0.788112 0.841863 0
Material_0
0  1.061758 1.889727 1.653319  -0.000212 0.002151 -0.999998  0.788456 0.841863 0
0  0.963240 2.342882 1.653319  -0.000183 0.002087 -0.999998  0.789746 0.843656 0
0  1.089785 1.889727 1.678531  0.999998 0.002140 0.000199  0.788112 0.841863 0
Material_0
0  1.089785 1.889727 1.678531  0.999998 0.002140 0.000199  0.788112 0.841863 0
0  0.963240 2.342882 1.653319  -0.000183 0.002087 -0.999998  0.789746 0.843656 0
0  0.983754 2.353885 1.678531  0.900355 0.433012 -0.043152  0.789488 0.843738 0
Material_0
0  0.963240 2.342882 1.653319  -0.000183 0.002087 -0.999998  0.789746 0.843656 0
0  0.669318 2.704538 1.653319  -0.000112 0.002024 -0.999998  0.793443 0.845042 0
0  0.983754 2.353885 1.678531  0.900355 0.433012 -0.043152  0.789488 0.843738 0
Material_0
0  0.983754 2.353885 1.678531  0.900355 0.433012 -0.043152  0.789488 0.843738 0
0  0.669318 2.704538 1.653319  -0.000112 0.002024 -0.999998  0.793443 0.845042 0
0  0.686761 2.726544 1.678531  0.621633 0.782016 -0.044974  0.793271 0.845205 0
Material_0
0  0.669318 2.704538 1.653319  -0.000112 0.002024 -0.999998  0.793443 0.845042 0
0  0.251333 2.905779 1.653318  -0.000026 0.001982 -0.999998  0.798773 0.845857 0
0  0.686761 2.726544 1.678531  0.621633 0.782016 -0.044974  0.793271 0.845205 0
Material_0
0  0.686761 2.726544 1.678531  0.621633 0.782016 -0.044974  0.793271 0.845205 0
0  0.251333 2.905779 1.653318  -0.000026 0.001982 -0.999998  0.798773 0.845857 0
0  0.257605 2.932997 1.678531  0.223026 0.974303 -0.031508  0.798687 0.846020 0
Material_0
0  0.251333 2.905779 1.653318  -0.000026 0.001982 -0.999998  0.798773 0.845857 0
0  -0.212513 2.905779 1.653318  0.000047 0.001990 -0.999998  0.804706 0.845857 0
0  0.257605 2.932997 1.678531  0.223026 0.974303 -0.031508  0.798687 0.846020 0
Material_0
0  0.257605 2.932997 1.678531  0.223026 0.974303 -0.031508  0.798687 0.846020 0
0  -0.212513 2.905779 1.653318  0.000047 0.001990 -0.999998  0.804706 0.845857 0
0  -0.218720 2.932997 1.678531  -0.223019 0.974305 -0.031503  0.804792 0.846020 0
Material_0
0  -0.212513 2.905779 1.653318  0.000047 0.001990 -0.999998  0.804706 0.845857 0
0  -0.630498 2.704538 1.653319  0.000136 0.002058 -0.999998  0.810036 0.845042 0
0  -0.218720 2.932997 1.678531  -0.223019 0.974305 -0.031503  0.804792 0.846020 0
Material_0
0  -0.218720 2.932997 1.678531  -0.223019 0.974305 -0.031503  0.804792 0.846020 0
0  -0.630498 2.704538 1.653319  0.000136 0.002058 -0.999998  0.810036 0.845042 0
0  -0.647941 2.726544 1.678531  -0.621594 0.782048 -0.044958  0.810208 0.845205 0
Material_0
0  -0.630498 2.704538 1.653319  0.000136 0.002058 -0.999998  0.810036 0.845042 0
0  -0.919651 2.342013 1.653319  0.000192 0.002104 -0.999998  0.813733 0.843656 0
0  -0.647941 2.726544 1.678531  -0.621594 0.782048 -0.044958  0.810208 0.845205 0
Material_0
0  -0.647941 2.726544 1.678531  -0.621594 0.782048 -0.044958  0.810208 0.845205 0
0  -0.919651 2.342013 1.653319  0.000192 0.002104 -0.999998  0.813733 0.843656 0
0  -0.944934 2.353885 1.678531  -0.900327 0.433072 -0.043130  0.813991 0.843738 0
Material_0
0  -0.919651 2.342013 1.653319  0.000192 0.002104 -0.999998  0.813733 0.843656 0
0  -1.027773 1.891753 1.653319  0.000209 0.002213 -0.999997  0.815109 0.841863 0
0  -0.944934 2.353885 1.678531  -0.900327 0.433072 -0.043130  0.813991 0.843738 0
Material_0
0  0.223829 2.296553 1.653319  -0.000166 0.002186 -0.999997  0.794990 0.843493 0
0  0.310000 2.124846 1.678531  0.772402 0.634959 -0.014914  0.793873 0.842760 0
0  0.281647 2.107183 1.653319  -0.000104 0.002056 -0.999998  0.794303 0.842678 0
Material_0
0  0.310000 2.124846 1.678531  0.772402 0.634959 -0.014914  0.793873 0.842760 0
0  0.474176 2.035663 1.678531  0.085536 0.996169 -0.018217  0.791809 0.842434 0
0  0.281647 2.107183 1.653319  -0.000104 0.002056 -0.999998  0.794303 0.842678 0
Material_0
0  0.310000 2.124846 1.678531  0.772402 0.634959 -0.014914  0.793873 0.842760 0
0  0.223829 2.296553 1.653319  -0.000166 0.002186 -0.999997  0.794990 0.843493 0
0  0.256952 2.304081 1.678531  0.992247 -0.124230 -0.003613  0.794560 0.843493 0
Material_0
0  0.223829 2.296553 1.653319  -0.000166 0.002186 -0.999997  0.794990 0.843493 0
0  0.327509 2.491135 1.653319  -0.000096 0.002299 -0.999997  0.793701 0.844227 0
0  0.256952 2.304081 1.678531  0.992247 -0.124230 -0.003613  0.794560 0.843493 0
Material_0
0  0.256952 2.304081 1.678531  0.992247 -0.124230 -0.003613  0.794560 0.843493 0
0  0.327509 2.491135 1.653319  -0.000096 0.002299 -0.999997  0.793701 0.844227 0
0  0.346063 2.468260 1.678531  0.628889 -0.776587 -0.037562  0.793443 0.844145 0
Material_0
0  0.327509 2.491135 1.653319  -0.000096 0.002299 -0.999997  0.793701 0.844227 0
0  0.528335 2.550784 1.653319  0.000024 0.002361 -0.999997  0.791121 0.844472 0
0  0.346063 2.468260 1.678531  0.628889 -0.776587 -0.037562  0.793443 0.844145 0
Material_0
0  0.346063 2.468260 1.678531  0.628889 -0.776587 -0.037562  0.793443 0.844145 0
0  0.528335 2.550784 1.653319  0.000024 0.002361 -0.999997  0.791121 0.844472 0
0  0.525199 2.521249 1.678531  -0.105815 -0.994040 -0.026212  0.791121 0.844390 0
Material_0
0  0.528335 2.550784 1.653319  0.000024 0.002361 -0.999997  0.791121 0.844472 0
0  0.712371 2.450886 1.653319  0.000118 0.002317 -0.999997  0.788800 0.844064 0
0  0.525199 2.521249 1.678531  -0.105815 -0.994040 -0.026212  0.791121 0.844390 0
Material_0
0  0.525199 2.521249 1.678531  -0.105815 -0.994040 -0.026212  0.791121 0.844390 0
0  0.712371 2.450886 1.653319  0.000118 0.002317 -0.999997  0.788800 0.844064 0
0  0.689440 2.432065 1.678531  -0.777435 -0.628333 -0.028159  0.789058 0.843982 0
Material_0
0  0.712371 2.450886 1.653319  0.000118 0.002317 -0.999997  0.788800 0.844064 0
0  0.771887 2.249935 1.653319  0.000182 0.002171 -0.999998  0.788026 0.843249 0
0  0.689440 2.432065 1.678531  -0.777435 -0.628333 -0.028159  0.789058 0.843982 0
Material_0
0  0.689440 2.432065 1.678531  -0.777435 -0.628333 -0.028159  0.789058 0.843982 0
0  0.771887 2.249935 1.653319  0.000182 0.002171 -0.999998  0.788026 0.843249 0
0  0.742488 2.253120 1.678531  -0.994020 0.102531 -0.037558  0.788370 0.843330 0
Material_0
0  0.771887 2.249935 1.653319  0.000182 0.002171 -0.999998  0.788026 0.843249 0
0  0.676178 2.062013 1.653319  0.000095 0.002079 -0.999998  0.789230 0.842515 0
0  0.742488 2.253120 1.678531  -0.994020 0.102531 -0.037558  0.788370 0.843330 0
Material_0
0  0.742488 2.253120 1.678531  -0.994020 0.102531 -0.037558  0.788370 0.843330 0
0  0.676178 2.062013 1.653319  0.000095 0.002079 -0.999998  0.789230 0.842515 0
0  0.653377 2.088941 1.678531  -0.621972 0.782142 -0.037481  0.789574 0.842678 0
Material_0
0  0.676178 2.062013 1.653319  0.000095 0.002079 -0.999998  0.789230 0.842515 0
0  0.460130 2.009024 1.653319  -0.000020 0.002005 -0.999998  0.791981 0.842352 0
0  0.653377 2.088941 1.678531  -0.621972 0.782142 -0.037481  0.789574 0.842678 0
Material_0
0  0.653377 2.088941 1.678531  -0.621972 0.782142 -0.037481  0.789574 0.842678 0
0  0.460130 2.009024 1.653319  -0.000020 0.002005 -0.999998  0.791981 0.842352 0
0  0.474176 2.035663 1.678531  0.085536 0.996169 -0.018217  0.791809 0.842434 0
Material_0
0  0.460130 2.009024 1.653319  -0.000020 0.002005 -0.999998  0.791981 0.842352 0
0  0.281647 2.107183 1.653319  -0.000104 0.002056 -0.999998  0.794303 0.842678 0
0  0.474176 2.035663 1.678531  0.085536 0.996169 -0.018217  0.791809 0.842434 0
Material_0
0  -0.521069 1.484058 1.653319  0.000080 0.002020 -0.999998  0.804534 0.840233 0
0  -0.375644 1.621308 1.678531  -0.845847 0.532473 -0.031865  0.802642 0.840804 0
0  -0.349446 1.607409 1.653319  0.000169 0.002109 -0.999998  0.802298 0.840722 0
Material_0
0  -0.375644 1.621308 1.678531  -0.845847 0.532473 -0.031865  0.802642 0.840804 0
0  -0.344808 1.805465 1.678531  -0.976438 -0.214417 -0.024387  0.802212 0.841537 0
0  -0.349446 1.607409 1.653319  0.000169 0.002109 -0.999998  0.802298 0.840722 0
Material_0
0  -0.375644 1.621308 1.678531  -0.845847 0.532473 -0.031865  0.802642 0.840804 0
0  -0.521069 1.484058 1.653319  0.000080 0.002020 -0.999998  0.804534 0.840233 0
0  -0.527733 1.512724 1.678531  -0.225223 0.974306 -0.001731  0.804620 0.840315 0
Material_0
0  -0.521069 1.484058 1.653319  0.000080 0.002020 -0.999998  0.804534 0.840233 0
0  -0.727644 1.518515 1.653319  -0.000084 0.002058 -0.999998  0.807113 0.840396 0
0  -0.527733 1.512724 1.678531  -0.225223 0.974306 -0.001731  0.804620 0.840315 0
Material_0
0  -0.527733 1.512724 1.678531  -0.225223 0.974306 -0.001731  0.804620 0.840315 0
0  -0.727644 1.518515 1.653319  -0.000084 0.002058 -0.999998  0.807113 0.840396 0
0  -0.712030 1.543707 1.678531  0.530600 0.847620 0.002028  0.806941 0.840478 0
Material_0
0  -0.727644 1.518515 1.653319  -0.000084 0.002058 -0.999998  0.807113 0.840396 0
0  -0.849290 1.689064 1.653319  -0.000139 0.002104 -0.999998  0.808661 0.841048 0
0  -0.712030 1.543707 1.678531  0.530600 0.847620 0.002028  0.806941 0.840478 0
Material_0
0  -0.712030 1.543707 1.678531  0.530600 0.847620 0.002028  0.806941 0.840478 0
0  -0.849290 1.689064 1.653319  -0.000139 0.002104 -0.999998  0.808661 0.841048 0
0  -0.820544 1.695724 1.678531  0.973810 0.227356 0.002072  0.808317 0.841048 0
Material_0
0  -0.849290 1.689064 1.653319  -0.000139 0.002104 -0.999998  0.808661 0.841048 0
0  -0.814730 1.895807 1.653319  -0.000134 0.002278 -0.999997  0.808231 0.841863 0
0  -0.820544 1.695724 1.678531  0.973810 0.227356 0.002072  0.808317 0.841048 0
Material_0
0  -0.820544 1.695724 1.678531  0.973810 0.227356 0.002072  0.808317 0.841048 0
0  -0.814730 1.895807 1.653319  -0.000134 0.002278 -0.999997  0.808231 0.841863 0
0  -0.789708 1.880171 1.678531  0.846459 -0.532454 0.000166  0.807887 0.841782 0
Material_0
0  -0.814730 1.895807 1.653319  -0.000134 0.002278 -0.999997  0.808231 0.841863 0
0  -0.644675 2.014815 1.653319  -0.000091 0.002323 -0.999997  0.806081 0.842352 0
0  -0.789708 1.880171 1.678531  0.846459 -0.532454 0.000166  0.807887 0.841782 0
Material_0
0  -0.789708 1.880171 1.678531  0.846459 -0.532454 0.000166  0.807887 0.841782 0
0  -0.644675 2.014815 1.653319  -0.000091 0.002323 -0.999997  0.806081 0.842352 0
0  -0.637554 1.988465 1.678531  0.225237 -0.974302 0.002058  0.805995 0.842271 0
Material_0
0  -0.644675 2.014815 1.653319  -0.000091 0.002323 -0.999997  0.806081 0.842352 0
0  -0.426471 1.981805 1.653319  0.000038 0.002329 -0.999997  0.803330 0.842189 0
0  -0.637554 1.988465 1.678531  0.225237 -0.974302 0.002058  0.805995 0.842271 0
Material_0
0  -0.637554 1.988465 1.678531  0.225237 -0.974302 0.002058  0.805995 0.842271 0
0  -0.426471 1.981805 1.653319  0.000038 0.002329 -0.999997  0.803330 0.842189 0
0  -0.453256 1.957772 1.678531  -0.518708 -0.854424 -0.030048  0.803674 0.842108 0
Material_0
0  -0.426471 1.981805 1.653319  0.000038 0.002329 -0.999997  0.803330 0.842189 0
0  -0.315997 1.812125 1.653319  0.000149 0.002238 -0.999997  0.801869 0.841537 0
0  -0.453256 1.957772 1.678531  -0.518708 -0.854424 -0.030048  0.803674 0.842108 0
Material_0
0  -0.453256 1.957772 1.678531  -0.518708 -0.854424 -0.030048  0.803674 0.842108 0
0  -0.315997 1.812125 1.653319  0.000149 0.002238 -0.999997  0.801869 0.841537 0
0  -0.344808 1.805465 1.678531  -0.976438 -0.214417 -0.024387  0.802212 0.841537 0
Material_0
0  -0.315997 1.812125 1.653319  0.000149 0.002238 -0.999997  0.801869 0.841537 0
0  -0.349446 1.607409 1.653319  0.000169 0.002109 -0.999998  0.802298 0.840722 0
0  -0.344808 1.805465 1.678531  -0.976438 -0.214417 -0.024387  0.802212 0.841537 0
Material_0
0  -0.421963 2.001495 1.653319  0.000067 0.002028 -0.999998  0.803244 0.842271 0
0  -0.273075 2.122240 1.678531  -0.781857 0.621689 -0.046925  0.801353 0.842760 0
0  -0.245832 2.098496 1.653319  0.000112 0.002083 -0.999998  0.801009 0.842678 0
Material_0
0  -0.273075 2.122240 1.678531  -0.781857 0.621689 -0.046925  0.801353 0.842760 0
0  -0.221594 2.302054 1.678531  -0.991735 -0.128292 -0.001737  0.800665 0.843493 0
0  -0.245832 2.098496 1.653319  0.000112 0.002083 -0.999998  0.801009 0.842678 0
Material_0
0  -0.273075 2.122240 1.678531  -0.781857 0.621689 -0.046925  0.801353 0.842760 0
0  -0.421963 2.001495 1.653319  0.000067 0.002028 -0.999998  0.803244 0.842271 0
0  -0.436532 2.031898 1.678531  -0.095950 0.995385 -0.001713  0.803416 0.842434 0
Material_0
0  -0.421963 2.001495 1.653319  0.000067 0.002028 -0.999998  0.803244 0.842271 0
0  -0.634483 2.060275 1.653319  -0.000134 0.002040 -0.999998  0.805909 0.842515 0
0  -0.436532 2.031898 1.678531  -0.095950 0.995385 -0.001713  0.803416 0.842434 0
Material_0
0  -0.436532 2.031898 1.678531  -0.095950 0.995385 -0.001713  0.803416 0.842434 0
0  -0.634483 2.060275 1.653319  -0.000134 0.002040 -0.999998  0.805909 0.842515 0
0  -0.616125 2.083150 1.678531  0.619036 0.784717 -0.031837  0.805737 0.842597 0
Material_0
0  -0.634483 2.060275 1.653319  -0.000134 0.002040 -0.999998  0.805909 0.842515 0
0  -0.736334 2.241248 1.653319  -0.000167 0.002162 -0.999998  0.807199 0.843249 0
0  -0.616125 2.083150 1.678531  0.619036 0.784717 -0.031837  0.805737 0.842597 0
Material_0
0  -0.616125 2.083150 1.678531  0.619036 0.784717 -0.031837  0.805737 0.842597 0
0  -0.736334 2.241248 1.653319  -0.000167 0.002162 -0.999998  0.807199 0.843249 0
0  -0.706739 2.246749 1.678531  0.993798 0.111179 0.002062  0.806855 0.843249 0
Material_0
0  -0.736334 2.241248 1.653319  -0.000167 0.002162 -0.999998  0.807199 0.843249 0
0  -0.678320 2.444806 1.653319  -0.000170 0.002256 -0.999997  0.806511 0.844064 0
0  -0.706739 2.246749 1.678531  0.993798 0.111179 0.002062  0.806855 0.843249 0
Material_0
0  -0.706739 2.246749 1.678531  0.993798 0.111179 0.002062  0.806855 0.843249 0
0  -0.678320 2.444806 1.653319  -0.000170 0.002256 -0.999997  0.806511 0.844064 0
0  -0.655193 2.426274 1.678531  0.783363 -0.621564 0.000175  0.806167 0.843982 0
Material_0
0  -0.678320 2.444806 1.653319  -0.000170 0.002256 -0.999997  0.806511 0.844064 0
0  -0.495133 2.546150 1.653319  -0.000023 0.002378 -0.999997  0.804190 0.844472 0
0  -0.655193 2.426274 1.678531  0.783363 -0.621564 0.000175  0.806167 0.843982 0
Material_0
0  -0.655193 2.426274 1.678531  0.783363 -0.621564 0.000175  0.806167 0.843982 0
0  -0.495133 2.546150 1.653319  -0.000023 0.002378 -0.999997  0.804190 0.844472 0
0  -0.491801 2.516905 1.678531  0.113287 -0.993556 -0.003640  0.804104 0.844308 0
Material_0
0  -0.495133 2.546150 1.653319  -0.000023 0.002378 -0.999997  0.804190 0.844472 0
0  -0.293785 2.488529 1.653319  0.000076 0.002350 -0.999997  0.801611 0.844227 0
0  -0.491801 2.516905 1.678531  0.113287 -0.993556 -0.003640  0.804104 0.844308 0
Material_0
0  -0.491801 2.516905 1.678531  0.113287 -0.993556 -0.003640  0.804104 0.844308 0
0  -0.293785 2.488529 1.653319  0.000076 0.002350 -0.999997  0.801611 0.844227 0
0  -0.312142 2.465364 1.678531  -0.621316 -0.782032 -0.048909  0.801869 0.844145 0
Material_0
0  -0.293785 2.488529 1.653319  0.000076 0.002350 -0.999997  0.801611 0.844227 0
0  -0.187949 2.295974 1.653319  0.000140 0.002235 -0.999997  0.800235 0.843493 0
0  -0.312142 2.465364 1.678531  -0.621316 -0.782032 -0.048909  0.801869 0.844145 0
Material_0
0  -0.312142 2.465364 1.678531  -0.621316 -0.782032 -0.048909  0.801869 0.844145 0
0  -0.187949 2.295974 1.653319  0.000140 0.002235 -0.999997  0.800235 0.843493 0
0  -0.221594 2.302054 1.678531  -0.991735 -0.128292 -0.001737  0.800665 0.843493 0
Material_0
0  -0.187949 2.295974 1.653319  0.000140 0.002235 -0.999997  0.800235 0.843493 0
0  -0.245832 2.098496 1.653319  0.000112 0.002083 -0.999998  0.801009 0.842678 0
0  -0.221594 2.302054 1.678531  -0.991735 -0.128292 -0.001737  0.800665 0.843493 0
Material_0
0  0.209260 2.303502 1.653319  0.000106 0.002082 -0.999998  0.795162 0.843493 0
0  0.018887 2.229376 1.653319  0.000055 0.002027 -0.999998  0.797656 0.843167 0
0  0.192079 2.335064 1.678531  -0.719957 0.694019 -0.000003  0.795420 0.843656 0
Material_0
0  0.018887 2.229376 1.653319  0.000055 0.002027 -0.999998  0.797656 0.843167 0
0  0.019475 2.263544 1.678531  0.000216 1.000000 0.000021  0.797570 0.843330 0
0  0.192079 2.335064 1.678531  -0.719957 0.694019 -0.000003  0.795420 0.843656 0
Material_0
0  0.192079 2.335064 1.678531  -0.719957 0.694019 -0.000003  0.795420 0.843656 0
0  0.263615 2.507639 1.678531  -0.999998 -0.002177 0.000184  0.794474 0.844308 0
0  0.209260 2.303502 1.653319  0.000106 0.002082 -0.999998  0.795162 0.843493 0
Material_0
0  0.209260 2.303502 1.653319  0.000106 0.002082 -0.999998  0.795162 0.843493 0
0  0.263615 2.507639 1.678531  -0.999998 -0.002177 0.000184  0.794474 0.844308 0
0  0.293145 2.507639 1.653319  0.000180 0.002229 -0.999997  0.794131 0.844308 0
Material_0
0  0.263615 2.507639 1.678531  -0.999998 -0.002177 0.000184  0.794474 0.844308 0
0  0.192078 2.680215 1.678531  -0.707193 -0.706300 -0.031927  0.795420 0.844961 0
0  0.293145 2.507639 1.653319  0.000180 0.002229 -0.999997  0.794131 0.844308 0
Material_0
0  0.293145 2.507639 1.653319  0.000180 0.002229 -0.999997  0.794131 0.844308 0
0  0.192078 2.680215 1.678531  -0.707193 -0.706300 -0.031927  0.795420 0.844961 0
0  0.212984 2.701063 1.653319  0.000114 0.002300 -0.999997  0.795162 0.845042 0
Material_0
0  0.192078 2.680215 1.678531  -0.707193 -0.706300 -0.031927  0.795420 0.844961 0
0  0.019475 2.751735 1.678531  -0.000013 -1.000000 0.000163  0.797570 0.845287 0
0  0.212984 2.701063 1.653319  0.000114 0.002300 -0.999997  0.795162 0.845042 0
Material_0
0  0.212984 2.701063 1.653319  0.000114 0.002300 -0.999997  0.795162 0.845042 0
0  0.019475 2.751735 1.678531  -0.000013 -1.000000 0.000163  0.797570 0.845287 0
0  0.019475 2.781270 1.653318  -0.000017 0.002369 -0.999997  0.797570 0.845368 0
Material_0
0  0.019475 2.751735 1.678531  -0.000013 -1.000000 0.000163  0.797570 0.845287 0
0  -0.153193 2.680215 1.678531  0.707119 -0.706374 -0.031903  0.799805 0.844961 0
0  0.019475 2.781270 1.653318  -0.000017 0.002369 -0.999997  0.797570 0.845368 0
Material_0
0  0.019475 2.781270 1.653318  -0.000017 0.002369 -0.999997  0.797570 0.845368 0
0  -0.153193 2.680215 1.678531  0.707119 -0.706374 -0.031903  0.799805 0.844961 0
0  -0.174034 2.701063 1.653319  -0.000107 0.002294 -0.999997  0.800063 0.845042 0
Material_0
0  -0.153193 2.680215 1.678531  0.707119 -0.706374 -0.031903  0.799805 0.844961 0
0  -0.224665 2.507639 1.678531  0.999998 -0.002203 0.000175  0.800751 0.844308 0
0  -0.174034 2.701063 1.653319  -0.000107 0.002294 -0.999997  0.800063 0.845042 0
Material_0
0  -0.174034 2.701063 1.653319  -0.000107 0.002294 -0.999997  0.800063 0.845042 0
0  -0.224665 2.507639 1.678531  0.999998 -0.002203 0.000175  0.800751 0.844308 0
0  -0.254194 2.507639 1.653319  -0.000151 0.002190 -0.999998  0.801095 0.844308 0
Material_0
0  -0.224665 2.507639 1.678531  0.999998 -0.002203 0.000175  0.800751 0.844308 0
0  -0.153193 2.335064 1.678531  0.720132 0.693837 0.000143  0.799805 0.843656 0
0  -0.254194 2.507639 1.653319  -0.000151 0.002190 -0.999998  0.801095 0.844308 0
Material_0
0  -0.254194 2.507639 1.653319  -0.000151 0.002190 -0.999998  0.801095 0.844308 0
0  -0.153193 2.335064 1.678531  0.720132 0.693837 0.000143  0.799805 0.843656 0
0  -0.169657 2.304661 1.653319  -0.000095 0.002079 -0.999998  0.800063 0.843493 0
Material_0
0  -0.153193 2.335064 1.678531  0.720132 0.693837 0.000143  0.799805 0.843656 0
0  0.019475 2.263544 1.678531  0.000216 1.000000 0.000021  0.797570 0.843330 0
0  -0.169657 2.304661 1.653319  -0.000095 0.002079 -0.999998  0.800063 0.843493 0
Material_0
0  -0.169657 2.304661 1.653319  -0.000095 0.002079 -0.999998  0.800063 0.843493 0
0  0.019475 2.263544 1.678531  0.000216 1.000000 0.000021  0.797570 0.843330 0
0  0.018887 2.229376 1.653319  0.000055 0.002027 -0.999998  0.797656 0.843167 0
Material_0
0  0.000399 1.214192 1.653319  0.000172 0.002170 -0.999997  0.797828 0.839174 0
0  -0.016456 1.413406 1.678531  -0.943751 -0.328019 0.041684  0.798086 0.839989 0
0  0.007977 1.424120 1.653319  0.000141 0.002253 -0.999997  0.797742 0.839989 0
Material_0
0  0.007977 1.424120 1.653319  0.000141 0.002253 -0.999997  0.797742 0.839989 0
0  -0.016456 1.413406 1.678531  -0.943751 -0.328019 0.041684  0.798086 0.839989 0
0  -0.141499 1.552393 1.678531  -0.430956 -0.902299 0.011524  0.799633 0.840478 0
Material_0
0  -0.016456 1.413406 1.678531  -0.943751 -0.328019 0.041684  0.798086 0.839989 0
0  0.000399 1.214192 1.653319  0.000172 0.002170 -0.999997  0.797828 0.839174 0
0  -0.026256 1.226932 1.678531  -0.903236 0.429144 0.000143  0.798172 0.839174 0
Material_0
0  0.000399 1.214192 1.653319  0.000172 0.002170 -0.999997  0.797828 0.839174 0
0  -0.155218 1.074046 1.653319  0.000056 0.002048 -0.999998  0.799805 0.838603 0
0  -0.026256 1.226932 1.678531  -0.903236 0.429144 0.000143  0.798172 0.839174 0
Material_0
0  -0.026256 1.226932 1.678531  -0.903236 0.429144 0.000143  0.798172 0.839174 0
0  -0.155218 1.074046 1.653319  0.000056 0.002048 -0.999998  0.799805 0.838603 0
0  -0.165083 1.101844 1.678531  -0.334197 0.942501 0.002052  0.799977 0.838685 0
Material_0
0  -0.155218 1.074046 1.653319  0.000056 0.002048 -0.999998  0.799805 0.838603 0
0  -0.364407 1.084760 1.653319  -0.000054 0.002010 -0.999998  0.802470 0.838685 0
0  -0.165083 1.101844 1.678531  -0.334197 0.942501 0.002052  0.799977 0.838685 0
Material_0
0  -0.165083 1.101844 1.678531  -0.334197 0.942501 0.002052  0.799977 0.838685 0
0  -0.364407 1.084760 1.653319  -0.000054 0.002010 -0.999998  0.802470 0.838685 0
0  -0.351667 1.111689 1.678531  0.431054 0.902296 -0.007363  0.802298 0.838766 0
Material_0
0  -0.364407 1.084760 1.653319  -0.000054 0.002010 -0.999998  0.802470 0.838685 0
0  -0.504541 1.240541 1.653319  -0.000132 0.002083 -0.999998  0.804276 0.839255 0
0  -0.351667 1.111689 1.678531  0.431054 0.902296 -0.007363  0.802298 0.838766 0
Material_0
0  -0.351667 1.111689 1.678531  0.431054 0.902296 -0.007363  0.802298 0.838766 0
0  -0.504541 1.240541 1.653319  -0.000132 0.002083 -0.999998  0.804276 0.839255 0
0  -0.476710 1.250386 1.678531  0.943216 0.332176 -0.001734  0.803932 0.839337 0
Material_0
0  -0.504541 1.240541 1.653319  -0.000132 0.002083 -0.999998  0.804276 0.839255 0
0  -0.493565 1.449890 1.653319  -0.000137 0.002262 -0.999997  0.804190 0.840070 0
0  -0.476710 1.250386 1.678531  0.943216 0.332176 -0.001734  0.803932 0.839337 0
Material_0
0  -0.476710 1.250386 1.678531  0.943216 0.332176 -0.001734  0.803932 0.839337 0
0  -0.493565 1.449890 1.653319  -0.000137 0.002262 -0.999997  0.804190 0.840070 0
0  -0.466910 1.437150 1.678531  0.901363 -0.433050 -0.003632  0.803846 0.840070 0
Material_0
0  -0.493565 1.449890 1.653319  -0.000137 0.002262 -0.999997  0.804190 0.840070 0
0  -0.335465 1.589457 1.653319  -0.000085 0.002323 -0.999997  0.802126 0.840641 0
0  -0.466910 1.437150 1.678531  0.901363 -0.433050 -0.003632  0.803846 0.840070 0
Material_0
0  -0.466910 1.437150 1.678531  0.901363 -0.433050 -0.003632  0.803846 0.840070 0
0  -0.335465 1.589457 1.653319  -0.000085 0.002323 -0.999997  0.802126 0.840641 0
0  -0.328018 1.561949 1.678531  0.340554 -0.939537 0.035963  0.802040 0.840559 0
Material_0
0  -0.335465 1.589457 1.653319  -0.000085 0.002323 -0.999997  0.802126 0.840641 0
0  -0.128760 1.579033 1.653319  0.000075 0.002326 -0.999997  0.799461 0.840641 0
0  -0.328018 1.561949 1.678531  0.340554 -0.939537 0.035963  0.802040 0.840559 0
Material_0
0  -0.328018 1.561949 1.678531  0.340554 -0.939537 0.035963  0.802040 0.840559 0
0  -0.128760 1.579033 1.653319  0.000075 0.002326 -0.999997  0.799461 0.840641 0
0  -0.141499 1.552393 1.678531  -0.430956 -0.902299 0.011524  0.799633 0.840478 0
Material_0
0  -0.128760 1.579033 1.653319  0.000075 0.002326 -0.999997  0.799461 0.840641 0
0  0.007977 1.424120 1.653319  0.000141 0.002253 -0.999997  0.797742 0.839989 0
0  -0.141499 1.552393 1.678531  -0.430956 -0.902299 0.011524  0.799633 0.840478 0
Material_0
0  0.537285 1.458288 1.653319  0.000128 0.002308 -0.999997  0.791035 0.840152 0
0  0.369843 1.565134 1.678531  -0.336232 -0.940951 -0.039474  0.793185 0.840559 0
0  0.378467 1.599302 1.653319  0.000047 0.002355 -0.999997  0.793013 0.840722 0
Material_0
0  0.369843 1.565134 1.678531  -0.336232 -0.940951 -0.039474  0.793185 0.840559 0
0  0.183324 1.553552 1.678531  0.446592 -0.894736 0.001902  0.795506 0.840478 0
0  0.378467 1.599302 1.653319  0.000047 0.002355 -0.999997  0.793013 0.840722 0
Material_0
0  0.369843 1.565134 1.678531  -0.336232 -0.940951 -0.039474  0.793185 0.840559 0
0  0.537285 1.458288 1.653319  0.000128 0.002308 -0.999997  0.791035 0.840152 0
0  0.509781 1.441204 1.678531  -0.901390 -0.432994 -0.003615  0.791379 0.840070 0
Material_0
0  0.537285 1.458288 1.653319  0.000128 0.002308 -0.999997  0.791035 0.840152 0
0  0.551854 1.246333 1.653319  0.000166 0.002133 -0.999998  0.790863 0.839255 0
0  0.509781 1.441204 1.678531  -0.901390 -0.432994 -0.003615  0.791379 0.840070 0
Material_0
0  0.509781 1.441204 1.678531  -0.901390 -0.432994 -0.003615  0.791379 0.840070 0
0  0.551854 1.246333 1.653319  0.000166 0.002133 -0.999998  0.790863 0.839255 0
0  0.521214 1.254730 1.678531  -0.944651 0.328069 0.002055  0.791207 0.839337 0
Material_0
0  0.551854 1.246333 1.653319  0.000166 0.002133 -0.999998  0.790863 0.839255 0
0  0.410348 1.088235 1.653319  0.000112 0.002049 -0.999998  0.792669 0.838685 0
0  0.521214 1.254730 1.678531  -0.944651 0.328069 0.002055  0.791207 0.839337 0
Material_0
0  0.521214 1.254730 1.678531  -0.944651 0.328069 0.002055  0.791207 0.839337 0
0  0.410348 1.088235 1.653319  0.000112 0.002049 -0.999998  0.792669 0.838685 0
0  0.397413 1.114874 1.678531  -0.438508 0.898534 -0.018644  0.792841 0.838766 0
Material_0
0  0.410348 1.088235 1.653319  0.000112 0.002049 -0.999998  0.792669 0.838685 0
0  0.201290 1.075494 1.653319  -0.000024 0.002026 -0.999998  0.795334 0.838603 0
0  0.397413 1.114874 1.678531  -0.438508 0.898534 -0.018644  0.792841 0.838766 0
Material_0
0  0.397413 1.114874 1.678531  -0.438508 0.898534 -0.018644  0.792841 0.838766 0
0  0.201290 1.075494 1.653319  -0.000024 0.002026 -0.999998  0.795334 0.838603 0
0  0.210829 1.103292 1.678531  0.325122 0.945362 -0.024195  0.795162 0.838685 0
Material_0
0  0.201290 1.075494 1.653319  -0.000024 0.002026 -0.999998  0.795334 0.838603 0
0  0.044366 1.214192 1.653319  -0.000152 0.002089 -0.999998  0.797312 0.839174 0
0  0.210829 1.103292 1.678531  0.325122 0.945362 -0.024195  0.795162 0.838685 0
Material_0
0  0.210829 1.103292 1.678531  0.325122 0.945362 -0.024195  0.795162 0.838685 0
0  0.044366 1.214192 1.653319  -0.000152 0.002089 -0.999998  0.797312 0.839174 0
0  0.070891 1.227222 1.678531  0.898268 0.436931 -0.046971  0.796968 0.839255 0
Material_0
0  0.044366 1.214192 1.653319  -0.000152 0.002089 -0.999998  0.797312 0.839174 0
0  0.032150 1.424699 1.653319  -0.000168 0.002208 -0.999997  0.797484 0.839989 0
0  0.070891 1.227222 1.678531  0.898268 0.436931 -0.046971  0.796968 0.839255 0
Material_0
0  0.070891 1.227222 1.678531  0.898268 0.436931 -0.046971  0.796968 0.839255 0
0  0.032150 1.424699 1.653319  -0.000168 0.002208 -0.999997  0.797484 0.839989 0
0  0.059523 1.413696 1.678531  0.947201 -0.319852 -0.022499  0.797140 0.839989 0
Material_0
0  0.032150 1.424699 1.653319  -0.000168 0.002208 -0.999997  0.797484 0.839989 0
0  0.170324 1.584824 1.653319  -0.000077 0.002342 -0.999997  0.795678 0.840641 0
0  0.059523 1.413696 1.678531  0.947201 -0.319852 -0.022499  0.797140 0.839989 0
Material_0
0  0.059523 1.413696 1.678531  0.947201 -0.319852 -0.022499  0.797140 0.839989 0
0  0.170324 1.584824 1.653319  -0.000077 0.002342 -0.999997  0.795678 0.840641 0
0  0.183324 1.553552 1.678531  0.446592 -0.894736 0.001902  0.795506 0.840478 0
Material_0
0  0.170324 1.584824 1.653319  -0.000077 0.002342 -0.999997  0.795678 0.840641 0
0  0.378467 1.599302 1.653319  0.000047 0.002355 -0.999997  0.793013 0.840722 0
0  0.183324 1.553552 1.678531  0.446592 -0.894736 0.001902  0.795506 0.840478 0
Material_0
0  1.015439 1.889727 3.569470  0.999998 0.002199 -0.000187  0.336301 0.841863 0
0  0.854400 1.493034 3.636076  -0.000177 0.002294 0.999997  0.338365 0.840233 0
0  0.916856 1.457419 3.569470  0.900434 -0.432990 -0.041704  0.337505 0.840152 0
Material_0
0  0.854400 1.493034 3.636076  -0.000177 0.002294 0.999997  0.338365 0.840233 0
0  0.594646 1.166126 3.636076  -0.000092 0.002367 0.999997  0.341632 0.839011 0
0  0.916856 1.457419 3.569470  0.900434 -0.432990 -0.041704  0.337505 0.840152 0
Material_0
0  0.854400 1.493034 3.636076  -0.000177 0.002294 0.999997  0.338365 0.840233 0
0  1.015439 1.889727 3.569470  0.999998 0.002199 -0.000187  0.336301 0.841863 0
0  0.941812 1.889727 3.636076  -0.000180 0.002223 0.999997  0.337247 0.841863 0
Material_0
0  1.015439 1.889727 3.569470  0.999998 0.002199 -0.000187  0.336301 0.841863 0
0  0.916856 2.321744 3.569470  0.900326 0.433030 -0.043554  0.337505 0.843575 0
0  0.941812 1.889727 3.636076  -0.000180 0.002223 0.999997  0.337247 0.841863 0
Material_0
0  0.941812 1.889727 3.636076  -0.000180 0.002223 0.999997  0.337247 0.841863 0
0  0.916856 2.321744 3.569470  0.900326 0.433030 -0.043554  0.337505 0.843575 0
0  0.850480 2.289893 3.636076  -0.000177 0.002115 0.999998  0.338365 0.843412 0
Material_0
0  0.916856 2.321744 3.569470  0.900326 0.433030 -0.043554  0.337505 0.843575 0
0  0.640442 2.668343 3.569470  0.621565 0.782049 -0.045351  0.341030 0.844961 0
0  0.850480 2.289893 3.636076  -0.000177 0.002115 0.999998  0.338365 0.843412 0
Material_0
0  0.850480 2.289893 3.636076  -0.000177 0.002115 0.999998  0.338365 0.843412 0
0  0.640442 2.668343 3.569470  0.621565 0.782049 -0.045351  0.341030 0.844961 0
0  0.594515 2.610722 3.636076  -0.000130 0.002034 0.999998  0.341632 0.844716 0
Material_0
0  0.640442 2.668343 3.569470  0.621565 0.782049 -0.045351  0.341030 0.844961 0
0  0.241077 2.860609 3.569470  0.223016 0.974292 -0.031926  0.346189 0.845694 0
0  0.594515 2.610722 3.636076  -0.000130 0.002034 0.999998  0.341632 0.844716 0
Material_0
0  0.594515 2.610722 3.636076  -0.000130 0.002034 0.999998  0.341632 0.844716 0
0  0.241077 2.860609 3.569470  0.223016 0.974292 -0.031926  0.346189 0.845694 0
0  0.224679 2.788799 3.636076  -0.000041 0.001986 0.999998  0.346361 0.845450 0
Material_0
0  0.241077 2.860609 3.569470  0.223016 0.974292 -0.031926  0.346189 0.845694 0
0  -0.202256 2.860609 3.569470  -0.223045 0.974285 -0.031918  0.351777 0.845694 0
0  0.224679 2.788799 3.636076  -0.000041 0.001986 0.999998  0.346361 0.845450 0
Material_0
0  0.224679 2.788799 3.636076  -0.000041 0.001986 0.999998  0.346361 0.845450 0
0  -0.202256 2.860609 3.569470  -0.223045 0.974285 -0.031918  0.351777 0.845694 0
0  -0.183310 2.791404 3.636076  0.000016 0.001988 0.999998  0.351519 0.845450 0
Material_0
0  -0.202256 2.860609 3.569470  -0.223045 0.974285 -0.031918  0.351777 0.845694 0
0  -0.601622 2.668343 3.569470  -0.621617 0.782007 -0.045354  0.356850 0.844961 0
0  -0.183310 2.791404 3.636076  0.000016 0.001988 0.999998  0.351519 0.845450 0
Material_0
0  -0.183310 2.791404 3.636076  0.000016 0.001988 0.999998  0.351519 0.845450 0
0  -0.601622 2.668343 3.569470  -0.621617 0.782007 -0.045354  0.356850 0.844961 0
0  -0.555629 2.610721 3.636076  0.000141 0.002014 0.999998  0.356334 0.844716 0
Material_0
0  -0.601622 2.668343 3.569470  -0.621617 0.782007 -0.045354  0.356850 0.844961 0
0  -0.877970 2.321744 3.569470  -0.900320 0.433044 -0.043559  0.360375 0.843575 0
0  -0.555629 2.610721 3.636076  0.000141 0.002014 0.999998  0.356334 0.844716 0
Material_0
0  -0.555629 2.610721 3.636076  0.000141 0.002014 0.999998  0.356334 0.844716 0
0  -0.877970 2.321744 3.569470  -0.900320 0.433044 -0.043559  0.360375 0.843575 0
0  -0.811594 2.289893 3.636077  0.000173 0.002105 0.999998  0.359601 0.843412 0
Material_0
0  -0.877970 2.321744 3.569470  -0.900320 0.433044 -0.043559  0.360375 0.843575 0
0  -0.976619 1.889726 3.569470  -0.999997 0.002199 -0.000195  0.361665 0.841863 0
0  -0.811594 2.289893 3.636077  0.000173 0.002105 0.999998  0.359601 0.843412 0
Material_0
0  -0.811594 2.289893 3.636077  0.000173 0.002105 0.999998  0.359601 0.843412 0
0  -0.976619 1.889726 3.569470  -0.999997 0.002199 -0.000195  0.361665 0.841863 0
0  -0.902926 1.889726 3.636077  0.000221 0.002173 0.999998  0.360719 0.841863 0
Material_0
0  -0.976619 1.889726 3.569470  -0.999997 0.002199 -0.000195  0.361665 0.841863 0
0  -0.877970 1.457419 3.569470  -0.900397 -0.433066 -0.041712  0.360375 0.840152 0
0  -0.902926 1.889726 3.636077  0.000221 0.002173 0.999998  0.360719 0.841863 0
Material_0
0  -0.902926 1.889726 3.636077  0.000221 0.002173 0.999998  0.360719 0.841863 0
0  -0.877970 1.457419 3.569470  -0.900397 -0.433066 -0.041712  0.360375 0.840152 0
0  -0.811594 1.489270 3.636077  0.000167 0.002255 0.999997  0.359601 0.840233 0
Material_0
0  -0.877970 1.457419 3.569470  -0.900397 -0.433066 -0.041712  0.360375 0.840152 0
0  -0.601621 1.110820 3.569470  -0.621301 -0.782020 -0.049295  0.356850 0.838766 0
0  -0.811594 1.489270 3.636077  0.000167 0.002255 0.999997  0.359601 0.840233 0
Material_0
0  -0.811594 1.489270 3.636077  0.000167 0.002255 0.999997  0.359601 0.840233 0
0  -0.601621 1.110820 3.569470  -0.621301 -0.782020 -0.049295  0.356850 0.838766 0
0  -0.555629 1.168442 3.636076  0.000154 0.002349 0.999997  0.356334 0.839011 0
Material_0
0  -0.601621 1.110820 3.569470  -0.621301 -0.782020 -0.049295  0.356850 0.838766 0
0  -0.202256 0.918555 3.569470  -0.223464 -0.974296 -0.028485  0.351777 0.837951 0
0  -0.555629 1.168442 3.636076  0.000154 0.002349 0.999997  0.356334 0.839011 0
Material_0
0  -0.555629 1.168442 3.636076  0.000154 0.002349 0.999997  0.356334 0.839011 0
0  -0.202256 0.918555 3.569470  -0.223464 -0.974296 -0.028485  0.351777 0.837951 0
0  -0.185793 0.990365 3.636076  0.000060 0.002376 0.999997  0.351605 0.838277 0
Material_0
0  -0.202256 0.918555 3.569470  -0.223464 -0.974296 -0.028485  0.351777 0.837951 0
0  0.241077 0.918555 3.569470  0.223460 -0.974296 -0.028507  0.346189 0.837951 0
0  -0.185793 0.990365 3.636076  0.000060 0.002376 0.999997  0.351605 0.838277 0
Material_0
0  -0.185793 0.990365 3.636076  0.000060 0.002376 0.999997  0.351605 0.838277 0
0  0.241077 0.918555 3.569470  0.223460 -0.974296 -0.028507  0.346189 0.837951 0
0  0.224679 0.990365 3.636076  -0.000040 0.002364 0.999997  0.346361 0.838277 0
Material_0
0  0.241077 0.918555 3.569470  0.223460 -0.974296 -0.028507  0.346189 0.837951 0
0  0.640442 1.110820 3.569470  0.621304 -0.782019 -0.049260  0.341030 0.838766 0
0  0.224679 0.990365 3.636076  -0.000040 0.002364 0.999997  0.346361 0.838277 0
Material_0
0  0.224679 0.990365 3.636076  -0.000040 0.002364 0.999997  0.346361 0.838277 0
0  0.640442 1.110820 3.569470  0.621304 -0.782019 -0.049260  0.341030 0.838766 0
0  0.594646 1.166126 3.636076  -0.000092 0.002367 0.999997  0.341632 0.839011 0
Material_0
0  0.640442 1.110820 3.569470  0.621304 -0.782019 -0.049260  0.341030 0.838766 0
0  0.916856 1.457419 3.569470  0.900434 -0.432990 -0.041704  0.337505 0.840152 0
0  0.594646 1.166126 3.636076  -0.000092 0.002367 0.999997  0.341632 0.839011 0
Material_0
0  0.019541 2.231403 3.636076  -0.000030 0.002030 0.999998  0.351004 0.843167 0
0  -0.153193 2.335064 3.610864  0.720116 0.693853 -0.000141  0.353239 0.843656 0
0  -0.173380 2.313637 3.636076  -0.000139 0.002074 0.999998  0.353497 0.843493 0
Material_0
0  -0.153193 2.335064 3.610864  0.720116 0.693853 -0.000141  0.353239 0.843656 0
0  -0.224665 2.507639 3.610864  0.999998 -0.002154 -0.000148  0.354185 0.844308 0
0  -0.173380 2.313637 3.636076  -0.000139 0.002074 0.999998  0.353497 0.843493 0
Material_0
0  -0.153193 2.335064 3.610864  0.720116 0.693853 -0.000141  0.353239 0.843656 0
0  0.019541 2.231403 3.636076  -0.000030 0.002030 0.999998  0.351004 0.843167 0
0  0.019476 2.263543 3.610864  -0.000026 1.000000 -0.000163  0.351004 0.843330 0
Material_0
0  0.019541 2.231403 3.636076  -0.000030 0.002030 0.999998  0.351004 0.843167 0
0  0.212985 2.312768 3.636076  0.000099 0.002068 0.999998  0.348596 0.843493 0
0  0.019476 2.263543 3.610864  -0.000026 1.000000 -0.000163  0.351004 0.843330 0
Material_0
0  0.019476 2.263543 3.610864  -0.000026 1.000000 -0.000163  0.351004 0.843330 0
0  0.212985 2.312768 3.636076  0.000099 0.002068 0.999998  0.348596 0.843493 0
0  0.192079 2.335064 3.610864  -0.720260 0.693704 -0.000142  0.348854 0.843656 0
Material_0
0  0.212985 2.312768 3.636076  0.000099 0.002068 0.999998  0.348596 0.843493 0
0  0.293145 2.507639 3.636076  0.000186 0.002195 0.999998  0.347564 0.844308 0
0  0.192079 2.335064 3.610864  -0.720260 0.693704 -0.000142  0.348854 0.843656 0
Material_0
0  0.192079 2.335064 3.610864  -0.720260 0.693704 -0.000142  0.348854 0.843656 0
0  0.293145 2.507639 3.636076  0.000186 0.002195 0.999998  0.347564 0.844308 0
0  0.263616 2.507639 3.610864  -0.999998 -0.002189 -0.000154  0.347908 0.844308 0
Material_0
0  0.293145 2.507639 3.636076  0.000186 0.002195 0.999998  0.347564 0.844308 0
0  0.212985 2.701063 3.636076  0.000136 0.002305 0.999997  0.348596 0.845042 0
0  0.263616 2.507639 3.610864  -0.999998 -0.002189 -0.000154  0.347908 0.844308 0
Material_0
0  0.263616 2.507639 3.610864  -0.999998 -0.002189 -0.000154  0.347908 0.844308 0
0  0.212985 2.701063 3.636076  0.000136 0.002305 0.999997  0.348596 0.845042 0
0  0.192079 2.680215 3.610864  -0.707141 -0.706338 -0.032226  0.348854 0.844961 0
Material_0
0  0.212985 2.701063 3.636076  0.000136 0.002305 0.999997  0.348596 0.845042 0
0  0.019476 2.781270 3.636076  0.000028 0.002374 0.999997  0.351004 0.845368 0
0  0.192079 2.680215 3.610864  -0.707141 -0.706338 -0.032226  0.348854 0.844961 0
Material_0
0  0.192079 2.680215 3.610864  -0.707141 -0.706338 -0.032226  0.348854 0.844961 0
0  0.019476 2.781270 3.636076  0.000028 0.002374 0.999997  0.351004 0.845368 0
0  0.019476 2.751735 3.610864  0.000022 -1.000000 -0.000179  0.351004 0.845287 0
Material_0
0  0.019476 2.781270 3.636076  0.000028 0.002374 0.999997  0.351004 0.845368 0
0  -0.173511 2.700194 3.636076  -0.000100 0.002344 0.999997  0.353497 0.845042 0
0  0.019476 2.751735 3.610864  0.000022 -1.000000 -0.000179  0.351004 0.845287 0
Material_0
0  0.019476 2.751735 3.610864  0.000022 -1.000000 -0.000179  0.351004 0.845287 0
0  -0.173511 2.700194 3.636076  -0.000100 0.002344 0.999997  0.353497 0.845042 0
0  -0.153193 2.680215 3.610864  0.707178 -0.706300 -0.032250  0.353239 0.844961 0
Material_0
0  -0.173511 2.700194 3.636076  -0.000100 0.002344 0.999997  0.353497 0.845042 0
0  -0.254194 2.507639 3.636076  -0.000180 0.002172 0.999998  0.354529 0.844308 0
0  -0.153193 2.680215 3.610864  0.707178 -0.706300 -0.032250  0.353239 0.844961 0
Material_0
0  -0.153193 2.680215 3.610864  0.707178 -0.706300 -0.032250  0.353239 0.844961 0
0  -0.254194 2.507639 3.636076  -0.000180 0.002172 0.999998  0.354529 0.844308 0
0  -0.224665 2.507639 3.610864  0.999998 -0.002154 -0.000148  0.354185 0.844308 0
Material_0
0  -0.254194 2.507639 3.636076  -0.000180 0.002172 0.999998  0.354529 0.844308 0
0  -0.173380 2.313637 3.636076  -0.000139 0.002074 0.999998  0.353497 0.843493 0
0  -0.224665 2.507639 3.610864  0.999998 -0.002154 -0.000148  0.354185 0.844308 0
Material_0
0  -0.273074 2.122240 3.610864  -0.781973 0.621520 -0.047227  0.354787 0.842760 0
0  -0.192653 2.304371 3.636076  0.000183 0.002208 0.999997  0.353755 0.843493 0
0  -0.221594 2.302054 3.610864  -0.991673 -0.128768 -0.002046  0.354099 0.843493 0
Material_0
0  -0.192653 2.304371 3.636076  0.000183 0.002208 0.999997  0.353755 0.843493 0
0  -0.293784 2.488529 3.636076  0.000146 0.002282 0.999997  0.355045 0.844227 0
0  -0.221594 2.302054 3.610864  -0.991673 -0.128768 -0.002046  0.354099 0.843493 0
Material_0
0  -0.192653 2.304371 3.636076  0.000183 0.002208 0.999997  0.353755 0.843493 0
0  -0.273074 2.122240 3.610864  -0.781973 0.621520 -0.047227  0.354787 0.842760 0
0  -0.251907 2.106314 3.636076  0.000136 0.002091 0.999998  0.354529 0.842678 0
Material_0
0  -0.273074 2.122240 3.610864  -0.781973 0.621520 -0.047227  0.354787 0.842760 0
0  -0.436531 2.031898 3.610864  -0.095997 0.995380 -0.002018  0.356850 0.842434 0
0  -0.251907 2.106314 3.636076  0.000136 0.002091 0.999998  0.354529 0.842678 0
Material_0
0  -0.251907 2.106314 3.636076  0.000136 0.002091 0.999998  0.354529 0.842678 0
0  -0.436531 2.031898 3.610864  -0.095997 0.995380 -0.002018  0.356850 0.842434 0
0  -0.431370 2.004390 3.636076  0.000028 0.002012 0.999998  0.356764 0.842271 0
Material_0
0  -0.436531 2.031898 3.610864  -0.095997 0.995380 -0.002018  0.356850 0.842434 0
0  -0.616125 2.083439 3.610864  0.618961 0.784763 -0.032154  0.359171 0.842597 0
0  -0.431370 2.004390 3.636076  0.000028 0.002012 0.999998  0.356764 0.842271 0
Material_0
0  -0.431370 2.004390 3.636076  0.000028 0.002012 0.999998  0.356764 0.842271 0
0  -0.616125 2.083439 3.610864  0.618961 0.784763 -0.032154  0.359171 0.842597 0
0  -0.634483 2.060275 3.636076  -0.000087 0.002061 0.999998  0.359343 0.842515 0
Material_0
0  -0.616125 2.083439 3.610864  0.618961 0.784763 -0.032154  0.359171 0.842597 0
0  -0.706738 2.246749 3.610864  0.993797 0.111195 0.001726  0.360289 0.843249 0
0  -0.634483 2.060275 3.636076  -0.000087 0.002061 0.999998  0.359343 0.842515 0
Material_0
0  -0.634483 2.060275 3.636076  -0.000087 0.002061 0.999998  0.359343 0.842515 0
0  -0.706738 2.246749 3.610864  0.993797 0.111195 0.001726  0.360289 0.843249 0
0  -0.736072 2.243274 3.636076  -0.000172 0.002191 0.999998  0.360633 0.843249 0
Material_0
0  -0.706738 2.246749 3.610864  0.993797 0.111195 0.001726  0.360289 0.843249 0
0  -0.655193 2.426274 3.610864  0.783408 -0.621508 -0.000151  0.359601 0.843982 0
0  -0.736072 2.243274 3.636076  -0.000172 0.002191 0.999998  0.360633 0.843249 0
Material_0
0  -0.736072 2.243274 3.636076  -0.000172 0.002191 0.999998  0.360633 0.843249 0
0  -0.655193 2.426274 3.610864  0.783408 -0.621508 -0.000151  0.359601 0.843982 0
0  -0.678320 2.444805 3.636076  -0.000113 0.002282 0.999997  0.359945 0.844064 0
Material_0
0  -0.655193 2.426274 3.610864  0.783408 -0.621508 -0.000151  0.359601 0.843982 0
0  -0.491801 2.516905 3.610864  0.113324 -0.993550 -0.003945  0.357538 0.844308 0
0  -0.678320 2.444805 3.636076  -0.000113 0.002282 0.999997  0.359945 0.844064 0
Material_0
0  -0.678320 2.444805 3.636076  -0.000113 0.002282 0.999997  0.359945 0.844064 0
0  -0.491801 2.516905 3.610864  0.113324 -0.993550 -0.003945  0.357538 0.844308 0
0  -0.495133 2.546150 3.636076  0.000029 0.002367 0.999997  0.357624 0.844472 0
Material_0
0  -0.491801 2.516905 3.610864  0.113324 -0.993550 -0.003945  0.357538 0.844308 0
0  -0.312207 2.465364 3.610864  -0.621293 -0.782030 -0.049245  0.355216 0.844145 0
0  -0.495133 2.546150 3.636076  0.000029 0.002367 0.999997  0.357624 0.844472 0
Material_0
0  -0.495133 2.546150 3.636076  0.000029 0.002367 0.999997  0.357624 0.844472 0
0  -0.312207 2.465364 3.610864  -0.621293 -0.782030 -0.049245  0.355216 0.844145 0
0  -0.293784 2.488529 3.636076  0.000146 0.002282 0.999997  0.355045 0.844227 0
Material_0
0  -0.312207 2.465364 3.610864  -0.621293 -0.782030 -0.049245  0.355216 0.844145 0
0  -0.221594 2.302054 3.610864  -0.991673 -0.128768 -0.002046  0.354099 0.843493 0
0  -0.293784 2.488529 3.636076  0.000146 0.002282 0.999997  0.355045 0.844227 0
Material_0
0  0.201291 1.075494 3.636077  -0.000097 0.002026 0.999998  0.348682 0.838603 0
0  0.070891 1.227222 3.610864  0.898231 0.436973 -0.047284  0.350402 0.839255 0
0  0.044367 1.214192 3.636076  -0.000168 0.002114 0.999998  0.350746 0.839174 0
Material_0
0  0.070891 1.227222 3.610864  0.898231 0.436973 -0.047284  0.350402 0.839255 0
0  0.059523 1.413696 3.610864  0.947222 -0.319766 -0.022825  0.350488 0.839989 0
0  0.044367 1.214192 3.636076  -0.000168 0.002114 0.999998  0.350746 0.839174 0
Material_0
0  0.070891 1.227222 3.610864  0.898231 0.436973 -0.047284  0.350402 0.839255 0
0  0.201291 1.075494 3.636077  -0.000097 0.002026 0.999998  0.348682 0.838603 0
0  0.210829 1.103292 3.610864  0.325040 0.945382 -0.024535  0.348596 0.838685 0
Material_0
0  0.201291 1.075494 3.636077  -0.000097 0.002026 0.999998  0.348682 0.838603 0
0  0.410348 1.088235 3.636077  0.000075 0.002031 0.999998  0.346017 0.838685 0
0  0.210829 1.103292 3.610864  0.325040 0.945382 -0.024535  0.348596 0.838685 0
Material_0
0  0.210829 1.103292 3.610864  0.325040 0.945382 -0.024535  0.348596 0.838685 0
0  0.410348 1.088235 3.636077  0.000075 0.002031 0.999998  0.346017 0.838685 0
0  0.397413 1.114874 3.610864  -0.438578 0.898492 -0.018994  0.346189 0.838766 0
Material_0
0  0.410348 1.088235 3.636077  0.000075 0.002031 0.999998  0.346017 0.838685 0
0  0.547216 1.244595 3.636076  0.000166 0.002114 0.999998  0.344297 0.839255 0
0  0.397413 1.114874 3.610864  -0.438578 0.898492 -0.018994  0.346189 0.838766 0
Material_0
0  0.397413 1.114874 3.610864  -0.438578 0.898492 -0.018994  0.346189 0.838766 0
0  0.547216 1.244595 3.636076  0.000166 0.002114 0.999998  0.344297 0.839255 0
0  0.521214 1.254730 3.610864  -0.944667 0.328027 0.001727  0.344641 0.839337 0
Material_0
0  0.547216 1.244595 3.636076  0.000166 0.002114 0.999998  0.344297 0.839255 0
0  0.536371 1.454234 3.636076  0.000171 0.002214 0.999998  0.344469 0.840152 0
0  0.521214 1.254730 3.610864  -0.944667 0.328027 0.001727  0.344641 0.839337 0
Material_0
0  0.521214 1.254730 3.610864  -0.944667 0.328027 0.001727  0.344641 0.839337 0
0  0.536371 1.454234 3.636076  0.000171 0.002214 0.999998  0.344469 0.840152 0
0  0.509781 1.441204 3.610864  -0.901366 -0.433041 -0.003917  0.344813 0.840070 0
Material_0
0  0.536371 1.454234 3.636076  0.000171 0.002214 0.999998  0.344469 0.840152 0
0  0.377487 1.595827 3.636076  0.000043 0.002345 0.999997  0.346447 0.840641 0
0  0.509781 1.441204 3.610864  -0.901366 -0.433041 -0.003917  0.344813 0.840070 0
Material_0
0  0.509781 1.441204 3.610864  -0.901366 -0.433041 -0.003917  0.344813 0.840070 0
0  0.377487 1.595827 3.636076  0.000043 0.002345 0.999997  0.346447 0.840641 0
0  0.369843 1.565134 3.610864  -0.336016 -0.941021 -0.039659  0.346533 0.840559 0
Material_0
0  0.377487 1.595827 3.636076  0.000043 0.002345 0.999997  0.346447 0.840641 0
0  0.170324 1.584824 3.636076  -0.000059 0.002330 0.999997  0.349112 0.840641 0
0  0.369843 1.565134 3.610864  -0.336016 -0.941021 -0.039659  0.346533 0.840559 0
Material_0
0  0.369843 1.565134 3.610864  -0.336016 -0.941021 -0.039659  0.346533 0.840559 0
0  0.170324 1.584824 3.636076  -0.000059 0.002330 0.999997  0.349112 0.840641 0
0  0.183325 1.553551 3.610864  0.446981 -0.894542 0.001858  0.348940 0.840478 0
Material_0
0  0.170324 1.584824 3.636076  -0.000059 0.002330 0.999997  0.349112 0.840641 0
0  0.032215 1.423830 3.636076  -0.000144 0.002247 0.999997  0.350918 0.839989 0
0  0.183325 1.553551 3.610864  0.446981 -0.894542 0.001858  0.348940 0.840478 0
Material_0
0  0.183325 1.553551 3.610864  0.446981 -0.894542 0.001858  0.348940 0.840478 0
0  0.032215 1.423830 3.636076  -0.000144 0.002247 0.999997  0.350918 0.839989 0
0  0.059523 1.413696 3.610864  0.947222 -0.319766 -0.022825  0.350488 0.839989 0
Material_0
0  0.032215 1.423830 3.636076  -0.000144 0.002247 0.999997  0.350918 0.839989 0
0  0.044367 1.214192 3.636076  -0.000168 0.002114 0.999998  0.350746 0.839174 0
0  0.059523 1.413696 3.610864  0.947222 -0.319766 -0.022825  0.350488 0.839989 0
Material_0
0  0.569951 1.517647 3.610864  0.216689 0.976233 -0.003914  0.344039 0.840396 0
0  0.766008 1.521700 3.636076  0.000078 0.002038 0.999998  0.341546 0.840396 0
0  0.753987 1.550077 3.610864  -0.545314 0.838230 0.001732  0.341718 0.840478 0
Material_0
0  0.766008 1.521700 3.636076  0.000078 0.002038 0.999998  0.341546 0.840396 0
0  0.889939 1.696592 3.636076  0.000147 0.002145 0.999998  0.339913 0.841048 0
0  0.753987 1.550077 3.610864  -0.545314 0.838230 0.001732  0.341718 0.840478 0
Material_0
0  0.766008 1.521700 3.636076  0.000078 0.002038 0.999998  0.341546 0.840396 0
0  0.569951 1.517647 3.610864  0.216689 0.976233 -0.003914  0.344039 0.840396 0
0  0.563548 1.488691 3.636076  -0.000073 0.002034 0.999998  0.344125 0.840233 0
Material_0
0  0.569951 1.517647 3.610864  0.216689 0.976233 -0.003914  0.344039 0.840396 0
0  0.416881 1.624782 3.610864  0.831589 0.554454 -0.032248  0.345931 0.840804 0
0  0.563548 1.488691 3.636076  -0.000073 0.002034 0.999998  0.344125 0.840233 0
Material_0
0  0.563548 1.488691 3.636076  -0.000073 0.002034 0.999998  0.344125 0.840233 0
0  0.416881 1.624782 3.610864  0.831589 0.554454 -0.032248  0.345931 0.840804 0
0  0.393428 1.612621 3.636076  -0.000133 0.002088 0.999998  0.346275 0.840722 0
Material_0
0  0.416881 1.624782 3.610864  0.831589 0.554454 -0.032248  0.345931 0.840804 0
0  0.384412 1.808651 3.610864  0.974382 -0.223110 -0.028315  0.346361 0.841537 0
0  0.393428 1.612621 3.636076  -0.000133 0.002088 0.999998  0.346275 0.840722 0
Material_0
0  0.393428 1.612621 3.636076  -0.000133 0.002088 0.999998  0.346275 0.840722 0
0  0.384412 1.808651 3.610864  0.974382 -0.223110 -0.028315  0.346361 0.841537 0
0  0.349460 1.815889 3.636076  -0.000148 0.002220 0.999997  0.346877 0.841537 0
Material_0
0  0.384412 1.808651 3.610864  0.974382 -0.223110 -0.028315  0.346361 0.841537 0
0  0.491554 1.961826 3.610864  0.518548 -0.854509 -0.030355  0.344985 0.842108 0
0  0.349460 1.815889 3.636076  -0.000148 0.002220 0.999997  0.346877 0.841537 0
Material_0
0  0.349460 1.815889 3.636076  -0.000148 0.002220 0.999997  0.346877 0.841537 0
0  0.491554 1.961826 3.610864  0.518548 -0.854509 -0.030355  0.344985 0.842108 0
0  0.473523 1.985859 3.636076  -0.000055 0.002328 0.999997  0.345243 0.842189 0
Material_0
0  0.491554 1.961826 3.610864  0.518548 -0.854509 -0.030355  0.344985 0.842108 0
0  0.675655 1.994256 3.610864  -0.213433 -0.976226 -0.037804  0.342664 0.842271 0
0  0.473523 1.985859 3.636076  -0.000055 0.002328 0.999997  0.345243 0.842189 0
Material_0
0  0.473523 1.985859 3.636076  -0.000055 0.002328 0.999997  0.345243 0.842189 0
0  0.675655 1.994256 3.610864  -0.213433 -0.976226 -0.037804  0.342664 0.842271 0
0  0.682058 2.023212 3.636076  0.000079 0.002322 0.999997  0.342578 0.842352 0
Material_0
0  0.675655 1.994256 3.610864  -0.213433 -0.976226 -0.037804  0.342664 0.842271 0
0  0.828659 1.887121 3.610864  -0.844126 -0.536130 -0.003928  0.340686 0.841863 0
0  0.682058 2.023212 3.636076  0.000079 0.002322 0.999997  0.342578 0.842352 0
Material_0
0  0.682058 2.023212 3.636076  0.000079 0.002322 0.999997  0.342578 0.842352 0
0  0.828659 1.887121 3.610864  -0.844126 -0.536130 -0.003928  0.340686 0.841863 0
0  0.853616 1.903046 3.636076  0.000140 0.002239 0.999998  0.340428 0.841863 0
Material_0
0  0.828659 1.887121 3.610864  -0.844126 -0.536130 -0.003928  0.340686 0.841863 0
0  0.861129 1.702963 3.610864  -0.974701 0.218842 -0.045443  0.340342 0.841130 0
0  0.853616 1.903046 3.636076  0.000140 0.002239 0.999998  0.340428 0.841863 0
Material_0
0  0.853616 1.903046 3.636076  0.000140 0.002239 0.999998  0.340428 0.841863 0
0  0.861129 1.702963 3.610864  -0.974701 0.218842 -0.045443  0.340342 0.841130 0
0  0.889939 1.696592 3.636076  0.000147 0.002145 0.999998  0.339913 0.841048 0
Material_0
0  0.861129 1.702963 3.610864  -0.974701 0.218842 -0.045443  0.340342 0.841130 0
0  0.753987 1.550077 3.610864  -0.545314 0.838230 0.001732  0.341718 0.840478 0
0  0.889939 1.696592 3.636076  0.000147 0.002145 0.999998  0.339913 0.841048 0
Material_0
0  0.228599 2.305240 3.636076  -0.000180 0.002243 0.999997  0.348338 0.843493 0
0  0.346063 2.468260 3.610864  0.628928 -0.776539 -0.037901  0.346877 0.844145 0
0  0.327509 2.491135 3.636076  -0.000069 0.002319 0.999997  0.347135 0.844227 0
Material_0
0  0.346063 2.468260 3.610864  0.628928 -0.776539 -0.037901  0.346877 0.844145 0
0  0.525199 2.521249 3.610864  -0.105723 -0.994041 -0.026545  0.344641 0.844390 0
0  0.327509 2.491135 3.636076  -0.000069 0.002319 0.999997  0.347135 0.844227 0
Material_0
0  0.346063 2.468260 3.610864  0.628928 -0.776539 -0.037901  0.346877 0.844145 0
0  0.228599 2.305240 3.636076  -0.000180 0.002243 0.999997  0.348338 0.843493 0
0  0.256952 2.304081 3.610864  0.992254 -0.124165 -0.003941  0.347994 0.843493 0
Material_0
0  0.228599 2.305240 3.636076  -0.000180 0.002243 0.999997  0.348338 0.843493 0
0  0.284326 2.104577 3.636076  -0.000153 0.002082 0.999998  0.347650 0.842678 0
0  0.256952 2.304081 3.610864  0.992254 -0.124165 -0.003941  0.347994 0.843493 0
Material_0
0  0.256952 2.304081 3.610864  0.992254 -0.124165 -0.003941  0.347994 0.843493 0
0  0.284326 2.104577 3.636076  -0.000153 0.002082 0.999998  0.347650 0.842678 0
0  0.310000 2.124846 3.610864  0.772130 0.635283 -0.015200  0.347307 0.842760 0
Material_0
0  0.284326 2.104577 3.636076  -0.000153 0.002082 0.999998  0.347650 0.842678 0
0  0.469472 2.011919 3.636076  -0.000008 0.002017 0.999998  0.345329 0.842352 0
0  0.310000 2.124846 3.610864  0.772130 0.635283 -0.015200  0.347307 0.842760 0
Material_0
0  0.310000 2.124846 3.610864  0.772130 0.635283 -0.015200  0.347307 0.842760 0
0  0.469472 2.011919 3.636076  -0.000008 0.002017 0.999998  0.345329 0.842352 0
0  0.474176 2.035663 3.610864  0.085311 0.996182 -0.018549  0.345243 0.842434 0
Material_0
0  0.469472 2.011919 3.636076  -0.000008 0.002017 0.999998  0.345329 0.842352 0
0  0.671932 2.065777 3.636076  0.000072 0.002031 0.999998  0.342750 0.842515 0
0  0.474176 2.035663 3.610864  0.085311 0.996182 -0.018549  0.345243 0.842434 0
Material_0
0  0.474176 2.035663 3.610864  0.085311 0.996182 -0.018549  0.345243 0.842434 0
0  0.671932 2.065777 3.636076  0.000072 0.002031 0.999998  0.342750 0.842515 0
0  0.653378 2.088941 3.610864  -0.622106 0.782020 -0.037794  0.342922 0.842678 0
Material_0
0  0.671932 2.065777 3.636076  0.000072 0.002031 0.999998  0.342750 0.842515 0
0  0.771887 2.249934 3.636076  0.000144 0.002131 0.999998  0.341460 0.843249 0
0  0.653378 2.088941 3.610864  -0.622106 0.782020 -0.037794  0.342922 0.842678 0
Material_0
0  0.653378 2.088941 3.610864  -0.622106 0.782020 -0.037794  0.342922 0.842678 0
0  0.771887 2.249934 3.636076  0.000144 0.002131 0.999998  0.341460 0.843249 0
0  0.742488 2.253119 3.610864  -0.994014 0.102474 -0.037874  0.341804 0.843330 0
Material_0
0  0.771887 2.249934 3.636076  0.000144 0.002131 0.999998  0.341460 0.843249 0
0  0.712371 2.450886 3.636076  0.000143 0.002305 0.999997  0.342234 0.844064 0
0  0.742488 2.253119 3.610864  -0.994014 0.102474 -0.037874  0.341804 0.843330 0
Material_0
0  0.742488 2.253119 3.610864  -0.994014 0.102474 -0.037874  0.341804 0.843330 0
0  0.712371 2.450886 3.636076  0.000143 0.002305 0.999997  0.342234 0.844064 0
0  0.689440 2.432065 3.610864  -0.777382 -0.628385 -0.028474  0.342492 0.843982 0
Material_0
0  0.712371 2.450886 3.636076  0.000143 0.002305 0.999997  0.342234 0.844064 0
0  0.528335 2.550784 3.636076  0.000078 0.002329 0.999997  0.344555 0.844472 0
0  0.689440 2.432065 3.610864  -0.777382 -0.628385 -0.028474  0.342492 0.843982 0
Material_0
0  0.689440 2.432065 3.610864  -0.777382 -0.628385 -0.028474  0.342492 0.843982 0
0  0.528335 2.550784 3.636076  0.000078 0.002329 0.999997  0.344555 0.844472 0
0  0.525199 2.521249 3.610864  -0.105723 -0.994041 -0.026545  0.344641 0.844390 0
Material_0
0  0.528335 2.550784 3.636076  0.000078 0.002329 0.999997  0.344555 0.844472 0
0  0.327509 2.491135 3.636076  -0.000069 0.002319 0.999997  0.347135 0.844227 0
0  0.525199 2.521249 3.610864  -0.105723 -0.994041 -0.026545  0.344641 0.844390 0
Material_0
0  0.010787 1.423541 3.636076  0.000150 0.002215 0.999997  0.351176 0.839989 0
0  -0.026256 1.226932 3.610864  -0.905120 0.425139 -0.003941  0.351605 0.839174 0
0  0.000399 1.214192 3.636076  0.000131 0.002084 0.999998  0.351261 0.839174 0
Material_0
0  -0.026256 1.226932 3.610864  -0.905120 0.425139 -0.003941  0.351605 0.839174 0
0  -0.165083 1.101844 3.610864  -0.334268 0.942476 0.001736  0.353411 0.838685 0
0  0.000399 1.214192 3.636076  0.000131 0.002084 0.999998  0.351261 0.839174 0
Material_0
0  -0.026256 1.226932 3.610864  -0.905120 0.425139 -0.003941  0.351605 0.839174 0
0  0.010787 1.423541 3.636076  0.000150 0.002215 0.999997  0.351176 0.839989 0
0  -0.016456 1.413406 3.610864  -0.943743 -0.328088 0.041331  0.351519 0.839989 0
Material_0
0  0.010787 1.423541 3.636076  0.000150 0.002215 0.999997  0.351176 0.839989 0
0  -0.128759 1.579032 3.636076  0.000068 0.002340 0.999997  0.352895 0.840641 0
0  -0.016456 1.413406 3.610864  -0.943743 -0.328088 0.041331  0.351519 0.839989 0
Material_0
0  -0.016456 1.413406 3.610864  -0.943743 -0.328088 0.041331  0.351519 0.839989 0
0  -0.128759 1.579032 3.636076  0.000068 0.002340 0.999997  0.352895 0.840641 0
0  -0.141499 1.552393 3.610864  -0.430916 -0.902323 0.011191  0.353067 0.840478 0
Material_0
0  -0.128759 1.579032 3.636076  0.000068 0.002340 0.999997  0.352895 0.840641 0
0  -0.334942 1.589746 3.636076  -0.000047 0.002324 0.999997  0.355560 0.840641 0
0  -0.141499 1.552393 3.610864  -0.430916 -0.902323 0.011191  0.353067 0.840478 0
Material_0
0  -0.141499 1.552393 3.610864  -0.430916 -0.902323 0.011191  0.353067 0.840478 0
0  -0.334942 1.589746 3.636076  -0.000047 0.002324 0.999997  0.355560 0.840641 0
0  -0.328017 1.561949 3.610864  0.340623 -0.939525 0.035626  0.355474 0.840559 0
Material_0
0  -0.334942 1.589746 3.636076  -0.000047 0.002324 0.999997  0.355560 0.840641 0
0  -0.493565 1.449890 3.636076  -0.000120 0.002280 0.999997  0.357538 0.840070 0
0  -0.328017 1.561949 3.610864  0.340623 -0.939525 0.035626  0.355474 0.840559 0
Material_0
0  -0.328017 1.561949 3.610864  0.340623 -0.939525 0.035626  0.355474 0.840559 0
0  -0.493565 1.449890 3.636076  -0.000120 0.002280 0.999997  0.357538 0.840070 0
0  -0.466910 1.437150 3.610864  0.901378 -0.433015 -0.003954  0.357194 0.840070 0
Material_0
0  -0.493565 1.449890 3.636076  -0.000120 0.002280 0.999997  0.357538 0.840070 0
0  -0.504540 1.240541 3.636076  -0.000179 0.002181 0.999998  0.357710 0.839255 0
0  -0.466910 1.437150 3.610864  0.901378 -0.433015 -0.003954  0.357194 0.840070 0
Material_0
0  -0.466910 1.437150 3.610864  0.901378 -0.433015 -0.003954  0.357194 0.840070 0
0  -0.504540 1.240541 3.636076  -0.000179 0.002181 0.999998  0.357710 0.839255 0
0  -0.476709 1.250386 3.610864  0.943201 0.332217 -0.002050  0.357366 0.839337 0
Material_0
0  -0.504540 1.240541 3.636076  -0.000179 0.002181 0.999998  0.357710 0.839255 0
0  -0.364406 1.084760 3.636077  -0.000116 0.002051 0.999998  0.355904 0.838685 0
0  -0.476709 1.250386 3.610864  0.943201 0.332217 -0.002050  0.357366 0.839337 0
Material_0
0  -0.476709 1.250386 3.610864  0.943201 0.332217 -0.002050  0.357366 0.839337 0
0  -0.364406 1.084760 3.636077  -0.000116 0.002051 0.999998  0.355904 0.838685 0
0  -0.351667 1.111689 3.610864  0.431002 0.902319 -0.007676  0.355732 0.838766 0
Material_0
0  -0.364406 1.084760 3.636077  -0.000116 0.002051 0.999998  0.355904 0.838685 0
0  -0.155218 1.074046 3.636077  0.000008 0.002033 0.999998  0.353239 0.838603 0
0  -0.351667 1.111689 3.610864  0.431002 0.902319 -0.007676  0.355732 0.838766 0
Material_0
0  -0.351667 1.111689 3.610864  0.431002 0.902319 -0.007676  0.355732 0.838766 0
0  -0.155218 1.074046 3.636077  0.000008 0.002033 0.999998  0.353239 0.838603 0
0  -0.165083 1.101844 3.610864  -0.334268 0.942476 0.001736  0.353411 0.838685 0
Material_0
0  -0.155218 1.074046 3.636077  0.000008 0.002033 0.999998  0.353239 0.838603 0
0  0.000399 1.214192 3.636076  0.000131 0.002084 0.999998  0.351261 0.839174 0
0  -0.165083 1.101844 3.610864  -0.334268 0.942476 0.001736  0.353411 0.838685 0
Material_0
0  -0.350164 1.607119 3.636076  0.000121 0.002081 0.999998  0.355732 0.840722 0
0  -0.317956 1.814441 3.636076  0.000158 0.002175 0.999998  0.355302 0.841537 0
0  -0.375643 1.621308 3.610864  -0.845884 0.532394 -0.032201  0.356076 0.840804 0
Material_0
0  -0.317956 1.814441 3.636076  0.000158 0.002175 0.999998  0.355302 0.841537 0
0  -0.344807 1.805465 3.610864  -0.976386 -0.214620 -0.024684  0.355646 0.841537 0
0  -0.375643 1.621308 3.610864  -0.845884 0.532394 -0.032201  0.356076 0.840804 0
Material_0
0  -0.375643 1.621308 3.610864  -0.845884 0.532394 -0.032201  0.356076 0.840804 0
0  -0.527733 1.512724 3.610864  -0.225260 0.974297 -0.002025  0.357968 0.840315 0
0  -0.350164 1.607119 3.636076  0.000121 0.002081 0.999998  0.355732 0.840722 0
Material_0
0  -0.350164 1.607119 3.636076  0.000121 0.002081 0.999998  0.355732 0.840722 0
0  -0.527733 1.512724 3.610864  -0.225260 0.974297 -0.002025  0.357968 0.840315 0
0  -0.521069 1.484058 3.636076  0.000031 0.002008 0.999998  0.357968 0.840233 0
Material_0
0  -0.527733 1.512724 3.610864  -0.225260 0.974297 -0.002025  0.357968 0.840315 0
0  -0.712030 1.543706 3.610864  0.530535 0.847661 0.001702  0.360375 0.840478 0
0  -0.521069 1.484058 3.636076  0.000031 0.002008 0.999998  0.357968 0.840233 0
Material_0
0  -0.521069 1.484058 3.636076  0.000031 0.002008 0.999998  0.357968 0.840233 0
0  -0.712030 1.543706 3.610864  0.530535 0.847661 0.001702  0.360375 0.840478 0
0  -0.727644 1.518515 3.636076  -0.000126 0.002055 0.999998  0.360547 0.840396 0
Material_0
0  -0.712030 1.543706 3.610864  0.530535 0.847661 0.001702  0.360375 0.840478 0
0  -0.820544 1.695724 3.610864  0.973804 0.227384 0.001697  0.361751 0.841048 0
0  -0.727644 1.518515 3.636076  -0.000126 0.002055 0.999998  0.360547 0.840396 0
Material_0
0  -0.727644 1.518515 3.636076  -0.000126 0.002055 0.999998  0.360547 0.840396 0
0  -0.820544 1.695724 3.610864  0.973804 0.227384 0.001697  0.361751 0.841048 0
0  -0.849290 1.689064 3.636077  -0.000162 0.002197 0.999998  0.362095 0.841048 0
Material_0
0  -0.820544 1.695724 3.610864  0.973804 0.227384 0.001697  0.361751 0.841048 0
0  -0.789708 1.880171 3.610864  0.846503 -0.532384 -0.000160  0.361321 0.841782 0
0  -0.849290 1.689064 3.636077  -0.000162 0.002197 0.999998  0.362095 0.841048 0
Material_0
0  -0.849290 1.689064 3.636077  -0.000162 0.002197 0.999998  0.362095 0.841048 0
0  -0.789708 1.880171 3.610864  0.846503 -0.532384 -0.000160  0.361321 0.841782 0
0  -0.814730 1.895807 3.636077  -0.000125 0.002280 0.999997  0.361665 0.841863 0
Material_0
0  -0.789708 1.880171 3.610864  0.846503 -0.532384 -0.000160  0.361321 0.841782 0
0  -0.637553 1.988465 3.610864  0.225299 -0.974288 0.001739  0.359429 0.842271 0
0  -0.814730 1.895807 3.636077  -0.000125 0.002280 0.999997  0.361665 0.841863 0
Material_0
0  -0.814730 1.895807 3.636077  -0.000125 0.002280 0.999997  0.361665 0.841863 0
0  -0.637553 1.988465 3.610864  0.225299 -0.974288 0.001739  0.359429 0.842271 0
0  -0.644217 2.017421 3.636076  0.000014 0.002359 0.999997  0.359515 0.842352 0
Material_0
0  -0.637553 1.988465 3.610864  0.225299 -0.974288 0.001739  0.359429 0.842271 0
0  -0.453256 1.957772 3.610864  -0.518364 -0.854621 -0.030352  0.357022 0.842108 0
0  -0.644217 2.017421 3.636076  0.000014 0.002359 0.999997  0.359515 0.842352 0
Material_0
0  -0.644217 2.017421 3.636076  0.000014 0.002359 0.999997  0.359515 0.842352 0
0  -0.453256 1.957772 3.610864  -0.518364 -0.854621 -0.030352  0.357022 0.842108 0
0  -0.436074 1.983542 3.636076  0.000132 0.002289 0.999997  0.356850 0.842189 0
Material_0
0  -0.453256 1.957772 3.610864  -0.518364 -0.854621 -0.030352  0.357022 0.842108 0
0  -0.344807 1.805465 3.610864  -0.976386 -0.214620 -0.024684  0.355646 0.841537 0
0  -0.436074 1.983542 3.636076  0.000132 0.002289 0.999997  0.356850 0.842189 0
Material_0
0  -0.436074 1.983542 3.636076  0.000132 0.002289 0.999997  0.356850 0.842189 0
0  -0.344807 1.805465 3.610864  -0.976386 -0.214620 -0.024684  0.355646 0.841537 0
0  -0.317956 1.814441 3.636076  0.000158 0.002175 0.999998  0.355302 0.841537 0
Material_0
0  -0.272748 1.941267 1.509570  -0.984680 0.171737 -0.030203  0.641693 0.833224 0
0  -0.247204 1.759715 1.509570  -0.899347 -0.436974 -0.015127  0.640575 0.826377 0
0  -0.247203 1.759715 3.739937  -0.899347 -0.436974 -0.015127  0.640575 0.826377 0
Material_0
0  -0.247203 1.759715 3.739937  -0.899347 -0.436974 -0.015127  0.640575 0.826377 0
0  -0.247204 1.759715 1.509570  -0.899347 -0.436974 -0.015127  0.640575 0.826377 0
0  -0.119809 1.627678 3.739937  -0.470062 -0.882632 0.001859  0.634901 0.821405 0
Material_0
0  -0.247203 1.759715 3.739937  -0.899347 -0.436974 -0.015127  0.640575 0.826377 0
0  -0.272748 1.941267 3.739937  -0.984680 0.171737 -0.030203  0.641693 0.833224 0
0  -0.272748 1.941267 1.509570  -0.984680 0.171737 -0.030203  0.641693 0.833224 0
Material_0
0  -0.272748 1.941267 1.509570  -0.984680 0.171737 -0.030203  0.641693 0.833224 0
0  -0.272748 1.941267 3.739937  -0.984680 0.171737 -0.030203  0.641693 0.833224 0
0  -0.186577 2.103129 1.509570  -0.694772 0.718600 -0.030086  0.637910 0.839337 0
Material_0
0  -0.272748 1.941267 3.739937  -0.984680 0.171737 -0.030203  0.641693 0.833224 0
0  -0.186577 2.103129 3.739937  -0.694778 0.718593 -0.030138  0.637910 0.839337 0
0  -0.186577 2.103129 1.509570  -0.694772 0.718600 -0.030086  0.637910 0.839337 0
Material_0
0  -0.186577 2.103129 1.509570  -0.694772 0.718600 -0.030086  0.637910 0.839337 0
0  -0.186577 2.103129 3.739937  -0.694778 0.718593 -0.030138  0.637910 0.839337 0
0  -0.021814 2.183336 1.509570  -0.139337 0.990243 -0.001818  0.630516 0.842352 0
Material_0
0  -0.186577 2.103129 3.739937  -0.694778 0.718593 -0.030138  0.637910 0.839337 0
0  -0.021813 2.183336 3.739937  -0.139289 0.990250 -0.001665  0.630516 0.842352 0
0  -0.021814 2.183336 1.509570  -0.139337 0.990243 -0.001818  0.630516 0.842352 0
Material_0
0  -0.021814 2.183336 1.509570  -0.139337 0.990243 -0.001818  0.630516 0.842352 0
0  -0.021813 2.183336 3.739937  -0.139289 0.990250 -0.001665  0.630516 0.842352 0
0  0.158760 2.151485 1.509570  0.469927 0.882705 -0.000000  0.622520 0.841130 0
Material_0
0  -0.021813 2.183336 3.739937  -0.139289 0.990250 -0.001665  0.630516 0.842352 0
0  0.158760 2.151485 3.739937  0.469744 0.882802 -0.000000  0.622520 0.841130 0
0  0.158760 2.151485 1.509570  0.469927 0.882705 -0.000000  0.622520 0.841130 0
Material_0
0  0.158760 2.151485 1.509570  0.469927 0.882705 -0.000000  0.622520 0.841130 0
0  0.158760 2.151485 3.739937  0.469744 0.882802 -0.000000  0.622520 0.841130 0
0  0.286089 2.019737 1.509570  0.899312 0.436978 -0.016951  0.616845 0.836158 0
Material_0
0  0.158760 2.151485 3.739937  0.469744 0.882802 -0.000000  0.622520 0.841130 0
0  0.286090 2.019737 3.739937  0.899312 0.436979 -0.016952  0.616845 0.836158 0
0  0.286089 2.019737 1.509570  0.899312 0.436978 -0.016951  0.616845 0.836158 0
Material_0
0  0.286089 2.019737 1.509570  0.899312 0.436978 -0.016951  0.616845 0.836158 0
0  0.286090 2.019737 3.739937  0.899312 0.436979 -0.016952  0.616845 0.836158 0
0  0.311633 1.838185 1.509570  0.984681 -0.171738 0.030159  0.615728 0.829393 0
Material_0
0  0.286090 2.019737 3.739937  0.899312 0.436979 -0.016952  0.616845 0.836158 0
0  0.311634 1.838185 3.739937  0.984680 -0.171743 0.030159  0.615728 0.829393 0
0  0.311633 1.838185 1.509570  0.984681 -0.171738 0.030159  0.615728 0.829393 0
Material_0
0  0.311633 1.838185 1.509570  0.984681 -0.171738 0.030159  0.615728 0.829393 0
0  0.311634 1.838185 3.739937  0.984680 -0.171743 0.030159  0.615728 0.829393 0
0  0.225528 1.676323 1.509570  0.694926 -0.718595 0.026452  0.619511 0.823280 0
Material_0
0  0.311634 1.838185 3.739937  0.984680 -0.171743 0.030159  0.615728 0.829393 0
0  0.225528 1.676323 3.739937  0.694922 -0.718598 0.026452  0.619511 0.823280 0
0  0.225528 1.676323 1.509570  0.694926 -0.718595 0.026452  0.619511 0.823280 0
Material_0
0  0.225528 1.676323 1.509570  0.694926 -0.718595 0.026452  0.619511 0.823280 0
0  0.225528 1.676323 3.739937  0.694922 -0.718598 0.026452  0.619511 0.823280 0
0  0.060764 1.595827 1.509570  0.139476 -0.990225 0.000000  0.626905 0.820264 0
Material_0
0  0.225528 1.676323 3.739937  0.694922 -0.718598 0.026452  0.619511 0.823280 0
0  0.060765 1.595827 3.739937  0.139471 -0.990226 -0.000000  0.626905 0.820264 0
0  0.060764 1.595827 1.509570  0.139476 -0.990225 0.000000  0.626905 0.820264 0
Material_0
0  0.060764 1.595827 1.509570  0.139476 -0.990225 0.000000  0.626905 0.820264 0
0  0.060765 1.595827 3.739937  0.139471 -0.990226 -0.000000  0.626905 0.820264 0
0  -0.119809 1.627678 1.509570  -0.470042 -0.882642 0.001755  0.634901 0.821405 0
Material_0
0  0.060765 1.595827 3.739937  0.139471 -0.990226 -0.000000  0.626905 0.820264 0
0  -0.119809 1.627678 3.739937  -0.470062 -0.882632 0.001859  0.634901 0.821405 0
0  -0.119809 1.627678 1.509570  -0.470042 -0.882642 0.001755  0.634901 0.821405 0
Material_0
0  -0.119809 1.627678 1.509570  -0.470042 -0.882642 0.001755  0.634901 0.821405 0
0  -0.119809 1.627678 3.739937  -0.470062 -0.882632 0.001859  0.634901 0.821405 0
0  -0.247204 1.759715 1.509570  -0.899347 -0.436974 -0.015127  0.640575 0.826377 0
Material_0
0  -0.223880 1.585113 6.538903  -0.999998 0.002121 0.000000  0.146034 0.840641 0
0  -0.177365 1.728154 6.538903  -0.808996 0.586724 -0.035772  0.145432 0.841211 0
0  -0.223880 1.585113 6.146416  -1.000000 -0.000224 -0.000181  0.146034 0.840641 0
Material_0
0  -0.223880 1.585113 6.146416  -1.000000 -0.000224 -0.000181  0.146034 0.840641 0
0  -0.177365 1.728154 6.538903  -0.808996 0.586724 -0.035772  0.145432 0.841211 0
0  -0.177365 1.728154 6.146416  -0.808991 0.586718 -0.036009  0.145432 0.841211 0
Material_0
0  -0.177365 1.728154 6.538903  -0.808996 0.586724 -0.035772  0.145432 0.841211 0
0  -0.055719 1.816758 6.538903  -0.309432 0.950920 0.001815  0.143884 0.841537 0
0  -0.177365 1.728154 6.146416  -0.808991 0.586718 -0.036009  0.145432 0.841211 0
Material_0
0  -0.177365 1.728154 6.146416  -0.808991 0.586718 -0.036009  0.145432 0.841211 0
0  -0.055719 1.816758 6.538903  -0.309432 0.950920 0.001815  0.143884 0.841537 0
0  -0.055719 1.816758 6.146416  -0.309455 0.950913 0.001669  0.143884 0.841537 0
Material_0
0  -0.055719 1.816758 6.538903  -0.309432 0.950920 0.001815  0.143884 0.841537 0
0  0.094672 1.816758 6.538903  0.309437 0.950918 0.001760  0.141907 0.841537 0
0  -0.055719 1.816758 6.146416  -0.309455 0.950913 0.001669  0.143884 0.841537 0
Material_0
0  -0.055719 1.816758 6.146416  -0.309455 0.950913 0.001669  0.143884 0.841537 0
0  0.094672 1.816758 6.538903  0.309437 0.950918 0.001760  0.141907 0.841537 0
0  0.094672 1.816758 6.146416  0.309419 0.950924 0.001648  0.141907 0.841537 0
Material_0
0  0.094672 1.816758 6.538903  0.309437 0.950918 0.001760  0.141907 0.841537 0
0  0.216317 1.728154 6.538903  0.808996 0.586725 -0.035772  0.140359 0.841211 0
0  0.094672 1.816758 6.146416  0.309419 0.950924 0.001648  0.141907 0.841537 0
Material_0
0  0.094672 1.816758 6.146416  0.309419 0.950924 0.001648  0.141907 0.841537 0
0  0.216317 1.728154 6.538903  0.808996 0.586725 -0.035772  0.140359 0.841211 0
0  0.216317 1.728154 6.146416  0.808983 0.586728 -0.036001  0.140359 0.841211 0
Material_0
0  0.216317 1.728154 6.538903  0.808996 0.586725 -0.035772  0.140359 0.841211 0
0  0.262832 1.585113 6.538903  0.999998 0.002159 0.000001  0.139757 0.840641 0
0  0.216317 1.728154 6.146416  0.808983 0.586728 -0.036001  0.140359 0.841211 0
Material_0
0  0.216317 1.728154 6.146416  0.808983 0.586728 -0.036001  0.140359 0.841211 0
0  0.262832 1.585113 6.538903  0.999998 0.002159 0.000001  0.139757 0.840641 0
0  0.262832 1.585113 6.146416  0.999997 0.002216 -0.000188  0.139757 0.840641 0
Material_0
0  0.262832 1.585113 6.538903  0.999998 0.002159 0.000001  0.139757 0.840641 0
0  0.216317 1.442362 6.538903  0.809074 -0.586725 -0.033942  0.140359 0.840070 0
0  0.262832 1.585113 6.146416  0.999997 0.002216 -0.000188  0.139757 0.840641 0
Material_0
0  0.262832 1.585113 6.146416  0.999997 0.002216 -0.000188  0.139757 0.840641 0
0  0.216317 1.442362 6.538903  0.809074 -0.586725 -0.033942  0.140359 0.840070 0
0  0.216317 1.442362 6.146416  0.809071 -0.586716 -0.034177  0.140359 0.840070 0
Material_0
0  0.216317 1.442362 6.538903  0.809074 -0.586725 -0.033942  0.140359 0.840070 0
0  0.094672 1.353758 6.538903  0.309430 -0.950920 -0.001869  0.141907 0.839744 0
0  0.216317 1.442362 6.146416  0.809071 -0.586716 -0.034177  0.140359 0.840070 0
Material_0
0  0.216317 1.442362 6.146416  0.809071 -0.586716 -0.034177  0.140359 0.840070 0
0  0.094672 1.353758 6.538903  0.309430 -0.950920 -0.001869  0.141907 0.839744 0
0  0.094672 1.353758 6.146416  0.309449 -0.950914 -0.002121  0.141907 0.839744 0
Material_0
0  0.094672 1.353758 6.538903  0.309430 -0.950920 -0.001869  0.141907 0.839744 0
0  -0.055719 1.353758 6.538903  -0.309429 -0.950921 -0.001868  0.143884 0.839744 0
0  0.094672 1.353758 6.146416  0.309449 -0.950914 -0.002121  0.141907 0.839744 0
Material_0
0  0.094672 1.353758 6.146416  0.309449 -0.950914 -0.002121  0.141907 0.839744 0
0  -0.055719 1.353758 6.538903  -0.309429 -0.950921 -0.001868  0.143884 0.839744 0
0  -0.055719 1.353758 6.146416  -0.309421 -0.950923 -0.002088  0.143884 0.839744 0
Material_0
0  -0.055719 1.353758 6.538903  -0.309429 -0.950921 -0.001868  0.143884 0.839744 0
0  -0.177365 1.442362 6.538903  -0.809074 -0.586726 -0.033943  0.145432 0.840070 0
0  -0.055719 1.353758 6.146416  -0.309421 -0.950923 -0.002088  0.143884 0.839744 0
Material_0
0  -0.055719 1.353758 6.146416  -0.309421 -0.950923 -0.002088  0.143884 0.839744 0
0  -0.177365 1.442362 6.538903  -0.809074 -0.586726 -0.033943  0.145432 0.840070 0
0  -0.177365 1.442362 6.146416  -0.809070 -0.586718 -0.034181  0.145432 0.840070 0
Material_0
0  -0.177365 1.442362 6.538903  -0.809074 -0.586726 -0.033943  0.145432 0.840070 0
0  -0.223880 1.585113 6.538903  -0.999998 0.002121 0.000000  0.146034 0.840641 0
0  -0.177365 1.442362 6.146416  -0.809070 -0.586718 -0.034181  0.145432 0.840070 0
Material_0
0  -0.223880 1.585113 6.538903  -0.999998 0.002121 0.000000  0.146034 0.840641 0
0  -0.223880 1.585113 6.146416  -1.000000 -0.000224 -0.000181  0.146034 0.840641 0
0  -0.177365 1.442362 6.146416  -0.809070 -0.586718 -0.034181  0.145432 0.840070 0
Material_0
0  -0.223880 1.585113 6.146416  -1.000000 -0.000224 -0.000181  0.146034 0.840641 0
0  -0.159921 1.454813 6.119321  -0.468863 -0.344515 -0.813313  0.145174 0.840152 0
0  -0.177365 1.442362 6.146416  -0.809070 -0.586718 -0.034181  0.145432 0.840070 0
Material_0
0  -0.159921 1.454813 6.119321  -0.468863 -0.344515 -0.813313  0.145174 0.840152 0
0  -0.049056 1.374316 6.119321  -0.179916 -0.554382 -0.812583  0.143798 0.839826 0
0  -0.177365 1.442362 6.146416  -0.809070 -0.586718 -0.034181  0.145432 0.840070 0
Material_0
0  -0.177365 1.442362 6.146416  -0.809070 -0.586718 -0.034181  0.145432 0.840070 0
0  -0.049056 1.374316 6.119321  -0.179916 -0.554382 -0.812583  0.143798 0.839826 0
0  -0.055719 1.353758 6.146416  -0.309421 -0.950923 -0.002088  0.143884 0.839744 0
Material_0
0  -0.049056 1.374316 6.119321  -0.179916 -0.554382 -0.812583  0.143798 0.839826 0
0  0.088008 1.374316 6.119321  0.179898 -0.554321 -0.812629  0.141993 0.839826 0
0  -0.055719 1.353758 6.146416  -0.309421 -0.950923 -0.002088  0.143884 0.839744 0
Material_0
0  -0.055719 1.353758 6.146416  -0.309421 -0.950923 -0.002088  0.143884 0.839744 0
0  0.088008 1.374316 6.119321  0.179898 -0.554321 -0.812629  0.141993 0.839826 0
0  0.094672 1.353758 6.146416  0.309449 -0.950914 -0.002121  0.141907 0.839744 0
Material_0
0  0.088008 1.374316 6.119321  0.179898 -0.554321 -0.812629  0.141993 0.839826 0
0  0.198874 1.454813 6.119321  0.468924 -0.344453 -0.813303  0.140617 0.840152 0
0  0.094672 1.353758 6.146416  0.309449 -0.950914 -0.002121  0.141907 0.839744 0
Material_0
0  0.094672 1.353758 6.146416  0.309449 -0.950914 -0.002121  0.141907 0.839744 0
0  0.198874 1.454813 6.119321  0.468924 -0.344453 -0.813303  0.140617 0.840152 0
0  0.216317 1.442362 6.146416  0.809071 -0.586716 -0.034177  0.140359 0.840070 0
Material_0
0  0.198874 1.454813 6.119321  0.468924 -0.344453 -0.813303  0.140617 0.840152 0
0  0.241273 1.585113 6.119321  0.586566 -0.002185 -0.809899  0.140101 0.840641 0
0  0.216317 1.442362 6.146416  0.809071 -0.586716 -0.034177  0.140359 0.840070 0
Material_0
0  0.216317 1.442362 6.146416  0.809071 -0.586716 -0.034177  0.140359 0.840070 0
0  0.241273 1.585113 6.119321  0.586566 -0.002185 -0.809899  0.140101 0.840641 0
0  0.262832 1.585113 6.146416  0.999997 0.002216 -0.000188  0.139757 0.840641 0
Material_0
0  0.241273 1.585113 6.119321  0.586566 -0.002185 -0.809899  0.140101 0.840641 0
0  0.198874 1.715703 6.119321  0.474809 0.344520 -0.809853  0.140617 0.841130 0
0  0.262832 1.585113 6.146416  0.999997 0.002216 -0.000188  0.139757 0.840641 0
Material_0
0  0.262832 1.585113 6.146416  0.999997 0.002216 -0.000188  0.139757 0.840641 0
0  0.198874 1.715703 6.119321  0.474809 0.344520 -0.809853  0.140617 0.841130 0
0  0.216317 1.728154 6.146416  0.808983 0.586728 -0.036001  0.140359 0.841211 0
Material_0
0  0.198874 1.715703 6.119321  0.474809 0.344520 -0.809853  0.140617 0.841130 0
0  0.088008 1.796200 6.119321  0.179664 0.554417 -0.812615  0.141993 0.841456 0
0  0.216317 1.728154 6.146416  0.808983 0.586728 -0.036001  0.140359 0.841211 0
Material_0
0  0.216317 1.728154 6.146416  0.808983 0.586728 -0.036001  0.140359 0.841211 0
0  0.088008 1.796200 6.119321  0.179664 0.554417 -0.812615  0.141993 0.841456 0
0  0.094672 1.816758 6.146416  0.309419 0.950924 0.001648  0.141907 0.841537 0
Material_0
0  0.088008 1.796200 6.119321  0.179664 0.554417 -0.812615  0.141993 0.841456 0
0  -0.049056 1.796200 6.119321  -0.179680 0.554462 -0.812581  0.143798 0.841456 0
0  0.094672 1.816758 6.146416  0.309419 0.950924 0.001648  0.141907 0.841537 0
Material_0
0  0.094672 1.816758 6.146416  0.309419 0.950924 0.001648  0.141907 0.841537 0
0  -0.049056 1.796200 6.119321  -0.179680 0.554462 -0.812581  0.143798 0.841456 0
0  -0.055719 1.816758 6.146416  -0.309455 0.950913 0.001669  0.143884 0.841537 0
Material_0
0  -0.049056 1.796200 6.119321  -0.179680 0.554462 -0.812581  0.143798 0.841456 0
0  -0.159921 1.715703 6.119321  -0.474812 0.344522 -0.809851  0.145174 0.841130 0
0  -0.055719 1.816758 6.146416  -0.309455 0.950913 0.001669  0.143884 0.841537 0
Material_0
0  -0.055719 1.816758 6.146416  -0.309455 0.950913 0.001669  0.143884 0.841537 0
0  -0.159921 1.715703 6.119321  -0.474812 0.344522 -0.809851  0.145174 0.841130 0
0  -0.177365 1.728154 6.146416  -0.808991 0.586718 -0.036009  0.145432 0.841211 0
Material_0
0  -0.159921 1.715703 6.119321  -0.474812 0.344522 -0.809851  0.145174 0.841130 0
0  -0.202321 1.585113 6.119321  -0.586565 -0.002185 -0.809899  0.145690 0.840641 0
0  -0.177365 1.728154 6.146416  -0.808991 0.586718 -0.036009  0.145432 0.841211 0
Material_0
0  -0.177365 1.728154 6.146416  -0.808991 0.586718 -0.036009  0.145432 0.841211 0
0  -0.202321 1.585113 6.119321  -0.586565 -0.002185 -0.809899  0.145690 0.840641 0
0  -0.223880 1.585113 6.146416  -1.000000 -0.000224 -0.000181  0.146034 0.840641 0
Material_0
0  -0.223880 1.585113 6.146416  -1.000000 -0.000224 -0.000181  0.146034 0.840641 0
0  -0.202321 1.585113 6.119321  -0.586565 -0.002185 -0.809899  0.145690 0.840641 0
0  -0.159921 1.454813 6.119321  -0.468863 -0.344515 -0.813313  0.145174 0.840152 0
Material_0
0  -0.159921 1.454813 6.119321  -0.468863 -0.344515 -0.813313  0.145174 0.840152 0
0  -0.202321 1.585113 6.119321  -0.586565 -0.002185 -0.809899  0.145690 0.840641 0
0  0.019476 1.585113 6.065509  0.000000 0.002108 -0.999998  0.142853 0.840641 0
Material_0
0  -0.202321 1.585113 6.119321  -0.586565 -0.002185 -0.809899  0.145690 0.840641 0
0  -0.159921 1.715703 6.119321  -0.474812 0.344522 -0.809851  0.145174 0.841130 0
0  0.019476 1.585113 6.065509  0.000000 0.002108 -0.999998  0.142853 0.840641 0
Material_0
0  -0.159921 1.715703 6.119321  -0.474812 0.344522 -0.809851  0.145174 0.841130 0
0  -0.049056 1.796200 6.119321  -0.179680 0.554462 -0.812581  0.143798 0.841456 0
0  0.019476 1.585113 6.065509  0.000000 0.002108 -0.999998  0.142853 0.840641 0
Material_0
0  -0.049056 1.796200 6.119321  -0.179680 0.554462 -0.812581  0.143798 0.841456 0
0  0.088008 1.796200 6.119321  0.179664 0.554417 -0.812615  0.141993 0.841456 0
0  0.019476 1.585113 6.065509  0.000000 0.002108 -0.999998  0.142853 0.840641 0
Material_0
0  0.088008 1.796200 6.119321  0.179664 0.554417 -0.812615  0.141993 0.841456 0
0  0.198874 1.715703 6.119321  0.474809 0.344520 -0.809853  0.140617 0.841130 0
0  0.019476 1.585113 6.065509  0.000000 0.002108 -0.999998  0.142853 0.840641 0
Material_0
0  0.198874 1.715703 6.119321  0.474809 0.344520 -0.809853  0.140617 0.841130 0
0  0.241273 1.585113 6.119321  0.586566 -0.002185 -0.809899  0.140101 0.840641 0
0  0.019476 1.585113 6.065509  0.000000 0.002108 -0.999998  0.142853 0.840641 0
Material_0
0  0.241273 1.585113 6.119321  0.586566 -0.002185 -0.809899  0.140101 0.840641 0
0  0.198874 1.454813 6.119321  0.468924 -0.344453 -0.813303  0.140617 0.840152 0
0  0.019476 1.585113 6.065509  0.000000 0.002108 -0.999998  0.142853 0.840641 0
Material_0
0  0.198874 1.454813 6.119321  0.468924 -0.344453 -0.813303  0.140617 0.840152 0
0  0.088008 1.374316 6.119321  0.179898 -0.554321 -0.812629  0.141993 0.839826 0
0  0.019476 1.585113 6.065509  0.000000 0.002108 -0.999998  0.142853 0.840641 0
Material_0
0  0.088008 1.374316 6.119321  0.179898 -0.554321 -0.812629  0.141993 0.839826 0
0  -0.049056 1.374316 6.119321  -0.179916 -0.554382 -0.812583  0.143798 0.839826 0
0  0.019476 1.585113 6.065509  0.000000 0.002108 -0.999998  0.142853 0.840641 0
Material_0
0  0.019476 1.585113 6.065509  0.000000 0.002108 -0.999998  0.142853 0.840641 0
0  -0.049056 1.374316 6.119321  -0.179916 -0.554382 -0.812583  0.143798 0.839826 0
0  -0.159921 1.454813 6.119321  -0.468863 -0.344515 -0.813313  0.145174 0.840152 0
Material_0
0  -0.083812 1.660398 1.745137  -0.808996 0.586725 -0.035779  0.144228 0.840967 0
0  -0.108180 1.585113 1.745137  -0.999998 -0.002097 0.000000  0.144486 0.840641 0
0  -0.108180 1.585113 6.103517  -0.999998 0.002180 0.000000  0.144486 0.840641 0
Material_0
0  -0.108180 1.585113 6.103517  -0.999998 0.002180 0.000000  0.144486 0.840641 0
0  -0.108180 1.585113 1.745137  -0.999998 -0.002097 0.000000  0.144486 0.840641 0
0  -0.083811 1.510118 6.103517  -0.809075 -0.586724 0.033965  0.144228 0.840315 0
Material_0
0  -0.108180 1.585113 6.103517  -0.999998 0.002180 0.000000  0.144486 0.840641 0
0  -0.083811 1.660398 6.103517  -0.808995 0.586725 -0.035778  0.144228 0.840967 0
0  -0.083812 1.660398 1.745137  -0.808996 0.586725 -0.035779  0.144228 0.840967 0
Material_0
0  -0.083812 1.660398 1.745137  -0.808996 0.586725 -0.035779  0.144228 0.840967 0
0  -0.083811 1.660398 6.103517  -0.808995 0.586725 -0.035778  0.144228 0.840967 0
0  -0.019984 1.706727 1.745137  -0.309399 0.950930 0.001793  0.143368 0.841130 0
Material_0
0  -0.083811 1.660398 6.103517  -0.808995 0.586725 -0.035778  0.144228 0.840967 0
0  -0.019983 1.706727 6.103517  -0.309432 0.950920 0.001891  0.143368 0.841130 0
0  -0.019984 1.706727 1.745137  -0.309399 0.950930 0.001793  0.143368 0.841130 0
Material_0
0  -0.019984 1.706727 1.745137  -0.309399 0.950930 0.001793  0.143368 0.841130 0
0  -0.019983 1.706727 6.103517  -0.309432 0.950920 0.001891  0.143368 0.841130 0
0  0.058935 1.706727 1.745137  0.309382 0.950936 0.001742  0.142423 0.841130 0
Material_0
0  -0.019983 1.706727 6.103517  -0.309432 0.950920 0.001891  0.143368 0.841130 0
0  0.058936 1.706727 6.103517  0.309431 0.950920 0.001892  0.142423 0.841130 0
0  0.058935 1.706727 1.745137  0.309382 0.950936 0.001742  0.142423 0.841130 0
Material_0
0  0.058935 1.706727 1.745137  0.309382 0.950936 0.001742  0.142423 0.841130 0
0  0.058936 1.706727 6.103517  0.309431 0.950920 0.001892  0.142423 0.841130 0
0  0.122763 1.660398 1.745137  0.809001 0.586717 -0.035779  0.141563 0.840967 0
Material_0
0  0.058936 1.706727 6.103517  0.309431 0.950920 0.001892  0.142423 0.841130 0
0  0.122764 1.660398 6.103517  0.808995 0.586726 -0.035779  0.141563 0.840967 0
0  0.122763 1.660398 1.745137  0.809001 0.586717 -0.035779  0.141563 0.840967 0
Material_0
0  0.122763 1.660398 1.745137  0.809001 0.586717 -0.035779  0.141563 0.840967 0
0  0.122764 1.660398 6.103517  0.808995 0.586726 -0.035779  0.141563 0.840967 0
0  0.147131 1.585113 1.745137  0.999998 -0.002200 -0.000001  0.141305 0.840641 0
Material_0
0  0.122764 1.660398 6.103517  0.808995 0.586726 -0.035779  0.141563 0.840967 0
0  0.147132 1.585113 6.103517  0.999998 -0.002097 -0.000000  0.141305 0.840641 0
0  0.147131 1.585113 1.745137  0.999998 -0.002200 -0.000001  0.141305 0.840641 0
Material_0
0  0.147131 1.585113 1.745137  0.999998 -0.002200 -0.000001  0.141305 0.840641 0
0  0.147132 1.585113 6.103517  0.999998 -0.002097 -0.000000  0.141305 0.840641 0
0  0.122763 1.510118 1.745137  0.809075 -0.586723 0.033964  0.141563 0.840315 0
Material_0
0  0.147132 1.585113 6.103517  0.999998 -0.002097 -0.000000  0.141305 0.840641 0
0  0.122764 1.510118 6.103517  0.809075 -0.586723 0.033964  0.141563 0.840315 0
0  0.122763 1.510118 1.745137  0.809075 -0.586723 0.033964  0.141563 0.840315 0
Material_0
0  0.122763 1.510118 1.745137  0.809075 -0.586723 0.033964  0.141563 0.840315 0
0  0.122764 1.510118 6.103517  0.809075 -0.586723 0.033964  0.141563 0.840315 0
0  0.058935 1.463789 1.745137  0.309412 -0.950926 -0.001844  0.142423 0.840152 0
Material_0
0  0.122764 1.510118 6.103517  0.809075 -0.586723 0.033964  0.141563 0.840315 0
0  0.058936 1.463789 6.103517  0.309427 -0.950921 -0.001893  0.142423 0.840152 0
0  0.058935 1.463789 1.745137  0.309412 -0.950926 -0.001844  0.142423 0.840152 0
Material_0
0  0.058935 1.463789 1.745137  0.309412 -0.950926 -0.001844  0.142423 0.840152 0
0  0.058936 1.463789 6.103517  0.309427 -0.950921 -0.001893  0.142423 0.840152 0
0  -0.019984 1.463789 1.745137  -0.309428 -0.950921 -0.001893  0.143368 0.840152 0
Material_0
0  0.058936 1.463789 6.103517  0.309427 -0.950921 -0.001893  0.142423 0.840152 0
0  -0.019983 1.463789 6.103517  -0.309411 -0.950927 -0.001844  0.143368 0.840152 0
0  -0.019984 1.463789 1.745137  -0.309428 -0.950921 -0.001893  0.143368 0.840152 0
Material_0
0  -0.019984 1.463789 1.745137  -0.309428 -0.950921 -0.001893  0.143368 0.840152 0
0  -0.019983 1.463789 6.103517  -0.309411 -0.950927 -0.001844  0.143368 0.840152 0
0  -0.083812 1.510118 1.745137  -0.809075 -0.586723 0.033964  0.144228 0.840315 0
Material_0
0  -0.019983 1.463789 6.103517  -0.309411 -0.950927 -0.001844  0.143368 0.840152 0
0  -0.083811 1.510118 6.103517  -0.809075 -0.586724 0.033965  0.144228 0.840315 0
0  -0.083812 1.510118 1.745137  -0.809075 -0.586723 0.033964  0.144228 0.840315 0
Material_0
0  -0.083812 1.510118 1.745137  -0.809075 -0.586723 0.033964  0.144228 0.840315 0
0  -0.083811 1.510118 6.103517  -0.809075 -0.586724 0.033965  0.144228 0.840315 0
0  -0.108180 1.585113 1.745137  -0.999998 -0.002097 0.000000  0.144486 0.840641 0
Material_0
0  -0.141498 1.702094 4.695378  -0.808999 0.586720 -0.035793  0.144916 0.841130 0
0  -0.179521 1.585113 4.695378  -0.999998 0.002170 0.000000  0.145432 0.840641 0
0  -0.179521 1.585113 5.901816  -0.999998 0.002173 0.000000  0.145432 0.840641 0
Material_0
0  -0.179521 1.585113 5.901816  -0.999998 0.002173 0.000000  0.145432 0.840641 0
0  -0.179521 1.585113 4.695378  -0.999998 0.002170 0.000000  0.145432 0.840641 0
0  -0.141498 1.468132 5.901816  -0.809073 -0.586726 -0.033976  0.144916 0.840152 0
Material_0
0  -0.179521 1.585113 5.901816  -0.999998 0.002173 0.000000  0.145432 0.840641 0
0  -0.141498 1.702094 5.901816  -0.809000 0.586717 -0.035793  0.144916 0.841130 0
0  -0.141498 1.702094 4.695378  -0.808999 0.586720 -0.035793  0.144916 0.841130 0
Material_0
0  -0.141498 1.702094 4.695378  -0.808999 0.586720 -0.035793  0.144916 0.841130 0
0  -0.141498 1.702094 5.901816  -0.809000 0.586717 -0.035793  0.144916 0.841130 0
0  -0.042065 1.774483 4.695378  -0.309430 0.950921 0.001748  0.143712 0.841374 0
Material_0
0  -0.141498 1.702094 5.901816  -0.809000 0.586717 -0.035793  0.144916 0.841130 0
0  -0.042065 1.774483 5.901816  -0.309430 0.950920 0.001748  0.143712 0.841374 0
0  -0.042065 1.774483 4.695378  -0.309430 0.950921 0.001748  0.143712 0.841374 0
Material_0
0  -0.042065 1.774483 4.695378  -0.309430 0.950921 0.001748  0.143712 0.841374 0
0  -0.042065 1.774483 5.901816  -0.309430 0.950920 0.001748  0.143712 0.841374 0
0  0.080952 1.774483 4.695378  0.309420 0.950924 0.001746  0.142079 0.841374 0
Material_0
0  -0.042065 1.774483 5.901816  -0.309430 0.950920 0.001748  0.143712 0.841374 0
0  0.080952 1.774483 5.901816  0.309414 0.950926 0.001640  0.142079 0.841374 0
0  0.080952 1.774483 4.695378  0.309420 0.950924 0.001746  0.142079 0.841374 0
Material_0
0  0.080952 1.774483 4.695378  0.309420 0.950924 0.001746  0.142079 0.841374 0
0  0.080952 1.774483 5.901816  0.309414 0.950926 0.001640  0.142079 0.841374 0
0  0.180450 1.702094 4.695378  0.808820 0.586725 0.039552  0.140875 0.841130 0
Material_0
0  0.080952 1.774483 5.901816  0.309414 0.950926 0.001640  0.142079 0.841374 0
0  0.180450 1.702094 5.901816  0.808820 0.586725 0.039552  0.140875 0.841130 0
0  0.180450 1.702094 4.695378  0.808820 0.586725 0.039552  0.140875 0.841130 0
Material_0
0  0.180450 1.702094 4.695378  0.808820 0.586725 0.039552  0.140875 0.841130 0
0  0.180450 1.702094 5.901816  0.808820 0.586725 0.039552  0.140875 0.841130 0
0  0.218473 1.585113 4.695378  0.999998 -0.002170 -0.000000  0.140359 0.840641 0
Material_0
0  0.180450 1.702094 5.901816  0.808820 0.586725 0.039552  0.140875 0.841130 0
0  0.218473 1.585113 5.901816  0.999998 -0.002121 -0.000000  0.140359 0.840641 0
0  0.218473 1.585113 4.695378  0.999998 -0.002170 -0.000000  0.140359 0.840641 0
Material_0
0  0.218473 1.585113 4.695378  0.999998 -0.002170 -0.000000  0.140359 0.840641 0
0  0.218473 1.585113 5.901816  0.999998 -0.002121 -0.000000  0.140359 0.840641 0
0  0.180450 1.468132 4.695378  0.809074 -0.586724 -0.033971  0.140875 0.840152 0
Material_0
0  0.218473 1.585113 5.901816  0.999998 -0.002121 -0.000000  0.140359 0.840641 0
0  0.180451 1.468132 5.901816  0.809070 -0.586730 -0.033971  0.140875 0.840152 0
0  0.180450 1.468132 4.695378  0.809074 -0.586724 -0.033971  0.140875 0.840152 0
Material_0
0  0.180450 1.468132 4.695378  0.809074 -0.586724 -0.033971  0.140875 0.840152 0
0  0.180451 1.468132 5.901816  0.809070 -0.586730 -0.033971  0.140875 0.840152 0
0  0.080952 1.396033 4.695378  0.309430 -0.950920 -0.001896  0.142079 0.839907 0
Material_0
0  0.180451 1.468132 5.901816  0.809070 -0.586730 -0.033971  0.140875 0.840152 0
0  0.080952 1.396033 5.901816  0.309379 -0.950937 -0.001802  0.142079 0.839907 0
0  0.080952 1.396033 4.695378  0.309430 -0.950920 -0.001896  0.142079 0.839907 0
Material_0
0  0.080952 1.396033 4.695378  0.309430 -0.950920 -0.001896  0.142079 0.839907 0
0  0.080952 1.396033 5.901816  0.309379 -0.950937 -0.001802  0.142079 0.839907 0
0  -0.042065 1.396033 4.695378  -0.309349 -0.950947 -0.001720  0.143712 0.839907 0
Material_0
0  0.080952 1.396033 5.901816  0.309379 -0.950937 -0.001802  0.142079 0.839907 0
0  -0.042065 1.396033 5.901816  -0.309415 -0.950925 -0.001865  0.143712 0.839907 0
0  -0.042065 1.396033 4.695378  -0.309349 -0.950947 -0.001720  0.143712 0.839907 0
Material_0
0  -0.042065 1.396033 4.695378  -0.309349 -0.950947 -0.001720  0.143712 0.839907 0
0  -0.042065 1.396033 5.901816  -0.309415 -0.950925 -0.001865  0.143712 0.839907 0
0  -0.141498 1.468132 4.695378  -0.809069 -0.586731 -0.033976  0.144916 0.840152 0
Material_0
0  -0.042065 1.396033 5.901816  -0.309415 -0.950925 -0.001865  0.143712 0.839907 0
0  -0.141498 1.468132 5.901816  -0.809073 -0.586726 -0.033976  0.144916 0.840152 0
0  -0.141498 1.468132 4.695378  -0.809069 -0.586731 -0.033976  0.144916 0.840152 0
Material_0
0  -0.141498 1.468132 4.695378  -0.809069 -0.586731 -0.033976  0.144916 0.840152 0
0  -0.141498 1.468132 5.901816  -0.809073 -0.586726 -0.033976  0.144916 0.840152 0
0  -0.179521 1.585113 4.695378  -0.999998 0.002170 0.000000  0.145432 0.840641 0
Material_0
0  -0.220417 2.644020 9.978719  0.000015 0.002205 0.999998  0.627335 0.840804 0
0  -0.277058 2.469707 9.978719  0.000003 0.002205 0.999998  0.628538 0.839907 0
0  -0.243021 2.469707 9.978719  0.000002 0.002205 0.999998  0.627850 0.839907 0
Material_0
0  -0.243021 2.469707 9.978719  0.000002 0.002205 0.999998  0.627850 0.839907 0
0  -0.277058 2.469707 9.978719  0.000003 0.002205 0.999998  0.628538 0.839907 0
0  -0.192913 2.315374 9.978719  0.000012 0.002205 0.999998  0.626733 0.839174 0
Material_0
0  -0.243021 2.469707 9.978719  0.000002 0.002205 0.999998  0.627850 0.839907 0
0  -0.192913 2.624041 9.978719  0.000017 0.002205 0.999998  0.626733 0.840641 0
0  -0.220417 2.644020 9.978719  0.000015 0.002205 0.999998  0.627335 0.840804 0
Material_0
0  -0.220417 2.644020 9.978719  0.000015 0.002205 0.999998  0.627335 0.840804 0
0  -0.192913 2.624041 9.978719  0.000017 0.002205 0.999998  0.626733 0.840641 0
0  -0.072182 2.751735 9.978719  -0.000000 0.002205 0.999998  0.624153 0.841293 0
Material_0
0  -0.192913 2.624041 9.978719  0.000017 0.002205 0.999998  0.626733 0.840641 0
0  -0.061664 2.719305 9.978719  -0.000000 0.002205 0.999998  0.623896 0.841130 0
0  -0.072182 2.751735 9.978719  -0.000000 0.002205 0.999998  0.624153 0.841293 0
Material_0
0  -0.072182 2.751735 9.978719  -0.000000 0.002205 0.999998  0.624153 0.841293 0
0  -0.061664 2.719305 9.978719  -0.000000 0.002205 0.999998  0.623896 0.841130 0
0  0.111070 2.751735 9.978719  -0.000010 0.002205 0.999998  0.620284 0.841293 0
Material_0
0  -0.061664 2.719305 9.978719  -0.000000 0.002205 0.999998  0.623896 0.841130 0
0  0.100552 2.719305 9.978719  -0.000008 0.002205 0.999998  0.620456 0.841130 0
0  0.111070 2.751735 9.978719  -0.000010 0.002205 0.999998  0.620284 0.841293 0
Material_0
0  0.111070 2.751735 9.978719  -0.000010 0.002205 0.999998  0.620284 0.841293 0
0  0.100552 2.719305 9.978719  -0.000008 0.002205 0.999998  0.620456 0.841130 0
0  0.259370 2.644020 9.978719  -0.000017 0.002205 0.999998  0.617103 0.840804 0
Material_0
0  0.100552 2.719305 9.978719  -0.000008 0.002205 0.999998  0.620456 0.841130 0
0  0.231801 2.624041 9.978719  -0.000012 0.002205 0.999998  0.617619 0.840641 0
0  0.259370 2.644020 9.978719  -0.000017 0.002205 0.999998  0.617103 0.840804 0
Material_0
0  0.259370 2.644020 9.978719  -0.000017 0.002205 0.999998  0.617103 0.840804 0
0  0.231801 2.624041 9.978719  -0.000012 0.002205 0.999998  0.617619 0.840641 0
0  0.316012 2.469707 9.978719  -0.000003 0.002205 0.999998  0.615814 0.839907 0
Material_0
0  0.231801 2.624041 9.978719  -0.000012 0.002205 0.999998  0.617619 0.840641 0
0  0.281975 2.469707 9.978719  -0.000002 0.002205 0.999998  0.616587 0.839907 0
0  0.316012 2.469707 9.978719  -0.000003 0.002205 0.999998  0.615814 0.839907 0
Material_0
0  0.316012 2.469707 9.978719  -0.000003 0.002205 0.999998  0.615814 0.839907 0
0  0.281975 2.469707 9.978719  -0.000002 0.002205 0.999998  0.616587 0.839907 0
0  0.259370 2.295395 9.978719  -0.000014 0.002205 0.999998  0.617103 0.839092 0
Material_0
0  0.281975 2.469707 9.978719  -0.000002 0.002205 0.999998  0.616587 0.839907 0
0  0.231801 2.315374 9.978719  -0.000017 0.002205 0.999998  0.617619 0.839174 0
0  0.259370 2.295395 9.978719  -0.000014 0.002205 0.999998  0.617103 0.839092 0
Material_0
0  0.259370 2.295395 9.978719  -0.000014 0.002205 0.999998  0.617103 0.839092 0
0  0.231801 2.315374 9.978719  -0.000017 0.002205 0.999998  0.617619 0.839174 0
0  0.111070 2.187680 9.978719  -0.000000 0.002205 0.999998  0.620284 0.838522 0
Material_0
0  0.231801 2.315374 9.978719  -0.000017 0.002205 0.999998  0.617619 0.839174 0
0  0.100552 2.220110 9.978719  0.000000 0.002205 0.999998  0.620456 0.838685 0
0  0.111070 2.187680 9.978719  -0.000000 0.002205 0.999998  0.620284 0.838522 0
Material_0
0  0.111070 2.187680 9.978719  -0.000000 0.002205 0.999998  0.620284 0.838522 0
0  0.100552 2.220110 9.978719  0.000000 0.002205 0.999998  0.620456 0.838685 0
0  -0.072182 2.187680 9.978719  0.000010 0.002205 0.999998  0.624153 0.838522 0
Material_0
0  0.100552 2.220110 9.978719  0.000000 0.002205 0.999998  0.620456 0.838685 0
0  -0.061664 2.220110 9.978719  0.000009 0.002205 0.999998  0.623896 0.838685 0
0  -0.072182 2.187680 9.978719  0.000010 0.002205 0.999998  0.624153 0.838522 0
Material_0
0  -0.072182 2.187680 9.978719  0.000010 0.002205 0.999998  0.624153 0.838522 0
0  -0.061664 2.220110 9.978719  0.000009 0.002205 0.999998  0.623896 0.838685 0
0  -0.220417 2.295394 9.978719  0.000017 0.002205 0.999998  0.627335 0.839092 0
Material_0
0  -0.061664 2.220110 9.978719  0.000009 0.002205 0.999998  0.623896 0.838685 0
0  -0.192913 2.315374 9.978719  0.000012 0.002205 0.999998  0.626733 0.839174 0
0  -0.220417 2.295394 9.978719  0.000017 0.002205 0.999998  0.627335 0.839092 0
Material_0
0  -0.220417 2.295394 9.978719  0.000017 0.002205 0.999998  0.627335 0.839092 0
0  -0.192913 2.315374 9.978719  0.000012 0.002205 0.999998  0.626733 0.839174 0
0  -0.277058 2.469707 9.978719  0.000003 0.002205 0.999998  0.628538 0.839907 0
Material_0
0  0.497760 0.279504 0.444247  -0.000000 0.939679 0.342058  0.621574 0.532630 0
0  0.497760 0.274292 0.327968  -0.000000 0.906062 -0.423146  0.611687 0.532385 0
0  -0.468805 0.274292 0.327968  -0.000000 0.906177 -0.422899  0.611687 0.532385 0
Material_0
0  -0.468805 0.274292 0.327968  -0.000000 0.906177 -0.422899  0.611687 0.532385 0
0  0.497760 0.274292 0.327968  -0.000000 0.906062 -0.423146  0.611687 0.532385 0
0  -0.468805 0.188873 0.249321  -0.000000 0.340452 -0.940262  0.605066 0.528147 0
Material_0
0  -0.468805 0.274292 0.327968  -0.000000 0.906177 -0.422899  0.611687 0.532385 0
0  -0.468805 0.279504 0.444247  -0.000000 0.939678 0.342060  0.621574 0.532630 0
0  0.497760 0.279504 0.444247  -0.000000 0.939679 0.342058  0.621574 0.532630 0
Material_0
0  0.497760 0.279504 0.444247  -0.000000 0.939679 0.342058  0.621574 0.532630 0
0  -0.468805 0.279504 0.444247  -0.000000 0.939678 0.342060  0.621574 0.532630 0
0  0.497760 0.201035 0.529668  -0.000000 0.425043 0.905173  0.628882 0.528799 0
Material_0
0  -0.468805 0.279504 0.444247  -0.000000 0.939678 0.342060  0.621574 0.532630 0
0  -0.468805 0.201034 0.529668  -0.000000 0.424943 0.905220  0.628882 0.528799 0
0  0.497760 0.201035 0.529668  -0.000000 0.425043 0.905173  0.628882 0.528799 0
Material_0
0  0.497760 0.201035 0.529668  -0.000000 0.425043 0.905173  0.628882 0.528799 0
0  -0.468805 0.201034 0.529668  -0.000000 0.424943 0.905220  0.628882 0.528799 0
0  0.497760 0.084923 0.534937  0.000000 -0.340678 0.940180  0.629312 0.523012 0
Material_0
0  -0.468805 0.201034 0.529668  -0.000000 0.424943 0.905220  0.628882 0.528799 0
0  -0.468805 0.084922 0.534937  -0.000000 -0.340731 0.940161  0.629312 0.523012 0
0  0.497760 0.084923 0.534937  0.000000 -0.340678 0.940180  0.629312 0.523012 0
Material_0
0  0.497760 0.084923 0.534937  0.000000 -0.340678 0.940180  0.629312 0.523012 0
0  -0.468805 0.084922 0.534937  -0.000000 -0.340731 0.940161  0.629312 0.523012 0
0  0.497760 -0.000786 0.456289  0.000000 -0.906180 0.422893  0.622606 0.518774 0
Material_0
0  -0.468805 0.084922 0.534937  -0.000000 -0.340731 0.940161  0.629312 0.523012 0
0  -0.468805 -0.000786 0.456289  0.000000 -0.906181 0.422890  0.622606 0.518774 0
0  0.497760 -0.000786 0.456289  0.000000 -0.906180 0.422893  0.622606 0.518774 0
Material_0
0  0.497760 -0.000786 0.456289  0.000000 -0.906180 0.422893  0.622606 0.518774 0
0  -0.468805 -0.000786 0.456289  0.000000 -0.906181 0.422890  0.622606 0.518774 0
0  0.497760 -0.005998 0.340386  0.000001 -0.939614 -0.342236  0.612804 0.518529 0
Material_0
0  -0.468805 -0.000786 0.456289  0.000000 -0.906181 0.422890  0.622606 0.518774 0
0  -0.468805 -0.005998 0.340386  0.000000 -0.939632 -0.342187  0.612804 0.518529 0
0  0.497760 -0.005998 0.340386  0.000001 -0.939614 -0.342236  0.612804 0.518529 0
Material_0
0  0.497760 -0.005998 0.340386  0.000001 -0.939614 -0.342236  0.612804 0.518529 0
0  -0.468805 -0.005998 0.340386  0.000000 -0.939632 -0.342187  0.612804 0.518529 0
0  0.497760 0.072472 0.254589  0.000000 -0.425000 -0.905194  0.605496 0.522442 0
Material_0
0  -0.468805 -0.005998 0.340386  0.000000 -0.939632 -0.342187  0.612804 0.518529 0
0  -0.468805 0.072471 0.254589  0.000001 -0.425096 -0.905149  0.605496 0.522442 0
0  0.497760 0.072472 0.254589  0.000000 -0.425000 -0.905194  0.605496 0.522442 0
Material_0
0  0.497760 0.072472 0.254589  0.000000 -0.425000 -0.905194  0.605496 0.522442 0
0  -0.468805 0.072471 0.254589  0.000001 -0.425096 -0.905149  0.605496 0.522442 0
0  0.497760 0.188873 0.249321  -0.000000 0.340450 -0.940263  0.605066 0.528147 0
Material_0
0  -0.468805 0.072471 0.254589  0.000001 -0.425096 -0.905149  0.605496 0.522442 0
0  -0.468805 0.188873 0.249321  -0.000000 0.340452 -0.940262  0.605066 0.528147 0
0  0.497760 0.188873 0.249321  -0.000000 0.340450 -0.940263  0.605066 0.528147 0
Material_0
0  0.497760 0.188873 0.249321  -0.000000 0.340450 -0.940263  0.605066 0.528147 0
0  -0.468805 0.188873 0.249321  -0.000000 0.340452 -0.940262  0.605066 0.528147 0
0  0.497760 0.274292 0.327968  -0.000000 0.906062 -0.423146  0.611687 0.532385 0
Material_0
0  0.497760 0.803022 -0.275251  0.003727 0.966946 0.254952  0.620972 0.533363 0
0  0.497760 0.787676 -0.390400  -0.000000 0.865782 -0.500421  0.611257 0.532630 0
0  -0.468805 0.787675 -0.390400  -0.000000 0.865784 -0.500419  0.611257 0.532630 0
Material_0
0  -0.468805 0.787675 -0.390400  -0.000000 0.865784 -0.500419  0.611257 0.532630 0
0  0.497760 0.787676 -0.390400  -0.000000 0.865782 -0.500421  0.611257 0.532630 0
0  -0.468805 0.695597 -0.461146  -0.000000 0.257202 -0.966358  0.605238 0.527984 0
Material_0
0  -0.468805 0.787675 -0.390400  -0.000000 0.865784 -0.500419  0.611257 0.532630 0
0  -0.468805 0.803022 -0.275251  0.003765 0.966955 0.254919  0.620972 0.533363 0
0  0.497760 0.803022 -0.275251  0.003727 0.966946 0.254952  0.620972 0.533363 0
Material_0
0  0.497760 0.803022 -0.275251  0.003727 0.966946 0.254952  0.620972 0.533363 0
0  -0.468805 0.803022 -0.275251  0.003765 0.966955 0.254919  0.620972 0.533363 0
0  0.497760 0.732081 -0.183056  0.000001 0.498908 0.866655  0.628796 0.529859 0
Material_0
0  -0.468805 0.803022 -0.275251  0.003765 0.966955 0.254919  0.620972 0.533363 0
0  -0.468805 0.732080 -0.183056  -0.000000 0.498811 0.866711  0.628796 0.529859 0
0  0.497760 0.732081 -0.183056  0.000001 0.498908 0.866655  0.628796 0.529859 0
Material_0
0  0.497760 0.732081 -0.183056  0.000001 0.498908 0.866655  0.628796 0.529859 0
0  -0.468805 0.732080 -0.183056  -0.000000 0.498811 0.866711  0.628796 0.529859 0
0  0.497760 0.616837 -0.167627  0.000000 -0.257096 0.966386  0.630086 0.524153 0
Material_0
0  -0.468805 0.732080 -0.183056  -0.000000 0.498811 0.866711  0.628796 0.529859 0
0  -0.468805 0.616837 -0.167627  -0.000001 -0.257151 0.966371  0.630086 0.524153 0
0  0.497760 0.616837 -0.167627  0.000000 -0.257096 0.966386  0.630086 0.524153 0
Material_0
0  0.497760 0.616837 -0.167627  0.000000 -0.257096 0.966386  0.630086 0.524153 0
0  -0.468805 0.616837 -0.167627  -0.000001 -0.257151 0.966371  0.630086 0.524153 0
0  0.497760 0.524758 -0.238749  0.000000 -0.865717 0.500533  0.624067 0.519507 0
Material_0
0  -0.468805 0.616837 -0.167627  -0.000001 -0.257151 0.966371  0.630086 0.524153 0
0  -0.468805 0.524758 -0.238749  0.000000 -0.865692 0.500576  0.624067 0.519507 0
0  0.497760 0.524758 -0.238749  0.000000 -0.865717 0.500533  0.624067 0.519507 0
Material_0
0  0.497760 0.524758 -0.238749  0.000000 -0.865717 0.500533  0.624067 0.519507 0
0  -0.468805 0.524758 -0.238749  0.000000 -0.865692 0.500576  0.624067 0.519507 0
0  0.497760 0.509412 -0.353899  0.000000 -0.966962 -0.254921  0.614352 0.518774 0
Material_0
0  -0.468805 0.524758 -0.238749  0.000000 -0.865692 0.500576  0.624067 0.519507 0
0  -0.468805 0.509412 -0.353899  0.000000 -0.966947 -0.254977  0.614352 0.518774 0
0  0.497760 0.509412 -0.353899  0.000000 -0.966962 -0.254921  0.614352 0.518774 0
Material_0
0  0.497760 0.509412 -0.353899  0.000000 -0.966962 -0.254921  0.614352 0.518774 0
0  -0.468805 0.509412 -0.353899  0.000000 -0.966947 -0.254977  0.614352 0.518774 0
0  0.497760 0.580353 -0.446094  0.000000 -0.498975 -0.866616  0.606528 0.522279 0
Material_0
0  -0.468805 0.509412 -0.353899  0.000000 -0.966947 -0.254977  0.614352 0.518774 0
0  -0.468805 0.580353 -0.446094  0.000000 -0.498973 -0.866618  0.606528 0.522279 0
0  0.497760 0.580353 -0.446094  0.000000 -0.498975 -0.866616  0.606528 0.522279 0
Material_0
0  0.497760 0.580353 -0.446094  0.000000 -0.498975 -0.866616  0.606528 0.522279 0
0  -0.468805 0.580353 -0.446094  0.000000 -0.498973 -0.866618  0.606528 0.522279 0
0  0.497760 0.695597 -0.461146  -0.000000 0.257095 -0.966386  0.605238 0.527984 0
Material_0
0  -0.468805 0.580353 -0.446094  0.000000 -0.498973 -0.866618  0.606528 0.522279 0
0  -0.468805 0.695597 -0.461146  -0.000000 0.257202 -0.966358  0.605238 0.527984 0
0  0.497760 0.695597 -0.461146  -0.000000 0.257095 -0.966386  0.605238 0.527984 0
Material_0
0  0.497760 0.695597 -0.461146  -0.000000 0.257095 -0.966386  0.605238 0.527984 0
0  -0.468805 0.695597 -0.461146  -0.000000 0.257202 -0.966358  0.605238 0.527984 0
0  0.497760 0.787676 -0.390400  -0.000000 0.865782 -0.500421  0.611257 0.532630 0
Material_0
0  0.556165 -0.921575 -1.003403  -0.000000 0.002007 -0.999998  0.605582 0.525946 0
0  0.556166 -1.029001 -0.958623  -0.000001 -0.706396 -0.707816  0.609365 0.520567 0
0  -0.527798 -1.029001 -0.958623  0.000000 -0.706393 -0.707820  0.609365 0.520567 0
Material_0
0  -0.527798 -1.029001 -0.958623  0.000000 -0.706393 -0.707820  0.609365 0.520567 0
0  0.556166 -1.029001 -0.958623  -0.000001 -0.706396 -0.707816  0.609365 0.520567 0
0  -0.527798 -1.073592 -0.851375  0.000000 -1.000000 -0.000003  0.618479 0.518366 0
Material_0
0  -0.527798 -1.029001 -0.958623  0.000000 -0.706393 -0.707820  0.609365 0.520567 0
0  -0.527798 -0.921575 -1.003403  0.000000 0.002065 -0.999998  0.605582 0.525946 0
0  0.556165 -0.921575 -1.003403  -0.000000 0.002007 -0.999998  0.605582 0.525946 0
Material_0
0  0.556165 -0.921575 -1.003403  -0.000000 0.002007 -0.999998  0.605582 0.525946 0
0  -0.527798 -0.921575 -1.003403  0.000000 0.002065 -0.999998  0.605582 0.525946 0
0  0.556165 -0.814150 -0.958623  0.000000 0.706402 -0.707811  0.609365 0.531244 0
Material_0
0  -0.527798 -0.921575 -1.003403  0.000000 0.002065 -0.999998  0.605582 0.525946 0
0  -0.527798 -0.814150 -0.958623  -0.000002 0.706443 -0.707771  0.609365 0.531244 0
0  0.556165 -0.814150 -0.958623  0.000000 0.706402 -0.707811  0.609365 0.531244 0
Material_0
0  0.556165 -0.814150 -0.958623  0.000000 0.706402 -0.707811  0.609365 0.531244 0
0  -0.527798 -0.814150 -0.958623  -0.000002 0.706443 -0.707771  0.609365 0.531244 0
0  0.556166 -0.769848 -0.851376  0.000000 1.000000 -0.000003  0.618479 0.533445 0
Material_0
0  -0.527798 -0.814150 -0.958623  -0.000002 0.706443 -0.707771  0.609365 0.531244 0
0  -0.527798 -0.769848 -0.851376  0.000000 1.000000 0.000001  0.618479 0.533445 0
0  0.556166 -0.769848 -0.851376  0.000000 1.000000 -0.000003  0.618479 0.533445 0
Material_0
0  0.556166 -0.769848 -0.851376  0.000000 1.000000 -0.000003  0.618479 0.533445 0
0  -0.527798 -0.769848 -0.851376  0.000000 1.000000 0.000001  0.618479 0.533445 0
0  0.556166 -0.814150 -0.744128  0.000000 0.706366 0.707847  0.627593 0.531244 0
Material_0
0  -0.527798 -0.769848 -0.851376  0.000000 1.000000 0.000001  0.618479 0.533445 0
0  -0.527798 -0.814150 -0.744128  0.000000 0.706401 0.707812  0.627593 0.531244 0
0  0.556166 -0.814150 -0.744128  0.000000 0.706366 0.707847  0.627593 0.531244 0
Material_0
0  0.556166 -0.814150 -0.744128  0.000000 0.706366 0.707847  0.627593 0.531244 0
0  -0.527798 -0.814150 -0.744128  0.000000 0.706401 0.707812  0.627593 0.531244 0
0  0.556166 -0.921575 -0.699348  0.000000 -0.002006 0.999998  0.631376 0.525946 0
Material_0
0  -0.527798 -0.814150 -0.744128  0.000000 0.706401 0.707812  0.627593 0.531244 0
0  -0.527798 -0.921575 -0.699348  -0.000000 0.002007 0.999998  0.631376 0.525946 0
0  0.556166 -0.921575 -0.699348  0.000000 -0.002006 0.999998  0.631376 0.525946 0
Material_0
0  0.556166 -0.921575 -0.699348  0.000000 -0.002006 0.999998  0.631376 0.525946 0
0  -0.527798 -0.921575 -0.699348  -0.000000 0.002007 0.999998  0.631376 0.525946 0
0  0.556166 -1.029000 -0.744128  -0.003716 -0.706352 0.707851  0.627593 0.520567 0
Material_0
0  -0.527798 -0.921575 -0.699348  -0.000000 0.002007 0.999998  0.631376 0.525946 0
0  -0.527798 -1.029000 -0.744128  -0.003713 -0.706351 0.707852  0.627593 0.520567 0
0  0.556166 -1.029000 -0.744128  -0.003716 -0.706352 0.707851  0.627593 0.520567 0
Material_0
0  0.556166 -1.029000 -0.744128  -0.003716 -0.706352 0.707851  0.627593 0.520567 0
0  -0.527798 -1.029000 -0.744128  -0.003713 -0.706351 0.707852  0.627593 0.520567 0
0  0.556166 -1.073592 -0.851375  0.000000 -1.000000 0.000002  0.618479 0.518366 0
Material_0
0  -0.527798 -1.029000 -0.744128  -0.003713 -0.706351 0.707852  0.627593 0.520567 0
0  -0.527798 -1.073592 -0.851375  0.000000 -1.000000 -0.000003  0.618479 0.518366 0
0  0.556166 -1.073592 -0.851375  0.000000 -1.000000 0.000002  0.618479 0.518366 0
Material_0
0  0.556166 -1.073592 -0.851375  0.000000 -1.000000 0.000002  0.618479 0.518366 0
0  -0.527798 -1.073592 -0.851375  0.000000 -1.000000 -0.000003  0.618479 0.518366 0
0  0.556166 -1.029001 -0.958623  -0.000001 -0.706396 -0.707816  0.609365 0.520567 0
Material_0
0  -0.222639 -2.798478 -0.971793  -0.709153 -0.085111 0.699899  0.145948 0.824258 0
0  -0.322987 -2.769233 -1.211877  -0.999998 0.002130 0.000007  0.147237 0.824340 0
0  -0.322987 -2.972791 -1.236713  -0.999998 0.002030 0.000024  0.147237 0.823524 0
Material_0
0  -0.322987 -2.972791 -1.236713  -0.999998 0.002030 0.000024  0.147237 0.823524 0
0  -0.322987 -2.769233 -1.211877  -0.999998 0.002130 0.000007  0.147237 0.824340 0
0  -0.222639 -2.943546 -1.477173  -0.706866 0.085329 -0.702182  0.145948 0.823687 0
Material_0
0  -0.322987 -2.972791 -1.236713  -0.999998 0.002030 0.000024  0.147237 0.823524 0
0  -0.222639 -3.002326 -0.996630  -0.709047 -0.085132 0.700003  0.145948 0.823443 0
0  -0.222639 -2.798478 -0.971793  -0.709153 -0.085111 0.699899  0.145948 0.824258 0
Material_0
0  -0.222639 -2.798478 -0.971793  -0.709153 -0.085111 0.699899  0.145948 0.824258 0
0  -0.222639 -3.002326 -0.996630  -0.709047 -0.085132 0.700003  0.145948 0.823443 0
0  0.019476 -2.810639 -0.872073  0.000006 -0.120127 0.992758  0.142853 0.824176 0
Material_0
0  -0.222639 -3.002326 -0.996630  -0.709047 -0.085132 0.700003  0.145948 0.823443 0
0  0.019476 -3.014197 -0.896909  0.000007 -0.120071 0.992765  0.142853 0.823361 0
0  0.019476 -2.810639 -0.872073  0.000006 -0.120127 0.992758  0.142853 0.824176 0
Material_0
0  0.019476 -2.810639 -0.872073  0.000006 -0.120127 0.992758  0.142853 0.824176 0
0  0.019476 -3.014197 -0.896909  0.000007 -0.120071 0.992765  0.142853 0.823361 0
0  0.261590 -2.798478 -0.971793  0.709185 -0.085103 0.699867  0.139843 0.824258 0
Material_0
0  0.019476 -3.014197 -0.896909  0.000007 -0.120071 0.992765  0.142853 0.823361 0
0  0.261590 -3.002326 -0.996630  0.709183 -0.085102 0.699869  0.139843 0.823443 0
0  0.261590 -2.798478 -0.971793  0.709185 -0.085103 0.699867  0.139843 0.824258 0
Material_0
0  0.261590 -2.798478 -0.971793  0.709185 -0.085103 0.699867  0.139843 0.824258 0
0  0.261590 -3.002326 -0.996630  0.709183 -0.085102 0.699869  0.139843 0.823443 0
0  0.361938 -2.769233 -1.211877  0.999998 -0.002083 0.000015  0.138554 0.824340 0
Material_0
0  0.261590 -3.002326 -0.996630  0.709183 -0.085102 0.699869  0.139843 0.823443 0
0  0.361938 -2.972791 -1.236713  0.999998 -0.002154 0.000005  0.138554 0.823524 0
0  0.361938 -2.769233 -1.211877  0.999998 -0.002083 0.000015  0.138554 0.824340 0
Material_0
0  0.361938 -2.769233 -1.211877  0.999998 -0.002083 0.000015  0.138554 0.824340 0
0  0.361938 -2.972791 -1.236713  0.999998 -0.002154 0.000005  0.138554 0.823524 0
0  0.261590 -2.739988 -1.452337  0.707032 0.085412 -0.702005  0.139843 0.824503 0
Material_0
0  0.361938 -2.972791 -1.236713  0.999998 -0.002154 0.000005  0.138554 0.823524 0
0  0.261590 -2.943546 -1.477173  0.706617 0.085155 -0.702454  0.139843 0.823687 0
0  0.261590 -2.739988 -1.452337  0.707032 0.085412 -0.702005  0.139843 0.824503 0
Material_0
0  0.261590 -2.739988 -1.452337  0.707032 0.085412 -0.702005  0.139843 0.824503 0
0  0.261590 -2.943546 -1.477173  0.706617 0.085155 -0.702454  0.139843 0.823687 0
0  0.019475 -2.727827 -1.552058  0.000003 0.120221 -0.992747  0.142853 0.824503 0
Material_0
0  0.261590 -2.943546 -1.477173  0.706617 0.085155 -0.702454  0.139843 0.823687 0
0  0.019475 -2.931385 -1.576894  -0.000001 0.120109 -0.992761  0.142853 0.823687 0
0  0.019475 -2.727827 -1.552058  0.000003 0.120221 -0.992747  0.142853 0.824503 0
Material_0
0  0.019475 -2.727827 -1.552058  0.000003 0.120221 -0.992747  0.142853 0.824503 0
0  0.019475 -2.931385 -1.576894  -0.000001 0.120109 -0.992761  0.142853 0.823687 0
0  -0.222639 -2.739988 -1.452337  -0.706603 0.085139 -0.702469  0.145948 0.824503 0
Material_0
0  0.019475 -2.931385 -1.576894  -0.000001 0.120109 -0.992761  0.142853 0.823687 0
0  -0.222639 -2.943546 -1.477173  -0.706866 0.085329 -0.702182  0.145948 0.823687 0
0  -0.222639 -2.739988 -1.452337  -0.706603 0.085139 -0.702469  0.145948 0.824503 0
Material_0
0  -0.222639 -2.739988 -1.452337  -0.706603 0.085139 -0.702469  0.145948 0.824503 0
0  -0.222639 -2.943546 -1.477173  -0.706866 0.085329 -0.702182  0.145948 0.823687 0
0  -0.322987 -2.769233 -1.211877  -0.999998 0.002130 0.000007  0.147237 0.824340 0
Material_0
0  -0.094004 -2.962657 -1.121188  -0.709054 -0.085119 0.699998  0.153514 0.538743 0
0  -0.140976 -2.949048 -1.234079  -0.999998 0.002191 0.000001  0.156007 0.539150 0
0  -0.140976 -3.152606 -1.258539  -0.999998 0.002120 0.000021  0.156007 0.532956 0
Material_0
0  -0.140976 -3.152606 -1.258539  -0.999998 0.002120 0.000021  0.156007 0.532956 0
0  -0.140976 -2.949048 -1.234079  -0.999998 0.002191 0.000001  0.156007 0.539150 0
0  -0.094004 -3.138707 -1.371431  -0.707237 0.085380 -0.701802  0.153514 0.533363 0
Material_0
0  -0.140976 -3.152606 -1.258539  -0.999998 0.002120 0.000021  0.156007 0.532956 0
0  -0.094004 -3.166215 -1.146023  -0.709195 -0.085101 0.699857  0.153514 0.532548 0
0  -0.094004 -2.962657 -1.121188  -0.709054 -0.085119 0.699998  0.153514 0.538743 0
Material_0
0  -0.094004 -2.962657 -1.121188  -0.709054 -0.085119 0.699998  0.153514 0.538743 0
0  -0.094004 -3.166215 -1.146023  -0.709195 -0.085101 0.699857  0.153514 0.532548 0
0  0.019476 -2.968447 -1.074526  0.000001 -0.120228 0.992746  0.147581 0.538580 0
Material_0
0  -0.094004 -3.166215 -1.146023  -0.709195 -0.085101 0.699857  0.153514 0.532548 0
0  0.019476 -3.172006 -1.099361  -0.000001 -0.120229 0.992746  0.147581 0.532385 0
0  0.019476 -2.968447 -1.074526  0.000001 -0.120228 0.992746  0.147581 0.538580 0
Material_0
0  0.019476 -2.968447 -1.074526  0.000001 -0.120228 0.992746  0.147581 0.538580 0
0  0.019476 -3.172006 -1.099361  -0.000001 -0.120229 0.992746  0.147581 0.532385 0
0  0.132955 -2.962657 -1.121188  0.709170 -0.085106 0.699882  0.141563 0.538743 0
Material_0
0  0.019476 -3.172006 -1.099361  -0.000001 -0.120229 0.992746  0.147581 0.532385 0
0  0.132955 -3.166215 -1.146023  0.709210 -0.085139 0.699837  0.141563 0.532548 0
0  0.132955 -2.962657 -1.121188  0.709170 -0.085106 0.699882  0.141563 0.538743 0
Material_0
0  0.132955 -2.962657 -1.121188  0.709170 -0.085106 0.699882  0.141563 0.538743 0
0  0.132955 -3.166215 -1.146023  0.709210 -0.085139 0.699837  0.141563 0.532548 0
0  0.179993 -2.949048 -1.234079  0.999998 -0.002060 -0.000050  0.139156 0.539150 0
Material_0
0  0.132955 -3.166215 -1.146023  0.709210 -0.085139 0.699837  0.141563 0.532548 0
0  0.179993 -3.152606 -1.258539  0.999998 -0.002183 -0.000000  0.139156 0.532956 0
0  0.179993 -2.949048 -1.234079  0.999998 -0.002060 -0.000050  0.139156 0.539150 0
Material_0
0  0.179993 -2.949048 -1.234079  0.999998 -0.002060 -0.000050  0.139156 0.539150 0
0  0.179993 -3.152606 -1.258539  0.999998 -0.002183 -0.000000  0.139156 0.532956 0
0  0.132955 -2.935149 -1.346594  0.706878 0.085423 -0.702158  0.141563 0.539558 0
Material_0
0  0.179993 -3.152606 -1.258539  0.999998 -0.002183 -0.000000  0.139156 0.532956 0
0  0.132955 -3.138707 -1.371431  0.706554 0.085111 -0.702522  0.141563 0.533363 0
0  0.132955 -2.935149 -1.346594  0.706878 0.085423 -0.702158  0.141563 0.539558 0
Material_0
0  0.132955 -2.935149 -1.346594  0.706878 0.085423 -0.702158  0.141563 0.539558 0
0  0.132955 -3.138707 -1.371431  0.706554 0.085111 -0.702522  0.141563 0.533363 0
0  0.019476 -2.929358 -1.393257  -0.000002 0.119954 -0.992779  0.147581 0.539721 0
Material_0
0  0.132955 -3.138707 -1.371431  0.706554 0.085111 -0.702522  0.141563 0.533363 0
0  0.019476 -3.133205 -1.418093  -0.000006 0.120009 -0.992773  0.147581 0.533526 0
0  0.019476 -2.929358 -1.393257  -0.000002 0.119954 -0.992779  0.147581 0.539721 0
Material_0
0  0.019476 -2.929358 -1.393257  -0.000002 0.119954 -0.992779  0.147581 0.539721 0
0  0.019476 -3.133205 -1.418093  -0.000006 0.120009 -0.992773  0.147581 0.533526 0
0  -0.094004 -2.935149 -1.346594  -0.706597 0.085188 -0.702470  0.153514 0.539558 0
Material_0
0  0.019476 -3.133205 -1.418093  -0.000006 0.120009 -0.992773  0.147581 0.533526 0
0  -0.094004 -3.138707 -1.371431  -0.707237 0.085380 -0.701802  0.153514 0.533363 0
0  -0.094004 -2.935149 -1.346594  -0.706597 0.085188 -0.702470  0.153514 0.539558 0
Material_0
0  -0.094004 -2.935149 -1.346594  -0.706597 0.085188 -0.702470  0.153514 0.539558 0
0  -0.094004 -3.138707 -1.371431  -0.707237 0.085380 -0.701802  0.153514 0.533363 0
0  -0.140976 -2.949048 -1.234079  -0.999998 0.002191 0.000001  0.156007 0.539150 0
Material_0
0  -0.223880 1.585113 6.538903  -0.999998 0.002202 -0.000185  0.352035 0.840641 0
0  -0.135422 1.697750 6.605509  0.000032 0.002132 0.999998  0.350918 0.841048 0
0  -0.177365 1.728154 6.538903  -0.808987 0.586724 -0.035969  0.351519 0.841211 0
Material_0
0  -0.177365 1.728154 6.538903  -0.808987 0.586724 -0.035969  0.351519 0.841211 0
0  -0.135422 1.697750 6.605509  0.000032 0.002132 0.999998  0.350918 0.841048 0
0  -0.039648 1.767244 6.605509  0.000028 0.002153 0.999998  0.349714 0.841374 0
Material_0
0  -0.135422 1.697750 6.605509  0.000032 0.002132 0.999998  0.350918 0.841048 0
0  -0.223880 1.585113 6.538903  -0.999998 0.002202 -0.000185  0.352035 0.840641 0
0  -0.171942 1.585113 6.605509  0.000038 0.002158 0.999998  0.351433 0.840641 0
Material_0
0  -0.223880 1.585113 6.538903  -0.999998 0.002202 -0.000185  0.352035 0.840641 0
0  -0.177365 1.442362 6.538903  -0.809087 -0.586696 -0.034149  0.351519 0.840070 0
0  -0.171942 1.585113 6.605509  0.000038 0.002158 0.999998  0.351433 0.840641 0
Material_0
0  -0.171942 1.585113 6.605509  0.000038 0.002158 0.999998  0.351433 0.840641 0
0  -0.177365 1.442362 6.538903  -0.809087 -0.586696 -0.034149  0.351519 0.840070 0
0  -0.135422 1.472765 6.605509  0.000013 0.002181 0.999998  0.350918 0.840152 0
Material_0
0  -0.177365 1.442362 6.538903  -0.809087 -0.586696 -0.034149  0.351519 0.840070 0
0  -0.055719 1.353758 6.538903  -0.309424 -0.950922 -0.002068  0.349972 0.839744 0
0  -0.135422 1.472765 6.605509  0.000013 0.002181 0.999998  0.350918 0.840152 0
Material_0
0  -0.135422 1.472765 6.605509  0.000013 0.002181 0.999998  0.350918 0.840152 0
0  -0.055719 1.353758 6.538903  -0.309424 -0.950922 -0.002068  0.349972 0.839744 0
0  -0.039648 1.403272 6.605509  0.000001 0.002218 0.999997  0.349714 0.839907 0
Material_0
0  -0.055719 1.353758 6.538903  -0.309424 -0.950922 -0.002068  0.349972 0.839744 0
0  0.094672 1.353758 6.538903  0.309447 -0.950914 -0.002097  0.347994 0.839744 0
0  -0.039648 1.403272 6.605509  0.000001 0.002218 0.999997  0.349714 0.839907 0
Material_0
0  -0.039648 1.403272 6.605509  0.000001 0.002218 0.999997  0.349714 0.839907 0
0  0.094672 1.353758 6.538903  0.309447 -0.950914 -0.002097  0.347994 0.839744 0
0  0.078600 1.403272 6.605509  0.000027 0.002200 0.999998  0.348252 0.839907 0
Material_0
0  0.094672 1.353758 6.538903  0.309447 -0.950914 -0.002097  0.347994 0.839744 0
0  0.216317 1.442362 6.538903  0.809091 -0.586691 -0.034137  0.346447 0.840070 0
0  0.078600 1.403272 6.605509  0.000027 0.002200 0.999998  0.348252 0.839907 0
Material_0
0  0.078600 1.403272 6.605509  0.000027 0.002200 0.999998  0.348252 0.839907 0
0  0.216317 1.442362 6.538903  0.809091 -0.586691 -0.034137  0.346447 0.840070 0
0  0.174310 1.472765 6.605509  -0.000016 0.002226 0.999997  0.346963 0.840152 0
Material_0
0  0.216317 1.442362 6.538903  0.809091 -0.586691 -0.034137  0.346447 0.840070 0
0  0.262832 1.585113 6.538903  0.999998 0.002194 -0.000181  0.345845 0.840641 0
0  0.174310 1.472765 6.605509  -0.000016 0.002226 0.999997  0.346963 0.840152 0
Material_0
0  0.174310 1.472765 6.605509  -0.000016 0.002226 0.999997  0.346963 0.840152 0
0  0.262832 1.585113 6.538903  0.999998 0.002194 -0.000181  0.345845 0.840641 0
0  0.210829 1.585113 6.605509  -0.000051 0.002184 0.999998  0.346533 0.840641 0
Material_0
0  0.262832 1.585113 6.538903  0.999998 0.002194 -0.000181  0.345845 0.840641 0
0  0.216317 1.728154 6.538903  0.808995 0.586713 -0.035998  0.346447 0.841211 0
0  0.210829 1.585113 6.605509  -0.000051 0.002184 0.999998  0.346533 0.840641 0
Material_0
0  0.210829 1.585113 6.605509  -0.000051 0.002184 0.999998  0.346533 0.840641 0
0  0.216317 1.728154 6.538903  0.808995 0.586713 -0.035998  0.346447 0.841211 0
0  0.174310 1.697751 6.605509  -0.000033 0.002161 0.999998  0.346963 0.841048 0
Material_0
0  0.216317 1.728154 6.538903  0.808995 0.586713 -0.035998  0.346447 0.841211 0
0  0.094672 1.816758 6.538903  0.309405 0.950929 0.001679  0.347994 0.841537 0
0  0.174310 1.697751 6.605509  -0.000033 0.002161 0.999998  0.346963 0.841048 0
Material_0
0  0.174310 1.697751 6.605509  -0.000033 0.002161 0.999998  0.346963 0.841048 0
0  0.094672 1.816758 6.538903  0.309405 0.950929 0.001679  0.347994 0.841537 0
0  0.078600 1.767244 6.605509  -0.000022 0.002174 0.999998  0.348252 0.841374 0
Material_0
0  0.094672 1.816758 6.538903  0.309405 0.950929 0.001679  0.347994 0.841537 0
0  -0.055719 1.816758 6.538903  -0.309446 0.950915 0.001673  0.349972 0.841537 0
0  0.078600 1.767244 6.605509  -0.000022 0.002174 0.999998  0.348252 0.841374 0
Material_0
0  0.078600 1.767244 6.605509  -0.000022 0.002174 0.999998  0.348252 0.841374 0
0  -0.055719 1.816758 6.538903  -0.309446 0.950915 0.001673  0.349972 0.841537 0
0  -0.039648 1.767244 6.605509  0.000028 0.002153 0.999998  0.349714 0.841374 0
Material_0
0  -0.055719 1.816758 6.538903  -0.309446 0.950915 0.001673  0.349972 0.841537 0
0  -0.177365 1.728154 6.538903  -0.808987 0.586724 -0.035969  0.351519 0.841211 0
0  -0.039648 1.767244 6.605509  0.000028 0.002153 0.999998  0.349714 0.841374 0
Material_0
0  -0.317956 2.714672 4.699894  -0.808996 0.586723 -0.035792  0.147237 0.845124 0
0  -0.397594 2.469707 4.699894  -0.999998 0.002151 0.000000  0.148183 0.844145 0
0  -0.397594 2.469707 5.764088  -0.999998 0.002194 0.000181  0.148183 0.844145 0
Material_0
0  -0.397594 2.469707 5.764088  -0.999998 0.002194 0.000181  0.148183 0.844145 0
0  -0.397594 2.469707 4.699894  -0.999998 0.002151 0.000000  0.148183 0.844145 0
0  -0.317956 2.224453 5.764088  -0.809092 -0.586713 -0.033741  0.147237 0.843167 0
Material_0
0  -0.397594 2.469707 4.699894  -0.999998 0.002151 0.000000  0.148183 0.844145 0
0  -0.317956 2.224453 4.699894  -0.809073 -0.586728 -0.033928  0.147237 0.843167 0
0  -0.317956 2.224453 5.764088  -0.809092 -0.586713 -0.033741  0.147237 0.843167 0
Material_0
0  -0.317956 2.224453 5.764088  -0.809092 -0.586713 -0.033741  0.147237 0.843167 0
0  -0.317956 2.224453 4.699894  -0.809073 -0.586728 -0.033928  0.147237 0.843167 0
0  -0.109421 2.073015 5.764088  -0.309421 -0.950924 -0.001705  0.144572 0.842597 0
Material_0
0  -0.317956 2.224453 4.699894  -0.809073 -0.586728 -0.033928  0.147237 0.843167 0
0  -0.109421 2.073015 4.699894  -0.309359 -0.950944 -0.001640  0.144572 0.842597 0
0  -0.109421 2.073015 5.764088  -0.309421 -0.950924 -0.001705  0.144572 0.842597 0
Material_0
0  -0.109421 2.073015 5.764088  -0.309421 -0.950924 -0.001705  0.144572 0.842597 0
0  -0.109421 2.073015 4.699894  -0.309359 -0.950944 -0.001640  0.144572 0.842597 0
0  0.148308 2.073015 5.764088  0.309421 -0.950923 -0.001704  0.141219 0.842597 0
Material_0
0  -0.109421 2.073015 4.699894  -0.309359 -0.950944 -0.001640  0.144572 0.842597 0
0  0.148308 2.073015 4.699894  0.309437 -0.950918 -0.001923  0.141219 0.842597 0
0  0.148308 2.073015 5.764088  0.309421 -0.950923 -0.001704  0.141219 0.842597 0
Material_0
0  0.148308 2.073015 5.764088  0.309421 -0.950923 -0.001704  0.141219 0.842597 0
0  0.148308 2.073015 4.699894  0.309437 -0.950918 -0.001923  0.141219 0.842597 0
0  0.356908 2.224453 5.764088  0.809083 -0.586723 -0.033784  0.138640 0.843167 0
Material_0
0  0.148308 2.073015 4.699894  0.309437 -0.950918 -0.001923  0.141219 0.842597 0
0  0.356908 2.224453 4.699894  0.809074 -0.586726 -0.033927  0.138640 0.843167 0
0  0.356908 2.224453 5.764088  0.809083 -0.586723 -0.033784  0.138640 0.843167 0
Material_0
0  0.356908 2.224453 5.764088  0.809083 -0.586723 -0.033784  0.138640 0.843167 0
0  0.356908 2.224453 4.699894  0.809074 -0.586726 -0.033927  0.138640 0.843167 0
0  0.436546 2.469707 5.764088  0.999998 0.002180 0.000203  0.137608 0.844145 0
Material_0
0  0.356908 2.224453 4.699894  0.809074 -0.586726 -0.033927  0.138640 0.843167 0
0  0.436546 2.469707 4.699894  0.999998 -0.002017 -0.000001  0.137608 0.844145 0
0  0.436546 2.469707 5.764088  0.999998 0.002180 0.000203  0.137608 0.844145 0
Material_0
0  0.436546 2.469707 5.764088  0.999998 0.002180 0.000203  0.137608 0.844145 0
0  0.436546 2.469707 4.699894  0.999998 -0.002017 -0.000001  0.137608 0.844145 0
0  0.356908 2.714672 5.764088  0.809008 0.586720 -0.035589  0.138640 0.845124 0
Material_0
0  0.436546 2.469707 4.699894  0.999998 -0.002017 -0.000001  0.137608 0.844145 0
0  0.356908 2.714672 4.699894  0.808821 0.586725 0.039521  0.138640 0.845124 0
0  0.356908 2.714672 5.764088  0.809008 0.586720 -0.035589  0.138640 0.845124 0
Material_0
0  0.356908 2.714672 5.764088  0.809008 0.586720 -0.035589  0.138640 0.845124 0
0  0.356908 2.714672 4.699894  0.808821 0.586725 0.039521  0.138640 0.845124 0
0  0.148308 2.866400 5.764088  0.309428 0.950920 0.002084  0.141219 0.845694 0
Material_0
0  0.356908 2.714672 4.699894  0.808821 0.586725 0.039521  0.138640 0.845124 0
0  0.148308 2.866400 4.699894  0.309421 0.950923 0.001805  0.141219 0.845694 0
0  0.148308 2.866400 5.764088  0.309428 0.950920 0.002084  0.141219 0.845694 0
Material_0
0  0.148308 2.866400 5.764088  0.309428 0.950920 0.002084  0.141219 0.845694 0
0  0.148308 2.866400 4.699894  0.309421 0.950923 0.001805  0.141219 0.845694 0
0  -0.109421 2.866400 5.764088  -0.309431 0.950920 0.002071  0.144572 0.845694 0
Material_0
0  0.148308 2.866400 4.699894  0.309421 0.950923 0.001805  0.141219 0.845694 0
0  -0.109421 2.866400 4.699894  -0.309416 0.950925 0.001650  0.144572 0.845694 0
0  -0.109421 2.866400 5.764088  -0.309431 0.950920 0.002071  0.144572 0.845694 0
Material_0
0  -0.109421 2.866400 5.764088  -0.309431 0.950920 0.002071  0.144572 0.845694 0
0  -0.109421 2.866400 4.699894  -0.309416 0.950925 0.001650  0.144572 0.845694 0
0  -0.317956 2.714672 5.764088  -0.809000 0.586729 -0.035608  0.147237 0.845124 0
Material_0
0  -0.109421 2.866400 4.699894  -0.309416 0.950925 0.001650  0.144572 0.845694 0
0  -0.317956 2.714672 4.699894  -0.808996 0.586723 -0.035792  0.147237 0.845124 0
0  -0.317956 2.714672 5.764088  -0.809000 0.586729 -0.035608  0.147237 0.845124 0
Material_0
0  -0.317956 2.714672 4.699894  -0.808996 0.586723 -0.035792  0.147237 0.845124 0
0  -0.397594 2.469707 5.764088  -0.999998 0.002194 0.000181  0.148183 0.844145 0
0  -0.317956 2.714672 5.764088  -0.809000 0.586729 -0.035608  0.147237 0.845124 0
Material_0
0  -0.397594 2.469707 5.764088  -0.999998 0.002194 0.000181  0.148183 0.844145 0
0  -0.287055 2.692376 5.907461  0.000163 0.002028 0.999998  0.146807 0.845042 0
0  -0.317956 2.714672 5.764088  -0.809000 0.586729 -0.035608  0.147237 0.845124 0
Material_0
0  -0.287055 2.692376 5.907461  0.000163 0.002028 0.999998  0.146807 0.845042 0
0  -0.097596 2.829916 5.907461  0.000098 0.001960 0.999998  0.144400 0.845613 0
0  -0.317956 2.714672 5.764088  -0.809000 0.586729 -0.035608  0.147237 0.845124 0
Material_0
0  -0.317956 2.714672 5.764088  -0.809000 0.586729 -0.035608  0.147237 0.845124 0
0  -0.097596 2.829916 5.907461  0.000098 0.001960 0.999998  0.144400 0.845613 0
0  -0.109421 2.866400 5.764088  -0.309431 0.950920 0.002071  0.144572 0.845694 0
Material_0
0  -0.097596 2.829916 5.907461  0.000098 0.001960 0.999998  0.144400 0.845613 0
0  0.136548 2.829916 5.907461  -0.000092 0.001993 0.999998  0.141391 0.845613 0
0  -0.109421 2.866400 5.764088  -0.309431 0.950920 0.002071  0.144572 0.845694 0
Material_0
0  -0.109421 2.866400 5.764088  -0.309431 0.950920 0.002071  0.144572 0.845694 0
0  0.136548 2.829916 5.907461  -0.000092 0.001993 0.999998  0.141391 0.845613 0
0  0.148308 2.866400 5.764088  0.309428 0.950920 0.002084  0.141219 0.845694 0
Material_0
0  0.136548 2.829916 5.907461  -0.000092 0.001993 0.999998  0.141391 0.845613 0
0  0.325941 2.692376 5.907461  -0.000203 0.002066 0.999998  0.138984 0.845042 0
0  0.148308 2.866400 5.764088  0.309428 0.950920 0.002084  0.141219 0.845694 0
Material_0
0  0.148308 2.866400 5.764088  0.309428 0.950920 0.002084  0.141219 0.845694 0
0  0.325941 2.692376 5.907461  -0.000203 0.002066 0.999998  0.138984 0.845042 0
0  0.356908 2.714672 5.764088  0.809008 0.586720 -0.035589  0.138640 0.845124 0
Material_0
0  0.325941 2.692376 5.907461  -0.000203 0.002066 0.999998  0.138984 0.845042 0
0  0.398328 2.469707 5.907461  -0.000242 0.002121 0.999998  0.138038 0.844145 0
0  0.356908 2.714672 5.764088  0.809008 0.586720 -0.035589  0.138640 0.845124 0
Material_0
0  0.356908 2.714672 5.764088  0.809008 0.586720 -0.035589  0.138640 0.845124 0
0  0.398328 2.469707 5.907461  -0.000242 0.002121 0.999998  0.138038 0.844145 0
0  0.436546 2.469707 5.764088  0.999998 0.002180 0.000203  0.137608 0.844145 0
Material_0
0  0.398328 2.469707 5.907461  -0.000242 0.002121 0.999998  0.138038 0.844145 0
0  0.325941 2.247039 5.907461  -0.000190 0.002263 0.999997  0.138984 0.843249 0
0  0.436546 2.469707 5.764088  0.999998 0.002180 0.000203  0.137608 0.844145 0
Material_0
0  0.436546 2.469707 5.764088  0.999998 0.002180 0.000203  0.137608 0.844145 0
0  0.325941 2.247039 5.907461  -0.000190 0.002263 0.999997  0.138984 0.843249 0
0  0.356908 2.224453 5.764088  0.809083 -0.586723 -0.033784  0.138640 0.843167 0
Material_0
0  0.325941 2.247039 5.907461  -0.000190 0.002263 0.999997  0.138984 0.843249 0
0  0.136548 2.109210 5.907461  -0.000091 0.002403 0.999997  0.141391 0.842760 0
0  0.356908 2.224453 5.764088  0.809083 -0.586723 -0.033784  0.138640 0.843167 0
Material_0
0  0.356908 2.224453 5.764088  0.809083 -0.586723 -0.033784  0.138640 0.843167 0
0  0.136548 2.109210 5.907461  -0.000091 0.002403 0.999997  0.141391 0.842760 0
0  0.148308 2.073015 5.764088  0.309421 -0.950923 -0.001704  0.141219 0.842597 0
Material_0
0  0.136548 2.109210 5.907461  -0.000091 0.002403 0.999997  0.141391 0.842760 0
0  -0.097596 2.109210 5.907461  -0.000000 0.002394 0.999997  0.144400 0.842760 0
0  0.148308 2.073015 5.764088  0.309421 -0.950923 -0.001704  0.141219 0.842597 0
Material_0
0  0.148308 2.073015 5.764088  0.309421 -0.950923 -0.001704  0.141219 0.842597 0
0  -0.097596 2.109210 5.907461  -0.000000 0.002394 0.999997  0.144400 0.842760 0
0  -0.109421 2.073015 5.764088  -0.309421 -0.950924 -0.001705  0.144572 0.842597 0
Material_0
0  -0.097596 2.109210 5.907461  -0.000000 0.002394 0.999997  0.144400 0.842760 0
0  -0.287055 2.247039 5.907461  0.000139 0.002375 0.999997  0.146807 0.843249 0
0  -0.109421 2.073015 5.764088  -0.309421 -0.950924 -0.001705  0.144572 0.842597 0
Material_0
0  -0.109421 2.073015 5.764088  -0.309421 -0.950924 -0.001705  0.144572 0.842597 0
0  -0.287055 2.247039 5.907461  0.000139 0.002375 0.999997  0.146807 0.843249 0
0  -0.317956 2.224453 5.764088  -0.809092 -0.586713 -0.033741  0.147237 0.843167 0
Material_0
0  -0.317956 2.224453 5.764088  -0.809092 -0.586713 -0.033741  0.147237 0.843167 0
0  -0.287055 2.247039 5.907461  0.000139 0.002375 0.999997  0.146807 0.843249 0
0  -0.359376 2.469707 5.907461  0.000251 0.002264 0.999997  0.147753 0.844145 0
Material_0
0  -0.287055 2.247039 5.907461  0.000139 0.002375 0.999997  0.146807 0.843249 0
0  -0.097596 2.109210 5.907461  -0.000000 0.002394 0.999997  0.144400 0.842760 0
0  -0.359376 2.469707 5.907461  0.000251 0.002264 0.999997  0.147753 0.844145 0
Material_0
0  -0.359376 2.469707 5.907461  0.000251 0.002264 0.999997  0.147753 0.844145 0
0  -0.097596 2.109210 5.907461  -0.000000 0.002394 0.999997  0.144400 0.842760 0
0  0.325941 2.247039 5.907461  -0.000190 0.002263 0.999997  0.138984 0.843249 0
Material_0
0  -0.097596 2.109210 5.907461  -0.000000 0.002394 0.999997  0.144400 0.842760 0
0  0.136548 2.109210 5.907461  -0.000091 0.002403 0.999997  0.141391 0.842760 0
0  0.325941 2.247039 5.907461  -0.000190 0.002263 0.999997  0.138984 0.843249 0
Material_0
0  0.136548 2.829916 5.907461  -0.000092 0.001993 0.999998  0.141391 0.845613 0
0  -0.097596 2.829916 5.907461  0.000098 0.001960 0.999998  0.144400 0.845613 0
0  0.325941 2.692376 5.907461  -0.000203 0.002066 0.999998  0.138984 0.845042 0
Material_0
0  -0.097596 2.829916 5.907461  0.000098 0.001960 0.999998  0.144400 0.845613 0
0  -0.359376 2.469707 5.907461  0.000251 0.002264 0.999997  0.147753 0.844145 0
0  0.325941 2.692376 5.907461  -0.000203 0.002066 0.999998  0.138984 0.845042 0
Material_0
0  -0.359376 2.469707 5.907461  0.000251 0.002264 0.999997  0.147753 0.844145 0
0  0.325941 2.247039 5.907461  -0.000190 0.002263 0.999997  0.138984 0.843249 0
0  0.325941 2.692376 5.907461  -0.000203 0.002066 0.999998  0.138984 0.845042 0
Material_0
0  0.325941 2.692376 5.907461  -0.000203 0.002066 0.999998  0.138984 0.845042 0
0  0.325941 2.247039 5.907461  -0.000190 0.002263 0.999997  0.138984 0.843249 0
0  0.398328 2.469707 5.907461  -0.000242 0.002121 0.999998  0.138038 0.844145 0
Material_0
0  -0.097596 2.829916 5.907461  0.000098 0.001960 0.999998  0.144400 0.845613 0
0  -0.287055 2.692376 5.907461  0.000163 0.002028 0.999998  0.146807 0.845042 0
0  -0.359376 2.469707 5.907461  0.000251 0.002264 0.999997  0.147753 0.844145 0
Material_0
0  -0.287055 2.692376 5.907461  0.000163 0.002028 0.999998  0.146807 0.845042 0
0  -0.397594 2.469707 5.764088  -0.999998 0.002194 0.000181  0.148183 0.844145 0
0  -0.359376 2.469707 5.907461  0.000251 0.002264 0.999997  0.147753 0.844145 0
Material_0
0  -0.359376 2.469707 5.907461  0.000251 0.002264 0.999997  0.147753 0.844145 0
0  -0.397594 2.469707 5.764088  -0.999998 0.002194 0.000181  0.148183 0.844145 0
0  -0.317956 2.224453 5.764088  -0.809092 -0.586713 -0.033741  0.147237 0.843167 0
Material_0
0  -0.341670 2.469707 9.912112  -0.999998 0.002228 -0.000196  0.833938 0.839907 0
0  -0.220417 2.644020 9.978719  0.000164 0.002032 0.999998  0.831359 0.840804 0
0  -0.272681 2.681952 9.912112  -0.809002 0.586701 -0.036014  0.832476 0.840967 0
Material_0
0  -0.272681 2.681952 9.912112  -0.809002 0.586701 -0.036014  0.832476 0.840967 0
0  -0.220417 2.644020 9.978719  0.000164 0.002032 0.999998  0.831359 0.840804 0
0  -0.072182 2.751735 9.978719  0.000062 0.002017 0.999998  0.828178 0.841293 0
Material_0
0  -0.220417 2.644020 9.978719  0.000164 0.002032 0.999998  0.831359 0.840804 0
0  -0.341670 2.469707 9.912112  -0.999998 0.002228 -0.000196  0.833938 0.839907 0
0  -0.277058 2.469707 9.978719  0.000216 0.002186 0.999998  0.832562 0.839907 0
Material_0
0  -0.341670 2.469707 9.912112  -0.999998 0.002228 -0.000196  0.833938 0.839907 0
0  -0.272681 2.257463 9.912112  -0.809087 -0.586696 -0.034165  0.832476 0.838848 0
0  -0.277058 2.469707 9.978719  0.000216 0.002186 0.999998  0.832562 0.839907 0
Material_0
0  -0.277058 2.469707 9.978719  0.000216 0.002186 0.999998  0.832562 0.839907 0
0  -0.272681 2.257463 9.912112  -0.809087 -0.586696 -0.034165  0.832476 0.838848 0
0  -0.220417 2.295394 9.978719  0.000157 0.002309 0.999997  0.831359 0.839092 0
Material_0
0  -0.272681 2.257463 9.912112  -0.809087 -0.586696 -0.034165  0.832476 0.838848 0
0  -0.092108 2.126294 9.912112  -0.309447 -0.950914 -0.002080  0.828607 0.838196 0
0  -0.220417 2.295394 9.978719  0.000157 0.002309 0.999997  0.831359 0.839092 0
Material_0
0  -0.220417 2.295394 9.978719  0.000157 0.002309 0.999997  0.831359 0.839092 0
0  -0.092108 2.126294 9.912112  -0.309447 -0.950914 -0.002080  0.828607 0.838196 0
0  -0.072182 2.187680 9.978719  0.000032 0.002377 0.999997  0.828178 0.838522 0
Material_0
0  -0.092108 2.126294 9.912112  -0.309447 -0.950914 -0.002080  0.828607 0.838196 0
0  0.131061 2.126294 9.912112  0.309416 -0.950925 -0.002115  0.823879 0.838196 0
0  -0.072182 2.187680 9.978719  0.000032 0.002377 0.999997  0.828178 0.838522 0
Material_0
0  -0.072182 2.187680 9.978719  0.000032 0.002377 0.999997  0.828178 0.838522 0
0  0.131061 2.126294 9.912112  0.309416 -0.950925 -0.002115  0.823879 0.838196 0
0  0.111070 2.187680 9.978719  -0.000046 0.002374 0.999997  0.824223 0.838522 0
Material_0
0  0.131061 2.126294 9.912112  0.309416 -0.950925 -0.002115  0.823879 0.838196 0
0  0.311635 2.257463 9.912112  0.809068 -0.586722 -0.034151  0.820010 0.838848 0
0  0.111070 2.187680 9.978719  -0.000046 0.002374 0.999997  0.824223 0.838522 0
Material_0
0  0.111070 2.187680 9.978719  -0.000046 0.002374 0.999997  0.824223 0.838522 0
0  0.311635 2.257463 9.912112  0.809068 -0.586722 -0.034151  0.820010 0.838848 0
0  0.259370 2.295395 9.978719  -0.000157 0.002271 0.999997  0.821127 0.839092 0
Material_0
0  0.311635 2.257463 9.912112  0.809068 -0.586722 -0.034151  0.820010 0.838848 0
0  0.380558 2.469707 9.912112  0.999998 0.002152 -0.000192  0.818462 0.839907 0
0  0.259370 2.295395 9.978719  -0.000157 0.002271 0.999997  0.821127 0.839092 0
Material_0
0  0.259370 2.295395 9.978719  -0.000157 0.002271 0.999997  0.821127 0.839092 0
0  0.380558 2.469707 9.912112  0.999998 0.002152 -0.000192  0.818462 0.839907 0
0  0.316012 2.469707 9.978719  -0.000224 0.002178 0.999998  0.819838 0.839907 0
Material_0
0  0.380558 2.469707 9.912112  0.999998 0.002152 -0.000192  0.818462 0.839907 0
0  0.311635 2.681952 9.912112  0.808997 0.586709 -0.036001  0.820010 0.840967 0
0  0.316012 2.469707 9.978719  -0.000224 0.002178 0.999998  0.819838 0.839907 0
Material_0
0  0.316012 2.469707 9.978719  -0.000224 0.002178 0.999998  0.819838 0.839907 0
0  0.311635 2.681952 9.912112  0.808997 0.586709 -0.036001  0.820010 0.840967 0
0  0.259370 2.644020 9.978719  -0.000158 0.002094 0.999998  0.821127 0.840804 0
Material_0
0  0.311635 2.681952 9.912112  0.808997 0.586709 -0.036001  0.820010 0.840967 0
0  0.131061 2.813121 9.912112  0.309468 0.950908 0.001672  0.823879 0.841619 0
0  0.259370 2.644020 9.978719  -0.000158 0.002094 0.999998  0.821127 0.840804 0
Material_0
0  0.259370 2.644020 9.978719  -0.000158 0.002094 0.999998  0.821127 0.840804 0
0  0.131061 2.813121 9.912112  0.309468 0.950908 0.001672  0.823879 0.841619 0
0  0.111070 2.751735 9.978719  -0.000082 0.001991 0.999998  0.824223 0.841293 0
Material_0
0  0.131061 2.813121 9.912112  0.309468 0.950908 0.001672  0.823879 0.841619 0
0  -0.092108 2.813121 9.912112  -0.309435 0.950919 0.001675  0.828607 0.841619 0
0  0.111070 2.751735 9.978719  -0.000082 0.001991 0.999998  0.824223 0.841293 0
Material_0
0  0.111070 2.751735 9.978719  -0.000082 0.001991 0.999998  0.824223 0.841293 0
0  -0.092108 2.813121 9.912112  -0.309435 0.950919 0.001675  0.828607 0.841619 0
0  -0.072182 2.751735 9.978719  0.000062 0.002017 0.999998  0.828178 0.841293 0
Material_0
0  -0.092108 2.813121 9.912112  -0.309435 0.950919 0.001675  0.828607 0.841619 0
0  -0.272681 2.681952 9.912112  -0.809002 0.586701 -0.036014  0.832476 0.840967 0
0  -0.072182 2.751735 9.978719  0.000062 0.002017 0.999998  0.828178 0.841293 0
Material_0
0  -0.243021 2.469707 9.978719  -0.000212 0.002157 0.999998  0.350230 0.844145 0
0  -0.167891 2.605799 9.950120  0.710882 -0.513751 0.480320  0.349284 0.844716 0
0  -0.192913 2.624041 9.978719  -0.000195 0.002300 0.999997  0.349628 0.844797 0
Material_0
0  -0.167891 2.605799 9.950120  0.710882 -0.513751 0.480320  0.349284 0.844716 0
0  -0.052126 2.690060 9.950120  0.271360 -0.833347 0.481556  0.347822 0.845042 0
0  -0.192913 2.624041 9.978719  -0.000195 0.002300 0.999997  0.349628 0.844797 0
Material_0
0  -0.167891 2.605799 9.950120  0.710882 -0.513751 0.480320  0.349284 0.844716 0
0  -0.243021 2.469707 9.978719  -0.000212 0.002157 0.999998  0.350230 0.844145 0
0  -0.212120 2.469707 9.950120  0.878249 0.002188 0.478198  0.349886 0.844145 0
Material_0
0  -0.243021 2.469707 9.978719  -0.000212 0.002157 0.999998  0.350230 0.844145 0
0  -0.192913 2.315374 9.978719  -0.000125 0.002074 0.999998  0.349628 0.843575 0
0  -0.212120 2.469707 9.950120  0.878249 0.002188 0.478198  0.349886 0.844145 0
Material_0
0  -0.212120 2.469707 9.950120  0.878249 0.002188 0.478198  0.349886 0.844145 0
0  -0.192913 2.315374 9.978719  -0.000125 0.002074 0.999998  0.349628 0.843575 0
0  -0.167891 2.333616 9.950120  0.708099 0.513751 0.484413  0.349284 0.843575 0
Material_0
0  -0.192913 2.315374 9.978719  -0.000125 0.002074 0.999998  0.349628 0.843575 0
0  -0.061664 2.220110 9.978719  -0.000071 0.001986 0.999998  0.347908 0.843167 0
0  -0.167891 2.333616 9.950120  0.708099 0.513751 0.484413  0.349284 0.843575 0
Material_0
0  -0.167891 2.333616 9.950120  0.708099 0.513751 0.484413  0.349284 0.843575 0
0  -0.061664 2.220110 9.978719  -0.000071 0.001986 0.999998  0.347908 0.843167 0
0  -0.052125 2.249355 9.950120  0.270275 0.833348 0.482164  0.347822 0.843249 0
Material_0
0  -0.061664 2.220110 9.978719  -0.000071 0.001986 0.999998  0.347908 0.843167 0
0  0.100552 2.220110 9.978719  0.000078 0.002038 0.999998  0.345845 0.843167 0
0  -0.052125 2.249355 9.950120  0.270275 0.833348 0.482164  0.347822 0.843249 0
Material_0
0  -0.052125 2.249355 9.950120  0.270275 0.833348 0.482164  0.347822 0.843249 0
0  0.100552 2.220110 9.978719  0.000078 0.002038 0.999998  0.345845 0.843167 0
0  0.091014 2.249355 9.950120  -0.270293 0.833357 0.482139  0.346017 0.843249 0
Material_0
0  0.100552 2.220110 9.978719  0.000078 0.002038 0.999998  0.345845 0.843167 0
0  0.231801 2.315374 9.978719  0.000141 0.002038 0.999998  0.344211 0.843575 0
0  0.091014 2.249355 9.950120  -0.270293 0.833357 0.482139  0.346017 0.843249 0
Material_0
0  0.091014 2.249355 9.950120  -0.270293 0.833357 0.482139  0.346017 0.843249 0
0  0.231801 2.315374 9.978719  0.000141 0.002038 0.999998  0.344211 0.843575 0
0  0.206845 2.333616 9.950120  -0.708092 0.513754 0.484419  0.344555 0.843575 0
Material_0
0  0.231801 2.315374 9.978719  0.000141 0.002038 0.999998  0.344211 0.843575 0
0  0.281975 2.469707 9.978719  0.000193 0.002189 0.999998  0.343610 0.844145 0
0  0.206845 2.333616 9.950120  -0.708092 0.513754 0.484419  0.344555 0.843575 0
Material_0
0  0.206845 2.333616 9.950120  -0.708092 0.513754 0.484419  0.344555 0.843575 0
0  0.281975 2.469707 9.978719  0.000193 0.002189 0.999998  0.343610 0.844145 0
0  0.251073 2.469707 9.950120  -0.878242 0.002173 0.478211  0.343953 0.844145 0
Material_0
0  0.281975 2.469707 9.978719  0.000193 0.002189 0.999998  0.343610 0.844145 0
0  0.231801 2.624041 9.978719  0.000144 0.002292 0.999997  0.344211 0.844797 0
0  0.251073 2.469707 9.950120  -0.878242 0.002173 0.478211  0.343953 0.844145 0
Material_0
0  0.251073 2.469707 9.950120  -0.878242 0.002173 0.478211  0.343953 0.844145 0
0  0.231801 2.624041 9.978719  0.000144 0.002292 0.999997  0.344211 0.844797 0
0  0.206845 2.605799 9.950120  -0.710893 -0.513761 0.480292  0.344555 0.844716 0
Material_0
0  0.231801 2.624041 9.978719  0.000144 0.002292 0.999997  0.344211 0.844797 0
0  0.100552 2.719305 9.978719  0.000039 0.002369 0.999997  0.345845 0.845124 0
0  0.206845 2.605799 9.950120  -0.710893 -0.513761 0.480292  0.344555 0.844716 0
Material_0
0  0.206845 2.605799 9.950120  -0.710893 -0.513761 0.480292  0.344555 0.844716 0
0  0.100552 2.719305 9.978719  0.000039 0.002369 0.999997  0.345845 0.845124 0
0  0.091014 2.690060 9.950120  -0.271350 -0.833355 0.481548  0.346017 0.845042 0
Material_0
0  0.100552 2.719305 9.978719  0.000039 0.002369 0.999997  0.345845 0.845124 0
0  -0.061664 2.719305 9.978719  -0.000020 0.002394 0.999997  0.347908 0.845124 0
0  0.091014 2.690060 9.950120  -0.271350 -0.833355 0.481548  0.346017 0.845042 0
Material_0
0  0.091014 2.690060 9.950120  -0.271350 -0.833355 0.481548  0.346017 0.845042 0
0  -0.061664 2.719305 9.978719  -0.000020 0.002394 0.999997  0.347908 0.845124 0
0  -0.052126 2.690060 9.950120  0.271360 -0.833347 0.481556  0.347822 0.845042 0
Material_0
0  -0.061664 2.719305 9.978719  -0.000020 0.002394 0.999997  0.347908 0.845124 0
0  -0.192913 2.624041 9.978719  -0.000195 0.002300 0.999997  0.349628 0.844797 0
0  -0.052126 2.690060 9.950120  0.271360 -0.833347 0.481556  0.347822 0.845042 0
Material_0
0  -0.034814 -3.627478 -1.390622  -0.621157 0.352718 -0.699824  0.145260 0.195603 0
0  -0.034814 -3.627478 -1.172741  -0.618346 0.352663 0.702337  0.147409 0.195603 0
0  -0.034814 -3.546112 -1.281494  -0.595032 0.803331 -0.024426  0.146292 0.196092 0
Material_0
0  -0.034814 -3.627478 -1.172741  -0.618346 0.352663 0.702337  0.147409 0.195603 0
0  0.022808 -3.627478 -1.172741  0.618346 0.352664 0.702337  0.147409 0.195603 0
0  -0.034814 -3.546112 -1.281494  -0.595032 0.803331 -0.024426  0.146292 0.196092 0
Material_0
0  -0.034814 -3.546112 -1.281494  -0.595032 0.803331 -0.024426  0.146292 0.196092 0
0  0.022808 -3.627478 -1.172741  0.618346 0.352664 0.702337  0.147409 0.195603 0
0  0.022807 -3.546112 -1.281494  0.595032 0.803329 -0.024463  0.146292 0.196092 0
Material_0
0  0.022808 -3.627478 -1.172741  0.618346 0.352664 0.702337  0.147409 0.195603 0
0  0.022807 -3.627478 -1.390622  0.621169 0.352722 -0.699811  0.145260 0.195603 0
0  0.022807 -3.546112 -1.281494  0.595032 0.803329 -0.024463  0.146292 0.196092 0
Material_0
0  0.022807 -3.546112 -1.281494  0.595032 0.803329 -0.024463  0.146292 0.196092 0
0  0.022807 -3.627478 -1.390622  0.621169 0.352722 -0.699811  0.145260 0.195603 0
0  -0.034814 -3.627478 -1.390622  -0.621157 0.352718 -0.699824  0.145260 0.195603 0
Material_0
0  0.022807 -3.627478 -1.390622  0.621169 0.352722 -0.699811  0.145260 0.195603 0
0  -0.034814 -3.954966 -1.390246  -0.959387 0.244380 -0.140906  0.145260 0.193647 0
0  -0.034814 -3.627478 -1.390622  -0.621157 0.352718 -0.699824  0.145260 0.195603 0
Material_0
0  -0.034814 -3.627478 -1.390622  -0.621157 0.352718 -0.699824  0.145260 0.195603 0
0  -0.034814 -3.954966 -1.390246  -0.959387 0.244380 -0.140906  0.145260 0.193647 0
0  -0.034814 -3.627478 -1.172741  -0.618346 0.352663 0.702337  0.147409 0.195603 0
Material_0
0  -0.034814 -3.954966 -1.390246  -0.959387 0.244380 -0.140906  0.145260 0.193647 0
0  -0.034814 -3.954966 -1.173117  -0.958813 0.244372 0.144778  0.147409 0.193647 0
0  -0.034814 -3.627478 -1.172741  -0.618346 0.352663 0.702337  0.147409 0.195603 0
Material_0
0  -0.034814 -3.627478 -1.172741  -0.618346 0.352663 0.702337  0.147409 0.195603 0
0  -0.034814 -3.954966 -1.173117  -0.958813 0.244372 0.144778  0.147409 0.193647 0
0  0.022808 -3.954966 -1.173117  0.958828 0.244375 0.144669  0.147409 0.193647 0
Material_0
0  -0.034814 -3.954966 -1.173117  -0.958813 0.244372 0.144778  0.147409 0.193647 0
0  0.022808 -3.839433 -0.983082  0.629542 0.768308 -0.115667  0.149301 0.194380 0
0  0.022808 -3.954966 -1.173117  0.958828 0.244375 0.144669  0.147409 0.193647 0
Material_0
0  0.022808 -3.954966 -1.173117  0.958828 0.244375 0.144669  0.147409 0.193647 0
0  0.022808 -3.839433 -0.983082  0.629542 0.768308 -0.115667  0.149301 0.194380 0
0  0.022808 -4.008533 -0.875083  0.617043 -0.433044 0.657062  0.150333 0.193402 0
Material_0
0  0.022808 -4.008533 -0.875083  0.617043 -0.433044 0.657062  0.150333 0.193402 0
0  0.022808 -3.839433 -0.983082  0.629542 0.768308 -0.115667  0.149301 0.194380 0
0  0.022808 -3.871284 -0.857397  0.583926 0.456504 0.671293  0.150504 0.194136 0
Material_0
0  0.022808 -3.839433 -0.983082  0.629542 0.768308 -0.115667  0.149301 0.194380 0
0  -0.034814 -3.839433 -0.983082  -0.629543 0.768305 -0.115683  0.149301 0.194380 0
0  0.022808 -3.871284 -0.857397  0.583926 0.456504 0.671293  0.150504 0.194136 0
Material_0
0  -0.034814 -3.839433 -0.983082  -0.629543 0.768305 -0.115683  0.149301 0.194380 0
0  -0.034814 -3.871284 -0.857397  -0.584441 0.456517 0.670836  0.150504 0.194136 0
0  0.022808 -3.871284 -0.857397  0.583926 0.456504 0.671293  0.150504 0.194136 0
Material_0
0  0.022808 -3.871284 -0.857397  0.583926 0.456504 0.671293  0.150504 0.194136 0
0  -0.034814 -3.871284 -0.857397  -0.584441 0.456517 0.670836  0.150504 0.194136 0
0  0.022808 -4.008533 -0.875083  0.617043 -0.433044 0.657062  0.150333 0.193402 0
Material_0
0  -0.034814 -3.546112 -1.281494  -0.595032 0.803331 -0.024426  0.146292 0.196092 0
0  0.022807 -3.546112 -1.281494  0.595032 0.803329 -0.024463  0.146292 0.196092 0
0  -0.034814 -3.627478 -1.390622  -0.621157 0.352718 -0.699824  0.145260 0.195603 0
Material_0
0  -0.034814 -3.627478 -1.172741  -0.618346 0.352663 0.702337  0.147409 0.195603 0
0  0.022808 -3.954966 -1.173117  0.958828 0.244375 0.144669  0.147409 0.193647 0
0  0.022808 -3.627478 -1.172741  0.618346 0.352664 0.702337  0.147409 0.195603 0
Material_0
0  0.022808 -3.954966 -1.173117  0.958828 0.244375 0.144669  0.147409 0.193647 0
0  0.022808 -3.954966 -1.390246  0.959370 0.244372 -0.141036  0.145260 0.193647 0
0  0.022808 -3.627478 -1.172741  0.618346 0.352664 0.702337  0.147409 0.195603 0
Material_0
0  0.022808 -3.627478 -1.172741  0.618346 0.352664 0.702337  0.147409 0.195603 0
0  0.022808 -3.954966 -1.390246  0.959370 0.244372 -0.141036  0.145260 0.193647 0
0  0.022807 -3.627478 -1.390622  0.621169 0.352722 -0.699811  0.145260 0.195603 0
Material_0
0  0.022808 -3.954966 -1.390246  0.959370 0.244372 -0.141036  0.145260 0.193647 0
0  -0.034814 -3.954966 -1.390246  -0.959387 0.244380 -0.140906  0.145260 0.193647 0
0  0.022807 -3.627478 -1.390622  0.621169 0.352722 -0.699811  0.145260 0.195603 0
Material_0
0  0.022808 -3.839433 -0.983082  0.629542 0.768308 -0.115667  0.149301 0.194380 0
0  -0.034814 -3.954966 -1.173117  -0.958813 0.244372 0.144778  0.147409 0.193647 0
0  -0.034814 -3.839433 -0.983082  -0.629543 0.768305 -0.115683  0.149301 0.194380 0
Material_0
0  -0.034814 -3.954966 -1.173117  -0.958813 0.244372 0.144778  0.147409 0.193647 0
0  -0.034814 -4.008533 -0.875083  -0.617063 -0.433054 0.657037  0.150333 0.193402 0
0  -0.034814 -3.839433 -0.983082  -0.629543 0.768305 -0.115683  0.149301 0.194380 0
Material_0
0  -0.034814 -3.839433 -0.983082  -0.629543 0.768305 -0.115683  0.149301 0.194380 0
0  -0.034814 -4.008533 -0.875083  -0.617063 -0.433054 0.657037  0.150333 0.193402 0
0  -0.034814 -3.871284 -0.857397  -0.584441 0.456517 0.670836  0.150504 0.194136 0
Material_0
0  -0.034814 -3.871284 -0.857397  -0.584441 0.456517 0.670836  0.150504 0.194136 0
0  -0.034814 -4.008533 -0.875083  -0.617063 -0.433054 0.657037  0.150333 0.193402 0
0  0.022808 -4.008533 -0.875083  0.617043 -0.433044 0.657062  0.150333 0.193402 0
Material_0
0  -0.034814 -4.008533 -0.875083  -0.617063 -0.433054 0.657037  0.150333 0.193402 0
0  0.022808 -4.181689 -1.173494  0.839090 -0.273819 0.470055  0.147409 0.192343 0
0  0.022808 -4.008533 -0.875083  0.617043 -0.433044 0.657062  0.150333 0.193402 0
Material_0
0  0.022808 -4.008533 -0.875083  0.617043 -0.433044 0.657062  0.150333 0.193402 0
0  0.022808 -4.181689 -1.173494  0.839090 -0.273819 0.470055  0.147409 0.192343 0
0  0.022808 -3.954966 -1.173117  0.958828 0.244375 0.144669  0.147409 0.193647 0
Material_0
0  0.022808 -3.954966 -1.173117  0.958828 0.244375 0.144669  0.147409 0.193647 0
0  0.022808 -4.181689 -1.173494  0.839090 -0.273819 0.470055  0.147409 0.192343 0
0  0.022808 -3.954966 -1.390246  0.959370 0.244372 -0.141036  0.145260 0.193647 0
Material_0
0  0.022808 -4.181689 -1.173494  0.839090 -0.273819 0.470055  0.147409 0.192343 0
0  0.022808 -4.181689 -1.389870  0.839125 -0.273903 -0.469943  0.145260 0.192343 0
0  0.022808 -3.954966 -1.390246  0.959370 0.244372 -0.141036  0.145260 0.193647 0
Material_0
0  0.022808 -4.181689 -1.389870  0.839125 -0.273903 -0.469943  0.145260 0.192343 0
0  0.022807 -4.008534 -1.688281  0.617061 -0.433055 -0.657038  0.142337 0.193402 0
0  0.022808 -3.954966 -1.390246  0.959370 0.244372 -0.141036  0.145260 0.193647 0
Material_0
0  0.022808 -3.954966 -1.390246  0.959370 0.244372 -0.141036  0.145260 0.193647 0
0  0.022807 -4.008534 -1.688281  0.617061 -0.433055 -0.657038  0.142337 0.193402 0
0  0.022807 -3.839433 -1.580280  0.629529 0.768364 0.115371  0.143368 0.194380 0
Material_0
0  0.022807 -4.008534 -1.688281  0.617061 -0.433055 -0.657038  0.142337 0.193402 0
0  0.022807 -3.871284 -1.705967  0.581481 0.456518 -0.673402  0.142165 0.194136 0
0  0.022807 -3.839433 -1.580280  0.629529 0.768364 0.115371  0.143368 0.194380 0
Material_0
0  0.022807 -3.839433 -1.580280  0.629529 0.768364 0.115371  0.143368 0.194380 0
0  0.022807 -3.871284 -1.705967  0.581481 0.456518 -0.673402  0.142165 0.194136 0
0  -0.034814 -3.871284 -1.705967  -0.581469 0.456519 -0.673412  0.142165 0.194136 0
Material_0
0  0.022807 -3.871284 -1.705967  0.581481 0.456518 -0.673402  0.142165 0.194136 0
0  -0.034814 -4.008534 -1.688281  -0.617042 -0.433045 -0.657062  0.142337 0.193402 0
0  -0.034814 -3.871284 -1.705967  -0.581469 0.456519 -0.673412  0.142165 0.194136 0
Material_0
0  -0.034814 -3.871284 -1.705967  -0.581469 0.456519 -0.673412  0.142165 0.194136 0
0  -0.034814 -4.008534 -1.688281  -0.617042 -0.433045 -0.657062  0.142337 0.193402 0
0  -0.034814 -3.839433 -1.580280  -0.629528 0.768366 0.115359  0.143368 0.194380 0
Material_0
0  -0.034814 -4.008534 -1.688281  -0.617042 -0.433045 -0.657062  0.142337 0.193402 0
0  -0.034814 -3.954966 -1.390246  -0.959387 0.244380 -0.140906  0.145260 0.193647 0
0  -0.034814 -3.839433 -1.580280  -0.629528 0.768366 0.115359  0.143368 0.194380 0
Material_0
0  -0.034814 -3.954966 -1.390246  -0.959387 0.244380 -0.140906  0.145260 0.193647 0
0  0.022808 -3.954966 -1.390246  0.959370 0.244372 -0.141036  0.145260 0.193647 0
0  -0.034814 -3.839433 -1.580280  -0.629528 0.768366 0.115359  0.143368 0.194380 0
Material_0
0  0.022808 -3.954966 -1.390246  0.959370 0.244372 -0.141036  0.145260 0.193647 0
0  0.022807 -3.839433 -1.580280  0.629529 0.768364 0.115371  0.143368 0.194380 0
0  -0.034814 -3.839433 -1.580280  -0.629528 0.768366 0.115359  0.143368 0.194380 0
Material_0
0  -0.034814 -3.839433 -1.580280  -0.629528 0.768366 0.115359  0.143368 0.194380 0
0  0.022807 -3.839433 -1.580280  0.629529 0.768364 0.115371  0.143368 0.194380 0
0  -0.034814 -3.871284 -1.705967  -0.581469 0.456519 -0.673412  0.142165 0.194136 0
Material_0
0  0.022807 -3.871284 -1.705967  0.581481 0.456518 -0.673402  0.142165 0.194136 0
0  0.022807 -4.008534 -1.688281  0.617061 -0.433055 -0.657038  0.142337 0.193402 0
0  -0.034814 -4.008534 -1.688281  -0.617042 -0.433045 -0.657062  0.142337 0.193402 0
Material_0
0  -0.034814 -4.008534 -1.688281  -0.617042 -0.433045 -0.657062  0.142337 0.193402 0
0  0.022807 -4.008534 -1.688281  0.617061 -0.433055 -0.657038  0.142337 0.193402 0
0  -0.034814 -4.181689 -1.389870  -0.839115 -0.273882 -0.469972  0.145260 0.192343 0
Material_0
0  0.022807 -4.008534 -1.688281  0.617061 -0.433055 -0.657038  0.142337 0.193402 0
0  0.022808 -4.181689 -1.389870  0.839125 -0.273903 -0.469943  0.145260 0.192343 0
0  -0.034814 -4.181689 -1.389870  -0.839115 -0.273882 -0.469972  0.145260 0.192343 0
Material_0
0  -0.034814 -4.181689 -1.389870  -0.839115 -0.273882 -0.469972  0.145260 0.192343 0
0  0.022808 -4.181689 -1.389870  0.839125 -0.273903 -0.469943  0.145260 0.192343 0
0  -0.034814 -4.264502 -1.389870  -0.904879 0.303191 -0.298779  0.145260 0.191854 0
Material_0
0  -0.034814 -4.264502 -1.389870  -0.904879 0.303191 -0.298779  0.145260 0.191854 0
0  0.022808 -4.181689 -1.389870  0.839125 -0.273903 -0.469943  0.145260 0.192343 0
0  0.022808 -4.264502 -1.389870  0.904874 0.303168 -0.298817  0.145260 0.191854 0
Material_0
0  0.022808 -4.264502 -1.389870  0.904874 0.303168 -0.298817  0.145260 0.191854 0
0  0.022808 -4.181689 -1.389870  0.839125 -0.273903 -0.469943  0.145260 0.192343 0
0  0.022808 -4.264502 -1.173494  0.903712 0.303147 0.302335  0.147409 0.191854 0
Material_0
0  0.022808 -4.181689 -1.389870  0.839125 -0.273903 -0.469943  0.145260 0.192343 0
0  0.022808 -4.181689 -1.173494  0.839090 -0.273819 0.470055  0.147409 0.192343 0
0  0.022808 -4.264502 -1.173494  0.903712 0.303147 0.302335  0.147409 0.191854 0
Material_0
0  0.022808 -4.264502 -1.173494  0.903712 0.303147 0.302335  0.147409 0.191854 0
0  0.022808 -4.181689 -1.173494  0.839090 -0.273819 0.470055  0.147409 0.192343 0
0  -0.034814 -4.181689 -1.173494  -0.839125 -0.273904 0.469943  0.147409 0.192343 0
Material_0
0  0.022808 -4.181689 -1.173494  0.839090 -0.273819 0.470055  0.147409 0.192343 0
0  -0.034814 -4.008533 -0.875083  -0.617063 -0.433054 0.657037  0.150333 0.193402 0
0  -0.034814 -4.181689 -1.173494  -0.839125 -0.273904 0.469943  0.147409 0.192343 0
Material_0
0  -0.034814 -4.008533 -0.875083  -0.617063 -0.433054 0.657037  0.150333 0.193402 0
0  -0.034814 -3.954966 -1.173117  -0.958813 0.244372 0.144778  0.147409 0.193647 0
0  -0.034814 -4.181689 -1.173494  -0.839125 -0.273904 0.469943  0.147409 0.192343 0
Material_0
0  -0.034814 -3.954966 -1.173117  -0.958813 0.244372 0.144778  0.147409 0.193647 0
0  -0.034814 -3.954966 -1.390246  -0.959387 0.244380 -0.140906  0.145260 0.193647 0
0  -0.034814 -4.181689 -1.173494  -0.839125 -0.273904 0.469943  0.147409 0.192343 0
Material_0
0  -0.034814 -4.181689 -1.173494  -0.839125 -0.273904 0.469943  0.147409 0.192343 0
0  -0.034814 -3.954966 -1.390246  -0.959387 0.244380 -0.140906  0.145260 0.193647 0
0  -0.034814 -4.181689 -1.389870  -0.839115 -0.273882 -0.469972  0.145260 0.192343 0
Material_0
0  -0.034814 -3.954966 -1.390246  -0.959387 0.244380 -0.140906  0.145260 0.193647 0
0  -0.034814 -4.008534 -1.688281  -0.617042 -0.433045 -0.657062  0.142337 0.193402 0
0  -0.034814 -4.181689 -1.389870  -0.839115 -0.273882 -0.469972  0.145260 0.192343 0
Material_0
0  -0.034814 -4.181689 -1.389870  -0.839115 -0.273882 -0.469972  0.145260 0.192343 0
0  -0.034814 -4.264502 -1.173494  -0.903714 0.303143 0.302333  0.147409 0.191854 0
0  -0.034814 -4.181689 -1.173494  -0.839125 -0.273904 0.469943  0.147409 0.192343 0
Material_0
0  -0.034814 -4.181689 -1.173494  -0.839125 -0.273904 0.469943  0.147409 0.192343 0
0  -0.034814 -4.264502 -1.173494  -0.903714 0.303143 0.302333  0.147409 0.191854 0
0  0.022808 -4.264502 -1.173494  0.903712 0.303147 0.302335  0.147409 0.191854 0
Material_0
0  -0.034814 -4.264502 -1.173494  -0.903714 0.303143 0.302333  0.147409 0.191854 0
0  0.022808 -4.264502 -0.983082  0.611900 0.687539 0.390985  0.149301 0.191854 0
0  0.022808 -4.264502 -1.173494  0.903712 0.303147 0.302335  0.147409 0.191854 0
Material_0
0  0.022808 -4.264502 -1.173494  0.903712 0.303147 0.302335  0.147409 0.191854 0
0  0.022808 -4.264502 -0.983082  0.611900 0.687539 0.390985  0.149301 0.191854 0
0  0.022808 -4.429259 -0.888253  0.903143 0.413214 0.116561  0.150247 0.190876 0
Material_0
0  0.022808 -4.429259 -0.888253  0.903143 0.413214 0.116561  0.150247 0.190876 0
0  0.022808 -4.264502 -0.983082  0.611900 0.687539 0.390985  0.149301 0.191854 0
0  -0.034814 -4.264502 -0.983082  -0.611886 0.687529 0.391024  0.149301 0.191854 0
Material_0
0  0.022808 -4.264502 -0.983082  0.611900 0.687539 0.390985  0.149301 0.191854 0
0  -0.034814 -4.264502 -1.173494  -0.903714 0.303143 0.302333  0.147409 0.191854 0
0  -0.034814 -4.264502 -0.983082  -0.611886 0.687529 0.391024  0.149301 0.191854 0
Material_0
0  -0.034814 -4.264502 -1.389870  -0.904879 0.303191 -0.298779  0.145260 0.191854 0
0  -0.034814 -4.264502 -1.173494  -0.903714 0.303143 0.302333  0.147409 0.191854 0
0  -0.034814 -4.181689 -1.389870  -0.839115 -0.273882 -0.469972  0.145260 0.192343 0
Material_0
0  0.022808 -4.429259 -0.888253  0.903143 0.413214 0.116561  0.150247 0.190876 0
0  0.022808 -4.429259 -1.675110  0.903118 0.413241 -0.116662  0.142423 0.190876 0
0  0.022808 -4.264502 -1.173494  0.903712 0.303147 0.302335  0.147409 0.191854 0
Material_0
0  0.022808 -4.264502 -1.173494  0.903712 0.303147 0.302335  0.147409 0.191854 0
0  0.022808 -4.429259 -1.675110  0.903118 0.413241 -0.116662  0.142423 0.190876 0
0  0.022808 -4.264502 -1.389870  0.904874 0.303168 -0.298817  0.145260 0.191854 0
Material_0
0  0.022808 -4.429259 -1.675110  0.903118 0.413241 -0.116662  0.142423 0.190876 0
0  0.022808 -4.264502 -1.580280  0.609857 0.687505 -0.394223  0.143368 0.191854 0
0  0.022808 -4.264502 -1.389870  0.904874 0.303168 -0.298817  0.145260 0.191854 0
Material_0
0  0.022808 -4.264502 -1.389870  0.904874 0.303168 -0.298817  0.145260 0.191854 0
0  0.022808 -4.264502 -1.580280  0.609857 0.687505 -0.394223  0.143368 0.191854 0
0  -0.034814 -4.264502 -1.580280  -0.609855 0.687558 -0.394133  0.143368 0.191854 0
Material_0
0  0.022808 -4.264502 -1.580280  0.609857 0.687505 -0.394223  0.143368 0.191854 0
0  -0.034814 -4.429259 -1.675110  -0.903118 0.413240 -0.116664  0.142423 0.190876 0
0  -0.034814 -4.264502 -1.580280  -0.609855 0.687558 -0.394133  0.143368 0.191854 0
Material_0
0  -0.034814 -4.264502 -1.580280  -0.609855 0.687558 -0.394133  0.143368 0.191854 0
0  -0.034814 -4.429259 -1.675110  -0.903118 0.413240 -0.116664  0.142423 0.190876 0
0  -0.034814 -4.264502 -1.389870  -0.904879 0.303191 -0.298779  0.145260 0.191854 0
Material_0
0  -0.034814 -4.264502 -1.389870  -0.904879 0.303191 -0.298779  0.145260 0.191854 0
0  -0.034814 -4.429259 -1.675110  -0.903118 0.413240 -0.116664  0.142423 0.190876 0
0  -0.034814 -4.264502 -1.173494  -0.903714 0.303143 0.302333  0.147409 0.191854 0
Material_0
0  -0.034814 -4.429259 -1.675110  -0.903118 0.413240 -0.116664  0.142423 0.190876 0
0  -0.034814 -4.429259 -0.888253  -0.903120 0.413239 0.116652  0.150247 0.190876 0
0  -0.034814 -4.264502 -1.173494  -0.903714 0.303143 0.302333  0.147409 0.191854 0
Material_0
0  -0.034814 -4.264502 -1.173494  -0.903714 0.303143 0.302333  0.147409 0.191854 0
0  -0.034814 -4.429259 -0.888253  -0.903120 0.413239 0.116652  0.150247 0.190876 0
0  -0.034814 -4.264502 -0.983082  -0.611886 0.687529 0.391024  0.149301 0.191854 0
Material_0
0  -0.034814 -4.264502 -0.983082  -0.611886 0.687529 0.391024  0.149301 0.191854 0
0  -0.034814 -4.429259 -0.888253  -0.903120 0.413239 0.116652  0.150247 0.190876 0
0  0.022808 -4.429259 -0.888253  0.903143 0.413214 0.116561  0.150247 0.190876 0
Material_0
0  -0.034814 -4.429259 -0.888253  -0.903120 0.413239 0.116652  0.150247 0.190876 0
0  0.022808 -4.387852 -0.816379  0.838511 0.273922 -0.471026  0.150934 0.191120 0
0  0.022808 -4.429259 -0.888253  0.903143 0.413214 0.116561  0.150247 0.190876 0
Material_0
0  0.022808 -4.387852 -0.816379  0.838511 0.273922 -0.471026  0.150934 0.191120 0
0  0.022808 -4.616891 -0.779877  0.904505 -0.110933 0.411783  0.151278 0.189816 0
0  0.022808 -4.429259 -0.888253  0.903143 0.413214 0.116561  0.150247 0.190876 0
Material_0
0  0.022808 -4.429259 -0.888253  0.903143 0.413214 0.116561  0.150247 0.190876 0
0  0.022808 -4.616891 -0.779877  0.904505 -0.110933 0.411783  0.151278 0.189816 0
0  0.022808 -4.616891 -1.783487  0.902834 -0.111194 -0.415364  0.141391 0.189816 0
Material_0
0  0.022808 -4.616891 -1.783487  0.902834 -0.111194 -0.415364  0.141391 0.189816 0
0  0.022808 -4.616891 -0.779877  0.904505 -0.110933 0.411783  0.151278 0.189816 0
0  0.022808 -4.781649 -1.878691  0.610743 0.002153 -0.791826  0.140445 0.188838 0
Material_0
0  0.022808 -4.781649 -1.878691  0.610743 0.002153 -0.791826  0.140445 0.188838 0
0  0.022808 -4.616891 -0.779877  0.904505 -0.110933 0.411783  0.151278 0.189816 0
0  0.022808 -4.781649 -0.684672  0.610691 0.002012 0.791866  0.152224 0.188838 0
Material_0
0  0.022808 -4.616891 -0.779877  0.904505 -0.110933 0.411783  0.151278 0.189816 0
0  -0.034814 -4.616891 -0.779877  -0.904544 -0.110828 0.411724  0.151278 0.189816 0
0  0.022808 -4.781649 -0.684672  0.610691 0.002012 0.791866  0.152224 0.188838 0
Material_0
0  0.022808 -4.781649 -0.684672  0.610691 0.002012 0.791866  0.152224 0.188838 0
0  -0.034814 -4.616891 -0.779877  -0.904544 -0.110828 0.411724  0.151278 0.189816 0
0  -0.034814 -4.781649 -0.684672  -0.610743 0.002153 0.791826  0.152224 0.188838 0
Material_0
0  -0.034814 -4.616891 -0.779877  -0.904544 -0.110828 0.411724  0.151278 0.189816 0
0  -0.034814 -4.781649 -1.878691  -0.610737 0.002134 -0.791831  0.140445 0.188838 0
0  -0.034814 -4.781649 -0.684672  -0.610743 0.002153 0.791826  0.152224 0.188838 0
Material_0
0  -0.034814 -4.781649 -0.684672  -0.610743 0.002153 0.791826  0.152224 0.188838 0
0  -0.034814 -4.781649 -1.878691  -0.610737 0.002134 -0.791831  0.140445 0.188838 0
0  -0.034814 -4.946406 -1.783486  -0.902885 0.111171 -0.415258  0.141391 0.187860 0
Material_0
0  -0.034814 -4.781649 -1.878691  -0.610737 0.002134 -0.791831  0.140445 0.188838 0
0  0.022808 -4.781649 -1.878691  0.610743 0.002153 -0.791826  0.140445 0.188838 0
0  -0.034814 -4.946406 -1.783486  -0.902885 0.111171 -0.415258  0.141391 0.187860 0
Material_0
0  -0.034814 -4.946406 -1.783486  -0.902885 0.111171 -0.415258  0.141391 0.187860 0
0  0.022808 -4.781649 -1.878691  0.610743 0.002153 -0.791826  0.140445 0.188838 0
0  0.022808 -4.946406 -1.783486  0.902842 0.111190 -0.415346  0.141391 0.187860 0
Material_0
0  0.022808 -4.781649 -1.878691  0.610743 0.002153 -0.791826  0.140445 0.188838 0
0  0.022808 -4.781649 -0.684672  0.610691 0.002012 0.791866  0.152224 0.188838 0
0  0.022808 -4.946406 -1.783486  0.902842 0.111190 -0.415346  0.141391 0.187860 0
Material_0
0  0.022808 -4.946406 -1.783486  0.902842 0.111190 -0.415346  0.141391 0.187860 0
0  0.022808 -4.781649 -0.684672  0.610691 0.002012 0.791866  0.152224 0.188838 0
0  0.022808 -4.946406 -0.779877  0.904398 0.111251 0.411932  0.151278 0.187860 0
Material_0
0  0.022808 -4.781649 -0.684672  0.610691 0.002012 0.791866  0.152224 0.188838 0
0  -0.034814 -4.781649 -0.684672  -0.610743 0.002153 0.791826  0.152224 0.188838 0
0  0.022808 -4.946406 -0.779877  0.904398 0.111251 0.411932  0.151278 0.187860 0
Material_0
0  0.022808 -4.946406 -0.779877  0.904398 0.111251 0.411932  0.151278 0.187860 0
0  -0.034814 -4.781649 -0.684672  -0.610743 0.002153 0.791826  0.152224 0.188838 0
0  -0.034814 -4.946406 -0.779877  -0.904456 0.111079 0.411851  0.151278 0.187860 0
Material_0
0  -0.034814 -4.781649 -0.684672  -0.610743 0.002153 0.791826  0.152224 0.188838 0
0  -0.034814 -4.946406 -1.783486  -0.902885 0.111171 -0.415258  0.141391 0.187860 0
0  -0.034814 -4.946406 -0.779877  -0.904456 0.111079 0.411851  0.151278 0.187860 0
Material_0
0  -0.034814 -4.264502 -1.389870  -0.904879 0.303191 -0.298779  0.145260 0.191854 0
0  0.022808 -4.264502 -1.389870  0.904874 0.303168 -0.298817  0.145260 0.191854 0
0  -0.034814 -4.264502 -1.580280  -0.609855 0.687558 -0.394133  0.143368 0.191854 0
Material_0
0  0.022808 -4.429259 -1.675110  0.903118 0.413241 -0.116662  0.142423 0.190876 0
0  -0.034814 -4.429259 -1.675110  -0.903118 0.413240 -0.116664  0.142423 0.190876 0
0  0.022808 -4.264502 -1.580280  0.609857 0.687505 -0.394223  0.143368 0.191854 0
Material_0
0  0.022808 -4.429259 -1.675110  0.903118 0.413241 -0.116662  0.142423 0.190876 0
0  0.022808 -4.429259 -0.888253  0.903143 0.413214 0.116561  0.150247 0.190876 0
0  0.022808 -4.616891 -1.783487  0.902834 -0.111194 -0.415364  0.141391 0.189816 0
Material_0
0  0.022808 -4.781649 -1.878691  0.610743 0.002153 -0.791826  0.140445 0.188838 0
0  -0.034814 -4.781649 -1.878691  -0.610737 0.002134 -0.791831  0.140445 0.188838 0
0  0.022808 -4.616891 -1.783487  0.902834 -0.111194 -0.415364  0.141391 0.189816 0
Material_0
0  0.022808 -4.869385 -0.281272  0.583627 0.352716 0.731417  0.156179 0.188349 0
0  0.022808 -4.816106 -0.408839  0.620337 0.782025 -0.060160  0.154889 0.188594 0
0  -0.034814 -4.816106 -0.408839  -0.620337 0.782026 -0.060154  0.154889 0.188594 0
Material_0
0  -0.034814 -4.816106 -0.408839  -0.620337 0.782026 -0.060154  0.154889 0.188594 0
0  0.022808 -4.816106 -0.408839  0.620337 0.782025 -0.060160  0.154889 0.188594 0
0  -0.034814 -4.987813 -0.708003  -0.838488 0.543479 0.039606  0.151966 0.187615 0
Material_0
0  0.022808 -4.816106 -0.408839  0.620337 0.782025 -0.060160  0.154889 0.188594 0
0  0.022808 -4.987813 -0.708003  0.838490 0.543479 0.039561  0.151966 0.187615 0
0  -0.034814 -4.987813 -0.708003  -0.838488 0.543479 0.039606  0.151966 0.187615 0
Material_0
0  -0.034814 -4.987813 -0.708003  -0.838488 0.543479 0.039606  0.151966 0.187615 0
0  0.022808 -4.987813 -0.708003  0.838490 0.543479 0.039561  0.151966 0.187615 0
0  -0.034814 -4.946406 -0.779877  -0.904456 0.111079 0.411851  0.151278 0.187860 0
Material_0
0  0.022808 -4.987813 -0.708003  0.838490 0.543479 0.039561  0.151966 0.187615 0
0  0.022808 -4.946406 -0.779877  0.904398 0.111251 0.411932  0.151278 0.187860 0
0  -0.034814 -4.946406 -0.779877  -0.904456 0.111079 0.411851  0.151278 0.187860 0
Material_0
0  0.022808 -4.816106 -0.408839  0.620337 0.782025 -0.060160  0.154889 0.188594 0
0  0.022808 -4.869385 -0.281272  0.583627 0.352716 0.731417  0.156179 0.188349 0
0  0.022808 -4.994184 -0.316268  0.629402 -0.483409 0.608415  0.155835 0.187615 0
Material_0
0  0.022808 -4.869385 -0.281272  0.583627 0.352716 0.731417  0.156179 0.188349 0
0  -0.034814 -4.869385 -0.281272  -0.583698 0.352886 0.731278  0.156179 0.188349 0
0  0.022808 -4.994184 -0.316268  0.629402 -0.483409 0.608415  0.155835 0.187615 0
Material_0
0  0.022808 -4.994184 -0.316268  0.629402 -0.483409 0.608415  0.155835 0.187615 0
0  -0.034814 -4.869385 -0.281272  -0.583698 0.352886 0.731278  0.156179 0.188349 0
0  -0.034814 -4.994184 -0.316268  -0.629645 -0.483588 0.608021  0.155835 0.187615 0
Material_0
0  -0.034814 -4.869385 -0.281272  -0.583698 0.352886 0.731278  0.156179 0.188349 0
0  -0.034814 -4.816106 -0.408839  -0.620337 0.782026 -0.060154  0.154889 0.188594 0
0  -0.034814 -4.994184 -0.316268  -0.629645 -0.483588 0.608021  0.155835 0.187615 0
Material_0
0  -0.034814 -4.994184 -0.316268  -0.629645 -0.483588 0.608021  0.155835 0.187615 0
0  -0.034814 -4.816106 -0.408839  -0.620337 0.782026 -0.060154  0.154889 0.188594 0
0  -0.034814 -5.101030 -0.511194  -0.959120 -0.002204 0.282992  0.153944 0.186963 0
Material_0
0  -0.034814 -4.816106 -0.408839  -0.620337 0.782026 -0.060154  0.154889 0.188594 0
0  -0.034814 -4.987813 -0.708003  -0.838488 0.543479 0.039606  0.151966 0.187615 0
0  -0.034814 -5.101030 -0.511194  -0.959120 -0.002204 0.282992  0.153944 0.186963 0
Material_0
0  -0.034814 -5.101030 -0.511194  -0.959120 -0.002204 0.282992  0.153944 0.186963 0
0  -0.034814 -4.987813 -0.708003  -0.838488 0.543479 0.039606  0.151966 0.187615 0
0  -0.034814 -5.175445 -0.816379  -0.839142 -0.273917 -0.469905  0.150934 0.186556 0
Material_0
0  -0.034814 -4.987813 -0.708003  -0.838488 0.543479 0.039606  0.151966 0.187615 0
0  -0.034814 -4.946406 -0.779877  -0.904456 0.111079 0.411851  0.151278 0.187860 0
0  -0.034814 -5.175445 -0.816379  -0.839142 -0.273917 -0.469905  0.150934 0.186556 0
Material_0
0  -0.034814 -5.175445 -0.816379  -0.839142 -0.273917 -0.469905  0.150934 0.186556 0
0  -0.034814 -4.946406 -0.779877  -0.904456 0.111079 0.411851  0.151278 0.187860 0
0  -0.034814 -5.134038 -0.888253  -0.903119 -0.413241 0.116650  0.150247 0.186800 0
Material_0
0  -0.034814 -4.946406 -0.779877  -0.904456 0.111079 0.411851  0.151278 0.187860 0
0  -0.034814 -5.134038 -1.675110  -0.903118 -0.413242 -0.116659  0.142423 0.186800 0
0  -0.034814 -5.134038 -0.888253  -0.903119 -0.413241 0.116650  0.150247 0.186800 0
Material_0
0  -0.034814 -5.134038 -1.675110  -0.903118 -0.413242 -0.116659  0.142423 0.186800 0
0  -0.034814 -5.298506 -1.173493  -0.903757 -0.303056 0.302290  0.147409 0.185822 0
0  -0.034814 -5.134038 -0.888253  -0.903119 -0.413241 0.116650  0.150247 0.186800 0
Material_0
0  -0.034814 -5.134038 -0.888253  -0.903119 -0.413241 0.116650  0.150247 0.186800 0
0  -0.034814 -5.298506 -1.173493  -0.903757 -0.303056 0.302290  0.147409 0.185822 0
0  -0.034814 -5.298506 -0.983082  -0.610504 -0.687528 0.393180  0.149301 0.185822 0
Material_0
0  -0.034814 -5.298506 -1.173493  -0.903757 -0.303056 0.302290  0.147409 0.185822 0
0  0.022808 -5.298506 -1.173493  0.903739 -0.303093 0.302309  0.147409 0.185822 0
0  -0.034814 -5.298506 -0.983082  -0.610504 -0.687528 0.393180  0.149301 0.185822 0
Material_0
0  -0.034814 -5.298506 -0.983082  -0.610504 -0.687528 0.393180  0.149301 0.185822 0
0  0.022808 -5.298506 -1.173493  0.903739 -0.303093 0.302309  0.147409 0.185822 0
0  0.022808 -5.298506 -0.983082  0.610507 -0.687537 0.393160  0.149301 0.185822 0
Material_0
0  0.022808 -5.298506 -1.173493  0.903739 -0.303093 0.302309  0.147409 0.185822 0
0  0.022808 -5.134038 -0.888253  0.903140 -0.413221 0.116561  0.150247 0.186800 0
0  0.022808 -5.298506 -0.983082  0.610507 -0.687537 0.393160  0.149301 0.185822 0
Material_0
0  0.022808 -5.298506 -0.983082  0.610507 -0.687537 0.393160  0.149301 0.185822 0
0  0.022808 -5.134038 -0.888253  0.903140 -0.413221 0.116561  0.150247 0.186800 0
0  -0.034814 -5.134038 -0.888253  -0.903119 -0.413241 0.116650  0.150247 0.186800 0
Material_0
0  -0.034814 -5.134038 -0.888253  -0.903119 -0.413241 0.116650  0.150247 0.186800 0
0  0.022808 -5.134038 -0.888253  0.903140 -0.413221 0.116561  0.150247 0.186800 0
0  -0.034814 -5.175445 -0.816379  -0.839142 -0.273917 -0.469905  0.150934 0.186556 0
Material_0
0  -0.034814 -5.175445 -0.816379  -0.839142 -0.273917 -0.469905  0.150934 0.186556 0
0  0.022808 -5.134038 -0.888253  0.903140 -0.413221 0.116561  0.150247 0.186800 0
0  0.022808 -5.175445 -0.816379  0.839050 -0.273878 -0.470091  0.150934 0.186556 0
Material_0
0  0.022808 -5.134038 -0.888253  0.903140 -0.413221 0.116561  0.150247 0.186800 0
0  0.022808 -4.946406 -0.779877  0.904398 0.111251 0.411932  0.151278 0.187860 0
0  0.022808 -5.175445 -0.816379  0.839050 -0.273878 -0.470091  0.150934 0.186556 0
Material_0
0  0.022808 -4.946406 -0.779877  0.904398 0.111251 0.411932  0.151278 0.187860 0
0  0.022808 -4.987813 -0.708003  0.838490 0.543479 0.039561  0.151966 0.187615 0
0  0.022808 -5.175445 -0.816379  0.839050 -0.273878 -0.470091  0.150934 0.186556 0
Material_0
0  0.022808 -5.175445 -0.816379  0.839050 -0.273878 -0.470091  0.150934 0.186556 0
0  0.022808 -4.987813 -0.708003  0.838490 0.543479 0.039561  0.151966 0.187615 0
0  0.022808 -5.101030 -0.511194  0.959130 -0.002214 0.282956  0.153944 0.186963 0
Material_0
0  0.022808 -4.987813 -0.708003  0.838490 0.543479 0.039561  0.151966 0.187615 0
0  0.022808 -4.816106 -0.408839  0.620337 0.782025 -0.060160  0.154889 0.188594 0
0  0.022808 -5.101030 -0.511194  0.959130 -0.002214 0.282956  0.153944 0.186963 0
Material_0
0  0.022808 -4.816106 -0.408839  0.620337 0.782025 -0.060160  0.154889 0.188594 0
0  0.022808 -4.994184 -0.316268  0.629402 -0.483409 0.608415  0.155835 0.187615 0
0  0.022808 -5.101030 -0.511194  0.959130 -0.002214 0.282956  0.153944 0.186963 0
Material_0
0  0.022808 -4.994184 -0.316268  0.629402 -0.483409 0.608415  0.155835 0.187615 0
0  -0.034814 -4.994184 -0.316268  -0.629645 -0.483588 0.608021  0.155835 0.187615 0
0  0.022808 -5.101030 -0.511194  0.959130 -0.002214 0.282956  0.153944 0.186963 0
Material_0
0  -0.034814 -4.994184 -0.316268  -0.629645 -0.483588 0.608021  0.155835 0.187615 0
0  -0.034814 -5.101030 -0.511194  -0.959120 -0.002204 0.282992  0.153944 0.186963 0
0  0.022808 -5.101030 -0.511194  0.959130 -0.002214 0.282956  0.153944 0.186963 0
Material_0
0  0.022808 -5.101030 -0.511194  0.959130 -0.002214 0.282956  0.153944 0.186963 0
0  -0.034814 -5.101030 -0.511194  -0.959120 -0.002204 0.282992  0.153944 0.186963 0
0  0.022808 -5.264340 -0.227460  0.619160 0.433099 0.655032  0.156695 0.185985 0
Material_0
0  -0.034814 -5.101030 -0.511194  -0.959120 -0.002204 0.282992  0.153944 0.186963 0
0  -0.034814 -5.264340 -0.227460  -0.618999 0.432861 0.655341  0.156695 0.185985 0
0  0.022808 -5.264340 -0.227460  0.619160 0.433099 0.655032  0.156695 0.185985 0
Material_0
0  -0.034814 -4.869385 -0.281272  -0.583698 0.352886 0.731278  0.156179 0.188349 0
0  0.022808 -4.869385 -0.281272  0.583627 0.352716 0.731417  0.156179 0.188349 0
0  -0.034814 -4.816106 -0.408839  -0.620337 0.782026 -0.060154  0.154889 0.188594 0
Material_0
0  -0.034814 -4.946406 -1.783486  -0.902885 0.111171 -0.415258  0.141391 0.187860 0
0  -0.034814 -5.134038 -1.675110  -0.903118 -0.413242 -0.116659  0.142423 0.186800 0
0  -0.034814 -4.946406 -0.779877  -0.904456 0.111079 0.411851  0.151278 0.187860 0
Material_0
0  -0.034814 -5.298506 -0.983082  -0.610504 -0.687528 0.393180  0.149301 0.185822 0
0  0.022808 -5.298506 -0.983082  0.610507 -0.687537 0.393160  0.149301 0.185822 0
0  -0.034814 -5.134038 -0.888253  -0.903119 -0.413241 0.116650  0.150247 0.186800 0
Material_0
0  0.022808 -4.946406 -0.779877  0.904398 0.111251 0.411932  0.151278 0.187860 0
0  0.022808 -5.134038 -0.888253  0.903140 -0.413221 0.116561  0.150247 0.186800 0
0  0.022808 -5.134038 -1.675110  0.903125 -0.413235 -0.116630  0.142423 0.186800 0
Material_0
0  0.022808 -5.134038 -1.675110  0.903125 -0.413235 -0.116630  0.142423 0.186800 0
0  0.022808 -5.134038 -0.888253  0.903140 -0.413221 0.116561  0.150247 0.186800 0
0  0.022808 -5.298506 -1.173493  0.903739 -0.303093 0.302309  0.147409 0.185822 0
Material_0
0  0.022808 -4.946406 -1.783486  0.902842 0.111190 -0.415346  0.141391 0.187860 0
0  0.022808 -4.946406 -0.779877  0.904398 0.111251 0.411932  0.151278 0.187860 0
0  0.022808 -5.134038 -1.675110  0.903125 -0.413235 -0.116630  0.142423 0.186800 0
Material_0
0  0.022808 -5.101030 -0.511194  0.959130 -0.002214 0.282956  0.153944 0.186963 0
0  0.022808 -5.264340 -0.227460  0.619160 0.433099 0.655032  0.156695 0.185985 0
0  0.022808 -5.453131 -0.336588  0.619174 -0.784742 -0.028360  0.155663 0.184926 0
Material_0
0  0.022808 -5.264340 -0.227460  0.619160 0.433099 0.655032  0.156695 0.185985 0
0  0.022808 -5.399273 -0.211655  0.590691 -0.401271 0.700047  0.156867 0.185170 0
0  0.022808 -5.453131 -0.336588  0.619174 -0.784742 -0.028360  0.155663 0.184926 0
Material_0
0  0.022808 -5.453131 -0.336588  0.619174 -0.784742 -0.028360  0.155663 0.184926 0
0  0.022808 -5.399273 -0.211655  0.590691 -0.401271 0.700047  0.156867 0.185170 0
0  -0.034814 -5.399273 -0.211655  -0.590681 -0.401270 0.700056  0.156867 0.185170 0
Material_0
0  0.022808 -5.399273 -0.211655  0.590691 -0.401271 0.700047  0.156867 0.185170 0
0  -0.034814 -5.264340 -0.227460  -0.618999 0.432861 0.655341  0.156695 0.185985 0
0  -0.034814 -5.399273 -0.211655  -0.590681 -0.401270 0.700056  0.156867 0.185170 0
Material_0
0  -0.034814 -5.399273 -0.211655  -0.590681 -0.401270 0.700056  0.156867 0.185170 0
0  -0.034814 -5.264340 -0.227460  -0.618999 0.432861 0.655341  0.156695 0.185985 0
0  -0.034814 -5.453131 -0.336588  -0.619174 -0.784742 -0.028335  0.155663 0.184926 0
Material_0
0  -0.034814 -5.264340 -0.227460  -0.618999 0.432861 0.655341  0.156695 0.185985 0
0  -0.034814 -5.101030 -0.511194  -0.959120 -0.002204 0.282992  0.153944 0.186963 0
0  -0.034814 -5.453131 -0.336588  -0.619174 -0.784742 -0.028335  0.155663 0.184926 0
Material_0
0  0.022808 -5.264340 -0.227460  0.619160 0.433099 0.655032  0.156695 0.185985 0
0  -0.034814 -5.264340 -0.227460  -0.618999 0.432861 0.655341  0.156695 0.185985 0
0  0.022808 -5.399273 -0.211655  0.590691 -0.401271 0.700047  0.156867 0.185170 0
Material_0
0  -0.034814 -5.399273 -0.211655  -0.590681 -0.401270 0.700056  0.156867 0.185170 0
0  -0.034814 -5.453131 -0.336588  -0.619174 -0.784742 -0.028335  0.155663 0.184926 0
0  0.022808 -5.453131 -0.336588  0.619174 -0.784742 -0.028360  0.155663 0.184926 0
Material_0
0  -0.034814 -5.453131 -0.336588  -0.619174 -0.784742 -0.028335  0.155663 0.184926 0
0  0.022808 -5.288952 -0.619947  0.959024 -0.240131 0.150363  0.152826 0.185822 0
0  0.022808 -5.453131 -0.336588  0.619174 -0.784742 -0.028360  0.155663 0.184926 0
Material_0
0  0.022808 -5.453131 -0.336588  0.619174 -0.784742 -0.028360  0.155663 0.184926 0
0  0.022808 -5.288952 -0.619947  0.959024 -0.240131 0.150363  0.152826 0.185822 0
0  0.022808 -5.101030 -0.511194  0.959130 -0.002214 0.282956  0.153944 0.186963 0
Material_0
0  0.022808 -5.101030 -0.511194  0.959130 -0.002214 0.282956  0.153944 0.186963 0
0  0.022808 -5.288952 -0.619947  0.959024 -0.240131 0.150363  0.152826 0.185822 0
0  0.022808 -5.175445 -0.816379  0.839050 -0.273878 -0.470091  0.150934 0.186556 0
Material_0
0  0.022808 -5.288952 -0.619947  0.959024 -0.240131 0.150363  0.152826 0.185822 0
0  0.022808 -5.520596 -0.815250  0.621437 -0.348668 -0.701603  0.150934 0.184518 0
0  0.022808 -5.175445 -0.816379  0.839050 -0.273878 -0.470091  0.150934 0.186556 0
Material_0
0  0.022808 -5.520596 -0.815250  0.621437 -0.348668 -0.701603  0.150934 0.184518 0
0  -0.034814 -5.520596 -0.815250  -0.621463 -0.348654 -0.701587  0.150934 0.184518 0
0  0.022808 -5.175445 -0.816379  0.839050 -0.273878 -0.470091  0.150934 0.186556 0
Material_0
0  0.022808 -5.175445 -0.816379  0.839050 -0.273878 -0.470091  0.150934 0.186556 0
0  -0.034814 -5.520596 -0.815250  -0.621463 -0.348654 -0.701587  0.150934 0.184518 0
0  -0.034814 -5.175445 -0.816379  -0.839142 -0.273917 -0.469905  0.150934 0.186556 0
Material_0
0  -0.034814 -5.520596 -0.815250  -0.621463 -0.348654 -0.701587  0.150934 0.184518 0
0  -0.034814 -5.288952 -0.619947  -0.959026 -0.240135 0.150347  0.152826 0.185822 0
0  -0.034814 -5.175445 -0.816379  -0.839142 -0.273917 -0.469905  0.150934 0.186556 0
Material_0
0  -0.034814 -5.175445 -0.816379  -0.839142 -0.273917 -0.469905  0.150934 0.186556 0
0  -0.034814 -5.288952 -0.619947  -0.959026 -0.240135 0.150347  0.152826 0.185822 0
0  -0.034814 -5.101030 -0.511194  -0.959120 -0.002204 0.282992  0.153944 0.186963 0
Material_0
0  -0.034814 -5.101030 -0.511194  -0.959120 -0.002204 0.282992  0.153944 0.186963 0
0  -0.034814 -5.288952 -0.619947  -0.959026 -0.240135 0.150347  0.152826 0.185822 0
0  -0.034814 -5.453131 -0.336588  -0.619174 -0.784742 -0.028335  0.155663 0.184926 0
Material_0
0  -0.034814 -5.453131 -0.336588  -0.619174 -0.784742 -0.028335  0.155663 0.184926 0
0  -0.034814 -5.288952 -0.619947  -0.959026 -0.240135 0.150347  0.152826 0.185822 0
0  0.022808 -5.288952 -0.619947  0.959024 -0.240131 0.150363  0.152826 0.185822 0
Material_0
0  -0.034814 -5.288952 -0.619947  -0.959026 -0.240135 0.150347  0.152826 0.185822 0
0  0.022808 -5.511331 -0.615055  0.627020 -0.286494 0.724408  0.152912 0.184518 0
0  0.022808 -5.288952 -0.619947  0.959024 -0.240131 0.150363  0.152826 0.185822 0
Material_0
0  0.022808 -5.288952 -0.619947  0.959024 -0.240131 0.150363  0.152826 0.185822 0
0  0.022808 -5.511331 -0.615055  0.627020 -0.286494 0.724408  0.152912 0.184518 0
0  0.022808 -5.520596 -0.815250  0.621437 -0.348668 -0.701603  0.150934 0.184518 0
Material_0
0  0.022808 -5.511331 -0.615055  0.627020 -0.286494 0.724408  0.152912 0.184518 0
0  0.022808 -5.604277 -0.705368  0.582888 -0.811068 0.049095  0.151966 0.184029 0
0  0.022808 -5.520596 -0.815250  0.621437 -0.348668 -0.701603  0.150934 0.184518 0
Material_0
0  0.022808 -5.520596 -0.815250  0.621437 -0.348668 -0.701603  0.150934 0.184518 0
0  0.022808 -5.604277 -0.705368  0.582888 -0.811068 0.049095  0.151966 0.184029 0
0  -0.034814 -5.604277 -0.705368  -0.582887 -0.811070 0.049072  0.151966 0.184029 0
Material_0
0  0.022808 -5.604277 -0.705368  0.582888 -0.811068 0.049095  0.151966 0.184029 0
0  -0.034814 -5.511331 -0.615055  -0.627046 -0.286472 0.724394  0.152912 0.184518 0
0  -0.034814 -5.604277 -0.705368  -0.582887 -0.811070 0.049072  0.151966 0.184029 0
Material_0
0  -0.034814 -5.604277 -0.705368  -0.582887 -0.811070 0.049072  0.151966 0.184029 0
0  -0.034814 -5.511331 -0.615055  -0.627046 -0.286472 0.724394  0.152912 0.184518 0
0  -0.034814 -5.520596 -0.815250  -0.621463 -0.348654 -0.701587  0.150934 0.184518 0
Material_0
0  -0.034814 -5.520596 -0.815250  -0.621463 -0.348654 -0.701587  0.150934 0.184518 0
0  -0.034814 -5.511331 -0.615055  -0.627046 -0.286472 0.724394  0.152912 0.184518 0
0  -0.034814 -5.288952 -0.619947  -0.959026 -0.240135 0.150347  0.152826 0.185822 0
Material_0
0  -0.034814 -5.288952 -0.619947  -0.959026 -0.240135 0.150347  0.152826 0.185822 0
0  -0.034814 -5.511331 -0.615055  -0.627046 -0.286472 0.724394  0.152912 0.184518 0
0  0.022808 -5.511331 -0.615055  0.627020 -0.286494 0.724408  0.152912 0.184518 0
Material_0
0  -0.034814 -5.511331 -0.615055  -0.627046 -0.286472 0.724394  0.152912 0.184518 0
0  0.022808 -5.604277 -0.705368  0.582888 -0.811068 0.049095  0.151966 0.184029 0
0  0.022808 -5.511331 -0.615055  0.627020 -0.286494 0.724408  0.152912 0.184518 0
Material_0
0  -0.034814 -5.520596 -0.815250  -0.621463 -0.348654 -0.701587  0.150934 0.184518 0
0  0.022808 -5.520596 -0.815250  0.621437 -0.348668 -0.701603  0.150934 0.184518 0
0  -0.034814 -5.604277 -0.705368  -0.582887 -0.811070 0.049072  0.151966 0.184029 0
Material_0
0  -0.034814 -4.429259 -0.888253  -0.903120 0.413239 0.116652  0.150247 0.190876 0
0  -0.034814 -4.429259 -1.675110  -0.903118 0.413240 -0.116664  0.142423 0.190876 0
0  -0.034814 -4.616891 -1.783487  -0.902861 -0.111182 -0.415307  0.141391 0.189816 0
Material_0
0  -0.034814 -4.616891 -1.783487  -0.902861 -0.111182 -0.415307  0.141391 0.189816 0
0  -0.034814 -4.429259 -1.675110  -0.903118 0.413240 -0.116664  0.142423 0.190876 0
0  -0.034814 -4.387852 -1.746984  -0.836649 0.273910 0.474332  0.141735 0.191120 0
Material_0
0  -0.034814 -4.429259 -1.675110  -0.903118 0.413240 -0.116664  0.142423 0.190876 0
0  0.022808 -4.429259 -1.675110  0.903118 0.413241 -0.116662  0.142423 0.190876 0
0  -0.034814 -4.387852 -1.746984  -0.836649 0.273910 0.474332  0.141735 0.191120 0
Material_0
0  -0.034814 -4.387852 -1.746984  -0.836649 0.273910 0.474332  0.141735 0.191120 0
0  0.022808 -4.429259 -1.675110  0.903118 0.413241 -0.116662  0.142423 0.190876 0
0  0.022808 -4.387852 -1.746984  0.836725 0.273897 0.474207  0.141735 0.191120 0
Material_0
0  0.022808 -4.429259 -1.675110  0.903118 0.413241 -0.116662  0.142423 0.190876 0
0  0.022808 -4.616891 -1.783487  0.902834 -0.111194 -0.415364  0.141391 0.189816 0
0  0.022808 -4.387852 -1.746984  0.836725 0.273897 0.474207  0.141735 0.191120 0
Material_0
0  -0.034814 -3.959020 -1.857995  -0.582576 0.811070 -0.052632  0.140617 0.193647 0
0  -0.034814 -4.042701 -1.748113  -0.621463 0.348655 0.701586  0.141735 0.193158 0
0  0.022807 -4.042701 -1.748113  0.621335 0.348721 0.701667  0.141735 0.193158 0
Material_0
0  0.022807 -4.042701 -1.748113  0.621335 0.348721 0.701667  0.141735 0.193158 0
0  -0.034814 -4.042701 -1.748113  -0.621463 0.348655 0.701586  0.141735 0.193158 0
0  0.022808 -4.387852 -1.746984  0.836725 0.273897 0.474207  0.141735 0.191120 0
Material_0
0  -0.034814 -4.042701 -1.748113  -0.621463 0.348655 0.701586  0.141735 0.193158 0
0  -0.034814 -4.387852 -1.746984  -0.836649 0.273910 0.474332  0.141735 0.191120 0
0  0.022808 -4.387852 -1.746984  0.836725 0.273897 0.474207  0.141735 0.191120 0
Material_0
0  -0.034814 -4.042701 -1.748113  -0.621463 0.348655 0.701586  0.141735 0.193158 0
0  -0.034814 -3.959020 -1.857995  -0.582576 0.811070 -0.052632  0.140617 0.193647 0
0  -0.034814 -4.051967 -1.948308  -0.629229 0.286455 -0.722505  0.139757 0.193076 0
Material_0
0  -0.034814 -3.959020 -1.857995  -0.582576 0.811070 -0.052632  0.140617 0.193647 0
0  0.022807 -3.959020 -1.857995  0.582580 0.811066 -0.052656  0.140617 0.193647 0
0  -0.034814 -4.051967 -1.948308  -0.629229 0.286455 -0.722505  0.139757 0.193076 0
Material_0
0  -0.034814 -4.051967 -1.948308  -0.629229 0.286455 -0.722505  0.139757 0.193076 0
0  0.022807 -3.959020 -1.857995  0.582580 0.811066 -0.052656  0.140617 0.193647 0
0  0.022807 -4.051967 -1.948308  0.629253 0.286327 -0.722536  0.139757 0.193076 0
Material_0
0  0.022807 -3.959020 -1.857995  0.582580 0.811066 -0.052656  0.140617 0.193647 0
0  0.022807 -4.042701 -1.748113  0.621335 0.348721 0.701667  0.141735 0.193158 0
0  0.022807 -4.051967 -1.948308  0.629253 0.286327 -0.722536  0.139757 0.193076 0
Material_0
0  0.022807 -4.051967 -1.948308  0.629253 0.286327 -0.722536  0.139757 0.193076 0
0  0.022807 -4.042701 -1.748113  0.621335 0.348721 0.701667  0.141735 0.193158 0
0  0.022807 -4.274057 -1.943416  0.959022 0.240129 -0.150383  0.139843 0.191772 0
Material_0
0  0.022807 -4.042701 -1.748113  0.621335 0.348721 0.701667  0.141735 0.193158 0
0  0.022808 -4.387852 -1.746984  0.836725 0.273897 0.474207  0.141735 0.191120 0
0  0.022807 -4.274057 -1.943416  0.959022 0.240129 -0.150383  0.139843 0.191772 0
Material_0
0  0.022807 -3.959020 -1.857995  0.582580 0.811066 -0.052656  0.140617 0.193647 0
0  -0.034814 -3.959020 -1.857995  -0.582576 0.811070 -0.052632  0.140617 0.193647 0
0  0.022807 -4.042701 -1.748113  0.621335 0.348721 0.701667  0.141735 0.193158 0
Material_0
0  0.022807 -4.274057 -1.943416  0.959022 0.240129 -0.150383  0.139843 0.191772 0
0  -0.034814 -4.274057 -1.943416  -0.959024 0.240132 -0.150365  0.139843 0.191772 0
0  0.022807 -4.051967 -1.948308  0.629253 0.286327 -0.722536  0.139757 0.193076 0
Material_0
0  0.022807 -4.051967 -1.948308  0.629253 0.286327 -0.722536  0.139757 0.193076 0
0  -0.034814 -4.274057 -1.943416  -0.959024 0.240132 -0.150365  0.139843 0.191772 0
0  -0.034814 -4.051967 -1.948308  -0.629229 0.286455 -0.722505  0.139757 0.193076 0
Material_0
0  -0.034814 -4.051967 -1.948308  -0.629229 0.286455 -0.722505  0.139757 0.193076 0
0  -0.034814 -4.274057 -1.943416  -0.959024 0.240132 -0.150365  0.139843 0.191772 0
0  -0.034814 -4.042701 -1.748113  -0.621463 0.348655 0.701586  0.141735 0.193158 0
Material_0
0  -0.034814 -4.042701 -1.748113  -0.621463 0.348655 0.701586  0.141735 0.193158 0
0  -0.034814 -4.274057 -1.943416  -0.959024 0.240132 -0.150365  0.139843 0.191772 0
0  -0.034814 -4.387852 -1.746984  -0.836649 0.273910 0.474332  0.141735 0.191120 0
Material_0
0  -0.034814 -4.274057 -1.943416  -0.959024 0.240132 -0.150365  0.139843 0.191772 0
0  -0.034814 -4.462269 -2.052169  -0.959106 0.002188 -0.283039  0.138726 0.190713 0
0  -0.034814 -4.387852 -1.746984  -0.836649 0.273910 0.474332  0.141735 0.191120 0
Material_0
0  -0.034814 -4.462269 -2.052169  -0.959106 0.002188 -0.283039  0.138726 0.190713 0
0  -0.034814 -4.575484 -1.855361  -0.838394 -0.543480 -0.041534  0.140703 0.190061 0
0  -0.034814 -4.387852 -1.746984  -0.836649 0.273910 0.474332  0.141735 0.191120 0
Material_0
0  -0.034814 -4.387852 -1.746984  -0.836649 0.273910 0.474332  0.141735 0.191120 0
0  -0.034814 -4.575484 -1.855361  -0.838394 -0.543480 -0.041534  0.140703 0.190061 0
0  -0.034814 -4.616891 -1.783487  -0.902861 -0.111182 -0.415307  0.141391 0.189816 0
Material_0
0  -0.034814 -4.575484 -1.855361  -0.838394 -0.543480 -0.041534  0.140703 0.190061 0
0  0.022808 -4.575484 -1.855361  0.838393 -0.543483 -0.041505  0.140703 0.190061 0
0  -0.034814 -4.616891 -1.783487  -0.902861 -0.111182 -0.415307  0.141391 0.189816 0
Material_0
0  -0.034814 -4.616891 -1.783487  -0.902861 -0.111182 -0.415307  0.141391 0.189816 0
0  0.022808 -4.575484 -1.855361  0.838393 -0.543483 -0.041505  0.140703 0.190061 0
0  0.022808 -4.616891 -1.783487  0.902834 -0.111194 -0.415364  0.141391 0.189816 0
Material_0
0  0.022808 -4.575484 -1.855361  0.838393 -0.543483 -0.041505  0.140703 0.190061 0
0  0.022808 -4.387852 -1.746984  0.836725 0.273897 0.474207  0.141735 0.191120 0
0  0.022808 -4.616891 -1.783487  0.902834 -0.111194 -0.415364  0.141391 0.189816 0
Material_0
0  0.022808 -4.616891 -1.783487  0.902834 -0.111194 -0.415364  0.141391 0.189816 0
0  -0.034814 -4.781649 -1.878691  -0.610737 0.002134 -0.791831  0.140445 0.188838 0
0  -0.034814 -4.616891 -1.783487  -0.902861 -0.111182 -0.415307  0.141391 0.189816 0
Material_0
0  -0.034814 -4.781649 -1.878691  -0.610737 0.002134 -0.791831  0.140445 0.188838 0
0  -0.034814 -4.616891 -0.779877  -0.904544 -0.110828 0.411724  0.151278 0.189816 0
0  -0.034814 -4.616891 -1.783487  -0.902861 -0.111182 -0.415307  0.141391 0.189816 0
Material_0
0  -0.034814 -4.616891 -1.783487  -0.902861 -0.111182 -0.415307  0.141391 0.189816 0
0  -0.034814 -4.616891 -0.779877  -0.904544 -0.110828 0.411724  0.151278 0.189816 0
0  -0.034814 -4.429259 -0.888253  -0.903120 0.413239 0.116652  0.150247 0.190876 0
Material_0
0  -0.034814 -4.616891 -0.779877  -0.904544 -0.110828 0.411724  0.151278 0.189816 0
0  -0.034814 -4.387852 -0.816379  -0.838317 0.273586 -0.471567  0.150934 0.191120 0
0  -0.034814 -4.429259 -0.888253  -0.903120 0.413239 0.116652  0.150247 0.190876 0
Material_0
0  -0.034814 -4.429259 -0.888253  -0.903120 0.413239 0.116652  0.150247 0.190876 0
0  -0.034814 -4.387852 -0.816379  -0.838317 0.273586 -0.471567  0.150934 0.191120 0
0  0.022808 -4.387852 -0.816379  0.838511 0.273922 -0.471026  0.150934 0.191120 0
Material_0
0  -0.034814 -4.387852 -0.816379  -0.838317 0.273586 -0.471567  0.150934 0.191120 0
0  -0.034814 -4.616891 -0.779877  -0.904544 -0.110828 0.411724  0.151278 0.189816 0
0  -0.034814 -4.575484 -0.708003  -0.838395 -0.543478 0.041531  0.151966 0.190061 0
Material_0
0  -0.034814 -4.616891 -0.779877  -0.904544 -0.110828 0.411724  0.151278 0.189816 0
0  0.022808 -4.616891 -0.779877  0.904505 -0.110933 0.411783  0.151278 0.189816 0
0  -0.034814 -4.575484 -0.708003  -0.838395 -0.543478 0.041531  0.151966 0.190061 0
Material_0
0  -0.034814 -4.575484 -0.708003  -0.838395 -0.543478 0.041531  0.151966 0.190061 0
0  0.022808 -4.616891 -0.779877  0.904505 -0.110933 0.411783  0.151278 0.189816 0
0  0.022808 -4.575484 -0.708003  0.838397 -0.543477 0.041514  0.151966 0.190061 0
Material_0
0  0.022808 -4.616891 -0.779877  0.904505 -0.110933 0.411783  0.151278 0.189816 0
0  0.022808 -4.387852 -0.816379  0.838511 0.273922 -0.471026  0.150934 0.191120 0
0  0.022808 -4.575484 -0.708003  0.838397 -0.543477 0.041514  0.151966 0.190061 0
Material_0
0  -0.034814 -4.575484 -0.708003  -0.838395 -0.543478 0.041531  0.151966 0.190061 0
0  0.022808 -4.575484 -0.708003  0.838397 -0.543477 0.041514  0.151966 0.190061 0
0  -0.034814 -4.747192 -0.408840  -0.619938 -0.782027 -0.064117  0.154889 0.189001 0
Material_0
0  0.022808 -4.575484 -0.708003  0.838397 -0.543477 0.041514  0.151966 0.190061 0
0  0.022808 -4.747192 -0.408840  0.619937 -0.782024 -0.064152  0.154889 0.189001 0
0  -0.034814 -4.747192 -0.408840  -0.619938 -0.782027 -0.064117  0.154889 0.189001 0
Material_0
0  -0.034814 -4.747192 -0.408840  -0.619938 -0.782027 -0.064117  0.154889 0.189001 0
0  0.022808 -4.747192 -0.408840  0.619937 -0.782024 -0.064152  0.154889 0.189001 0
0  -0.034814 -4.693913 -0.281272  -0.581329 -0.352726 0.733240  0.156179 0.189327 0
Material_0
0  0.022808 -4.747192 -0.408840  0.619937 -0.782024 -0.064152  0.154889 0.189001 0
0  0.022808 -4.693913 -0.281272  0.581290 -0.352714 0.733277  0.156179 0.189327 0
0  -0.034814 -4.693913 -0.281272  -0.581329 -0.352726 0.733240  0.156179 0.189327 0
Material_0
0  -0.034814 -4.693913 -0.281272  -0.581329 -0.352726 0.733240  0.156179 0.189327 0
0  0.022808 -4.693913 -0.281272  0.581290 -0.352714 0.733277  0.156179 0.189327 0
0  -0.034814 -4.569115 -0.316268  -0.626191 0.483515 0.611635  0.155835 0.190061 0
Material_0
0  0.022808 -4.693913 -0.281272  0.581290 -0.352714 0.733277  0.156179 0.189327 0
0  0.022808 -4.569115 -0.316268  0.626261 0.483511 0.611567  0.155835 0.190061 0
0  -0.034814 -4.569115 -0.316268  -0.626191 0.483515 0.611635  0.155835 0.190061 0
Material_0
0  -0.034814 -4.569115 -0.316268  -0.626191 0.483515 0.611635  0.155835 0.190061 0
0  0.022808 -4.569115 -0.316268  0.626261 0.483511 0.611567  0.155835 0.190061 0
0  -0.034814 -4.462269 -0.511195  -0.959137 0.002221 0.282935  0.153944 0.190713 0
Material_0
0  -0.034814 -4.462269 -0.511195  -0.959137 0.002221 0.282935  0.153944 0.190713 0
0  0.022808 -4.569115 -0.316268  0.626261 0.483511 0.611567  0.155835 0.190061 0
0  0.022808 -4.462269 -0.511195  0.959141 0.002228 0.282920  0.153944 0.190713 0
Material_0
0  0.022808 -4.569115 -0.316268  0.626261 0.483511 0.611567  0.155835 0.190061 0
0  0.022808 -4.747192 -0.408840  0.619937 -0.782024 -0.064152  0.154889 0.189001 0
0  0.022808 -4.462269 -0.511195  0.959141 0.002228 0.282920  0.153944 0.190713 0
Material_0
0  0.022808 -4.462269 -0.511195  0.959141 0.002228 0.282920  0.153944 0.190713 0
0  0.022808 -4.747192 -0.408840  0.619937 -0.782024 -0.064152  0.154889 0.189001 0
0  0.022808 -4.575484 -0.708003  0.838397 -0.543477 0.041514  0.151966 0.190061 0
Material_0
0  -0.034814 -4.693913 -0.281272  -0.581329 -0.352726 0.733240  0.156179 0.189327 0
0  -0.034814 -4.569115 -0.316268  -0.626191 0.483515 0.611635  0.155835 0.190061 0
0  -0.034814 -4.747192 -0.408840  -0.619938 -0.782027 -0.064117  0.154889 0.189001 0
Material_0
0  -0.034814 -4.569115 -0.316268  -0.626191 0.483515 0.611635  0.155835 0.190061 0
0  -0.034814 -4.462269 -0.511195  -0.959137 0.002221 0.282935  0.153944 0.190713 0
0  -0.034814 -4.747192 -0.408840  -0.619938 -0.782027 -0.064117  0.154889 0.189001 0
Material_0
0  -0.034814 -4.747192 -0.408840  -0.619938 -0.782027 -0.064117  0.154889 0.189001 0
0  -0.034814 -4.462269 -0.511195  -0.959137 0.002221 0.282935  0.153944 0.190713 0
0  -0.034814 -4.575484 -0.708003  -0.838395 -0.543478 0.041531  0.151966 0.190061 0
Material_0
0  -0.034814 -4.462269 -0.511195  -0.959137 0.002221 0.282935  0.153944 0.190713 0
0  -0.034814 -4.274057 -0.619948  -0.959024 0.240132 0.150365  0.152826 0.191772 0
0  -0.034814 -4.575484 -0.708003  -0.838395 -0.543478 0.041531  0.151966 0.190061 0
Material_0
0  -0.034814 -4.575484 -0.708003  -0.838395 -0.543478 0.041531  0.151966 0.190061 0
0  -0.034814 -4.274057 -0.619948  -0.959024 0.240132 0.150365  0.152826 0.191772 0
0  -0.034814 -4.387852 -0.816379  -0.838317 0.273586 -0.471567  0.150934 0.191120 0
Material_0
0  0.022808 -4.747192 -0.408840  0.619937 -0.782024 -0.064152  0.154889 0.189001 0
0  0.022808 -4.569115 -0.316268  0.626261 0.483511 0.611567  0.155835 0.190061 0
0  0.022808 -4.693913 -0.281272  0.581290 -0.352714 0.733277  0.156179 0.189327 0
Material_0
0  -0.034814 -4.274057 -0.619948  -0.959024 0.240132 0.150365  0.152826 0.191772 0
0  -0.034814 -4.462269 -0.511195  -0.959137 0.002221 0.282935  0.153944 0.190713 0
0  -0.034814 -4.298960 -0.227460  -0.617153 -0.432976 0.657004  0.156695 0.191691 0
Material_0
0  -0.034814 -4.462269 -0.511195  -0.959137 0.002221 0.282935  0.153944 0.190713 0
0  0.022808 -4.462269 -0.511195  0.959141 0.002228 0.282920  0.153944 0.190713 0
0  -0.034814 -4.298960 -0.227460  -0.617153 -0.432976 0.657004  0.156695 0.191691 0
Material_0
0  -0.034814 -4.298960 -0.227460  -0.617153 -0.432976 0.657004  0.156695 0.191691 0
0  0.022808 -4.462269 -0.511195  0.959141 0.002228 0.282920  0.153944 0.190713 0
0  0.022808 -4.298960 -0.227460  0.617092 -0.433009 0.657039  0.156695 0.191691 0
Material_0
0  0.022808 -4.298960 -0.227460  0.617092 -0.433009 0.657039  0.156695 0.191691 0
0  0.022808 -4.462269 -0.511195  0.959141 0.002228 0.282920  0.153944 0.190713 0
0  0.022808 -4.274057 -0.619948  0.959026 0.240139 0.150338  0.152826 0.191772 0
Material_0
0  0.022808 -4.462269 -0.511195  0.959141 0.002228 0.282920  0.153944 0.190713 0
0  0.022808 -4.575484 -0.708003  0.838397 -0.543477 0.041514  0.151966 0.190061 0
0  0.022808 -4.274057 -0.619948  0.959026 0.240139 0.150338  0.152826 0.191772 0
Material_0
0  0.022808 -4.575484 -0.708003  0.838397 -0.543477 0.041514  0.151966 0.190061 0
0  0.022808 -4.387852 -0.816379  0.838511 0.273922 -0.471026  0.150934 0.191120 0
0  0.022808 -4.274057 -0.619948  0.959026 0.240139 0.150338  0.152826 0.191772 0
Material_0
0  0.022808 -4.274057 -0.619948  0.959026 0.240139 0.150338  0.152826 0.191772 0
0  0.022808 -4.387852 -0.816379  0.838511 0.273922 -0.471026  0.150934 0.191120 0
0  0.022808 -4.042701 -0.815250  0.621463 0.348653 -0.701588  0.150934 0.193158 0
Material_0
0  0.022808 -4.387852 -0.816379  0.838511 0.273922 -0.471026  0.150934 0.191120 0
0  -0.034814 -4.387852 -0.816379  -0.838317 0.273586 -0.471567  0.150934 0.191120 0
0  0.022808 -4.042701 -0.815250  0.621463 0.348653 -0.701588  0.150934 0.193158 0
Material_0
0  0.022808 -4.042701 -0.815250  0.621463 0.348653 -0.701588  0.150934 0.193158 0
0  -0.034814 -4.387852 -0.816379  -0.838317 0.273586 -0.471567  0.150934 0.191120 0
0  -0.034814 -4.042701 -0.815250  -0.621489 0.348641 -0.701571  0.150934 0.193158 0
Material_0
0  -0.034814 -4.387852 -0.816379  -0.838317 0.273586 -0.471567  0.150934 0.191120 0
0  -0.034814 -4.274057 -0.619948  -0.959024 0.240132 0.150365  0.152826 0.191772 0
0  -0.034814 -4.042701 -0.815250  -0.621489 0.348641 -0.701571  0.150934 0.193158 0
Material_0
0  -0.034814 -4.042701 -0.815250  -0.621489 0.348641 -0.701571  0.150934 0.193158 0
0  -0.034814 -4.274057 -0.619948  -0.959024 0.240132 0.150365  0.152826 0.191772 0
0  -0.034814 -4.051968 -0.615055  -0.629231 0.286446 0.722508  0.152912 0.193076 0
Material_0
0  -0.034814 -4.274057 -0.619948  -0.959024 0.240132 0.150365  0.152826 0.191772 0
0  0.022808 -4.274057 -0.619948  0.959026 0.240139 0.150338  0.152826 0.191772 0
0  -0.034814 -4.051968 -0.615055  -0.629231 0.286446 0.722508  0.152912 0.193076 0
Material_0
0  -0.034814 -4.051968 -0.615055  -0.629231 0.286446 0.722508  0.152912 0.193076 0
0  0.022808 -4.274057 -0.619948  0.959026 0.240139 0.150338  0.152826 0.191772 0
0  0.022808 -4.051968 -0.615055  0.629230 0.286453 0.722506  0.152912 0.193076 0
Material_0
0  0.022808 -4.274057 -0.619948  0.959026 0.240139 0.150338  0.152826 0.191772 0
0  0.022808 -4.042701 -0.815250  0.621463 0.348653 -0.701588  0.150934 0.193158 0
0  0.022808 -4.051968 -0.615055  0.629230 0.286453 0.722506  0.152912 0.193076 0
Material_0
0  0.022808 -4.051968 -0.615055  0.629230 0.286453 0.722506  0.152912 0.193076 0
0  0.022808 -4.042701 -0.815250  0.621463 0.348653 -0.701588  0.150934 0.193158 0
0  0.022808 -3.959020 -0.705369  0.582575 0.811071 0.052632  0.151966 0.193647 0
Material_0
0  0.022808 -4.042701 -0.815250  0.621463 0.348653 -0.701588  0.150934 0.193158 0
0  -0.034814 -4.042701 -0.815250  -0.621489 0.348641 -0.701571  0.150934 0.193158 0
0  0.022808 -3.959020 -0.705369  0.582575 0.811071 0.052632  0.151966 0.193647 0
Material_0
0  0.022808 -3.959020 -0.705369  0.582575 0.811071 0.052632  0.151966 0.193647 0
0  -0.034814 -4.042701 -0.815250  -0.621489 0.348641 -0.701571  0.150934 0.193158 0
0  -0.034814 -3.959020 -0.705369  -0.582578 0.811067 0.052659  0.151966 0.193647 0
Material_0
0  -0.034814 -4.042701 -0.815250  -0.621489 0.348641 -0.701571  0.150934 0.193158 0
0  -0.034814 -4.051968 -0.615055  -0.629231 0.286446 0.722508  0.152912 0.193076 0
0  -0.034814 -3.959020 -0.705369  -0.582578 0.811067 0.052659  0.151966 0.193647 0
Material_0
0  -0.034814 -4.051968 -0.615055  -0.629231 0.286446 0.722508  0.152912 0.193076 0
0  0.022808 -4.051968 -0.615055  0.629230 0.286453 0.722506  0.152912 0.193076 0
0  -0.034814 -3.959020 -0.705369  -0.582578 0.811067 0.052659  0.151966 0.193647 0
Material_0
0  -0.034814 -3.959020 -0.705369  -0.582578 0.811067 0.052659  0.151966 0.193647 0
0  0.022808 -4.051968 -0.615055  0.629230 0.286453 0.722506  0.152912 0.193076 0
0  0.022808 -3.959020 -0.705369  0.582575 0.811071 0.052632  0.151966 0.193647 0
Material_0
0  0.022808 -4.298960 -0.227460  0.617092 -0.433009 0.657039  0.156695 0.191691 0
0  0.022808 -4.274057 -0.619948  0.959026 0.240139 0.150338  0.152826 0.191772 0
0  0.022808 -4.110168 -0.336588  0.618996 0.784743 -0.031990  0.155663 0.192750 0
Material_0
0  0.022808 -4.274057 -0.619948  0.959026 0.240139 0.150338  0.152826 0.191772 0
0  -0.034814 -4.274057 -0.619948  -0.959024 0.240132 0.150365  0.152826 0.191772 0
0  0.022808 -4.110168 -0.336588  0.618996 0.784743 -0.031990  0.155663 0.192750 0
Material_0
0  0.022808 -4.110168 -0.336588  0.618996 0.784743 -0.031990  0.155663 0.192750 0
0  -0.034814 -4.274057 -0.619948  -0.959024 0.240132 0.150365  0.152826 0.191772 0
0  -0.034814 -4.110168 -0.336588  -0.618995 0.784742 -0.032013  0.155663 0.192750 0
Material_0
0  -0.034814 -4.274057 -0.619948  -0.959024 0.240132 0.150365  0.152826 0.191772 0
0  -0.034814 -4.298960 -0.227460  -0.617153 -0.432976 0.657004  0.156695 0.191691 0
0  -0.034814 -4.110168 -0.336588  -0.618995 0.784742 -0.032013  0.155663 0.192750 0
Material_0
0  -0.034814 -4.110168 -0.336588  -0.618995 0.784742 -0.032013  0.155663 0.192750 0
0  -0.034814 -4.298960 -0.227460  -0.617153 -0.432976 0.657004  0.156695 0.191691 0
0  -0.034814 -4.163736 -0.211655  -0.592930 0.401275 0.698149  0.156867 0.192424 0
Material_0
0  -0.034814 -4.298960 -0.227460  -0.617153 -0.432976 0.657004  0.156695 0.191691 0
0  0.022808 -4.298960 -0.227460  0.617092 -0.433009 0.657039  0.156695 0.191691 0
0  -0.034814 -4.163736 -0.211655  -0.592930 0.401275 0.698149  0.156867 0.192424 0
Material_0
0  -0.034814 -4.163736 -0.211655  -0.592930 0.401275 0.698149  0.156867 0.192424 0
0  0.022808 -4.298960 -0.227460  0.617092 -0.433009 0.657039  0.156695 0.191691 0
0  0.022808 -4.163736 -0.211655  0.592921 0.401260 0.698166  0.156867 0.192424 0
Material_0
0  0.022808 -4.298960 -0.227460  0.617092 -0.433009 0.657039  0.156695 0.191691 0
0  0.022808 -4.110168 -0.336588  0.618996 0.784743 -0.031990  0.155663 0.192750 0
0  0.022808 -4.163736 -0.211655  0.592921 0.401260 0.698166  0.156867 0.192424 0
Material_0
0  0.022808 -4.110168 -0.336588  0.618996 0.784743 -0.031990  0.155663 0.192750 0
0  -0.034814 -4.110168 -0.336588  -0.618995 0.784742 -0.032013  0.155663 0.192750 0
0  0.022808 -4.163736 -0.211655  0.592921 0.401260 0.698166  0.156867 0.192424 0
Material_0
0  0.022808 -4.163736 -0.211655  0.592921 0.401260 0.698166  0.156867 0.192424 0
0  -0.034814 -4.110168 -0.336588  -0.618995 0.784742 -0.032013  0.155663 0.192750 0
0  -0.034814 -4.163736 -0.211655  -0.592930 0.401275 0.698149  0.156867 0.192424 0
Material_0
0  -0.034814 -4.946406 -1.783486  -0.902885 0.111171 -0.415258  0.141391 0.187860 0
0  -0.034814 -5.175445 -1.746984  -0.839100 -0.273900 0.469989  0.141735 0.186556 0
0  -0.034814 -5.134038 -1.675110  -0.903118 -0.413242 -0.116659  0.142423 0.186800 0
Material_0
0  -0.034814 -5.175445 -1.746984  -0.839100 -0.273900 0.469989  0.141735 0.186556 0
0  0.022808 -5.175445 -1.746984  0.839098 -0.273899 0.469994  0.141735 0.186556 0
0  -0.034814 -5.134038 -1.675110  -0.903118 -0.413242 -0.116659  0.142423 0.186800 0
Material_0
0  -0.034814 -5.134038 -1.675110  -0.903118 -0.413242 -0.116659  0.142423 0.186800 0
0  0.022808 -5.175445 -1.746984  0.839098 -0.273899 0.469994  0.141735 0.186556 0
0  0.022808 -5.134038 -1.675110  0.903125 -0.413235 -0.116630  0.142423 0.186800 0
Material_0
0  0.022808 -5.134038 -1.675110  0.903125 -0.413235 -0.116630  0.142423 0.186800 0
0  0.022808 -5.175445 -1.746984  0.839098 -0.273899 0.469994  0.141735 0.186556 0
0  0.022808 -4.946406 -1.783486  0.902842 0.111190 -0.415346  0.141391 0.187860 0
Material_0
0  0.022808 -5.175445 -1.746984  0.839098 -0.273899 0.469994  0.141735 0.186556 0
0  0.022808 -4.987813 -1.855361  0.838303 0.543480 -0.043330  0.140703 0.187615 0
0  0.022808 -4.946406 -1.783486  0.902842 0.111190 -0.415346  0.141391 0.187860 0
Material_0
0  0.022808 -4.946406 -1.783486  0.902842 0.111190 -0.415346  0.141391 0.187860 0
0  0.022808 -4.987813 -1.855361  0.838303 0.543480 -0.043330  0.140703 0.187615 0
0  -0.034814 -4.987813 -1.855361  -0.838302 0.543479 -0.043347  0.140703 0.187615 0
Material_0
0  -0.034814 -4.987813 -1.855361  -0.838302 0.543479 -0.043347  0.140703 0.187615 0
0  0.022808 -4.987813 -1.855361  0.838303 0.543480 -0.043330  0.140703 0.187615 0
0  -0.034814 -4.816106 -2.154524  -0.620338 0.782024 0.060158  0.137694 0.188594 0
Material_0
0  0.022808 -4.987813 -1.855361  0.838303 0.543480 -0.043330  0.140703 0.187615 0
0  0.022808 -4.816106 -2.154524  0.620336 0.782026 0.060153  0.137694 0.188594 0
0  -0.034814 -4.816106 -2.154524  -0.620338 0.782024 0.060158  0.137694 0.188594 0
Material_0
0  -0.034814 -4.816106 -2.154524  -0.620338 0.782024 0.060158  0.137694 0.188594 0
0  0.022808 -4.816106 -2.154524  0.620336 0.782026 0.060153  0.137694 0.188594 0
0  -0.034814 -4.869385 -2.282092  -0.580676 0.352718 -0.733761  0.136490 0.188349 0
Material_0
0  0.022808 -4.816106 -2.154524  0.620336 0.782026 0.060153  0.137694 0.188594 0
0  0.022807 -4.869385 -2.282092  0.586566 0.352722 -0.729060  0.136490 0.188349 0
0  -0.034814 -4.869385 -2.282092  -0.580676 0.352718 -0.733761  0.136490 0.188349 0
Material_0
0  -0.034814 -4.869385 -2.282092  -0.580676 0.352718 -0.733761  0.136490 0.188349 0
0  0.022807 -4.869385 -2.282092  0.586566 0.352722 -0.729060  0.136490 0.188349 0
0  -0.034814 -4.994183 -2.247095  -0.629562 -0.483525 -0.608157  0.136834 0.187615 0
Material_0
0  -0.034814 -4.994183 -2.247095  -0.629562 -0.483525 -0.608157  0.136834 0.187615 0
0  0.022807 -4.869385 -2.282092  0.586566 0.352722 -0.729060  0.136490 0.188349 0
0  0.022808 -4.994183 -2.247095  0.629555 -0.483520 -0.608168  0.136834 0.187615 0
Material_0
0  0.022807 -4.869385 -2.282092  0.586566 0.352722 -0.729060  0.136490 0.188349 0
0  0.022808 -4.816106 -2.154524  0.620336 0.782026 0.060153  0.137694 0.188594 0
0  0.022808 -4.994183 -2.247095  0.629555 -0.483520 -0.608168  0.136834 0.187615 0
Material_0
0  0.022808 -4.994183 -2.247095  0.629555 -0.483520 -0.608168  0.136834 0.187615 0
0  0.022808 -4.816106 -2.154524  0.620336 0.782026 0.060153  0.137694 0.188594 0
0  0.022808 -5.101028 -2.052169  0.959112 -0.002195 -0.283018  0.138726 0.186963 0
Material_0
0  0.022808 -4.816106 -2.154524  0.620336 0.782026 0.060153  0.137694 0.188594 0
0  0.022808 -4.987813 -1.855361  0.838303 0.543480 -0.043330  0.140703 0.187615 0
0  0.022808 -5.101028 -2.052169  0.959112 -0.002195 -0.283018  0.138726 0.186963 0
Material_0
0  0.022808 -4.946406 -1.783486  0.902842 0.111190 -0.415346  0.141391 0.187860 0
0  -0.034814 -4.987813 -1.855361  -0.838302 0.543479 -0.043347  0.140703 0.187615 0
0  -0.034814 -4.946406 -1.783486  -0.902885 0.111171 -0.415258  0.141391 0.187860 0
Material_0
0  -0.034814 -4.946406 -1.783486  -0.902885 0.111171 -0.415258  0.141391 0.187860 0
0  -0.034814 -4.987813 -1.855361  -0.838302 0.543479 -0.043347  0.140703 0.187615 0
0  -0.034814 -5.175445 -1.746984  -0.839100 -0.273900 0.469989  0.141735 0.186556 0
Material_0
0  -0.034814 -5.175445 -1.746984  -0.839100 -0.273900 0.469989  0.141735 0.186556 0
0  -0.034814 -4.987813 -1.855361  -0.838302 0.543479 -0.043347  0.140703 0.187615 0
0  -0.034814 -5.288952 -1.943416  -0.959026 -0.240137 -0.150344  0.139843 0.185822 0
Material_0
0  -0.034814 -4.987813 -1.855361  -0.838302 0.543479 -0.043347  0.140703 0.187615 0
0  -0.034814 -5.101028 -2.052169  -0.959136 -0.002222 -0.282936  0.138726 0.186963 0
0  -0.034814 -5.288952 -1.943416  -0.959026 -0.240137 -0.150344  0.139843 0.185822 0
Material_0
0  -0.034814 -5.288952 -1.943416  -0.959026 -0.240137 -0.150344  0.139843 0.185822 0
0  -0.034814 -5.101028 -2.052169  -0.959136 -0.002222 -0.282936  0.138726 0.186963 0
0  -0.034814 -5.264339 -2.335903  -0.616454 0.433011 -0.657636  0.135974 0.185985 0
Material_0
0  -0.034814 -5.101028 -2.052169  -0.959136 -0.002222 -0.282936  0.138726 0.186963 0
0  0.022808 -5.101028 -2.052169  0.959112 -0.002195 -0.283018  0.138726 0.186963 0
0  -0.034814 -5.264339 -2.335903  -0.616454 0.433011 -0.657636  0.135974 0.185985 0
Material_0
0  -0.034814 -5.264339 -2.335903  -0.616454 0.433011 -0.657636  0.135974 0.185985 0
0  0.022808 -5.101028 -2.052169  0.959112 -0.002195 -0.283018  0.138726 0.186963 0
0  0.022808 -5.264339 -2.335903  0.616387 0.433034 -0.657684  0.135974 0.185985 0
Material_0
0  0.022808 -5.264339 -2.335903  0.616387 0.433034 -0.657684  0.135974 0.185985 0
0  0.022808 -5.101028 -2.052169  0.959112 -0.002195 -0.283018  0.138726 0.186963 0
0  0.022808 -5.288952 -1.943416  0.959024 -0.240131 -0.150369  0.139843 0.185822 0
Material_0
0  0.022808 -5.101028 -2.052169  0.959112 -0.002195 -0.283018  0.138726 0.186963 0
0  0.022808 -4.987813 -1.855361  0.838303 0.543480 -0.043330  0.140703 0.187615 0
0  0.022808 -5.288952 -1.943416  0.959024 -0.240131 -0.150369  0.139843 0.185822 0
Material_0
0  0.022808 -4.987813 -1.855361  0.838303 0.543480 -0.043330  0.140703 0.187615 0
0  0.022808 -5.175445 -1.746984  0.839098 -0.273899 0.469994  0.141735 0.186556 0
0  0.022808 -5.288952 -1.943416  0.959024 -0.240131 -0.150369  0.139843 0.185822 0
Material_0
0  0.022808 -5.288952 -1.943416  0.959024 -0.240131 -0.150369  0.139843 0.185822 0
0  0.022808 -5.175445 -1.746984  0.839098 -0.273899 0.469994  0.141735 0.186556 0
0  0.022808 -5.520596 -1.748113  0.621464 -0.348658 0.701584  0.141735 0.184518 0
Material_0
0  0.022808 -5.175445 -1.746984  0.839098 -0.273899 0.469994  0.141735 0.186556 0
0  -0.034814 -5.175445 -1.746984  -0.839100 -0.273900 0.469989  0.141735 0.186556 0
0  0.022808 -5.520596 -1.748113  0.621464 -0.348658 0.701584  0.141735 0.184518 0
Material_0
0  0.022808 -5.520596 -1.748113  0.621464 -0.348658 0.701584  0.141735 0.184518 0
0  -0.034814 -5.175445 -1.746984  -0.839100 -0.273900 0.469989  0.141735 0.186556 0
0  -0.034814 -5.520596 -1.748113  -0.621489 -0.348645 0.701568  0.141735 0.184518 0
Material_0
0  -0.034814 -5.175445 -1.746984  -0.839100 -0.273900 0.469989  0.141735 0.186556 0
0  -0.034814 -5.288952 -1.943416  -0.959026 -0.240137 -0.150344  0.139843 0.185822 0
0  -0.034814 -5.520596 -1.748113  -0.621489 -0.348645 0.701568  0.141735 0.184518 0
Material_0
0  -0.034814 -5.520596 -1.748113  -0.621489 -0.348645 0.701568  0.141735 0.184518 0
0  -0.034814 -5.288952 -1.943416  -0.959026 -0.240137 -0.150344  0.139843 0.185822 0
0  -0.034814 -5.511331 -1.948308  -0.629871 -0.286488 -0.721933  0.139757 0.184518 0
Material_0
0  -0.034814 -5.288952 -1.943416  -0.959026 -0.240137 -0.150344  0.139843 0.185822 0
0  0.022808 -5.288952 -1.943416  0.959024 -0.240131 -0.150369  0.139843 0.185822 0
0  -0.034814 -5.511331 -1.948308  -0.629871 -0.286488 -0.721933  0.139757 0.184518 0
Material_0
0  -0.034814 -5.511331 -1.948308  -0.629871 -0.286488 -0.721933  0.139757 0.184518 0
0  0.022808 -5.288952 -1.943416  0.959024 -0.240131 -0.150369  0.139843 0.185822 0
0  0.022808 -5.511331 -1.948308  0.629872 -0.286496 -0.721929  0.139757 0.184518 0
Material_0
0  0.022808 -5.288952 -1.943416  0.959024 -0.240131 -0.150369  0.139843 0.185822 0
0  0.022808 -5.520596 -1.748113  0.621464 -0.348658 0.701584  0.141735 0.184518 0
0  0.022808 -5.511331 -1.948308  0.629872 -0.286496 -0.721929  0.139757 0.184518 0
Material_0
0  0.022808 -5.511331 -1.948308  0.629872 -0.286496 -0.721929  0.139757 0.184518 0
0  0.022808 -5.520596 -1.748113  0.621464 -0.348658 0.701584  0.141735 0.184518 0
0  0.022808 -5.604277 -1.857995  0.582891 -0.811063 -0.049139  0.140617 0.184029 0
Material_0
0  0.022808 -5.520596 -1.748113  0.621464 -0.348658 0.701584  0.141735 0.184518 0
0  -0.034814 -5.520596 -1.748113  -0.621489 -0.348645 0.701568  0.141735 0.184518 0
0  0.022808 -5.604277 -1.857995  0.582891 -0.811063 -0.049139  0.140617 0.184029 0
Material_0
0  0.022808 -5.604277 -1.857995  0.582891 -0.811063 -0.049139  0.140617 0.184029 0
0  -0.034814 -5.520596 -1.748113  -0.621489 -0.348645 0.701568  0.141735 0.184518 0
0  -0.034814 -5.604277 -1.857995  -0.582889 -0.811068 -0.049093  0.140617 0.184029 0
Material_0
0  -0.034814 -5.520596 -1.748113  -0.621489 -0.348645 0.701568  0.141735 0.184518 0
0  -0.034814 -5.511331 -1.948308  -0.629871 -0.286488 -0.721933  0.139757 0.184518 0
0  -0.034814 -5.604277 -1.857995  -0.582889 -0.811068 -0.049093  0.140617 0.184029 0
Material_0
0  -0.034814 -5.511331 -1.948308  -0.629871 -0.286488 -0.721933  0.139757 0.184518 0
0  0.022808 -5.511331 -1.948308  0.629872 -0.286496 -0.721929  0.139757 0.184518 0
0  -0.034814 -5.604277 -1.857995  -0.582889 -0.811068 -0.049093  0.140617 0.184029 0
Material_0
0  -0.034814 -5.604277 -1.857995  -0.582889 -0.811068 -0.049093  0.140617 0.184029 0
0  0.022808 -5.511331 -1.948308  0.629872 -0.286496 -0.721929  0.139757 0.184518 0
0  0.022808 -5.604277 -1.857995  0.582891 -0.811063 -0.049139  0.140617 0.184029 0
Material_0
0  -0.034814 -4.869385 -2.282092  -0.580676 0.352718 -0.733761  0.136490 0.188349 0
0  -0.034814 -4.994183 -2.247095  -0.629562 -0.483525 -0.608157  0.136834 0.187615 0
0  -0.034814 -4.816106 -2.154524  -0.620338 0.782024 0.060158  0.137694 0.188594 0
Material_0
0  -0.034814 -4.816106 -2.154524  -0.620338 0.782024 0.060158  0.137694 0.188594 0
0  -0.034814 -4.994183 -2.247095  -0.629562 -0.483525 -0.608157  0.136834 0.187615 0
0  -0.034814 -5.101028 -2.052169  -0.959136 -0.002222 -0.282936  0.138726 0.186963 0
Material_0
0  -0.034814 -4.994183 -2.247095  -0.629562 -0.483525 -0.608157  0.136834 0.187615 0
0  0.022808 -4.994183 -2.247095  0.629555 -0.483520 -0.608168  0.136834 0.187615 0
0  -0.034814 -5.101028 -2.052169  -0.959136 -0.002222 -0.282936  0.138726 0.186963 0
Material_0
0  -0.034814 -5.101028 -2.052169  -0.959136 -0.002222 -0.282936  0.138726 0.186963 0
0  0.022808 -4.994183 -2.247095  0.629555 -0.483520 -0.608168  0.136834 0.187615 0
0  0.022808 -5.101028 -2.052169  0.959112 -0.002195 -0.283018  0.138726 0.186963 0
Material_0
0  -0.034814 -4.987813 -1.855361  -0.838302 0.543479 -0.043347  0.140703 0.187615 0
0  -0.034814 -4.816106 -2.154524  -0.620338 0.782024 0.060158  0.137694 0.188594 0
0  -0.034814 -5.101028 -2.052169  -0.959136 -0.002222 -0.282936  0.138726 0.186963 0
Material_0
0  0.022808 -5.264339 -2.335903  0.616387 0.433034 -0.657684  0.135974 0.185985 0
0  0.022808 -5.288952 -1.943416  0.959024 -0.240131 -0.150369  0.139843 0.185822 0
0  0.022808 -5.453130 -2.226775  0.618990 -0.784740 0.032163  0.137006 0.184926 0
Material_0
0  0.022808 -5.288952 -1.943416  0.959024 -0.240131 -0.150369  0.139843 0.185822 0
0  -0.034814 -5.288952 -1.943416  -0.959026 -0.240137 -0.150344  0.139843 0.185822 0
0  0.022808 -5.453130 -2.226775  0.618990 -0.784740 0.032163  0.137006 0.184926 0
Material_0
0  0.022808 -5.453130 -2.226775  0.618990 -0.784740 0.032163  0.137006 0.184926 0
0  -0.034814 -5.288952 -1.943416  -0.959026 -0.240137 -0.150344  0.139843 0.185822 0
0  -0.034814 -5.453130 -2.226775  -0.618990 -0.784741 0.032130  0.137006 0.184926 0
Material_0
0  -0.034814 -5.288952 -1.943416  -0.959026 -0.240137 -0.150344  0.139843 0.185822 0
0  -0.034814 -5.264339 -2.335903  -0.616454 0.433011 -0.657636  0.135974 0.185985 0
0  -0.034814 -5.453130 -2.226775  -0.618990 -0.784741 0.032130  0.137006 0.184926 0
Material_0
0  -0.034814 -5.453130 -2.226775  -0.618990 -0.784741 0.032130  0.137006 0.184926 0
0  -0.034814 -5.264339 -2.335903  -0.616454 0.433011 -0.657636  0.135974 0.185985 0
0  -0.034814 -5.399272 -2.351709  -0.590689 -0.401274 -0.700047  0.135802 0.185170 0
Material_0
0  -0.034814 -5.264339 -2.335903  -0.616454 0.433011 -0.657636  0.135974 0.185985 0
0  0.022808 -5.264339 -2.335903  0.616387 0.433034 -0.657684  0.135974 0.185985 0
0  -0.034814 -5.399272 -2.351709  -0.590689 -0.401274 -0.700047  0.135802 0.185170 0
Material_0
0  -0.034814 -5.399272 -2.351709  -0.590689 -0.401274 -0.700047  0.135802 0.185170 0
0  0.022808 -5.264339 -2.335903  0.616387 0.433034 -0.657684  0.135974 0.185985 0
0  0.022808 -5.399272 -2.351709  0.590679 -0.401270 -0.700057  0.135802 0.185170 0
Material_0
0  0.022808 -5.264339 -2.335903  0.616387 0.433034 -0.657684  0.135974 0.185985 0
0  0.022808 -5.453130 -2.226775  0.618990 -0.784740 0.032163  0.137006 0.184926 0
0  0.022808 -5.399272 -2.351709  0.590679 -0.401270 -0.700057  0.135802 0.185170 0
Material_0
0  0.022808 -5.453130 -2.226775  0.618990 -0.784740 0.032163  0.137006 0.184926 0
0  -0.034814 -5.453130 -2.226775  -0.618990 -0.784741 0.032130  0.137006 0.184926 0
0  0.022808 -5.399272 -2.351709  0.590679 -0.401270 -0.700057  0.135802 0.185170 0
Material_0
0  0.022808 -5.399272 -2.351709  0.590679 -0.401270 -0.700057  0.135802 0.185170 0
0  -0.034814 -5.453130 -2.226775  -0.618990 -0.784741 0.032130  0.137006 0.184926 0
0  -0.034814 -5.399272 -2.351709  -0.590689 -0.401274 -0.700047  0.135802 0.185170 0
Material_0
0  0.022808 -4.575484 -1.855361  0.838393 -0.543483 -0.041505  0.140703 0.190061 0
0  0.022807 -4.462269 -2.052169  0.959116 0.002200 -0.283004  0.138726 0.190713 0
0  0.022808 -4.387852 -1.746984  0.836725 0.273897 0.474207  0.141735 0.191120 0
Material_0
0  0.022808 -4.387852 -1.746984  0.836725 0.273897 0.474207  0.141735 0.191120 0
0  0.022807 -4.462269 -2.052169  0.959116 0.002200 -0.283004  0.138726 0.190713 0
0  0.022807 -4.274057 -1.943416  0.959022 0.240129 -0.150383  0.139843 0.191772 0
Material_0
0  0.022807 -4.462269 -2.052169  0.959116 0.002200 -0.283004  0.138726 0.190713 0
0  0.022808 -4.575484 -1.855361  0.838393 -0.543483 -0.041505  0.140703 0.190061 0
0  0.022807 -4.747192 -2.154524  0.619935 -0.782029 0.064120  0.137694 0.189001 0
Material_0
0  0.022808 -4.575484 -1.855361  0.838393 -0.543483 -0.041505  0.140703 0.190061 0
0  -0.034814 -4.575484 -1.855361  -0.838394 -0.543480 -0.041534  0.140703 0.190061 0
0  0.022807 -4.747192 -2.154524  0.619935 -0.782029 0.064120  0.137694 0.189001 0
Material_0
0  0.022807 -4.747192 -2.154524  0.619935 -0.782029 0.064120  0.137694 0.189001 0
0  -0.034814 -4.575484 -1.855361  -0.838394 -0.543480 -0.041534  0.140703 0.190061 0
0  -0.034814 -4.747192 -2.154524  -0.619934 -0.782027 0.064153  0.137694 0.189001 0
Material_0
0  -0.034814 -4.575484 -1.855361  -0.838394 -0.543480 -0.041534  0.140703 0.190061 0
0  -0.034814 -4.462269 -2.052169  -0.959106 0.002188 -0.283039  0.138726 0.190713 0
0  -0.034814 -4.747192 -2.154524  -0.619934 -0.782027 0.064153  0.137694 0.189001 0
Material_0
0  -0.034814 -4.747192 -2.154524  -0.619934 -0.782027 0.064153  0.137694 0.189001 0
0  -0.034814 -4.462269 -2.052169  -0.959106 0.002188 -0.283039  0.138726 0.190713 0
0  -0.034814 -4.569114 -2.247095  -0.629023 0.483483 -0.608748  0.136834 0.190061 0
Material_0
0  -0.034814 -4.462269 -2.052169  -0.959106 0.002188 -0.283039  0.138726 0.190713 0
0  0.022807 -4.462269 -2.052169  0.959116 0.002200 -0.283004  0.138726 0.190713 0
0  -0.034814 -4.569114 -2.247095  -0.629023 0.483483 -0.608748  0.136834 0.190061 0
Material_0
0  -0.034814 -4.569114 -2.247095  -0.629023 0.483483 -0.608748  0.136834 0.190061 0
0  0.022807 -4.462269 -2.052169  0.959116 0.002200 -0.283004  0.138726 0.190713 0
0  0.022807 -4.569114 -2.247095  0.628832 0.483524 -0.608913  0.136834 0.190061 0
Material_0
0  0.022807 -4.462269 -2.052169  0.959116 0.002200 -0.283004  0.138726 0.190713 0
0  0.022807 -4.747192 -2.154524  0.619935 -0.782029 0.064120  0.137694 0.189001 0
0  0.022807 -4.569114 -2.247095  0.628832 0.483524 -0.608913  0.136834 0.190061 0
Material_0
0  0.022807 -4.569114 -2.247095  0.628832 0.483524 -0.608913  0.136834 0.190061 0
0  0.022807 -4.747192 -2.154524  0.619935 -0.782029 0.064120  0.137694 0.189001 0
0  0.022807 -4.693913 -2.282092  0.581279 -0.352707 -0.733289  0.136490 0.189327 0
Material_0
0  0.022807 -4.747192 -2.154524  0.619935 -0.782029 0.064120  0.137694 0.189001 0
0  -0.034814 -4.747192 -2.154524  -0.619934 -0.782027 0.064153  0.137694 0.189001 0
0  0.022807 -4.693913 -2.282092  0.581279 -0.352707 -0.733289  0.136490 0.189327 0
Material_0
0  0.022807 -4.693913 -2.282092  0.581279 -0.352707 -0.733289  0.136490 0.189327 0
0  -0.034814 -4.747192 -2.154524  -0.619934 -0.782027 0.064153  0.137694 0.189001 0
0  -0.034814 -4.693913 -2.282092  -0.581287 -0.352709 -0.733281  0.136490 0.189327 0
Material_0
0  -0.034814 -4.747192 -2.154524  -0.619934 -0.782027 0.064153  0.137694 0.189001 0
0  -0.034814 -4.569114 -2.247095  -0.629023 0.483483 -0.608748  0.136834 0.190061 0
0  -0.034814 -4.693913 -2.282092  -0.581287 -0.352709 -0.733281  0.136490 0.189327 0
Material_0
0  -0.034814 -4.569114 -2.247095  -0.629023 0.483483 -0.608748  0.136834 0.190061 0
0  0.022807 -4.569114 -2.247095  0.628832 0.483524 -0.608913  0.136834 0.190061 0
0  -0.034814 -4.693913 -2.282092  -0.581287 -0.352709 -0.733281  0.136490 0.189327 0
Material_0
0  -0.034814 -4.693913 -2.282092  -0.581287 -0.352709 -0.733281  0.136490 0.189327 0
0  0.022807 -4.569114 -2.247095  0.628832 0.483524 -0.608913  0.136834 0.190061 0
0  0.022807 -4.693913 -2.282092  0.581279 -0.352707 -0.733289  0.136490 0.189327 0
Material_0
0  -0.034814 -4.274057 -1.943416  -0.959024 0.240132 -0.150365  0.139843 0.191772 0
0  0.022807 -4.274057 -1.943416  0.959022 0.240129 -0.150383  0.139843 0.191772 0
0  -0.034814 -4.110168 -2.226775  -0.619179 0.784740 0.028274  0.137006 0.192750 0
Material_0
0  -0.034814 -4.110168 -2.226775  -0.619179 0.784740 0.028274  0.137006 0.192750 0
0  0.022807 -4.274057 -1.943416  0.959022 0.240129 -0.150383  0.139843 0.191772 0
0  0.022807 -4.110168 -2.226775  0.619179 0.784742 0.028229  0.137006 0.192750 0
Material_0
0  0.022807 -4.274057 -1.943416  0.959022 0.240129 -0.150383  0.139843 0.191772 0
0  0.022807 -4.462269 -2.052169  0.959116 0.002200 -0.283004  0.138726 0.190713 0
0  0.022807 -4.110168 -2.226775  0.619179 0.784742 0.028229  0.137006 0.192750 0
Material_0
0  0.022807 -4.110168 -2.226775  0.619179 0.784742 0.028229  0.137006 0.192750 0
0  0.022807 -4.462269 -2.052169  0.959116 0.002200 -0.283004  0.138726 0.190713 0
0  0.022807 -4.298959 -2.335903  0.617075 -0.433017 -0.657050  0.135974 0.191691 0
Material_0
0  0.022807 -4.462269 -2.052169  0.959116 0.002200 -0.283004  0.138726 0.190713 0
0  -0.034814 -4.462269 -2.052169  -0.959106 0.002188 -0.283039  0.138726 0.190713 0
0  0.022807 -4.298959 -2.335903  0.617075 -0.433017 -0.657050  0.135974 0.191691 0
Material_0
0  0.022807 -4.298959 -2.335903  0.617075 -0.433017 -0.657050  0.135974 0.191691 0
0  -0.034814 -4.462269 -2.052169  -0.959106 0.002188 -0.283039  0.138726 0.190713 0
0  -0.034814 -4.298959 -2.335903  -0.617061 -0.433024 -0.657058  0.135974 0.191691 0
Material_0
0  -0.034814 -4.462269 -2.052169  -0.959106 0.002188 -0.283039  0.138726 0.190713 0
0  -0.034814 -4.110168 -2.226775  -0.619179 0.784740 0.028274  0.137006 0.192750 0
0  -0.034814 -4.298959 -2.335903  -0.617061 -0.433024 -0.657058  0.135974 0.191691 0
Material_0
0  -0.034814 -4.298959 -2.335903  -0.617061 -0.433024 -0.657058  0.135974 0.191691 0
0  -0.034814 -4.110168 -2.226775  -0.619179 0.784740 0.028274  0.137006 0.192750 0
0  -0.034814 -4.163736 -2.351709  -0.595798 0.401274 -0.695704  0.135802 0.192424 0
Material_0
0  -0.034814 -4.110168 -2.226775  -0.619179 0.784740 0.028274  0.137006 0.192750 0
0  0.022807 -4.110168 -2.226775  0.619179 0.784742 0.028229  0.137006 0.192750 0
0  -0.034814 -4.163736 -2.351709  -0.595798 0.401274 -0.695704  0.135802 0.192424 0
Material_0
0  -0.034814 -4.163736 -2.351709  -0.595798 0.401274 -0.695704  0.135802 0.192424 0
0  0.022807 -4.110168 -2.226775  0.619179 0.784742 0.028229  0.137006 0.192750 0
0  0.022807 -4.163736 -2.351709  0.595834 0.401238 -0.695694  0.135802 0.192424 0
Material_0
0  0.022807 -4.110168 -2.226775  0.619179 0.784742 0.028229  0.137006 0.192750 0
0  0.022807 -4.298959 -2.335903  0.617075 -0.433017 -0.657050  0.135974 0.191691 0
0  0.022807 -4.163736 -2.351709  0.595834 0.401238 -0.695694  0.135802 0.192424 0
Material_0
0  0.022807 -4.298959 -2.335903  0.617075 -0.433017 -0.657050  0.135974 0.191691 0
0  -0.034814 -4.298959 -2.335903  -0.617061 -0.433024 -0.657058  0.135974 0.191691 0
0  0.022807 -4.163736 -2.351709  0.595834 0.401238 -0.695694  0.135802 0.192424 0
Material_0
0  0.022807 -4.163736 -2.351709  0.595834 0.401238 -0.695694  0.135802 0.192424 0
0  -0.034814 -4.298959 -2.335903  -0.617061 -0.433024 -0.657058  0.135974 0.191691 0
0  -0.034814 -4.163736 -2.351709  -0.595798 0.401274 -0.695704  0.135802 0.192424 0
Material_0
0  -0.034814 -4.274057 -1.943416  -0.959024 0.240132 -0.150365  0.139843 0.191772 0
0  -0.034814 -4.110168 -2.226775  -0.619179 0.784740 0.028274  0.137006 0.192750 0
0  -0.034814 -4.462269 -2.052169  -0.959106 0.002188 -0.283039  0.138726 0.190713 0
Material_0
0  0.022808 -5.134038 -1.675110  0.903125 -0.413235 -0.116630  0.142423 0.186800 0
0  0.022808 -5.298506 -1.173493  0.903739 -0.303093 0.302309  0.147409 0.185822 0
0  0.022808 -5.298506 -1.389870  0.904873 -0.303164 -0.298825  0.145260 0.185822 0
Material_0
0  0.022808 -5.298506 -1.173493  0.903739 -0.303093 0.302309  0.147409 0.185822 0
0  0.022808 -5.381610 -1.173493  0.836691 0.273867 0.474284  0.147409 0.185333 0
0  0.022808 -5.298506 -1.389870  0.904873 -0.303164 -0.298825  0.145260 0.185822 0
Material_0
0  0.022808 -5.298506 -1.389870  0.904873 -0.303164 -0.298825  0.145260 0.185822 0
0  0.022808 -5.381610 -1.173493  0.836691 0.273867 0.474284  0.147409 0.185333 0
0  0.022808 -5.381610 -1.389870  0.838494 0.273783 -0.471137  0.145260 0.185333 0
Material_0
0  0.022808 -5.381610 -1.173493  0.836691 0.273867 0.474284  0.147409 0.185333 0
0  0.022808 -5.608332 -1.173117  0.958809 -0.244371 0.144804  0.147409 0.183948 0
0  0.022808 -5.381610 -1.389870  0.838494 0.273783 -0.471137  0.145260 0.185333 0
Material_0
0  0.022808 -5.608332 -1.173117  0.958809 -0.244371 0.144804  0.147409 0.183948 0
0  0.022808 -5.608332 -1.390246  0.959389 -0.244382 -0.140887  0.145260 0.183948 0
0  0.022808 -5.381610 -1.389870  0.838494 0.273783 -0.471137  0.145260 0.185333 0
Material_0
0  0.022808 -5.381610 -1.389870  0.838494 0.273783 -0.471137  0.145260 0.185333 0
0  0.022808 -5.608332 -1.390246  0.959389 -0.244382 -0.140887  0.145260 0.183948 0
0  0.022808 -5.554764 -1.688281  0.621761 0.433103 -0.652561  0.142337 0.184274 0
Material_0
0  0.022808 -5.608332 -1.390246  0.959389 -0.244382 -0.140887  0.145260 0.183948 0
0  0.022808 -5.723864 -1.580280  0.630158 -0.768225 0.112833  0.143368 0.183296 0
0  0.022808 -5.554764 -1.688281  0.621761 0.433103 -0.652561  0.142337 0.184274 0
Material_0
0  0.022808 -5.723864 -1.580280  0.630158 -0.768225 0.112833  0.143368 0.183296 0
0  0.022808 -5.692013 -1.705967  0.582185 -0.456521 -0.672793  0.142165 0.183459 0
0  0.022808 -5.554764 -1.688281  0.621761 0.433103 -0.652561  0.142337 0.184274 0
Material_0
0  0.022808 -5.554764 -1.688281  0.621761 0.433103 -0.652561  0.142337 0.184274 0
0  0.022808 -5.692013 -1.705967  0.582185 -0.456521 -0.672793  0.142165 0.183459 0
0  -0.034814 -5.692013 -1.705967  -0.582146 -0.456522 -0.672826  0.142165 0.183459 0
Material_0
0  0.022808 -5.692013 -1.705967  0.582185 -0.456521 -0.672793  0.142165 0.183459 0
0  -0.034814 -5.723864 -1.580280  -0.630161 -0.768224 0.112823  0.143368 0.183296 0
0  -0.034814 -5.692013 -1.705967  -0.582146 -0.456522 -0.672826  0.142165 0.183459 0
Material_0
0  -0.034814 -5.692013 -1.705967  -0.582146 -0.456522 -0.672826  0.142165 0.183459 0
0  -0.034814 -5.723864 -1.580280  -0.630161 -0.768224 0.112823  0.143368 0.183296 0
0  -0.034814 -5.554764 -1.688281  -0.621736 0.433119 -0.652574  0.142337 0.184274 0
Material_0
0  -0.034814 -5.554764 -1.688281  -0.621736 0.433119 -0.652574  0.142337 0.184274 0
0  -0.034814 -5.723864 -1.580280  -0.630161 -0.768224 0.112823  0.143368 0.183296 0
0  -0.034814 -5.608332 -1.390246  -0.959372 -0.244373 -0.141022  0.145260 0.183948 0
Material_0
0  -0.034814 -5.608332 -1.390246  -0.959372 -0.244373 -0.141022  0.145260 0.183948 0
0  -0.034814 -5.723864 -1.580280  -0.630161 -0.768224 0.112823  0.143368 0.183296 0
0  0.022808 -5.723864 -1.580280  0.630158 -0.768225 0.112833  0.143368 0.183296 0
Material_0
0  -0.034814 -5.723864 -1.580280  -0.630161 -0.768224 0.112823  0.143368 0.183296 0
0  0.022808 -5.692013 -1.705967  0.582185 -0.456521 -0.672793  0.142165 0.183459 0
0  0.022808 -5.723864 -1.580280  0.630158 -0.768225 0.112833  0.143368 0.183296 0
Material_0
0  0.022808 -5.298506 -1.173493  0.903739 -0.303093 0.302309  0.147409 0.185822 0
0  -0.034814 -5.298506 -1.173493  -0.903757 -0.303056 0.302290  0.147409 0.185822 0
0  0.022808 -5.381610 -1.173493  0.836691 0.273867 0.474284  0.147409 0.185333 0
Material_0
0  -0.034814 -5.692013 -1.705967  -0.582146 -0.456522 -0.672826  0.142165 0.183459 0
0  -0.034814 -5.554764 -1.688281  -0.621736 0.433119 -0.652574  0.142337 0.184274 0
0  0.022808 -5.554764 -1.688281  0.621761 0.433103 -0.652561  0.142337 0.184274 0
Material_0
0  0.022808 -5.554764 -1.688281  0.621761 0.433103 -0.652561  0.142337 0.184274 0
0  -0.034814 -5.554764 -1.688281  -0.621736 0.433119 -0.652574  0.142337 0.184274 0
0  0.022808 -5.381610 -1.389870  0.838494 0.273783 -0.471137  0.145260 0.185333 0
Material_0
0  -0.034814 -5.554764 -1.688281  -0.621736 0.433119 -0.652574  0.142337 0.184274 0
0  -0.034814 -5.381610 -1.389870  -0.838494 0.273789 -0.471134  0.145260 0.185333 0
0  0.022808 -5.381610 -1.389870  0.838494 0.273783 -0.471137  0.145260 0.185333 0
Material_0
0  0.022808 -5.381610 -1.389870  0.838494 0.273783 -0.471137  0.145260 0.185333 0
0  -0.034814 -5.381610 -1.389870  -0.838494 0.273789 -0.471134  0.145260 0.185333 0
0  0.022808 -5.298506 -1.389870  0.904873 -0.303164 -0.298825  0.145260 0.185822 0
Material_0
0  -0.034814 -5.381610 -1.389870  -0.838494 0.273789 -0.471134  0.145260 0.185333 0
0  -0.034814 -5.554764 -1.688281  -0.621736 0.433119 -0.652574  0.142337 0.184274 0
0  -0.034814 -5.608332 -1.390246  -0.959372 -0.244373 -0.141022  0.145260 0.183948 0
Material_0
0  0.022808 -5.723864 -1.580280  0.630158 -0.768225 0.112833  0.143368 0.183296 0
0  0.022808 -5.608332 -1.390246  0.959389 -0.244382 -0.140887  0.145260 0.183948 0
0  -0.034814 -5.608332 -1.390246  -0.959372 -0.244373 -0.141022  0.145260 0.183948 0
Material_0
0  -0.034814 -5.608332 -1.390246  -0.959372 -0.244373 -0.141022  0.145260 0.183948 0
0  0.022808 -5.608332 -1.390246  0.959389 -0.244382 -0.140887  0.145260 0.183948 0
0  -0.034814 -5.935819 -1.390622  -0.616139 -0.352715 -0.704247  0.145260 0.182073 0
Material_0
0  0.022808 -5.608332 -1.390246  0.959389 -0.244382 -0.140887  0.145260 0.183948 0
0  0.022808 -5.935819 -1.390622  0.616224 -0.352690 -0.704186  0.145260 0.182073 0
0  -0.034814 -5.935819 -1.390622  -0.616139 -0.352715 -0.704247  0.145260 0.182073 0
Material_0
0  -0.034814 -5.935819 -1.390622  -0.616139 -0.352715 -0.704247  0.145260 0.182073 0
0  0.022808 -5.935819 -1.390622  0.616224 -0.352690 -0.704186  0.145260 0.182073 0
0  -0.034814 -6.017185 -1.281494  -0.594858 -0.803332 -0.028308  0.146292 0.181584 0
Material_0
0  0.022808 -5.935819 -1.390622  0.616224 -0.352690 -0.704186  0.145260 0.182073 0
0  0.022808 -6.017185 -1.281494  0.594856 -0.803333 -0.028336  0.146292 0.181584 0
0  -0.034814 -6.017185 -1.281494  -0.594858 -0.803332 -0.028308  0.146292 0.181584 0
Material_0
0  -0.034814 -6.017185 -1.281494  -0.594858 -0.803332 -0.028308  0.146292 0.181584 0
0  0.022808 -6.017185 -1.281494  0.594856 -0.803333 -0.028336  0.146292 0.181584 0
0  -0.034814 -5.935819 -1.172741  -0.616161 -0.352708 0.704232  0.147409 0.182073 0
Material_0
0  0.022808 -6.017185 -1.281494  0.594856 -0.803333 -0.028336  0.146292 0.181584 0
0  0.022808 -5.935819 -1.172741  0.616136 -0.352721 0.704247  0.147409 0.182073 0
0  -0.034814 -5.935819 -1.172741  -0.616161 -0.352708 0.704232  0.147409 0.182073 0
Material_0
0  -0.034814 -5.935819 -1.172741  -0.616161 -0.352708 0.704232  0.147409 0.182073 0
0  0.022808 -5.935819 -1.172741  0.616136 -0.352721 0.704247  0.147409 0.182073 0
0  -0.034814 -5.608332 -1.173117  -0.958816 -0.244372 0.144758  0.147409 0.183948 0
Material_0
0  -0.034814 -5.608332 -1.173117  -0.958816 -0.244372 0.144758  0.147409 0.183948 0
0  0.022808 -5.935819 -1.172741  0.616136 -0.352721 0.704247  0.147409 0.182073 0
0  0.022808 -5.608332 -1.173117  0.958809 -0.244371 0.144804  0.147409 0.183948 0
Material_0
0  0.022808 -5.935819 -1.172741  0.616136 -0.352721 0.704247  0.147409 0.182073 0
0  0.022808 -5.935819 -1.390622  0.616224 -0.352690 -0.704186  0.145260 0.182073 0
0  0.022808 -5.608332 -1.173117  0.958809 -0.244371 0.144804  0.147409 0.183948 0
Material_0
0  0.022808 -5.608332 -1.173117  0.958809 -0.244371 0.144804  0.147409 0.183948 0
0  0.022808 -5.935819 -1.390622  0.616224 -0.352690 -0.704186  0.145260 0.182073 0
0  0.022808 -5.608332 -1.390246  0.959389 -0.244382 -0.140887  0.145260 0.183948 0
Material_0
0  0.022808 -6.017185 -1.281494  0.594856 -0.803333 -0.028336  0.146292 0.181584 0
0  0.022808 -5.935819 -1.390622  0.616224 -0.352690 -0.704186  0.145260 0.182073 0
0  0.022808 -5.935819 -1.172741  0.616136 -0.352721 0.704247  0.147409 0.182073 0
Material_0
0  -0.034814 -6.017185 -1.281494  -0.594858 -0.803332 -0.028308  0.146292 0.181584 0
0  -0.034814 -5.935819 -1.172741  -0.616161 -0.352708 0.704232  0.147409 0.182073 0
0  -0.034814 -5.935819 -1.390622  -0.616139 -0.352715 -0.704247  0.145260 0.182073 0
Material_0
0  -0.034814 -5.935819 -1.172741  -0.616161 -0.352708 0.704232  0.147409 0.182073 0
0  -0.034814 -5.608332 -1.173117  -0.958816 -0.244372 0.144758  0.147409 0.183948 0
0  -0.034814 -5.935819 -1.390622  -0.616139 -0.352715 -0.704247  0.145260 0.182073 0
Material_0
0  -0.034814 -5.935819 -1.390622  -0.616139 -0.352715 -0.704247  0.145260 0.182073 0
0  -0.034814 -5.608332 -1.173117  -0.958816 -0.244372 0.144758  0.147409 0.183948 0
0  -0.034814 -5.608332 -1.390246  -0.959372 -0.244373 -0.141022  0.145260 0.183948 0
Material_0
0  -0.034814 -5.608332 -1.390246  -0.959372 -0.244373 -0.141022  0.145260 0.183948 0
0  -0.034814 -5.608332 -1.173117  -0.958816 -0.244372 0.144758  0.147409 0.183948 0
0  -0.034814 -5.381610 -1.389870  -0.838494 0.273789 -0.471134  0.145260 0.185333 0
Material_0
0  -0.034814 -5.608332 -1.173117  -0.958816 -0.244372 0.144758  0.147409 0.183948 0
0  -0.034814 -5.381610 -1.173493  -0.836686 0.273872 0.474289  0.147409 0.185333 0
0  -0.034814 -5.381610 -1.389870  -0.838494 0.273789 -0.471134  0.145260 0.185333 0
Material_0
0  -0.034814 -5.381610 -1.173493  -0.836686 0.273872 0.474289  0.147409 0.185333 0
0  -0.034814 -5.298506 -1.389870  -0.904865 -0.303122 -0.298892  0.145260 0.185822 0
0  -0.034814 -5.381610 -1.389870  -0.838494 0.273789 -0.471134  0.145260 0.185333 0
Material_0
0  -0.034814 -5.381610 -1.389870  -0.838494 0.273789 -0.471134  0.145260 0.185333 0
0  -0.034814 -5.298506 -1.389870  -0.904865 -0.303122 -0.298892  0.145260 0.185822 0
0  0.022808 -5.298506 -1.389870  0.904873 -0.303164 -0.298825  0.145260 0.185822 0
Material_0
0  -0.034814 -5.298506 -1.389870  -0.904865 -0.303122 -0.298892  0.145260 0.185822 0
0  0.022808 -5.298506 -1.580280  0.610494 -0.687503 -0.393239  0.143368 0.185822 0
0  0.022808 -5.298506 -1.389870  0.904873 -0.303164 -0.298825  0.145260 0.185822 0
Material_0
0  0.022808 -5.298506 -1.389870  0.904873 -0.303164 -0.298825  0.145260 0.185822 0
0  0.022808 -5.298506 -1.580280  0.610494 -0.687503 -0.393239  0.143368 0.185822 0
0  0.022808 -5.134038 -1.675110  0.903125 -0.413235 -0.116630  0.142423 0.186800 0
Material_0
0  0.022808 -5.298506 -1.580280  0.610494 -0.687503 -0.393239  0.143368 0.185822 0
0  -0.034814 -5.298506 -1.580280  -0.610506 -0.687537 -0.393160  0.143368 0.185822 0
0  0.022808 -5.134038 -1.675110  0.903125 -0.413235 -0.116630  0.142423 0.186800 0
Material_0
0  0.022808 -5.134038 -1.675110  0.903125 -0.413235 -0.116630  0.142423 0.186800 0
0  -0.034814 -5.298506 -1.580280  -0.610506 -0.687537 -0.393160  0.143368 0.185822 0
0  -0.034814 -5.134038 -1.675110  -0.903118 -0.413242 -0.116659  0.142423 0.186800 0
Material_0
0  -0.034814 -5.298506 -1.580280  -0.610506 -0.687537 -0.393160  0.143368 0.185822 0
0  -0.034814 -5.298506 -1.389870  -0.904865 -0.303122 -0.298892  0.145260 0.185822 0
0  -0.034814 -5.134038 -1.675110  -0.903118 -0.413242 -0.116659  0.142423 0.186800 0
Material_0
0  -0.034814 -5.134038 -1.675110  -0.903118 -0.413242 -0.116659  0.142423 0.186800 0
0  -0.034814 -5.298506 -1.389870  -0.904865 -0.303122 -0.298892  0.145260 0.185822 0
0  -0.034814 -5.298506 -1.173493  -0.903757 -0.303056 0.302290  0.147409 0.185822 0
Material_0
0  -0.034814 -5.298506 -1.389870  -0.904865 -0.303122 -0.298892  0.145260 0.185822 0
0  -0.034814 -5.381610 -1.173493  -0.836686 0.273872 0.474289  0.147409 0.185333 0
0  -0.034814 -5.298506 -1.173493  -0.903757 -0.303056 0.302290  0.147409 0.185822 0
Material_0
0  -0.034814 -5.298506 -1.173493  -0.903757 -0.303056 0.302290  0.147409 0.185822 0
0  -0.034814 -5.381610 -1.173493  -0.836686 0.273872 0.474289  0.147409 0.185333 0
0  0.022808 -5.381610 -1.173493  0.836691 0.273867 0.474284  0.147409 0.185333 0
Material_0
0  -0.034814 -5.381610 -1.173493  -0.836686 0.273872 0.474289  0.147409 0.185333 0
0  0.022808 -5.554764 -0.875083  0.619151 0.433107 0.655034  0.150333 0.184274 0
0  0.022808 -5.381610 -1.173493  0.836691 0.273867 0.474284  0.147409 0.185333 0
Material_0
0  0.022808 -5.381610 -1.173493  0.836691 0.273867 0.474284  0.147409 0.185333 0
0  0.022808 -5.554764 -0.875083  0.619151 0.433107 0.655034  0.150333 0.184274 0
0  0.022808 -5.608332 -1.173117  0.958809 -0.244371 0.144804  0.147409 0.183948 0
Material_0
0  0.022808 -5.554764 -0.875083  0.619151 0.433107 0.655034  0.150333 0.184274 0
0  0.022808 -5.723864 -0.983082  0.630145 -0.768228 -0.112886  0.149301 0.183296 0
0  0.022808 -5.608332 -1.173117  0.958809 -0.244371 0.144804  0.147409 0.183948 0
Material_0
0  0.022808 -5.723864 -0.983082  0.630145 -0.768228 -0.112886  0.149301 0.183296 0
0  -0.034814 -5.723864 -0.983082  -0.630143 -0.768228 -0.112896  0.149301 0.183296 0
0  0.022808 -5.608332 -1.173117  0.958809 -0.244371 0.144804  0.147409 0.183948 0
Material_0
0  0.022808 -5.608332 -1.173117  0.958809 -0.244371 0.144804  0.147409 0.183948 0
0  -0.034814 -5.723864 -0.983082  -0.630143 -0.768228 -0.112896  0.149301 0.183296 0
0  -0.034814 -5.608332 -1.173117  -0.958816 -0.244372 0.144758  0.147409 0.183948 0
Material_0
0  -0.034814 -5.723864 -0.983082  -0.630143 -0.768228 -0.112896  0.149301 0.183296 0
0  -0.034814 -5.554764 -0.875083  -0.619170 0.433144 0.654992  0.150333 0.184274 0
0  -0.034814 -5.608332 -1.173117  -0.958816 -0.244372 0.144758  0.147409 0.183948 0
Material_0
0  -0.034814 -5.608332 -1.173117  -0.958816 -0.244372 0.144758  0.147409 0.183948 0
0  -0.034814 -5.554764 -0.875083  -0.619170 0.433144 0.654992  0.150333 0.184274 0
0  -0.034814 -5.381610 -1.173493  -0.836686 0.273872 0.474289  0.147409 0.185333 0
Material_0
0  -0.034814 -5.381610 -1.173493  -0.836686 0.273872 0.474289  0.147409 0.185333 0
0  -0.034814 -5.554764 -0.875083  -0.619170 0.433144 0.654992  0.150333 0.184274 0
0  0.022808 -5.554764 -0.875083  0.619151 0.433107 0.655034  0.150333 0.184274 0
Material_0
0  -0.034814 -5.554764 -0.875083  -0.619170 0.433144 0.654992  0.150333 0.184274 0
0  0.022808 -5.692013 -0.857396  0.582144 -0.456519 0.672828  0.150504 0.183459 0
0  0.022808 -5.554764 -0.875083  0.619151 0.433107 0.655034  0.150333 0.184274 0
Material_0
0  0.022808 -5.554764 -0.875083  0.619151 0.433107 0.655034  0.150333 0.184274 0
0  0.022808 -5.692013 -0.857396  0.582144 -0.456519 0.672828  0.150504 0.183459 0
0  0.022808 -5.723864 -0.983082  0.630145 -0.768228 -0.112886  0.149301 0.183296 0
Material_0
0  0.022808 -5.692013 -0.857396  0.582144 -0.456519 0.672828  0.150504 0.183459 0
0  -0.034814 -5.692013 -0.857396  -0.582132 -0.456521 0.672838  0.150504 0.183459 0
0  0.022808 -5.723864 -0.983082  0.630145 -0.768228 -0.112886  0.149301 0.183296 0
Material_0
0  0.022808 -5.723864 -0.983082  0.630145 -0.768228 -0.112886  0.149301 0.183296 0
0  -0.034814 -5.692013 -0.857396  -0.582132 -0.456521 0.672838  0.150504 0.183459 0
0  -0.034814 -5.723864 -0.983082  -0.630143 -0.768228 -0.112896  0.149301 0.183296 0
Material_0
0  -0.034814 -5.723864 -0.983082  -0.630143 -0.768228 -0.112896  0.149301 0.183296 0
0  -0.034814 -5.692013 -0.857396  -0.582132 -0.456521 0.672838  0.150504 0.183459 0
0  -0.034814 -5.554764 -0.875083  -0.619170 0.433144 0.654992  0.150333 0.184274 0
Material_0
0  -0.034814 -5.692013 -0.857396  -0.582132 -0.456521 0.672838  0.150504 0.183459 0
0  0.022808 -5.692013 -0.857396  0.582144 -0.456519 0.672828  0.150504 0.183459 0
0  -0.034814 -5.554764 -0.875083  -0.619170 0.433144 0.654992  0.150333 0.184274 0
Material_0
0  -0.034814 -5.298506 -1.580280  -0.610506 -0.687537 -0.393160  0.143368 0.185822 0
0  0.022808 -5.298506 -1.580280  0.610494 -0.687503 -0.393239  0.143368 0.185822 0
0  -0.034814 -5.298506 -1.389870  -0.904865 -0.303122 -0.298892  0.145260 0.185822 0
Material_0
0  -0.125624 2.302634 0.226742  0.000000 0.865654 -0.500643  0.144744 0.843493 0
0  -0.125624 2.317690 0.341891  0.003731 0.965898 0.258896  0.144744 0.843575 0
0  0.154121 2.317691 0.341891  0.003730 0.966957 0.254913  0.141219 0.843575 0
Material_0
0  0.154121 2.317691 0.341891  0.003730 0.966957 0.254913  0.141219 0.843575 0
0  -0.125624 2.317690 0.341891  0.003731 0.965898 0.258896  0.144744 0.843575 0
0  0.154121 2.247039 0.434086  -0.000015 0.498751 0.866746  0.141219 0.843249 0
Material_0
0  -0.125624 2.317690 0.341891  0.003731 0.965898 0.258896  0.144744 0.843575 0
0  -0.125624 2.247039 0.434086  0.000027 0.501191 0.865337  0.144744 0.843249 0
0  0.154121 2.247039 0.434086  -0.000015 0.498751 0.866746  0.141219 0.843249 0
Material_0
0  -0.125624 2.247039 0.434086  0.000027 0.501191 0.865337  0.144744 0.843249 0
0  0.154121 2.131795 0.449515  -0.000001 -0.257069 0.966393  0.141219 0.842841 0
0  0.154121 2.247039 0.434086  -0.000015 0.498751 0.866746  0.141219 0.843249 0
Material_0
0  0.154121 2.131795 0.449515  -0.000001 -0.257069 0.966393  0.141219 0.842841 0
0  0.204883 2.171175 0.302756  0.999998 0.002199 -0.000002  0.140531 0.842923 0
0  0.154121 2.247039 0.434086  -0.000015 0.498751 0.866746  0.141219 0.843249 0
Material_0
0  0.154121 2.247039 0.434086  -0.000015 0.498751 0.866746  0.141219 0.843249 0
0  0.204883 2.171175 0.302756  0.999998 0.002199 -0.000002  0.140531 0.842923 0
0  0.154121 2.317691 0.341891  0.003730 0.966957 0.254913  0.141219 0.843575 0
Material_0
0  0.204883 2.171175 0.302756  0.999998 0.002199 -0.000002  0.140531 0.842923 0
0  0.154121 2.302634 0.226742  0.000007 0.865673 -0.500611  0.141219 0.843493 0
0  0.154121 2.317691 0.341891  0.003730 0.966957 0.254913  0.141219 0.843575 0
Material_0
0  0.154121 2.317691 0.341891  0.003730 0.966957 0.254913  0.141219 0.843575 0
0  0.154121 2.302634 0.226742  0.000007 0.865673 -0.500611  0.141219 0.843493 0
0  -0.125624 2.302634 0.226742  0.000000 0.865654 -0.500643  0.144744 0.843493 0
Material_0
0  -0.125624 2.247039 0.434086  0.000027 0.501191 0.865337  0.144744 0.843249 0
0  -0.125624 2.317690 0.341891  0.003731 0.965898 0.258896  0.144744 0.843575 0
0  -0.176451 2.171175 0.302756  -0.999998 0.002199 -0.000002  0.145432 0.842923 0
Material_0
0  -0.176451 2.171175 0.302756  -0.999998 0.002199 -0.000002  0.145432 0.842923 0
0  -0.125624 2.317690 0.341891  0.003731 0.965898 0.258896  0.144744 0.843575 0
0  -0.125624 2.302634 0.226742  0.000000 0.865654 -0.500643  0.144744 0.843493 0
Material_0
0  -0.176451 2.171175 0.302756  -0.999998 0.002199 -0.000002  0.145432 0.842923 0
0  -0.125624 2.131795 0.449515  0.000001 -0.257085 0.966389  0.144744 0.842841 0
0  -0.125624 2.247039 0.434086  0.000027 0.501191 0.865337  0.144744 0.843249 0
Material_0
0  -0.125624 2.247039 0.434086  0.000027 0.501191 0.865337  0.144744 0.843249 0
0  -0.125624 2.131795 0.449515  0.000001 -0.257085 0.966389  0.144744 0.842841 0
0  0.154121 2.131795 0.449515  -0.000001 -0.257069 0.966393  0.141219 0.842841 0
Material_0
0  -0.125624 2.131795 0.449515  0.000001 -0.257085 0.966389  0.144744 0.842841 0
0  0.154121 2.039716 0.378769  0.000009 -0.865637 0.500673  0.141219 0.842434 0
0  0.154121 2.131795 0.449515  -0.000001 -0.257069 0.966393  0.141219 0.842841 0
Material_0
0  0.154121 2.131795 0.449515  -0.000001 -0.257069 0.966393  0.141219 0.842841 0
0  0.154121 2.039716 0.378769  0.000009 -0.865637 0.500673  0.141219 0.842434 0
0  0.204883 2.171175 0.302756  0.999998 0.002199 -0.000002  0.140531 0.842923 0
Material_0
0  0.154121 2.039716 0.378769  0.000009 -0.865637 0.500673  0.141219 0.842434 0
0  0.154121 2.024370 0.263243  -0.000031 -0.966956 -0.254943  0.141219 0.842352 0
0  0.204883 2.171175 0.302756  0.999998 0.002199 -0.000002  0.140531 0.842923 0
Material_0
0  0.204883 2.171175 0.302756  0.999998 0.002199 -0.000002  0.140531 0.842923 0
0  0.154121 2.024370 0.263243  -0.000031 -0.966956 -0.254943  0.141219 0.842352 0
0  0.154121 2.095311 0.171048  -0.000022 -0.498679 -0.866787  0.141219 0.842678 0
Material_0
0  0.154121 2.095311 0.171048  -0.000022 -0.498679 -0.866787  0.141219 0.842678 0
0  0.154121 2.024370 0.263243  -0.000031 -0.966956 -0.254943  0.141219 0.842352 0
0  -0.125624 2.024370 0.263243  0.000031 -0.966944 -0.254990  0.144744 0.842352 0
Material_0
0  0.154121 2.024370 0.263243  -0.000031 -0.966956 -0.254943  0.141219 0.842352 0
0  -0.125624 2.039716 0.378769  0.000005 -0.865665 0.500623  0.144744 0.842434 0
0  -0.125624 2.024370 0.263243  0.000031 -0.966944 -0.254990  0.144744 0.842352 0
Material_0
0  -0.125624 2.024370 0.263243  0.000031 -0.966944 -0.254990  0.144744 0.842352 0
0  -0.125624 2.039716 0.378769  0.000005 -0.865665 0.500623  0.144744 0.842434 0
0  -0.176451 2.171175 0.302756  -0.999998 0.002199 -0.000002  0.145432 0.842923 0
Material_0
0  -0.176451 2.171175 0.302756  -0.999998 0.002199 -0.000002  0.145432 0.842923 0
0  -0.125624 2.039716 0.378769  0.000005 -0.865665 0.500623  0.144744 0.842434 0
0  -0.125624 2.131795 0.449515  0.000001 -0.257085 0.966389  0.144744 0.842841 0
Material_0
0  -0.125624 2.131795 0.449515  0.000001 -0.257085 0.966389  0.144744 0.842841 0
0  -0.125624 2.039716 0.378769  0.000005 -0.865665 0.500623  0.144744 0.842434 0
0  0.154121 2.039716 0.378769  0.000009 -0.865637 0.500673  0.141219 0.842434 0
Material_0
0  -0.125624 2.039716 0.378769  0.000005 -0.865665 0.500623  0.144744 0.842434 0
0  0.154121 2.024370 0.263243  -0.000031 -0.966956 -0.254943  0.141219 0.842352 0
0  0.154121 2.039716 0.378769  0.000009 -0.865637 0.500673  0.141219 0.842434 0
Material_0
0  0.154121 2.095311 0.171048  -0.000022 -0.498679 -0.866787  0.141219 0.842678 0
0  0.154121 2.210555 0.155996  -0.000035 0.257029 -0.966404  0.141219 0.843167 0
0  0.204883 2.171175 0.302756  0.999998 0.002199 -0.000002  0.140531 0.842923 0
Material_0
0  0.204883 2.171175 0.302756  0.999998 0.002199 -0.000002  0.140531 0.842923 0
0  0.154121 2.210555 0.155996  -0.000035 0.257029 -0.966404  0.141219 0.843167 0
0  0.154121 2.302634 0.226742  0.000007 0.865673 -0.500611  0.141219 0.843493 0
Material_0
0  0.154121 2.210555 0.155996  -0.000035 0.257029 -0.966404  0.141219 0.843167 0
0  -0.125624 2.210555 0.155996  0.000037 0.257057 -0.966396  0.144744 0.843167 0
0  0.154121 2.302634 0.226742  0.000007 0.865673 -0.500611  0.141219 0.843493 0
Material_0
0  0.154121 2.302634 0.226742  0.000007 0.865673 -0.500611  0.141219 0.843493 0
0  -0.125624 2.210555 0.155996  0.000037 0.257057 -0.966396  0.144744 0.843167 0
0  -0.125624 2.302634 0.226742  0.000000 0.865654 -0.500643  0.144744 0.843493 0
Material_0
0  -0.125624 2.302634 0.226742  0.000000 0.865654 -0.500643  0.144744 0.843493 0
0  -0.125624 2.210555 0.155996  0.000037 0.257057 -0.966396  0.144744 0.843167 0
0  -0.176451 2.171175 0.302756  -0.999998 0.002199 -0.000002  0.145432 0.842923 0
Material_0
0  -0.125624 2.210555 0.155996  0.000037 0.257057 -0.966396  0.144744 0.843167 0
0  -0.125624 2.095311 0.171048  0.000025 -0.498595 -0.866835  0.144744 0.842678 0
0  -0.176451 2.171175 0.302756  -0.999998 0.002199 -0.000002  0.145432 0.842923 0
Material_0
0  -0.176451 2.171175 0.302756  -0.999998 0.002199 -0.000002  0.145432 0.842923 0
0  -0.125624 2.095311 0.171048  0.000025 -0.498595 -0.866835  0.144744 0.842678 0
0  -0.125624 2.024370 0.263243  0.000031 -0.966944 -0.254990  0.144744 0.842352 0
Material_0
0  -0.125624 2.024370 0.263243  0.000031 -0.966944 -0.254990  0.144744 0.842352 0
0  -0.125624 2.095311 0.171048  0.000025 -0.498595 -0.866835  0.144744 0.842678 0
0  0.154121 2.095311 0.171048  -0.000022 -0.498679 -0.866787  0.141219 0.842678 0
Material_0
0  0.154121 2.095311 0.171048  -0.000022 -0.498679 -0.866787  0.141219 0.842678 0
0  -0.125624 2.095311 0.171048  0.000025 -0.498595 -0.866835  0.144744 0.842678 0
0  0.154121 2.210555 0.155996  -0.000035 0.257029 -0.966404  0.141219 0.843167 0
Material_0
0  -0.125624 2.095311 0.171048  0.000025 -0.498595 -0.866835  0.144744 0.842678 0
0  -0.125624 2.210555 0.155996  0.000037 0.257057 -0.966396  0.144744 0.843167 0
0  0.154121 2.210555 0.155996  -0.000035 0.257029 -0.966404  0.141219 0.843167 0
Material_0
0  0.019476 -2.974818 -1.223919  0.003715 0.991982 0.126324  0.147581 0.538824 0
0  -0.017240 -3.070661 -1.235584  -0.917322 -0.393254 -0.062220  0.149043 0.536624 0
0  -0.017240 -3.187642 -1.028616  -0.916451 -0.244375 -0.316856  0.149043 0.533853 0
Material_0
0  -0.017240 -3.187642 -1.028616  -0.916451 -0.244375 -0.316856  0.149043 0.533853 0
0  -0.017240 -3.070661 -1.235584  -0.917322 -0.393254 -0.062220  0.149043 0.536624 0
0  0.056257 -3.187642 -1.028616  0.916468 -0.244367 -0.316814  0.146120 0.533853 0
Material_0
0  -0.017240 -3.070661 -1.235584  -0.917322 -0.393254 -0.062220  0.149043 0.536624 0
0  0.056257 -3.070661 -1.235584  0.917323 -0.393253 -0.062217  0.146120 0.536624 0
0  0.056257 -3.187642 -1.028616  0.916468 -0.244367 -0.316814  0.146120 0.533853 0
Material_0
0  0.056257 -3.187642 -1.028616  0.916468 -0.244367 -0.316814  0.146120 0.533853 0
0  0.056257 -3.070661 -1.235584  0.917323 -0.393253 -0.062217  0.146120 0.536624 0
0  0.019476 -3.127993 -0.952602  -0.003604 0.618031 0.786146  0.147581 0.535238 0
Material_0
0  0.056257 -3.070661 -1.235584  0.917323 -0.393253 -0.062217  0.146120 0.536624 0
0  0.019476 -2.974818 -1.223919  0.003715 0.991982 0.126324  0.147581 0.538824 0
0  0.019476 -3.127993 -0.952602  -0.003604 0.618031 0.786146  0.147581 0.535238 0
Material_0
0  0.019476 -3.127993 -0.952602  -0.003604 0.618031 0.786146  0.147581 0.535238 0
0  0.019476 -2.974818 -1.223919  0.003715 0.991982 0.126324  0.147581 0.538824 0
0  -0.017240 -3.187642 -1.028616  -0.916451 -0.244375 -0.316856  0.149043 0.533853 0
Material_0
0  0.019476 -2.974818 -1.223919  0.003715 0.991982 0.126324  0.147581 0.538824 0
0  0.056257 -3.070661 -1.235584  0.917323 -0.393253 -0.062217  0.146120 0.536624 0
0  0.056257 -3.134363 -1.464378  0.917290 -0.311512 0.248073  0.146120 0.535075 0
Material_0
0  0.056257 -3.134363 -1.464378  0.917290 -0.311512 0.248073  0.146120 0.535075 0
0  0.056257 -3.070661 -1.235584  0.917323 -0.393253 -0.062217  0.146120 0.536624 0
0  -0.017240 -3.134363 -1.464378  -0.917297 -0.311506 0.248054  0.149043 0.535075 0
Material_0
0  0.056257 -3.070661 -1.235584  0.917323 -0.393253 -0.062217  0.146120 0.536624 0
0  -0.017240 -3.070661 -1.235584  -0.917322 -0.393254 -0.062220  0.149043 0.536624 0
0  -0.017240 -3.134363 -1.464378  -0.917297 -0.311506 0.248054  0.149043 0.535075 0
Material_0
0  -0.017240 -3.134363 -1.464378  -0.917297 -0.311506 0.248054  0.149043 0.535075 0
0  -0.017240 -3.070661 -1.235584  -0.917322 -0.393254 -0.062220  0.149043 0.536624 0
0  0.019475 -3.058500 -1.523835  -0.000215 0.787261 -0.616620  0.147581 0.536868 0
Material_0
0  -0.017240 -3.070661 -1.235584  -0.917322 -0.393254 -0.062220  0.149043 0.536624 0
0  0.019476 -2.974818 -1.223919  0.003715 0.991982 0.126324  0.147581 0.538824 0
0  0.019475 -3.058500 -1.523835  -0.000215 0.787261 -0.616620  0.147581 0.536868 0
Material_0
0  0.019476 -2.974818 -1.223919  0.003715 0.991982 0.126324  0.147581 0.538824 0
0  0.056257 -3.134363 -1.464378  0.917290 -0.311512 0.248073  0.146120 0.535075 0
0  0.019475 -3.058500 -1.523835  -0.000215 0.787261 -0.616620  0.147581 0.536868 0
Material_0
0  0.019475 -3.058500 -1.523835  -0.000215 0.787261 -0.616620  0.147581 0.536868 0
0  0.056257 -3.134363 -1.464378  0.917290 -0.311512 0.248073  0.146120 0.535075 0
0  0.056257 -3.341396 -1.581034  0.919052 -0.045927 0.391451  0.146120 0.530266 0
Material_0
0  0.056257 -3.134363 -1.464378  0.917290 -0.311512 0.248073  0.146120 0.535075 0
0  -0.017240 -3.341396 -1.581034  -0.919033 -0.045979 0.391489  0.149043 0.530266 0
0  0.056257 -3.341396 -1.581034  0.919052 -0.045927 0.391451  0.146120 0.530266 0
Material_0
0  0.056257 -3.341396 -1.581034  0.919052 -0.045927 0.391451  0.146120 0.530266 0
0  -0.017240 -3.341396 -1.581034  -0.919033 -0.045979 0.391489  0.149043 0.530266 0
0  -0.017240 -3.570146 -1.517438  -0.917731 0.244338 0.313159  0.149043 0.524887 0
Material_0
0  -0.017240 -3.570146 -1.517438  -0.917731 0.244338 0.313159  0.149043 0.524887 0
0  -0.017240 -3.341396 -1.581034  -0.919033 -0.045979 0.391489  0.149043 0.530266 0
0  0.019476 -3.629794 -1.593452  -0.000008 -0.618066 -0.786126  0.147581 0.523501 0
Material_0
0  -0.017240 -3.341396 -1.581034  -0.919033 -0.045979 0.391489  0.149043 0.530266 0
0  0.019476 -3.329524 -1.676992  -0.000027 0.120066 -0.992766  0.147581 0.530511 0
0  0.019476 -3.629794 -1.593452  -0.000008 -0.618066 -0.786126  0.147581 0.523501 0
Material_0
0  0.019476 -3.629794 -1.593452  -0.000008 -0.618066 -0.786126  0.147581 0.523501 0
0  0.019476 -3.329524 -1.676992  -0.000027 0.120066 -0.992766  0.147581 0.530511 0
0  0.056257 -3.570146 -1.517438  0.917680 0.244380 0.313276  0.146120 0.524887 0
Material_0
0  0.019476 -3.329524 -1.676992  -0.000027 0.120066 -0.992766  0.147581 0.530511 0
0  0.056257 -3.341396 -1.581034  0.919052 -0.045927 0.391451  0.146120 0.530266 0
0  0.056257 -3.570146 -1.517438  0.917680 0.244380 0.313276  0.146120 0.524887 0
Material_0
0  0.056257 -3.341396 -1.581034  0.919052 -0.045927 0.391451  0.146120 0.530266 0
0  -0.017240 -3.570146 -1.517438  -0.917731 0.244338 0.313159  0.149043 0.524887 0
0  0.056257 -3.570146 -1.517438  0.917680 0.244380 0.313276  0.146120 0.524887 0
Material_0
0  0.056257 -3.570146 -1.517438  0.917680 0.244380 0.313276  0.146120 0.524887 0
0  -0.017240 -3.570146 -1.517438  -0.917731 0.244338 0.313159  0.149043 0.524887 0
0  -0.017240 -3.686837 -1.310470  -0.917197 0.393255 0.064038  0.149043 0.522197 0
Material_0
0  -0.017240 -3.686837 -1.310470  -0.917197 0.393255 0.064038  0.149043 0.522197 0
0  -0.017240 -3.570146 -1.517438  -0.917731 0.244338 0.313159  0.149043 0.524887 0
0  0.019476 -3.782680 -1.322134  -0.000000 -0.991987 -0.126342  0.147581 0.519915 0
Material_0
0  -0.017240 -3.570146 -1.517438  -0.917731 0.244338 0.313159  0.149043 0.524887 0
0  0.019476 -3.629794 -1.593452  -0.000008 -0.618066 -0.786126  0.147581 0.523501 0
0  0.019476 -3.782680 -1.322134  -0.000000 -0.991987 -0.126342  0.147581 0.519915 0
Material_0
0  0.019476 -3.782680 -1.322134  -0.000000 -0.991987 -0.126342  0.147581 0.519915 0
0  0.019476 -3.629794 -1.593452  -0.000008 -0.618066 -0.786126  0.147581 0.523501 0
0  0.056257 -3.686837 -1.310470  0.917196 0.393256 0.064046  0.146120 0.522197 0
Material_0
0  0.019476 -3.629794 -1.593452  -0.000008 -0.618066 -0.786126  0.147581 0.523501 0
0  0.056257 -3.570146 -1.517438  0.917680 0.244380 0.313276  0.146120 0.524887 0
0  0.056257 -3.686837 -1.310470  0.917196 0.393256 0.064046  0.146120 0.522197 0
Material_0
0  0.056257 -3.570146 -1.517438  0.917680 0.244380 0.313276  0.146120 0.524887 0
0  -0.017240 -3.686837 -1.310470  -0.917197 0.393255 0.064038  0.149043 0.522197 0
0  0.056257 -3.686837 -1.310470  0.917196 0.393256 0.064046  0.146120 0.522197 0
Material_0
0  0.056257 -3.686837 -1.310470  0.917196 0.393256 0.064046  0.146120 0.522197 0
0  -0.017240 -3.686837 -1.310470  -0.917197 0.393255 0.064038  0.149043 0.522197 0
0  -0.017240 -3.623134 -1.081675  -0.918406 0.311392 -0.244059  0.149043 0.523664 0
Material_0
0  -0.017240 -3.623134 -1.081675  -0.918406 0.311392 -0.244059  0.149043 0.523664 0
0  -0.017240 -3.686837 -1.310470  -0.917197 0.393255 0.064038  0.149043 0.522197 0
0  0.019476 -3.699288 -1.022218  -0.000222 -0.787580 0.616212  0.147581 0.521871 0
Material_0
0  -0.017240 -3.686837 -1.310470  -0.917197 0.393255 0.064038  0.149043 0.522197 0
0  0.019476 -3.782680 -1.322134  -0.000000 -0.991987 -0.126342  0.147581 0.519915 0
0  0.019476 -3.699288 -1.022218  -0.000222 -0.787580 0.616212  0.147581 0.521871 0
Material_0
0  0.019476 -3.699288 -1.022218  -0.000222 -0.787580 0.616212  0.147581 0.521871 0
0  0.019476 -3.782680 -1.322134  -0.000000 -0.991987 -0.126342  0.147581 0.519915 0
0  0.056257 -3.623134 -1.081675  0.918272 0.311507 -0.244418  0.146120 0.523664 0
Material_0
0  0.019476 -3.782680 -1.322134  -0.000000 -0.991987 -0.126342  0.147581 0.519915 0
0  0.056257 -3.686837 -1.310470  0.917196 0.393256 0.064046  0.146120 0.522197 0
0  0.056257 -3.623134 -1.081675  0.918272 0.311507 -0.244418  0.146120 0.523664 0
Material_0
0  0.056257 -3.686837 -1.310470  0.917196 0.393256 0.064046  0.146120 0.522197 0
0  -0.017240 -3.623134 -1.081675  -0.918406 0.311392 -0.244059  0.149043 0.523664 0
0  0.056257 -3.623134 -1.081675  0.918272 0.311507 -0.244418  0.146120 0.523664 0
Material_0
0  0.056257 -3.623134 -1.081675  0.918272 0.311507 -0.244418  0.146120 0.523664 0
0  -0.017240 -3.623134 -1.081675  -0.918406 0.311392 -0.244059  0.149043 0.523664 0
0  -0.017240 -3.416391 -0.965020  -0.917577 0.045852 -0.394904  0.149043 0.528473 0
Material_0
0  -0.017240 -3.416391 -0.965020  -0.917577 0.045852 -0.394904  0.149043 0.528473 0
0  -0.017240 -3.623134 -1.081675  -0.918406 0.311392 -0.244059  0.149043 0.523664 0
0  0.019476 -3.427973 -0.869062  -0.000010 -0.119900 0.992786  0.147581 0.528229 0
Material_0
0  -0.017240 -3.623134 -1.081675  -0.918406 0.311392 -0.244059  0.149043 0.523664 0
0  0.019476 -3.699288 -1.022218  -0.000222 -0.787580 0.616212  0.147581 0.521871 0
0  0.019476 -3.427973 -0.869062  -0.000010 -0.119900 0.992786  0.147581 0.528229 0
Material_0
0  0.019476 -3.427973 -0.869062  -0.000010 -0.119900 0.992786  0.147581 0.528229 0
0  0.019476 -3.699288 -1.022218  -0.000222 -0.787580 0.616212  0.147581 0.521871 0
0  0.056257 -3.416391 -0.965020  0.917640 0.045959 -0.394746  0.146120 0.528473 0
Material_0
0  0.019476 -3.699288 -1.022218  -0.000222 -0.787580 0.616212  0.147581 0.521871 0
0  0.056257 -3.623134 -1.081675  0.918272 0.311507 -0.244418  0.146120 0.523664 0
0  0.056257 -3.416391 -0.965020  0.917640 0.045959 -0.394746  0.146120 0.528473 0
Material_0
0  0.056257 -3.416391 -0.965020  0.917640 0.045959 -0.394746  0.146120 0.528473 0
0  0.056257 -3.623134 -1.081675  0.918272 0.311507 -0.244418  0.146120 0.523664 0
0  -0.017240 -3.416391 -0.965020  -0.917577 0.045852 -0.394904  0.149043 0.528473 0
Material_0
0  0.056257 -3.134363 -1.464378  0.917290 -0.311512 0.248073  0.146120 0.535075 0
0  -0.017240 -3.134363 -1.464378  -0.917297 -0.311506 0.248054  0.149043 0.535075 0
0  -0.017240 -3.341396 -1.581034  -0.919033 -0.045979 0.391489  0.149043 0.530266 0
Material_0
0  -0.017240 -3.341396 -1.581034  -0.919033 -0.045979 0.391489  0.149043 0.530266 0
0  -0.017240 -3.134363 -1.464378  -0.917297 -0.311506 0.248054  0.149043 0.535075 0
0  0.019476 -3.329524 -1.676992  -0.000027 0.120066 -0.992766  0.147581 0.530511 0
Material_0
0  -0.017240 -3.134363 -1.464378  -0.917297 -0.311506 0.248054  0.149043 0.535075 0
0  0.019475 -3.058500 -1.523835  -0.000215 0.787261 -0.616620  0.147581 0.536868 0
0  0.019476 -3.329524 -1.676992  -0.000027 0.120066 -0.992766  0.147581 0.530511 0
Material_0
0  0.019476 -3.329524 -1.676992  -0.000027 0.120066 -0.992766  0.147581 0.530511 0
0  0.019475 -3.058500 -1.523835  -0.000215 0.787261 -0.616620  0.147581 0.536868 0
0  0.056257 -3.341396 -1.581034  0.919052 -0.045927 0.391451  0.146120 0.530266 0
Material_0
0  0.056257 -3.416391 -0.965020  0.917640 0.045959 -0.394746  0.146120 0.528473 0
0  0.056257 -3.187642 -1.028616  0.916468 -0.244367 -0.316814  0.146120 0.533853 0
0  0.019476 -3.427973 -0.869062  -0.000010 -0.119900 0.992786  0.147581 0.528229 0
Material_0
0  0.056257 -3.187642 -1.028616  0.916468 -0.244367 -0.316814  0.146120 0.533853 0
0  0.019476 -3.127993 -0.952602  -0.003604 0.618031 0.786146  0.147581 0.535238 0
0  0.019476 -3.427973 -0.869062  -0.000010 -0.119900 0.992786  0.147581 0.528229 0
Material_0
0  0.019476 -3.427973 -0.869062  -0.000010 -0.119900 0.992786  0.147581 0.528229 0
0  0.019476 -3.127993 -0.952602  -0.003604 0.618031 0.786146  0.147581 0.535238 0
0  -0.017240 -3.416391 -0.965020  -0.917577 0.045852 -0.394904  0.149043 0.528473 0
Material_0
0  0.019476 -3.127993 -0.952602  -0.003604 0.618031 0.786146  0.147581 0.535238 0
0  -0.017240 -3.187642 -1.028616  -0.916451 -0.244375 -0.316856  0.149043 0.533853 0
0  -0.017240 -3.416391 -0.965020  -0.917577 0.045852 -0.394904  0.149043 0.528473 0
Material_0
0  -0.017240 -3.416391 -0.965020  -0.917577 0.045852 -0.394904  0.149043 0.528473 0
0  -0.017240 -3.187642 -1.028616  -0.916451 -0.244375 -0.316856  0.149043 0.533853 0
0  0.056257 -3.416391 -0.965020  0.917640 0.045959 -0.394746  0.146120 0.528473 0
Material_0
0  -0.017240 -3.187642 -1.028616  -0.916451 -0.244375 -0.316856  0.149043 0.533853 0
0  0.056257 -3.187642 -1.028616  0.916468 -0.244367 -0.316814  0.146120 0.533853 0
0  0.056257 -3.416391 -0.965020  0.917640 0.045959 -0.394746  0.146120 0.528473 0
end
