version 1
nodes
0 "weapon_bone" -1
1 "weapon_bone_1" 0
2 "weapon_bone_2" 1
end
skeleton
time 0
0  0.000000 0.000000 0.000000  0.000000 -0.000000 0.000000
1  0.357845 0.801234 2.978310  0.000000 -0.000000 1.570796
2  1.167910 0.360538 0.066175  0.000000 -0.000000 -1.570796
end
triangles
Material_0
0  -0.009005 0.075013 0.041660  0.000000 -1.000000 0.000000  0.353755 0.846102 0
0  -0.009035 0.075013 0.041975  0.000000 -1.000000 0.000000  0.353755 0.846102 0
0  -0.010695 0.075013 0.039978  0.000000 -1.000000 0.000000  0.354615 0.846102 0
Material_0
0  0.011606 0.075013 0.039978  0.000000 -1.000000 0.000020  0.343438 0.846102 0
0  0.009947 0.075013 0.041985  0.000000 -1.000000 0.000020  0.344211 0.846102 0
0  0.009915 0.075013 0.041660  0.000000 -1.000000 0.000020  0.344211 0.846102 0
Material_0
0  -0.003523 0.084435 0.021655  0.998223 0.050221 0.032087  0.351004 0.847569 0
0  -0.003476 0.083714 0.021330  0.998946 0.045858 0.001897  0.351004 0.847406 0
0  -0.003476 0.083067 0.019858  0.999940 0.010946 -0.000005  0.351004 0.847324 0
Material_0
0  0.004376 0.083714 0.021330  -0.998092 0.050259 -0.035866  0.347049 0.847406 0
0  0.004431 0.084435 0.021655  -0.997992 0.063313 0.001885  0.346963 0.847569 0
0  0.004376 0.083067 0.019858  -0.999940 0.010977 -0.000032  0.347049 0.847324 0
Material_0
0  -0.011086 -0.069302 -0.016578  -0.485205 -0.867845 -0.106874  0.145260 0.827437 0
0  -0.013220 -0.067779 -0.019063  -0.484208 -0.865666 -0.127144  0.152396 0.827926 0
0  -0.011086 -0.069066 -0.018327  -0.485203 -0.867846 -0.106874  0.145260 0.827518 0
Material_0
0  0.014208 -0.067779 -0.019063  0.484205 -0.865668 -0.127140  0.152396 0.827926 0
0  0.012072 -0.069302 -0.016578  0.485204 -0.867847 -0.106855  0.145260 0.827437 0
0  0.012072 -0.069066 -0.018327  0.485207 -0.867846 -0.106856  0.145260 0.827518 0
Material_0
0  -0.010695 0.066055 0.022123  -0.999998 0.002205 0.000000  0.148527 0.844634 0
0  -0.010695 0.066055 0.039978  -0.999998 0.002205 0.000000  0.148527 0.844634 0
0  -0.010695 0.082478 0.023499  -0.999998 0.002205 0.000000  0.148527 0.847243 0
Material_0
0  -0.010695 0.066055 0.039978  -0.999998 0.002205 0.000000  0.148527 0.844634 0
0  -0.010695 0.075013 0.039978  -0.999998 0.002205 0.000000  0.148527 0.846102 0
0  -0.010695 0.082478 0.023499  -0.999998 0.002205 0.000000  0.148527 0.847243 0
Material_0
0  -0.010695 0.082478 0.023499  -0.999998 0.002205 0.000000  0.148527 0.847243 0
0  -0.010695 0.075013 0.039978  -0.999998 0.002205 0.000000  0.148527 0.846102 0
0  -0.010695 0.079249 0.039978  -0.999998 0.002205 0.000000  0.148527 0.846754 0
Material_0
0  -0.010608 0.018661 0.062803  -0.994414 0.002182 0.105529  0.148441 0.837217 0
0  -0.010610 0.004430 0.062803  -0.994416 0.002420 0.105504  0.148441 0.835017 0
0  -0.008368 0.018661 0.078038  -0.999998 0.002175 0.000173  0.147323 0.837217 0
Material_0
0  -0.008368 0.018661 0.078038  -0.999998 0.002175 0.000173  0.147323 0.837217 0
0  -0.010610 0.004430 0.062803  -0.994416 0.002420 0.105504  0.148441 0.835017 0
0  -0.008000 0.006232 0.080762  -0.999998 0.002204 0.000027  0.147151 0.835343 0
Material_0
0  -0.010610 0.004430 0.062803  -0.994416 0.002420 0.105504  0.148441 0.835017 0
0  -0.004656 0.004797 0.081068  -0.000172 -0.990249 0.139311  0.145518 0.835098 0
0  -0.008000 0.006232 0.080762  -0.999998 0.002204 0.000027  0.147151 0.835343 0
Material_0
0  -0.004656 0.004797 0.081068  -0.000172 -0.990249 0.139311  0.145518 0.835098 0
0  -0.007105 0.007298 0.094765  -0.999998 -0.002182 0.000012  0.146722 0.835506 0
0  -0.008000 0.006232 0.080762  -0.999998 0.002204 0.000027  0.147151 0.835343 0
Material_0
0  -0.008000 0.006232 0.080762  -0.999998 0.002204 0.000027  0.147151 0.835343 0
0  -0.007105 0.007298 0.094765  -0.999998 -0.002182 0.000012  0.146722 0.835506 0
0  -0.008368 0.018661 0.078038  -0.999998 0.002175 0.000173  0.147323 0.837217 0
Material_0
0  -0.007105 0.007298 0.094765  -0.999998 -0.002182 0.000012  0.146722 0.835506 0
0  -0.007105 0.018661 0.096438  -0.999998 0.002183 -0.000008  0.146722 0.837217 0
0  -0.008368 0.018661 0.078038  -0.999998 0.002175 0.000173  0.147323 0.837217 0
Material_0
0  -0.010610 0.004430 0.062803  -0.994416 0.002420 0.105504  0.148441 0.835017 0
0  -0.004736 0.002900 0.062172  -0.003957 -0.982414 0.186671  0.145518 0.834772 0
0  -0.004656 0.004797 0.081068  -0.000172 -0.990249 0.139311  0.145518 0.835098 0
Material_0
0  -0.004736 0.002900 0.062172  -0.003957 -0.982414 0.186671  0.145518 0.834772 0
0  0.005654 0.002900 0.062172  -0.003627 -0.982408 0.186711  0.140273 0.834772 0
0  -0.004656 0.004797 0.081068  -0.000172 -0.990249 0.139311  0.145518 0.835098 0
Material_0
0  -0.004656 0.004797 0.081068  -0.000172 -0.990249 0.139311  0.145518 0.835098 0
0  0.005654 0.002900 0.062172  -0.003627 -0.982408 0.186711  0.140273 0.834772 0
0  0.005647 0.004797 0.081068  0.000207 -0.990249 0.139305  0.140273 0.835098 0
Material_0
0  0.005654 0.002900 0.062172  -0.003627 -0.982408 0.186711  0.140273 0.834772 0
0  0.008989 0.006210 0.080762  0.999997 0.002215 -0.000053  0.138640 0.835343 0
0  0.005647 0.004797 0.081068  0.000207 -0.990249 0.139305  0.140273 0.835098 0
Material_0
0  0.005647 0.004797 0.081068  0.000207 -0.990249 0.139305  0.140273 0.835098 0
0  0.008989 0.006210 0.080762  0.999997 0.002215 -0.000053  0.138640 0.835343 0
0  0.008095 0.007173 0.094765  0.999998 0.002199 -0.000013  0.139070 0.835424 0
Material_0
0  0.008989 0.006210 0.080762  0.999997 0.002215 -0.000053  0.138640 0.835343 0
0  0.009358 0.018661 0.078038  0.999998 0.002175 0.000151  0.138468 0.837217 0
0  0.008095 0.007173 0.094765  0.999998 0.002199 -0.000013  0.139070 0.835424 0
Material_0
0  0.008095 0.007173 0.094765  0.999998 0.002199 -0.000013  0.139070 0.835424 0
0  0.009358 0.018661 0.078038  0.999998 0.002175 0.000151  0.138468 0.837217 0
0  0.008095 0.018661 0.096438  0.999998 0.002185 0.000001  0.139070 0.837217 0
Material_0
0  0.011511 0.018661 0.062803  0.970984 0.002175 0.239133  0.137350 0.837217 0
0  0.009358 0.018661 0.078038  0.999998 0.002175 0.000151  0.138468 0.837217 0
0  0.011513 0.004430 0.062803  0.970943 0.002424 0.239300  0.137350 0.835017 0
Material_0
0  0.009358 0.018661 0.078038  0.999998 0.002175 0.000151  0.138468 0.837217 0
0  0.008989 0.006210 0.080762  0.999997 0.002215 -0.000053  0.138640 0.835343 0
0  0.011513 0.004430 0.062803  0.970943 0.002424 0.239300  0.137350 0.835017 0
Material_0
0  0.011513 0.004430 0.062803  0.970943 0.002424 0.239300  0.137350 0.835017 0
0  0.008989 0.006210 0.080762  0.999997 0.002215 -0.000053  0.138640 0.835343 0
0  0.005654 0.002900 0.062172  -0.003627 -0.982408 0.186711  0.140273 0.834772 0
Material_0
0  0.008095 0.007173 0.094765  0.999998 0.002199 -0.000013  0.139070 0.835424 0
0  0.006387 0.005798 0.094765  -0.007400 -0.994040 0.108769  0.139929 0.835261 0
0  0.005647 0.004797 0.081068  0.000207 -0.990249 0.139305  0.140273 0.835098 0
Material_0
0  0.005647 0.004797 0.081068  0.000207 -0.990249 0.139305  0.140273 0.835098 0
0  0.006387 0.005798 0.094765  -0.007400 -0.994040 0.108769  0.139929 0.835261 0
0  -0.004656 0.004797 0.081068  -0.000172 -0.990249 0.139311  0.145518 0.835098 0
Material_0
0  0.006387 0.005798 0.094765  -0.007400 -0.994040 0.108769  0.139929 0.835261 0
0  -0.005398 0.005886 0.094765  -0.007807 -0.994036 0.108771  0.145862 0.835261 0
0  -0.004656 0.004797 0.081068  -0.000172 -0.990249 0.139311  0.145518 0.835098 0
Material_0
0  -0.004656 0.004797 0.081068  -0.000172 -0.990249 0.139311  0.145518 0.835098 0
0  -0.005398 0.005886 0.094765  -0.007807 -0.994036 0.108771  0.145862 0.835261 0
0  -0.007105 0.007298 0.094765  -0.999998 -0.002182 0.000012  0.146722 0.835506 0
Material_0
0  -0.007105 0.007298 0.094765  -0.999998 -0.002182 0.000012  0.146722 0.835506 0
0  -0.005398 0.005886 0.094765  -0.007807 -0.994036 0.108771  0.145862 0.835261 0
0  -0.005298 0.007202 0.101418  -0.274898 -0.831104 0.483422  0.145776 0.835424 0
Material_0
0  -0.005398 0.005886 0.094765  -0.007807 -0.994036 0.108771  0.145862 0.835261 0
0  0.006387 0.005798 0.094765  -0.007400 -0.994040 0.108769  0.139929 0.835261 0
0  -0.005298 0.007202 0.101418  -0.274898 -0.831104 0.483422  0.145776 0.835424 0
Material_0
0  -0.005298 0.007202 0.101418  -0.274898 -0.831104 0.483422  0.145776 0.835424 0
0  0.006387 0.005798 0.094765  -0.007400 -0.994040 0.108769  0.139929 0.835261 0
0  0.006288 0.007195 0.101418  0.257832 -0.838309 0.480375  0.140015 0.835424 0
Material_0
0  0.006387 0.005798 0.094765  -0.007400 -0.994040 0.108769  0.139929 0.835261 0
0  0.008095 0.007173 0.094765  0.999998 0.002199 -0.000013  0.139070 0.835424 0
0  0.006288 0.007195 0.101418  0.257832 -0.838309 0.480375  0.140015 0.835424 0
Material_0
0  0.006288 0.007195 0.101418  0.257832 -0.838309 0.480375  0.140015 0.835424 0
0  0.008095 0.007173 0.094765  0.999998 0.002199 -0.000013  0.139070 0.835424 0
0  0.008095 0.008541 0.101552  0.999998 0.002007 0.000051  0.139070 0.835669 0
Material_0
0  0.008095 0.007173 0.094765  0.999998 0.002199 -0.000013  0.139070 0.835424 0
0  0.008095 0.018661 0.096438  0.999998 0.002185 0.000001  0.139070 0.837217 0
0  0.008095 0.008541 0.101552  0.999998 0.002007 0.000051  0.139070 0.835669 0
Material_0
0  0.008095 0.008541 0.101552  0.999998 0.002007 0.000051  0.139070 0.835669 0
0  0.008095 0.018661 0.096438  0.999998 0.002185 0.000001  0.139070 0.837217 0
0  0.008095 0.023846 0.104553  0.999998 0.002205 -0.000000  0.139070 0.838033 0
Material_0
0  0.008095 0.023846 0.104553  0.999998 0.002205 -0.000000  0.139070 0.838033 0
0  0.008095 0.018661 0.096438  0.999998 0.002185 0.000001  0.139070 0.837217 0
0  0.008095 0.033944 0.110335  0.999998 0.002205 -0.000000  0.139070 0.839663 0
Material_0
0  0.008095 0.018661 0.096438  0.999998 0.002185 0.000001  0.139070 0.837217 0
0  0.008095 0.054412 0.096438  0.999998 0.002191 -0.000000  0.139070 0.842841 0
0  0.008095 0.033944 0.110335  0.999998 0.002205 -0.000000  0.139070 0.839663 0
Material_0
0  0.008095 0.054412 0.096438  0.999998 0.002191 -0.000000  0.139070 0.842841 0
0  0.008095 0.050956 0.113365  0.999998 0.002167 0.000181  0.139070 0.842352 0
0  0.008095 0.033944 0.110335  0.999998 0.002205 -0.000000  0.139070 0.839663 0
Material_0
0  0.008095 0.033944 0.110335  0.999998 0.002205 -0.000000  0.139070 0.839663 0
0  0.008095 0.050956 0.113365  0.999998 0.002167 0.000181  0.139070 0.842352 0
0  0.008095 0.034694 0.113365  0.999998 0.002183 0.000194  0.139070 0.839744 0
Material_0
0  0.008095 0.034694 0.113365  0.999998 0.002183 0.000194  0.139070 0.839744 0
0  0.008095 0.050956 0.113365  0.999998 0.002167 0.000181  0.139070 0.842352 0
0  0.006684 0.035018 0.114771  0.000158 0.002004 0.999998  0.139757 0.839826 0
Material_0
0  0.008095 0.050956 0.113365  0.999998 0.002167 0.000181  0.139070 0.842352 0
0  0.007041 0.050956 0.114751  0.000203 0.002197 0.999998  0.139585 0.842352 0
0  0.006684 0.035018 0.114771  0.000158 0.002004 0.999998  0.139757 0.839826 0
Material_0
0  0.007041 0.050956 0.114751  0.000203 0.002197 0.999998  0.139585 0.842352 0
0  -0.005695 0.035114 0.114771  -0.000138 0.002055 0.999998  0.146034 0.839826 0
0  0.006684 0.035018 0.114771  0.000158 0.002004 0.999998  0.139757 0.839826 0
Material_0
0  0.006684 0.035018 0.114771  0.000158 0.002004 0.999998  0.139757 0.839826 0
0  -0.005695 0.035114 0.114771  -0.000138 0.002055 0.999998  0.146034 0.839826 0
0  0.006684 0.033268 0.113404  -0.003781 -0.852228 0.523157  0.139757 0.839500 0
Material_0
0  -0.005695 0.035114 0.114771  -0.000138 0.002055 0.999998  0.146034 0.839826 0
0  -0.005695 0.033363 0.113404  -0.003782 -0.852223 0.523164  0.146034 0.839581 0
0  0.006684 0.033268 0.113404  -0.003781 -0.852228 0.523157  0.139757 0.839500 0
Material_0
0  -0.005695 0.033363 0.113404  -0.003782 -0.852223 0.523164  0.146034 0.839581 0
0  -0.005695 0.032834 0.111263  -0.003834 -0.798110 0.602500  0.146034 0.839500 0
0  0.006684 0.033268 0.113404  -0.003781 -0.852228 0.523157  0.139757 0.839500 0
Material_0
0  0.006684 0.033268 0.113404  -0.003781 -0.852228 0.523157  0.139757 0.839500 0
0  -0.005695 0.032834 0.111263  -0.003834 -0.798110 0.602500  0.146034 0.839500 0
0  0.006684 0.032731 0.111263  -0.003786 -0.798088 0.602529  0.139757 0.839500 0
Material_0
0  0.006684 0.032731 0.111263  -0.003786 -0.798088 0.602529  0.139757 0.839500 0
0  -0.005695 0.032834 0.111263  -0.003834 -0.798110 0.602500  0.146034 0.839500 0
0  0.006684 0.023353 0.105891  0.000013 -0.352729 0.935726  0.139757 0.837951 0
Material_0
0  -0.005695 0.032834 0.111263  -0.003834 -0.798110 0.602500  0.146034 0.839500 0
0  -0.005695 0.023456 0.105891  -0.000074 -0.352695 0.935738  0.146034 0.838033 0
0  0.006684 0.023353 0.105891  0.000013 -0.352729 0.935726  0.139757 0.837951 0
Material_0
0  0.006684 0.023353 0.105891  0.000013 -0.352729 0.935726  0.139757 0.837951 0
0  -0.005695 0.023456 0.105891  -0.000074 -0.352695 0.935738  0.146034 0.838033 0
0  0.006684 0.009387 0.103100  -0.000015 -0.385039 0.922900  0.139757 0.835832 0
Material_0
0  -0.005695 0.023456 0.105891  -0.000074 -0.352695 0.935738  0.146034 0.838033 0
0  -0.005695 0.009482 0.103100  -0.000010 -0.385046 0.922898  0.146034 0.835832 0
0  0.006684 0.009387 0.103100  -0.000015 -0.385039 0.922900  0.139757 0.835832 0
Material_0
0  0.002823 0.055700 0.114751  0.000004 0.002205 0.999998  0.141735 0.843086 0
0  -0.001828 0.055700 0.114751  0.000000 0.002205 0.999998  0.144056 0.843086 0
0  0.006633 0.052074 0.114751  0.000000 0.002205 0.999998  0.139843 0.842515 0
Material_0
0  -0.001828 0.055700 0.114751  0.000000 0.002205 0.999998  0.144056 0.843086 0
0  -0.006053 0.050956 0.114751  -0.000200 0.002188 0.999997  0.146206 0.842352 0
0  0.006633 0.052074 0.114751  0.000000 0.002205 0.999998  0.139843 0.842515 0
Material_0
0  0.006633 0.052074 0.114751  0.000000 0.002205 0.999998  0.139843 0.842515 0
0  -0.006053 0.050956 0.114751  -0.000200 0.002188 0.999997  0.146206 0.842352 0
0  0.007041 0.050956 0.114751  0.000203 0.002197 0.999998  0.139585 0.842352 0
Material_0
0  0.007041 0.050956 0.114751  0.000203 0.002197 0.999998  0.139585 0.842352 0
0  -0.006053 0.050956 0.114751  -0.000200 0.002188 0.999997  0.146206 0.842352 0
0  -0.005695 0.035114 0.114771  -0.000138 0.002055 0.999998  0.146034 0.839826 0
Material_0
0  -0.005695 0.035114 0.114771  -0.000138 0.002055 0.999998  0.146034 0.839826 0
0  -0.006053 0.050956 0.114751  -0.000200 0.002188 0.999997  0.146206 0.842352 0
0  -0.007105 0.034819 0.113365  -0.999998 0.002157 0.000223  0.146722 0.839826 0
Material_0
0  -0.006053 0.050956 0.114751  -0.000200 0.002188 0.999997  0.146206 0.842352 0
0  -0.007105 0.050956 0.113365  -0.999998 0.002184 0.000171  0.146722 0.842352 0
0  -0.007105 0.034819 0.113365  -0.999998 0.002157 0.000223  0.146722 0.839826 0
Material_0
0  -0.007105 0.050956 0.113365  -0.999998 0.002184 0.000171  0.146722 0.842352 0
0  -0.007105 0.054412 0.096438  -0.999998 0.002153 -0.000037  0.146722 0.842841 0
0  -0.007105 0.034819 0.113365  -0.999998 0.002157 0.000223  0.146722 0.839826 0
Material_0
0  -0.007105 0.034819 0.113365  -0.999998 0.002157 0.000223  0.146722 0.839826 0
0  -0.007105 0.054412 0.096438  -0.999998 0.002153 -0.000037  0.146722 0.842841 0
0  -0.007105 0.034062 0.110335  -0.999998 0.002205 -0.000000  0.146722 0.839663 0
Material_0
0  -0.007105 0.034062 0.110335  -0.999998 0.002205 -0.000000  0.146722 0.839663 0
0  -0.007105 0.054412 0.096438  -0.999998 0.002153 -0.000037  0.146722 0.842841 0
0  -0.007105 0.023964 0.104553  -0.999998 0.002205 0.000000  0.146722 0.838114 0
Material_0
0  -0.007105 0.054412 0.096438  -0.999998 0.002153 -0.000037  0.146722 0.842841 0
0  -0.007105 0.018661 0.096438  -0.999998 0.002183 -0.000008  0.146722 0.837217 0
0  -0.007105 0.023964 0.104553  -0.999998 0.002205 0.000000  0.146722 0.838114 0
Material_0
0  -0.007105 0.023964 0.104553  -0.999998 0.002205 0.000000  0.146722 0.838114 0
0  -0.007105 0.018661 0.096438  -0.999998 0.002183 -0.000008  0.146722 0.837217 0
0  -0.007105 0.008659 0.101552  -0.999998 0.001963 0.000037  0.146722 0.835669 0
Material_0
0  -0.007105 0.018661 0.096438  -0.999998 0.002183 -0.000008  0.146722 0.837217 0
0  -0.007105 0.007298 0.094765  -0.999998 -0.002182 0.000012  0.146722 0.835506 0
0  -0.007105 0.008659 0.101552  -0.999998 0.001963 0.000037  0.146722 0.835669 0
Material_0
0  -0.007105 0.008659 0.101552  -0.999998 0.001963 0.000037  0.146722 0.835669 0
0  -0.007105 0.007298 0.094765  -0.999998 -0.002182 0.000012  0.146722 0.835506 0
0  -0.005298 0.007202 0.101418  -0.274898 -0.831104 0.483422  0.145776 0.835424 0
Material_0
0  -0.005643 0.052074 0.114751  0.000000 0.002205 0.999998  0.145948 0.842515 0
0  -0.006053 0.050956 0.114751  -0.000200 0.002188 0.999997  0.146206 0.842352 0
0  -0.001828 0.055700 0.114751  0.000000 0.002205 0.999998  0.144056 0.843086 0
Material_0
0  -0.007105 0.054412 0.096438  -0.999998 0.002153 -0.000037  0.146722 0.842841 0
0  -0.007105 0.050956 0.113365  -0.999998 0.002184 0.000171  0.146722 0.842352 0
0  -0.007105 0.054412 0.116185  -0.999998 0.002158 0.000022  0.146722 0.842841 0
Material_0
0  -0.007105 0.050956 0.113365  -0.999998 0.002184 0.000171  0.146722 0.842352 0
0  -0.007105 0.050956 0.116185  -0.999998 0.002205 0.000000  0.146722 0.842352 0
0  -0.007105 0.054412 0.116185  -0.999998 0.002158 0.000022  0.146722 0.842841 0
Material_0
0  -0.007105 0.050956 0.116185  -0.999998 0.002205 0.000000  0.146722 0.842352 0
0  -0.007105 0.050956 0.117581  -0.999998 0.002205 0.000000  0.146722 0.842352 0
0  -0.007105 0.054412 0.116185  -0.999998 0.002158 0.000022  0.146722 0.842841 0
Material_0
0  -0.007105 0.050956 0.117581  -0.999998 0.002205 0.000000  0.146722 0.842352 0
0  -0.007105 0.054412 0.117581  -0.999997 0.002260 -0.000164  0.146722 0.842841 0
0  -0.007105 0.054412 0.116185  -0.999998 0.002158 0.000022  0.146722 0.842841 0
Material_0
0  -0.007105 0.054412 0.117581  -0.999997 0.002260 -0.000164  0.146722 0.842841 0
0  -0.009140 0.055920 0.117581  -0.832222 -0.554443 0.000215  0.147753 0.843086 0
0  -0.007105 0.054412 0.116185  -0.999998 0.002158 0.000022  0.146722 0.842841 0
Material_0
0  -0.007105 0.054412 0.116185  -0.999998 0.002158 0.000022  0.146722 0.842841 0
0  -0.009140 0.055920 0.117581  -0.832222 -0.554443 0.000215  0.147753 0.843086 0
0  -0.007105 0.054412 0.096438  -0.999998 0.002153 -0.000037  0.146722 0.842841 0
Material_0
0  -0.007105 0.054412 0.096438  -0.999998 0.002153 -0.000037  0.146722 0.842841 0
0  -0.009140 0.055920 0.117581  -0.832222 -0.554443 0.000215  0.147753 0.843086 0
0  -0.009140 0.055913 0.096438  -0.832217 -0.554451 -0.000001  0.147753 0.843086 0
Material_0
0  -0.009140 0.055920 0.117581  -0.832222 -0.554443 0.000215  0.147753 0.843086 0
0  -0.011201 0.062716 0.117581  -0.999998 0.002162 0.000196  0.148785 0.844145 0
0  -0.009140 0.055913 0.096438  -0.832217 -0.554451 -0.000001  0.147753 0.843086 0
Material_0
0  -0.009140 0.055913 0.096438  -0.832217 -0.554451 -0.000001  0.147753 0.843086 0
0  -0.011201 0.062716 0.117581  -0.999998 0.002162 0.000196  0.148785 0.844145 0
0  -0.011201 0.062701 0.096438  -0.999998 0.002187 0.000035  0.148785 0.844145 0
Material_0
0  -0.011201 0.062716 0.117581  -0.999998 0.002162 0.000196  0.148785 0.844145 0
0  -0.008801 0.069718 0.117581  -0.824531 0.565275 0.024743  0.147581 0.845287 0
0  -0.011201 0.062701 0.096438  -0.999998 0.002187 0.000035  0.148785 0.844145 0
Material_0
0  -0.011201 0.062701 0.096438  -0.999998 0.002187 0.000035  0.148785 0.844145 0
0  -0.008801 0.069718 0.117581  -0.824531 0.565275 0.024743  0.147581 0.845287 0
0  -0.008801 0.069710 0.096438  -0.824517 0.565307 0.024494  0.147581 0.845287 0
Material_0
0  -0.008801 0.069710 0.096438  -0.824517 0.565307 0.024494  0.147581 0.845287 0
0  -0.008801 0.069718 0.117581  -0.824531 0.565275 0.024743  0.147581 0.845287 0
0  -0.006196 0.071718 0.096438  -0.735094 0.677962 -0.001885  0.146292 0.845531 0
Material_0
0  -0.008801 0.069718 0.117581  -0.824531 0.565275 0.024743  0.147581 0.845287 0
0  -0.006199 0.071733 0.117581  -0.735090 0.677968 -0.001843  0.146292 0.845531 0
0  -0.006196 0.071718 0.096438  -0.735094 0.677962 -0.001885  0.146292 0.845531 0
Material_0
0  -0.006196 0.071718 0.096438  -0.735094 0.677962 -0.001885  0.146292 0.845531 0
0  -0.006199 0.071733 0.117581  -0.735090 0.677968 -0.001843  0.146292 0.845531 0
0  -0.004824 0.074359 0.096438  -0.972797 0.231629 -0.003775  0.145604 0.845939 0
Material_0
0  -0.006199 0.071733 0.117581  -0.735090 0.677968 -0.001843  0.146292 0.845531 0
0  -0.004825 0.074388 0.117581  -0.971812 0.235751 -0.001875  0.145604 0.846020 0
0  -0.004824 0.074359 0.096438  -0.972797 0.231629 -0.003775  0.145604 0.845939 0
Material_0
0  -0.004825 0.074388 0.117581  -0.971812 0.235751 -0.001875  0.145604 0.846020 0
0  -0.004810 0.075057 0.117581  -0.999998 0.002120 0.000021  0.145604 0.846102 0
0  -0.004824 0.074359 0.096438  -0.972797 0.231629 -0.003775  0.145604 0.845939 0
Material_0
0  -0.004824 0.074359 0.096438  -0.972797 0.231629 -0.003775  0.145604 0.845939 0
0  -0.004810 0.075057 0.117581  -0.999998 0.002120 0.000021  0.145604 0.846102 0
0  -0.004810 0.075028 0.096438  -0.999997 0.002215 -0.000009  0.145604 0.846102 0
Material_0
0  -0.004810 0.075057 0.117581  -0.999998 0.002120 0.000021  0.145604 0.846102 0
0  -0.004810 0.078955 0.044480  -0.999998 0.002171 -0.000024  0.145604 0.846672 0
0  -0.004810 0.075028 0.096438  -0.999997 0.002215 -0.000009  0.145604 0.846102 0
Material_0
0  -0.004810 0.075028 0.096438  -0.999997 0.002215 -0.000009  0.145604 0.846102 0
0  -0.004810 0.078955 0.044480  -0.999998 0.002171 -0.000024  0.145604 0.846672 0
0  -0.004810 0.075013 0.044480  -0.999998 0.002170 0.000169  0.145604 0.846102 0
Material_0
0  -0.004810 0.075013 0.044480  -0.999998 0.002170 0.000169  0.145604 0.846102 0
0  -0.004810 0.078955 0.044480  -0.999998 0.002171 -0.000024  0.145604 0.846672 0
0  -0.006470 0.075013 0.042472  -0.510858 0.002179 0.859662  0.146378 0.846102 0
Material_0
0  -0.004810 0.078955 0.044480  -0.999998 0.002171 -0.000024  0.145604 0.846672 0
0  -0.006470 0.078955 0.042472  -0.510867 0.002369 0.859656  0.146378 0.846672 0
0  -0.006470 0.075013 0.042472  -0.510858 0.002179 0.859662  0.146378 0.846102 0
Material_0
0  -0.006470 0.075013 0.042472  -0.510858 0.002179 0.859662  0.146378 0.846102 0
0  -0.006470 0.078955 0.042472  -0.510867 0.002369 0.859656  0.146378 0.846672 0
0  -0.009035 0.078955 0.041975  -0.510839 0.002216 0.859674  0.147667 0.846672 0
Material_0
0  -0.009035 0.078955 0.041975  -0.510839 0.002216 0.859674  0.147667 0.846672 0
0  -0.006470 0.078955 0.042472  -0.510867 0.002369 0.859656  0.146378 0.846672 0
0  -0.009283 0.080823 0.040752  -0.000042 0.998130 0.061131  0.147839 0.846998 0
Material_0
0  -0.006470 0.078955 0.042472  -0.510867 0.002369 0.859656  0.146378 0.846672 0
0  -0.004552 0.080897 0.041144  -0.000118 0.998120 0.061293  0.145432 0.846998 0
0  -0.009283 0.080823 0.040752  -0.000042 0.998130 0.061131  0.147839 0.846998 0
Material_0
0  -0.009283 0.080823 0.040752  -0.000042 0.998130 0.061131  0.147839 0.846998 0
0  -0.004552 0.080897 0.041144  -0.000118 0.998120 0.061293  0.145432 0.846998 0
0  -0.003949 0.081493 0.037311  -0.000852 0.998120 0.061284  0.145088 0.847080 0
Material_0
0  -0.003949 0.081493 0.037311  -0.000852 0.998120 0.061284  0.145088 0.847080 0
0  -0.004552 0.080897 0.041144  -0.000118 0.998120 0.061293  0.145432 0.846998 0
0  -0.001123 0.081493 0.037311  0.000209 0.998126 0.061200  0.143712 0.847080 0
Material_0
0  -0.004552 0.080897 0.041144  -0.000118 0.998120 0.061293  0.145432 0.846998 0
0  -0.001123 0.080904 0.041115  0.000172 0.998127 0.061180  0.143712 0.846998 0
0  -0.001123 0.081493 0.037311  0.000209 0.998126 0.061200  0.143712 0.847080 0
Material_0
0  -0.001123 0.081493 0.037311  0.000209 0.998126 0.061200  0.143712 0.847080 0
0  -0.001123 0.080904 0.041115  0.000172 0.998127 0.061180  0.143712 0.846998 0
0  0.000136 0.079514 0.042788  0.688858 0.724651 0.018847  0.143110 0.846754 0
Material_0
0  -0.001123 0.080904 0.041115  0.000172 0.998127 0.061180  0.143712 0.846998 0
0  -0.001123 0.080639 0.044480  -0.000017 1.000000 -0.000008  0.143712 0.846998 0
0  0.000136 0.079514 0.042788  0.688858 0.724651 0.018847  0.143110 0.846754 0
Material_0
0  -0.001123 0.080639 0.044480  -0.000017 1.000000 -0.000008  0.143712 0.846998 0
0  0.000495 0.079191 0.042788  -0.013103 0.999914 0.000006  0.142853 0.846754 0
0  0.000136 0.079514 0.042788  0.688858 0.724651 0.018847  0.143110 0.846754 0
Material_0
0  0.000136 0.079514 0.042788  0.688858 0.724651 0.018847  0.143110 0.846754 0
0  0.000495 0.079191 0.042788  -0.013103 0.999914 0.000006  0.142853 0.846754 0
0  0.000495 0.079198 0.038123  0.028409 0.998129 0.054135  0.142853 0.846754 0
Material_0
0  0.000495 0.079191 0.042788  -0.013103 0.999914 0.000006  0.142853 0.846754 0
0  0.002113 0.080904 0.041115  -0.000016 0.998128 0.061156  0.142079 0.846998 0
0  0.000495 0.079198 0.038123  0.028409 0.998129 0.054135  0.142853 0.846754 0
Material_0
0  0.000495 0.079198 0.038123  0.028409 0.998129 0.054135  0.142853 0.846754 0
0  0.002113 0.080904 0.041115  -0.000016 0.998128 0.061156  0.142079 0.846998 0
0  0.002113 0.081493 0.037311  -0.000190 0.998128 0.061152  0.142079 0.847080 0
Material_0
0  0.002113 0.081493 0.037311  -0.000190 0.998128 0.061152  0.142079 0.847080 0
0  0.002113 0.080904 0.041115  -0.000016 0.998128 0.061156  0.142079 0.846998 0
0  0.004939 0.081493 0.037311  0.000035 0.998118 0.061323  0.140703 0.847080 0
Material_0
0  0.002113 0.080904 0.041115  -0.000016 0.998128 0.061156  0.142079 0.846998 0
0  0.005539 0.080897 0.041144  0.000142 0.998119 0.061300  0.140359 0.846998 0
0  0.004939 0.081493 0.037311  0.000035 0.998118 0.061323  0.140703 0.847080 0
Material_0
0  0.005539 0.080897 0.041144  0.000142 0.998119 0.061300  0.140359 0.846998 0
0  0.010210 0.080823 0.040742  0.000033 0.998128 0.061158  0.138038 0.846998 0
0  0.004939 0.081493 0.037311  0.000035 0.998118 0.061323  0.140703 0.847080 0
Material_0
0  0.004939 0.081493 0.037311  0.000035 0.998118 0.061323  0.140703 0.847080 0
0  0.010210 0.080823 0.040742  0.000033 0.998128 0.061158  0.138038 0.846998 0
0  0.004431 0.084435 0.021655  -0.000018 0.998120 0.061298  0.140875 0.847569 0
Material_0
0  0.010210 0.080823 0.040742  0.000033 0.998128 0.061158  0.138038 0.846998 0
0  0.009696 0.084104 0.023853  -0.000029 0.998119 0.061308  0.138296 0.847487 0
0  0.004431 0.084435 0.021655  -0.000018 0.998120 0.061298  0.140875 0.847569 0
Material_0
0  -0.009035 0.075013 0.041975  -0.510693 0.002203 0.859760  0.147667 0.846102 0
0  -0.006470 0.075013 0.042472  -0.510858 0.002179 0.859662  0.146378 0.846102 0
0  -0.009035 0.078955 0.041975  -0.510839 0.002216 0.859674  0.147667 0.846672 0
Material_0
0  -0.009283 0.080823 0.040752  -0.000042 0.998130 0.061131  0.147839 0.846998 0
0  -0.003949 0.081493 0.037311  -0.000852 0.998120 0.061284  0.145088 0.847080 0
0  -0.008783 0.084104 0.023853  0.000029 0.998118 0.061329  0.147581 0.847487 0
Material_0
0  -0.008783 0.084104 0.023853  0.000029 0.998118 0.061329  0.147581 0.847487 0
0  -0.003949 0.081493 0.037311  -0.000852 0.998120 0.061284  0.145088 0.847080 0
0  -0.003523 0.084435 0.021655  0.000036 0.998118 0.061326  0.144916 0.847569 0
Material_0
0  0.000495 0.079198 0.038123  0.028409 0.998129 0.054135  0.142853 0.846754 0
0  -0.001123 0.081493 0.037311  0.000209 0.998126 0.061200  0.143712 0.847080 0
0  0.000136 0.079514 0.042788  0.688858 0.724651 0.018847  0.143110 0.846754 0
Material_0
0  -0.001123 0.080904 0.041115  0.000172 0.998127 0.061180  0.143712 0.846998 0
0  -0.004552 0.080897 0.041144  -0.000118 0.998120 0.061293  0.145432 0.846998 0
0  -0.001123 0.080639 0.044480  -0.000017 1.000000 -0.000008  0.143712 0.846998 0
Material_0
0  0.010210 0.080823 0.040742  0.000033 0.998128 0.061158  0.138038 0.846998 0
0  0.005539 0.080897 0.041144  0.000142 0.998119 0.061300  0.140359 0.846998 0
0  0.009957 0.078955 0.041985  0.510854 -0.002218 0.859665  0.138124 0.846672 0
Material_0
0  0.009957 0.078955 0.041985  0.510854 -0.002218 0.859665  0.138124 0.846672 0
0  0.005539 0.080897 0.041144  0.000142 0.998119 0.061300  0.140359 0.846998 0
0  0.007459 0.078955 0.042463  0.510840 -0.002160 0.859673  0.139413 0.846672 0
Material_0
0  0.005539 0.080897 0.041144  0.000142 0.998119 0.061300  0.140359 0.846998 0
0  0.005798 0.078955 0.044480  0.999998 0.002144 0.000038  0.140273 0.846672 0
0  0.007459 0.078955 0.042463  0.510840 -0.002160 0.859673  0.139413 0.846672 0
Material_0
0  0.005798 0.078955 0.044480  0.999998 0.002144 0.000038  0.140273 0.846672 0
0  0.005798 0.075013 0.044480  1.000000 0.000000 0.000169  0.140273 0.846102 0
0  0.007459 0.078955 0.042463  0.510840 -0.002160 0.859673  0.139413 0.846672 0
Material_0
0  0.005798 0.075013 0.044480  1.000000 0.000000 0.000169  0.140273 0.846102 0
0  0.007459 0.075013 0.042463  0.510859 -0.002178 0.859662  0.139413 0.846102 0
0  0.007459 0.078955 0.042463  0.510840 -0.002160 0.859673  0.139413 0.846672 0
Material_0
0  0.007459 0.075013 0.042463  0.510859 -0.002178 0.859662  0.139413 0.846102 0
0  0.009947 0.075013 0.041985  0.510699 -0.002173 0.859757  0.138124 0.846102 0
0  0.007459 0.078955 0.042463  0.510840 -0.002160 0.859673  0.139413 0.846672 0
Material_0
0  0.007459 0.078955 0.042463  0.510840 -0.002160 0.859673  0.139413 0.846672 0
0  0.009947 0.075013 0.041985  0.510699 -0.002173 0.859757  0.138124 0.846102 0
0  0.009957 0.078955 0.041985  0.510854 -0.002218 0.859665  0.138124 0.846672 0
Material_0
0  0.005798 0.078955 0.044480  0.999998 0.002144 0.000038  0.140273 0.846672 0
0  0.005539 0.080897 0.041144  0.000142 0.998119 0.061300  0.140359 0.846998 0
0  0.004109 0.080639 0.044480  0.000012 1.000000 -0.000038  0.141047 0.846998 0
Material_0
0  0.004109 0.080639 0.044480  0.000012 1.000000 -0.000038  0.141047 0.846998 0
0  0.005539 0.080897 0.041144  0.000142 0.998119 0.061300  0.140359 0.846998 0
0  0.002113 0.080904 0.041115  -0.000016 0.998128 0.061156  0.142079 0.846998 0
Material_0
0  0.005798 0.075013 0.044480  1.000000 0.000000 0.000169  0.140273 0.846102 0
0  0.005798 0.078955 0.044480  0.999998 0.002144 0.000038  0.140273 0.846672 0
0  0.005798 0.078955 0.109275  0.999998 0.002176 0.000012  0.140273 0.846672 0
Material_0
0  0.005798 0.078955 0.109275  0.999998 0.002176 0.000012  0.140273 0.846672 0
0  0.005798 0.078955 0.044480  0.999998 0.002144 0.000038  0.140273 0.846672 0
0  0.004109 0.080639 0.108042  -0.000026 1.000000 0.000091  0.141047 0.846998 0
Material_0
0  0.005798 0.078955 0.044480  0.999998 0.002144 0.000038  0.140273 0.846672 0
0  0.004109 0.080639 0.044480  0.000012 1.000000 -0.000038  0.141047 0.846998 0
0  0.004109 0.080639 0.108042  -0.000026 1.000000 0.000091  0.141047 0.846998 0
Material_0
0  0.005798 0.075013 0.044480  1.000000 0.000000 0.000169  0.140273 0.846102 0
0  0.005798 0.078955 0.109275  0.999998 0.002176 0.000012  0.140273 0.846672 0
0  0.005798 0.075028 0.096438  0.999998 0.002200 -0.000001  0.140273 0.846102 0
Material_0
0  0.005798 0.078955 0.109275  0.999998 0.002176 0.000012  0.140273 0.846672 0
0  0.005798 0.075057 0.117581  0.999998 0.002123 -0.000002  0.140273 0.846102 0
0  0.005798 0.075028 0.096438  0.999998 0.002200 -0.000001  0.140273 0.846102 0
Material_0
0  0.005798 0.075028 0.096438  0.999998 0.002200 -0.000001  0.140273 0.846102 0
0  0.005798 0.075057 0.117581  0.999998 0.002123 -0.000002  0.140273 0.846102 0
0  0.005815 0.074388 0.117581  0.972839 0.227386 -0.043367  0.140187 0.846020 0
Material_0
0  0.005798 0.075057 0.117581  0.999998 0.002123 -0.000002  0.140273 0.846102 0
0  0.004210 0.074366 0.119263  0.000203 0.002272 0.999997  0.141047 0.845939 0
0  0.005815 0.074388 0.117581  0.972839 0.227386 -0.043367  0.140187 0.846020 0
Material_0
0  0.004210 0.074366 0.119263  0.000203 0.002272 0.999997  0.141047 0.845939 0
0  0.007167 0.071703 0.117581  0.746379 0.664990 0.026580  0.139585 0.845531 0
0  0.005815 0.074388 0.117581  0.972839 0.227386 -0.043367  0.140187 0.846020 0
Material_0
0  0.005815 0.074388 0.117581  0.972839 0.227386 -0.043367  0.140187 0.846020 0
0  0.007167 0.071703 0.117581  0.746379 0.664990 0.026580  0.139585 0.845531 0
0  0.007165 0.071696 0.096438  0.746385 0.664991 0.026383  0.139585 0.845531 0
Material_0
0  0.007167 0.071703 0.117581  0.746379 0.664990 0.026580  0.139585 0.845531 0
0  0.009791 0.069585 0.096438  0.829779 0.558089 0.001882  0.138210 0.845205 0
0  0.007165 0.071696 0.096438  0.746385 0.664991 0.026383  0.139585 0.845531 0
Material_0
0  0.005798 0.075028 0.096438  0.999998 0.002200 -0.000001  0.140273 0.846102 0
0  0.005815 0.074388 0.117581  0.972839 0.227386 -0.043367  0.140187 0.846020 0
0  0.005811 0.074359 0.096438  0.972837 0.227398 -0.043336  0.140187 0.845939 0
Material_0
0  0.005815 0.074388 0.117581  0.972839 0.227386 -0.043367  0.140187 0.846020 0
0  0.007165 0.071696 0.096438  0.746385 0.664991 0.026383  0.139585 0.845531 0
0  0.005811 0.074359 0.096438  0.972837 0.227398 -0.043336  0.140187 0.845939 0
Material_0
0  0.004210 0.074366 0.119263  0.000203 0.002272 0.999997  0.141047 0.845939 0
0  0.005798 0.075057 0.117581  0.999998 0.002123 -0.000002  0.140273 0.846102 0
0  0.004109 0.075057 0.119263  0.000018 0.849961 0.526845  0.141047 0.846102 0
Material_0
0  0.005798 0.075057 0.117581  0.999998 0.002123 -0.000002  0.140273 0.846102 0
0  0.005798 0.078955 0.109275  0.999998 0.002176 0.000012  0.140273 0.846672 0
0  0.004109 0.075057 0.119263  0.000018 0.849961 0.526845  0.141047 0.846102 0
Material_0
0  0.004109 0.075057 0.119263  0.000018 0.849961 0.526845  0.141047 0.846102 0
0  0.005798 0.078955 0.109275  0.999998 0.002176 0.000012  0.140273 0.846672 0
0  0.004109 0.079794 0.111186  0.000184 0.849987 0.526804  0.141047 0.846835 0
Material_0
0  0.005798 0.078955 0.109275  0.999998 0.002176 0.000012  0.140273 0.846672 0
0  0.004109 0.080639 0.108042  -0.000026 1.000000 0.000091  0.141047 0.846998 0
0  0.004109 0.079794 0.111186  0.000184 0.849987 0.526804  0.141047 0.846835 0
Material_0
0  0.004109 0.079794 0.111186  0.000184 0.849987 0.526804  0.141047 0.846835 0
0  0.004109 0.080639 0.108042  -0.000026 1.000000 0.000091  0.141047 0.846998 0
0  0.002111 0.080639 0.108042  -0.000020 1.000000 -0.000003  0.142079 0.846998 0
Material_0
0  0.004109 0.080639 0.108042  0.000000 1.000000 0.000000  0.141047 0.846998 0
0  0.004109 0.080639 0.044480  0.000000 1.000000 0.000000  0.141047 0.846998 0
0  0.002111 0.080639 0.108042  0.000000 1.000000 0.000000  0.142079 0.846998 0
Material_0
0  0.002111 0.080639 0.108042  0.000000 1.000000 0.000000  0.142079 0.846998 0
0  0.004109 0.080639 0.044480  0.000000 1.000000 0.000000  0.141047 0.846998 0
0  0.002113 0.080639 0.044480  0.000000 1.000000 0.000000  0.142079 0.846998 0
Material_0
0  0.004109 0.080639 0.044480  0.000012 1.000000 -0.000038  0.141047 0.846998 0
0  0.002113 0.080904 0.041115  -0.000016 0.998128 0.061156  0.142079 0.846998 0
0  0.002113 0.080639 0.044480  -0.000012 1.000000 -0.000012  0.142079 0.846998 0
Material_0
0  0.002113 0.080639 0.044480  -0.000012 1.000000 -0.000012  0.142079 0.846998 0
0  0.002113 0.080904 0.041115  -0.000016 0.998128 0.061156  0.142079 0.846998 0
0  0.000853 0.079514 0.042788  -0.675786 0.733620 0.071520  0.142681 0.846754 0
Material_0
0  0.002113 0.080904 0.041115  -0.000016 0.998128 0.061156  0.142079 0.846998 0
0  0.000495 0.079191 0.042788  -0.013103 0.999914 0.000006  0.142853 0.846754 0
0  0.000853 0.079514 0.042788  -0.675786 0.733620 0.071520  0.142681 0.846754 0
Material_0
0  0.000853 0.079514 0.042788  -0.675786 0.733620 0.071520  0.142681 0.846754 0
0  0.000495 0.079191 0.042788  -0.013103 0.999914 0.000006  0.142853 0.846754 0
0  0.000495 0.079191 0.112228  0.000000 0.850048 0.526705  0.142853 0.846754 0
Material_0
0  0.000495 0.079191 0.042788  -0.013103 0.999914 0.000006  0.142853 0.846754 0
0  -0.001123 0.080639 0.044480  -0.000017 1.000000 -0.000008  0.143712 0.846998 0
0  0.000495 0.079191 0.112228  0.000000 0.850048 0.526705  0.142853 0.846754 0
Material_0
0  0.002113 0.080639 0.044480  -0.000012 1.000000 -0.000012  0.142079 0.846998 0
0  0.000853 0.079514 0.042788  -0.675786 0.733620 0.071520  0.142681 0.846754 0
0  0.002111 0.080639 0.108042  -0.000020 1.000000 -0.000003  0.142079 0.846998 0
Material_0
0  0.000853 0.079514 0.042788  -0.675786 0.733620 0.071520  0.142681 0.846754 0
0  0.000495 0.079191 0.112228  0.000000 0.850048 0.526705  0.142853 0.846754 0
0  0.002111 0.080639 0.108042  -0.000020 1.000000 -0.000003  0.142079 0.846998 0
Material_0
0  0.002111 0.080639 0.108042  -0.000020 1.000000 -0.000003  0.142079 0.846998 0
0  0.000495 0.079191 0.112228  0.000000 0.850048 0.526705  0.142853 0.846754 0
0  0.001286 0.079801 0.111186  -0.000123 0.850018 0.526754  0.142509 0.846835 0
Material_0
0  0.000495 0.079191 0.112228  0.000000 0.850048 0.526705  0.142853 0.846754 0
0  0.004109 0.079794 0.111186  0.000184 0.849987 0.526804  0.141047 0.846835 0
0  0.001286 0.079801 0.111186  -0.000123 0.850018 0.526754  0.142509 0.846835 0
Material_0
0  0.001286 0.079801 0.111186  -0.000123 0.850018 0.526754  0.142509 0.846835 0
0  0.004109 0.079794 0.111186  0.000184 0.849987 0.526804  0.141047 0.846835 0
0  0.002111 0.080639 0.108042  -0.000020 1.000000 -0.000003  0.142079 0.846998 0
Material_0
0  0.004109 0.079794 0.111186  0.000184 0.849987 0.526804  0.141047 0.846835 0
0  0.000495 0.079191 0.112228  0.000000 0.850048 0.526705  0.142853 0.846754 0
0  0.004109 0.075057 0.119263  0.000018 0.849961 0.526845  0.141047 0.846102 0
Material_0
0  0.000495 0.079191 0.112228  0.000000 0.850048 0.526705  0.142853 0.846754 0
0  -0.003119 0.075057 0.119263  0.000014 0.849964 0.526840  0.144744 0.846102 0
0  0.004109 0.075057 0.119263  0.000018 0.849961 0.526845  0.141047 0.846102 0
Material_0
0  0.004109 0.075057 0.119263  0.000018 0.849961 0.526845  0.141047 0.846102 0
0  -0.003119 0.075057 0.119263  0.000014 0.849964 0.526840  0.144744 0.846102 0
0  -0.003222 0.074366 0.119263  -0.000193 0.002254 0.999997  0.144744 0.845939 0
Material_0
0  -0.003119 0.075057 0.119263  0.000014 0.849964 0.526840  0.144744 0.846102 0
0  -0.004825 0.074388 0.117581  -0.971812 0.235751 -0.001875  0.145604 0.846020 0
0  -0.003222 0.074366 0.119263  -0.000193 0.002254 0.999997  0.144744 0.845939 0
Material_0
0  -0.003222 0.074366 0.119263  -0.000193 0.002254 0.999997  0.144744 0.845939 0
0  -0.004825 0.074388 0.117581  -0.971812 0.235751 -0.001875  0.145604 0.846020 0
0  -0.004284 0.071078 0.119263  -0.000184 0.002305 0.999997  0.145260 0.845450 0
Material_0
0  -0.004825 0.074388 0.117581  -0.971812 0.235751 -0.001875  0.145604 0.846020 0
0  -0.006199 0.071733 0.117581  -0.735090 0.677968 -0.001843  0.146292 0.845531 0
0  -0.004284 0.071078 0.119263  -0.000184 0.002305 0.999997  0.145260 0.845450 0
Material_0
0  -0.006199 0.071733 0.117581  -0.735090 0.677968 -0.001843  0.146292 0.845531 0
0  -0.008801 0.069718 0.117581  -0.824531 0.565275 0.024743  0.147581 0.845287 0
0  -0.004284 0.071078 0.119263  -0.000184 0.002305 0.999997  0.145260 0.845450 0
Material_0
0  -0.004284 0.071078 0.119263  -0.000184 0.002305 0.999997  0.145260 0.845450 0
0  -0.008801 0.069718 0.117581  -0.824531 0.565275 0.024743  0.147581 0.845287 0
0  -0.007110 0.069710 0.119263  0.000019 0.002156 0.999998  0.146722 0.845287 0
Material_0
0  -0.008801 0.069718 0.117581  -0.824531 0.565275 0.024743  0.147581 0.845287 0
0  -0.011201 0.062716 0.117581  -0.999998 0.002162 0.000196  0.148785 0.844145 0
0  -0.007110 0.069710 0.119263  0.000019 0.002156 0.999998  0.146722 0.845287 0
Material_0
0  -0.007110 0.069710 0.119263  0.000019 0.002156 0.999998  0.146722 0.845287 0
0  -0.011201 0.062716 0.117581  -0.999998 0.002162 0.000196  0.148785 0.844145 0
0  -0.009510 0.062709 0.119263  0.000002 0.002216 0.999998  0.147925 0.844145 0
Material_0
0  -0.011201 0.062716 0.117581  -0.999998 0.002162 0.000196  0.148785 0.844145 0
0  -0.009140 0.055920 0.117581  -0.832222 -0.554443 0.000215  0.147753 0.843086 0
0  -0.009510 0.062709 0.119263  0.000002 0.002216 0.999998  0.147925 0.844145 0
Material_0
0  -0.009510 0.062709 0.119263  0.000002 0.002216 0.999998  0.147925 0.844145 0
0  -0.009140 0.055920 0.117581  -0.832222 -0.554443 0.000215  0.147753 0.843086 0
0  -0.007449 0.055913 0.119263  -0.000019 0.002253 0.999997  0.146893 0.843086 0
Material_0
0  -0.009140 0.055920 0.117581  -0.832222 -0.554443 0.000215  0.147753 0.843086 0
0  -0.007105 0.054412 0.117581  -0.999997 0.002260 -0.000164  0.146722 0.842841 0
0  -0.007449 0.055913 0.119263  -0.000019 0.002253 0.999997  0.146893 0.843086 0
Material_0
0  -0.007449 0.055913 0.119263  -0.000019 0.002253 0.999997  0.146893 0.843086 0
0  -0.007105 0.054412 0.117581  -0.999997 0.002260 -0.000164  0.146722 0.842841 0
0  -0.005473 0.054846 0.119263  -0.000185 0.002063 0.999998  0.145862 0.842923 0
Material_0
0  -0.007105 0.054412 0.117581  -0.999997 0.002260 -0.000164  0.146722 0.842841 0
0  -0.007105 0.052721 0.117581  -0.497634 0.037162 0.866591  0.146722 0.842597 0
0  -0.005473 0.054846 0.119263  -0.000185 0.002063 0.999998  0.145862 0.842923 0
Material_0
0  0.004109 0.075057 0.119263  0.000018 0.849961 0.526845  0.141047 0.846102 0
0  -0.003222 0.074366 0.119263  -0.000193 0.002254 0.999997  0.144744 0.845939 0
0  0.004210 0.074366 0.119263  0.000203 0.002272 0.999997  0.141047 0.845939 0
Material_0
0  -0.003222 0.074366 0.119263  -0.000193 0.002254 0.999997  0.144744 0.845939 0
0  0.005255 0.071078 0.119263  0.000141 0.002292 0.999997  0.140531 0.845450 0
0  0.004210 0.074366 0.119263  0.000203 0.002272 0.999997  0.141047 0.845939 0
Material_0
0  0.004210 0.074366 0.119263  0.000203 0.002272 0.999997  0.141047 0.845939 0
0  0.005255 0.071078 0.119263  0.000141 0.002292 0.999997  0.140531 0.845450 0
0  0.007167 0.071703 0.117581  0.746379 0.664990 0.026580  0.139585 0.845531 0
Material_0
0  -0.004284 0.071078 0.119263  -0.000184 0.002305 0.999997  0.145260 0.845450 0
0  0.005255 0.071078 0.119263  0.000141 0.002292 0.999997  0.140531 0.845450 0
0  -0.003222 0.074366 0.119263  -0.000193 0.002254 0.999997  0.144744 0.845939 0
Material_0
0  -0.007105 0.050956 0.117581  -0.999998 0.002161 -0.000025  0.146722 0.842352 0
0  -0.006053 0.050956 0.119263  -0.758420 0.150189 0.634225  0.146206 0.842352 0
0  -0.007105 0.052721 0.117581  -0.497634 0.037162 0.866591  0.146722 0.842597 0
Material_0
0  -0.006053 0.050956 0.119263  -0.758420 0.150189 0.634225  0.146206 0.842352 0
0  -0.005643 0.052074 0.119263  0.000193 0.002163 0.999998  0.145948 0.842515 0
0  -0.007105 0.052721 0.117581  -0.497634 0.037162 0.866591  0.146722 0.842597 0
Material_0
0  -0.007105 0.052721 0.117581  -0.497634 0.037162 0.866591  0.146722 0.842597 0
0  -0.005643 0.052074 0.119263  0.000193 0.002163 0.999998  0.145948 0.842515 0
0  -0.005473 0.054846 0.119263  -0.000185 0.002063 0.999998  0.145862 0.842923 0
Material_0
0  -0.005643 0.052074 0.119263  0.000193 0.002163 0.999998  0.145948 0.842515 0
0  -0.001828 0.055700 0.119263  0.000000 0.002206 0.999998  0.144056 0.843086 0
0  -0.005473 0.054846 0.119263  -0.000185 0.002063 0.999998  0.145862 0.842923 0
Material_0
0  -0.005473 0.054846 0.119263  -0.000185 0.002063 0.999998  0.145862 0.842923 0
0  -0.001828 0.055700 0.119263  0.000000 0.002206 0.999998  0.144056 0.843086 0
0  -0.007449 0.055913 0.119263  -0.000019 0.002253 0.999997  0.146893 0.843086 0
Material_0
0  -0.007449 0.055913 0.119263  -0.000019 0.002253 0.999997  0.146893 0.843086 0
0  -0.001828 0.055700 0.119263  0.000000 0.002206 0.999998  0.144056 0.843086 0
0  -0.009510 0.062709 0.119263  0.000002 0.002216 0.999998  0.147925 0.844145 0
Material_0
0  -0.001828 0.055700 0.119263  0.000000 0.002206 0.999998  0.144056 0.843086 0
0  0.010499 0.062598 0.119263  0.000041 0.002172 0.999998  0.137866 0.844145 0
0  -0.009510 0.062709 0.119263  0.000002 0.002216 0.999998  0.147925 0.844145 0
Material_0
0  -0.009510 0.062709 0.119263  0.000002 0.002216 0.999998  0.147925 0.844145 0
0  0.010499 0.062598 0.119263  0.000041 0.002172 0.999998  0.137866 0.844145 0
0  0.008100 0.069607 0.119263  -0.000005 0.002145 0.999998  0.139070 0.845205 0
Material_0
0  0.010499 0.062598 0.119263  0.000041 0.002172 0.999998  0.137866 0.844145 0
0  0.009791 0.069593 0.117581  0.829784 0.558081 0.002078  0.138210 0.845205 0
0  0.008100 0.069607 0.119263  -0.000005 0.002145 0.999998  0.139070 0.845205 0
Material_0
0  0.008100 0.069607 0.119263  -0.000005 0.002145 0.999998  0.139070 0.845205 0
0  0.009791 0.069593 0.117581  0.829784 0.558081 0.002078  0.138210 0.845205 0
0  0.007167 0.071703 0.117581  0.746379 0.664990 0.026580  0.139585 0.845531 0
Material_0
0  0.007167 0.071703 0.117581  0.746379 0.664990 0.026580  0.139585 0.845531 0
0  0.009791 0.069593 0.117581  0.829784 0.558081 0.002078  0.138210 0.845205 0
0  0.009791 0.069585 0.096438  0.829779 0.558089 0.001882  0.138210 0.845205 0
Material_0
0  0.009791 0.069593 0.117581  0.829784 0.558081 0.002078  0.138210 0.845205 0
0  0.012188 0.062591 0.117581  0.999997 0.002226 0.000213  0.137006 0.844145 0
0  0.009791 0.069585 0.096438  0.829779 0.558089 0.001882  0.138210 0.845205 0
Material_0
0  0.009791 0.069585 0.096438  0.829779 0.558089 0.001882  0.138210 0.845205 0
0  0.012188 0.062591 0.117581  0.999997 0.002226 0.000213  0.137006 0.844145 0
0  0.012188 0.062584 0.096438  0.999998 0.002184 -0.000001  0.137006 0.844145 0
Material_0
0  -0.001828 0.055700 0.119263  0.000000 0.002206 0.999998  0.144056 0.843086 0
0  0.002823 0.055700 0.119263  0.000001 0.002206 0.999998  0.141735 0.843086 0
0  0.010499 0.062598 0.119263  0.000041 0.002172 0.999998  0.137866 0.844145 0
Material_0
0  0.010499 0.062598 0.119263  0.000041 0.002172 0.999998  0.137866 0.844145 0
0  0.002823 0.055700 0.119263  0.000001 0.002206 0.999998  0.141735 0.843086 0
0  0.008438 0.055810 0.119263  -0.000029 0.002163 0.999998  0.138898 0.843086 0
Material_0
0  0.008438 0.055810 0.119263  -0.000029 0.002163 0.999998  0.138898 0.843086 0
0  0.002823 0.055700 0.119263  0.000001 0.002206 0.999998  0.141735 0.843086 0
0  0.006462 0.054846 0.119263  0.000181 0.002082 0.999998  0.139929 0.842923 0
Material_0
0  0.002823 0.055700 0.119263  0.000001 0.002206 0.999998  0.141735 0.843086 0
0  0.006633 0.052074 0.119263  -0.000179 0.002133 0.999998  0.139843 0.842515 0
0  0.006462 0.054846 0.119263  0.000181 0.002082 0.999998  0.139929 0.842923 0
Material_0
0  -0.009510 0.062709 0.119263  0.000002 0.002216 0.999998  0.147925 0.844145 0
0  0.008100 0.069607 0.119263  -0.000005 0.002145 0.999998  0.139070 0.845205 0
0  -0.007110 0.069710 0.119263  0.000019 0.002156 0.999998  0.146722 0.845287 0
Material_0
0  -0.007110 0.069710 0.119263  0.000019 0.002156 0.999998  0.146722 0.845287 0
0  0.008100 0.069607 0.119263  -0.000005 0.002145 0.999998  0.139070 0.845205 0
0  -0.004284 0.071078 0.119263  -0.000184 0.002305 0.999997  0.145260 0.845450 0
Material_0
0  -0.004284 0.071078 0.119263  -0.000184 0.002305 0.999997  0.145260 0.845450 0
0  0.008100 0.069607 0.119263  -0.000005 0.002145 0.999998  0.139070 0.845205 0
0  0.005255 0.071078 0.119263  0.000141 0.002292 0.999997  0.140531 0.845450 0
Material_0
0  0.008100 0.069607 0.119263  -0.000005 0.002145 0.999998  0.139070 0.845205 0
0  0.007167 0.071703 0.117581  0.746379 0.664990 0.026580  0.139585 0.845531 0
0  0.005255 0.071078 0.119263  0.000141 0.002292 0.999997  0.140531 0.845450 0
Material_0
0  0.009791 0.069593 0.117581  0.829784 0.558081 0.002078  0.138210 0.845205 0
0  0.010499 0.062598 0.119263  0.000041 0.002172 0.999998  0.137866 0.844145 0
0  0.012188 0.062591 0.117581  0.999997 0.002226 0.000213  0.137006 0.844145 0
Material_0
0  0.010499 0.062598 0.119263  0.000041 0.002172 0.999998  0.137866 0.844145 0
0  0.008438 0.055810 0.119263  -0.000029 0.002163 0.999998  0.138898 0.843086 0
0  0.012188 0.062591 0.117581  0.999997 0.002226 0.000213  0.137006 0.844145 0
Material_0
0  0.012188 0.062591 0.117581  0.999997 0.002226 0.000213  0.137006 0.844145 0
0  0.008438 0.055810 0.119263  -0.000029 0.002163 0.999998  0.138898 0.843086 0
0  0.010127 0.055795 0.117581  0.819706 -0.572466 0.019100  0.138038 0.843086 0
Material_0
0  0.008438 0.055810 0.119263  -0.000029 0.002163 0.999998  0.138898 0.843086 0
0  0.006462 0.054846 0.119263  0.000181 0.002082 0.999998  0.139929 0.842923 0
0  0.010127 0.055795 0.117581  0.819706 -0.572466 0.019100  0.138038 0.843086 0
Material_0
0  0.006462 0.054846 0.119263  0.000181 0.002082 0.999998  0.139929 0.842923 0
0  0.008095 0.054412 0.117581  0.787421 -0.448725 0.422629  0.139070 0.842841 0
0  0.010127 0.055795 0.117581  0.819706 -0.572466 0.019100  0.138038 0.843086 0
Material_0
0  0.010127 0.055795 0.117581  0.819706 -0.572466 0.019100  0.138038 0.843086 0
0  0.008095 0.054412 0.117581  0.787421 -0.448725 0.422629  0.139070 0.842841 0
0  0.010127 0.055788 0.096438  0.819701 -0.572480 0.018880  0.138038 0.843086 0
Material_0
0  0.008095 0.054412 0.117581  0.787421 -0.448725 0.422629  0.139070 0.842841 0
0  0.008095 0.054412 0.116185  0.999998 0.002197 0.000042  0.139070 0.842841 0
0  0.010127 0.055788 0.096438  0.819701 -0.572480 0.018880  0.138038 0.843086 0
Material_0
0  0.010127 0.055788 0.096438  0.819701 -0.572480 0.018880  0.138038 0.843086 0
0  0.008095 0.054412 0.116185  0.999998 0.002197 0.000042  0.139070 0.842841 0
0  0.008095 0.054412 0.096438  0.999998 0.002191 -0.000000  0.139070 0.842841 0
Material_0
0  0.008095 0.054412 0.096438  0.999998 0.002191 -0.000000  0.139070 0.842841 0
0  0.008095 0.054412 0.116185  0.999998 0.002197 0.000042  0.139070 0.842841 0
0  0.008095 0.050956 0.113365  0.999998 0.002167 0.000181  0.139070 0.842352 0
Material_0
0  0.008095 0.050956 0.113365  0.999998 0.002167 0.000181  0.139070 0.842352 0
0  0.008095 0.054412 0.116185  0.999998 0.002197 0.000042  0.139070 0.842841 0
0  0.008095 0.050956 0.116185  0.999998 0.002205 -0.000000  0.139070 0.842352 0
Material_0
0  0.008095 0.054412 0.116185  0.999998 0.002197 0.000042  0.139070 0.842841 0
0  0.008095 0.052721 0.117581  0.932270 0.010886 0.361600  0.139070 0.842597 0
0  0.008095 0.050956 0.116185  0.999998 0.002205 -0.000000  0.139070 0.842352 0
Material_0
0  0.008095 0.050956 0.116185  0.999998 0.002205 -0.000000  0.139070 0.842352 0
0  0.008095 0.052721 0.117581  0.932270 0.010886 0.361600  0.139070 0.842597 0
0  0.008095 0.050956 0.117581  0.943556 0.045892 0.328019  0.139070 0.842352 0
Material_0
0  0.008095 0.052721 0.117581  0.932270 0.010886 0.361600  0.139070 0.842597 0
0  0.006633 0.052074 0.119263  -0.000179 0.002133 0.999998  0.139843 0.842515 0
0  0.008095 0.050956 0.117581  0.943556 0.045892 0.328019  0.139070 0.842352 0
Material_0
0  0.008095 0.050956 0.117581  0.943556 0.045892 0.328019  0.139070 0.842352 0
0  0.006633 0.052074 0.119263  -0.000179 0.002133 0.999998  0.139843 0.842515 0
0  0.007041 0.050956 0.119263  0.809354 0.294818 0.507964  0.139585 0.842352 0
Material_0
0  0.012188 0.062591 0.117581  0.999997 0.002226 0.000213  0.137006 0.844145 0
0  0.010127 0.055795 0.117581  0.819706 -0.572466 0.019100  0.138038 0.843086 0
0  0.012188 0.062584 0.096438  0.999998 0.002184 -0.000001  0.137006 0.844145 0
Material_0
0  0.012188 0.062584 0.096438  0.999998 0.002184 -0.000001  0.137006 0.844145 0
0  0.010127 0.055795 0.117581  0.819706 -0.572466 0.019100  0.138038 0.843086 0
0  0.010127 0.055788 0.096438  0.819701 -0.572480 0.018880  0.138038 0.843086 0
Material_0
0  0.008095 0.054412 0.116185  0.999998 0.002197 0.000042  0.139070 0.842841 0
0  0.008095 0.054412 0.117581  0.787421 -0.448725 0.422629  0.139070 0.842841 0
0  0.008095 0.052721 0.117581  0.932270 0.010886 0.361600  0.139070 0.842597 0
Material_0
0  0.008095 0.054412 0.117581  0.787421 -0.448725 0.422629  0.139070 0.842841 0
0  0.006462 0.054846 0.119263  0.000181 0.002082 0.999998  0.139929 0.842923 0
0  0.008095 0.052721 0.117581  0.932270 0.010886 0.361600  0.139070 0.842597 0
Material_0
0  0.008095 0.052721 0.117581  0.932270 0.010886 0.361600  0.139070 0.842597 0
0  0.006462 0.054846 0.119263  0.000181 0.002082 0.999998  0.139929 0.842923 0
0  0.006633 0.052074 0.119263  -0.000179 0.002133 0.999998  0.139843 0.842515 0
Material_0
0  -0.004825 0.074388 0.117581  -0.971812 0.235751 -0.001875  0.145604 0.846020 0
0  -0.003119 0.075057 0.119263  0.000014 0.849964 0.526840  0.144744 0.846102 0
0  -0.004810 0.075057 0.117581  -0.999998 0.002120 0.000021  0.145604 0.846102 0
Material_0
0  -0.004810 0.075057 0.117581  -0.999998 0.002120 0.000021  0.145604 0.846102 0
0  -0.003119 0.075057 0.119263  0.000014 0.849964 0.526840  0.144744 0.846102 0
0  -0.003119 0.079794 0.111186  -0.000167 0.850008 0.526770  0.144744 0.846835 0
Material_0
0  -0.003119 0.075057 0.119263  0.000014 0.849964 0.526840  0.144744 0.846102 0
0  0.000495 0.079191 0.112228  0.000000 0.850048 0.526705  0.142853 0.846754 0
0  -0.003119 0.079794 0.111186  -0.000167 0.850008 0.526770  0.144744 0.846835 0
Material_0
0  -0.003119 0.079794 0.111186  -0.000167 0.850008 0.526770  0.144744 0.846835 0
0  0.000495 0.079191 0.112228  0.000000 0.850048 0.526705  0.142853 0.846754 0
0  -0.000297 0.079801 0.111186  0.000140 0.850007 0.526771  0.143282 0.846835 0
Material_0
0  0.000495 0.079191 0.112228  0.000000 0.850048 0.526705  0.142853 0.846754 0
0  -0.001123 0.080639 0.044480  -0.000017 1.000000 -0.000008  0.143712 0.846998 0
0  -0.000297 0.079801 0.111186  0.000140 0.850007 0.526771  0.143282 0.846835 0
Material_0
0  -0.000297 0.079801 0.111186  0.000140 0.850007 0.526771  0.143282 0.846835 0
0  -0.001123 0.080639 0.044480  -0.000017 1.000000 -0.000008  0.143712 0.846998 0
0  -0.001123 0.080639 0.108042  0.000012 1.000000 0.000091  0.143712 0.846998 0
Material_0
0  -0.001123 0.080639 0.044480  0.000000 1.000000 0.000000  0.143712 0.846998 0
0  -0.003119 0.080639 0.108042  0.000000 1.000000 0.000000  0.144744 0.846998 0
0  -0.001123 0.080639 0.108042  0.000000 1.000000 0.000000  0.143712 0.846998 0
Material_0
0  -0.001123 0.080639 0.108042  0.000012 1.000000 0.000091  0.143712 0.846998 0
0  -0.003119 0.080639 0.108042  0.000012 1.000000 -0.000026  0.144744 0.846998 0
0  -0.000297 0.079801 0.111186  0.000140 0.850007 0.526771  0.143282 0.846835 0
Material_0
0  -0.000297 0.079801 0.111186  0.000140 0.850007 0.526771  0.143282 0.846835 0
0  -0.003119 0.080639 0.108042  0.000012 1.000000 -0.000026  0.144744 0.846998 0
0  -0.003119 0.079794 0.111186  -0.000167 0.850008 0.526770  0.144744 0.846835 0
Material_0
0  -0.003119 0.080639 0.108042  0.000012 1.000000 -0.000026  0.144744 0.846998 0
0  -0.004810 0.078955 0.109275  -0.999998 0.002204 0.000032  0.145604 0.846672 0
0  -0.003119 0.079794 0.111186  -0.000167 0.850008 0.526770  0.144744 0.846835 0
Material_0
0  -0.003119 0.079794 0.111186  -0.000167 0.850008 0.526770  0.144744 0.846835 0
0  -0.004810 0.078955 0.109275  -0.999998 0.002204 0.000032  0.145604 0.846672 0
0  -0.004810 0.075057 0.117581  -0.999998 0.002120 0.000021  0.145604 0.846102 0
Material_0
0  -0.004810 0.075057 0.117581  -0.999998 0.002120 0.000021  0.145604 0.846102 0
0  -0.004810 0.078955 0.109275  -0.999998 0.002204 0.000032  0.145604 0.846672 0
0  -0.004810 0.078955 0.044480  -0.999998 0.002171 -0.000024  0.145604 0.846672 0
Material_0
0  -0.004810 0.078955 0.109275  -0.999998 0.002204 0.000032  0.145604 0.846672 0
0  -0.003120 0.080639 0.044480  0.000014 1.000000 0.000046  0.144744 0.846998 0
0  -0.004810 0.078955 0.044480  -0.999998 0.002171 -0.000024  0.145604 0.846672 0
Material_0
0  -0.004810 0.078955 0.044480  -0.999998 0.002171 -0.000024  0.145604 0.846672 0
0  -0.003120 0.080639 0.044480  0.000014 1.000000 0.000046  0.144744 0.846998 0
0  -0.006470 0.078955 0.042472  -0.510867 0.002369 0.859656  0.146378 0.846672 0
Material_0
0  -0.006470 0.078955 0.042472  -0.510867 0.002369 0.859656  0.146378 0.846672 0
0  -0.003120 0.080639 0.044480  0.000014 1.000000 0.000046  0.144744 0.846998 0
0  -0.004552 0.080897 0.041144  -0.000118 0.998120 0.061293  0.145432 0.846998 0
Material_0
0  -0.004552 0.080897 0.041144  -0.000118 0.998120 0.061293  0.145432 0.846998 0
0  -0.003120 0.080639 0.044480  0.000014 1.000000 0.000046  0.144744 0.846998 0
0  -0.001123 0.080639 0.044480  -0.000017 1.000000 -0.000008  0.143712 0.846998 0
Material_0
0  -0.001123 0.080639 0.044480  0.000000 1.000000 -0.000000  0.143712 0.846998 0
0  -0.003120 0.080639 0.044480  0.000000 1.000000 -0.000000  0.144744 0.846998 0
0  -0.003119 0.080639 0.108042  0.000000 1.000000 -0.000000  0.144744 0.846998 0
Material_0
0  -0.003120 0.080639 0.044480  0.000014 1.000000 0.000046  0.144744 0.846998 0
0  -0.004810 0.078955 0.109275  -0.999998 0.002204 0.000032  0.145604 0.846672 0
0  -0.003119 0.080639 0.108042  0.000012 1.000000 -0.000026  0.144744 0.846998 0
Material_0
0  0.004376 0.032613 -0.013424  0.000000 1.000000 0.000000  0.140961 0.839418 0
0  -0.003476 0.032613 -0.013424  0.000000 1.000000 0.000000  0.144916 0.839418 0
0  0.004376 0.032613 -0.002652  0.000000 1.000000 0.000000  0.140961 0.839418 0
Material_0
0  -0.003476 0.032613 -0.013424  -0.000000 1.000000 0.000001  0.144916 0.839418 0
0  -0.003476 0.032613 -0.002652  -0.000000 1.000000 0.000001  0.144916 0.839418 0
0  0.004376 0.032613 -0.002652  -0.000000 1.000000 0.000001  0.140961 0.839418 0
Material_0
0  0.004376 0.032613 -0.002652  -0.000000 1.000000 -0.000204  0.140961 0.839418 0
0  -0.003476 0.032613 -0.002652  -0.000000 1.000000 -0.000204  0.144916 0.839418 0
0  0.004376 0.039416 0.018424  -0.000000 0.742451 -0.669900  0.140961 0.840478 0
Material_0
0  -0.003476 0.032613 -0.002652  -0.000000 1.000000 -0.000204  0.144916 0.839418 0
0  -0.003476 0.039416 0.018424  -0.000000 0.742438 -0.669915  0.144916 0.840478 0
0  0.004376 0.039416 0.018424  -0.000000 0.742451 -0.669900  0.140961 0.840478 0
Material_0
0  0.004376 0.039416 0.018424  -0.000000 0.742451 -0.669900  0.140961 0.840478 0
0  -0.003476 0.039416 0.018424  -0.000000 0.742438 -0.669915  0.144916 0.840478 0
0  0.004376 0.050279 0.023184  -0.000000 0.249148 -0.968466  0.140961 0.842189 0
Material_0
0  -0.003476 0.039416 0.018424  -0.000000 0.742438 -0.669915  0.144916 0.840478 0
0  -0.003476 0.050279 0.023184  0.000007 0.249148 -0.968465  0.144916 0.842189 0
0  0.004376 0.050279 0.023184  -0.000000 0.249148 -0.968466  0.140961 0.842189 0
Material_0
0  0.004376 0.050279 0.023184  -0.000000 0.249148 -0.968466  0.140961 0.842189 0
0  -0.003476 0.050279 0.023184  0.000007 0.249148 -0.968465  0.144916 0.842189 0
0  0.004376 0.080154 0.025898  -0.000005 0.089376 -0.995998  0.140961 0.846917 0
Material_0
0  -0.003476 0.050279 0.023184  0.000007 0.249148 -0.968465  0.144916 0.842189 0
0  -0.003476 0.080161 0.025898  0.000013 0.089612 -0.995977  0.144916 0.846917 0
0  0.004376 0.080154 0.025898  -0.000005 0.089376 -0.995998  0.140961 0.846917 0
Material_0
0  -0.004844 -0.067860 -0.050567  0.000000 -0.991978 -0.126407  0.145604 0.824747 0
0  0.005745 -0.067860 -0.050567  0.000000 -0.991971 -0.126465  0.140273 0.824747 0
0  -0.010701 -0.068301 -0.047174  -0.000000 -0.991959 -0.126557  0.148527 0.824666 0
Material_0
0  0.005745 -0.067860 -0.050567  0.000000 -0.991971 -0.126465  0.140273 0.824747 0
0  0.011601 -0.072273 -0.016655  -0.000002 -0.991956 -0.126579  0.137350 0.824014 0
0  -0.010701 -0.068301 -0.047174  -0.000000 -0.991959 -0.126557  0.148527 0.824666 0
Material_0
0  0.011601 -0.072273 -0.016655  -0.000002 -0.991956 -0.126579  0.137350 0.824014 0
0  0.005657 -0.072854 -0.012191  -0.000002 -0.991987 -0.126338  0.140273 0.823932 0
0  -0.010701 -0.068301 -0.047174  -0.000000 -0.991959 -0.126557  0.148527 0.824666 0
Material_0
0  -0.010701 -0.068301 -0.047174  -0.000000 -0.991959 -0.126557  0.148527 0.824666 0
0  0.005657 -0.072854 -0.012191  -0.000002 -0.991987 -0.126338  0.140273 0.823932 0
0  -0.004757 -0.072854 -0.012191  0.000001 -0.991988 -0.126334  0.145518 0.823932 0
Material_0
0  0.005657 -0.072854 -0.012191  -0.000002 -0.991987 -0.126338  0.140273 0.823932 0
0  0.003273 -0.072964 -0.010662  0.000000 -0.998129 -0.061139  0.141477 0.823932 0
0  -0.004757 -0.072854 -0.012191  0.000001 -0.991988 -0.126334  0.145518 0.823932 0
Material_0
0  -0.004757 -0.072854 -0.012191  0.000001 -0.991988 -0.126334  0.145518 0.823932 0
0  0.003273 -0.072964 -0.010662  0.000000 -0.998129 -0.061139  0.141477 0.823932 0
0  -0.002373 -0.072964 -0.010662  0.000000 -0.998130 -0.061131  0.144314 0.823932 0
Material_0
0  0.011601 -0.068301 -0.047174  -0.000000 -0.991969 -0.126478  0.137350 0.824666 0
0  0.011601 -0.072273 -0.016655  -0.000002 -0.991956 -0.126579  0.137350 0.824014 0
0  0.005745 -0.067860 -0.050567  0.000000 -0.991971 -0.126465  0.140273 0.824747 0
Material_0
0  -0.010701 -0.068301 -0.047174  -0.000000 -0.991959 -0.126557  0.148527 0.824666 0
0  -0.004757 -0.072854 -0.012191  0.000001 -0.991988 -0.126334  0.145518 0.823932 0
0  -0.010701 -0.072273 -0.016655  0.000004 -0.991963 -0.126525  0.148527 0.824014 0
Material_0
0  -0.009005 0.075013 0.041660  -0.000000 0.002206 0.999998  0.147667 0.846102 0
0  -0.008785 0.065651 0.041660  0.000000 0.002205 0.999998  0.147581 0.844634 0
0  0.009915 0.075013 0.041660  0.000000 0.002205 0.999998  0.138210 0.846102 0
Material_0
0  -0.008785 0.065651 0.041660  0.000000 0.002205 0.999998  0.147581 0.844634 0
0  -0.007115 0.058502 0.041660  0.000000 0.002205 0.999998  0.146722 0.843493 0
0  0.009915 0.075013 0.041660  0.000000 0.002205 0.999998  0.138210 0.846102 0
Material_0
0  0.009915 0.075013 0.041660  0.000000 0.002205 0.999998  0.138210 0.846102 0
0  -0.007115 0.058502 0.041660  0.000000 0.002205 0.999998  0.146722 0.843493 0
0  0.009915 0.051022 0.041660  0.000000 0.002205 0.999998  0.138210 0.842352 0
Material_0
0  -0.007115 0.058502 0.041660  0.000000 0.002205 0.999998  0.146722 0.843493 0
0  -0.007115 0.039254 0.041660  0.000000 0.002205 0.999998  0.146722 0.840478 0
0  0.009915 0.051022 0.041660  0.000000 0.002205 0.999998  0.138210 0.842352 0
Material_0
0  0.009915 0.051022 0.041660  0.000000 0.002205 0.999998  0.138210 0.842352 0
0  -0.007115 0.039254 0.041660  0.000000 0.002205 0.999998  0.146722 0.840478 0
0  0.009915 0.039254 0.041660  0.000000 0.002205 0.999998  0.138210 0.840478 0
Material_0
0  -0.007115 0.039254 0.041660  0.000000 0.002205 0.999998  0.146722 0.840478 0
0  -0.009014 0.031981 0.041660  0.000000 0.002205 0.999998  0.147667 0.839337 0
0  0.009915 0.039254 0.041660  0.000000 0.002205 0.999998  0.138210 0.840478 0
Material_0
0  0.009915 0.039254 0.041660  0.000000 0.002205 0.999998  0.138210 0.840478 0
0  -0.009014 0.031981 0.041660  0.000000 0.002205 0.999998  0.147667 0.839337 0
0  0.009912 0.022338 0.041660  0.000065 0.002339 0.999997  0.138210 0.837870 0
Material_0
0  -0.009014 0.031981 0.041660  0.000000 0.002205 0.999998  0.147667 0.839337 0
0  -0.009010 0.022338 0.041660  0.000000 0.002343 0.999997  0.147667 0.837870 0
0  0.009912 0.022338 0.041660  0.000065 0.002339 0.999997  0.138210 0.837870 0
Material_0
0  0.009912 0.022338 0.041660  0.000065 0.002339 0.999997  0.138210 0.837870 0
0  -0.009010 0.022338 0.041660  0.000000 0.002343 0.999997  0.147667 0.837870 0
0  0.009912 0.020647 0.043352  -0.000000 1.000000 -0.000181  0.138210 0.837543 0
Material_0
0  -0.009010 0.022338 0.041660  0.000000 0.002343 0.999997  0.147667 0.837870 0
0  -0.009010 0.020647 0.043352  -0.000000 1.000000 -0.000180  0.147667 0.837543 0
0  0.009912 0.020647 0.043352  -0.000000 1.000000 -0.000181  0.138210 0.837543 0
Material_0
0  -0.009010 0.020647 0.043352  -0.000000 1.000000 0.000000  0.147667 0.837543 0
0  -0.009010 0.020647 0.062172  -0.000000 1.000000 0.000000  0.147667 0.837543 0
0  0.009912 0.020647 0.043352  -0.000000 1.000000 0.000000  0.138210 0.837543 0
Material_0
0  0.009912 0.020647 0.043352  -0.000000 1.000000 0.000000  0.138210 0.837543 0
0  -0.009010 0.020647 0.062172  -0.000000 1.000000 0.000000  0.147667 0.837543 0
0  0.009912 0.020647 0.062172  -0.000000 1.000000 0.000000  0.138210 0.837543 0
Material_0
0  -0.009010 0.020647 0.062172  -0.000000 1.000000 -0.000000  0.147667 0.837543 0
0  -0.006900 0.020647 0.078038  -0.000000 1.000000 -0.000000  0.146636 0.837543 0
0  0.009912 0.020647 0.062172  -0.000000 1.000000 -0.000000  0.138210 0.837543 0
Material_0
0  0.009912 0.020647 0.062172  0.000000 1.000000 0.000000  0.138210 0.837543 0
0  -0.006900 0.020647 0.078038  0.000000 1.000000 0.000000  0.146636 0.837543 0
0  0.007889 0.020647 0.078038  0.000000 1.000000 0.000000  0.139156 0.837543 0
Material_0
0  -0.006900 0.020647 0.078038  0.000000 1.000000 -0.000000  0.146636 0.837543 0
0  -0.005658 0.020647 0.093073  0.000000 1.000000 -0.000000  0.145948 0.837543 0
0  0.007889 0.020647 0.078038  0.000000 1.000000 -0.000000  0.139156 0.837543 0
Material_0
0  0.007889 0.020647 0.078038  -0.000010 1.000000 -0.000010  0.139156 0.837543 0
0  -0.005658 0.020647 0.093073  -0.000010 1.000000 -0.000007  0.145948 0.837543 0
0  0.006648 0.020537 0.093073  -0.000011 1.000000 -0.000176  0.139843 0.837543 0
Material_0
0  0.006648 0.020537 0.093073  -0.000011 1.000000 -0.000176  0.139843 0.837543 0
0  -0.005658 0.020647 0.093073  -0.000010 1.000000 -0.000007  0.145948 0.837543 0
0  0.006404 0.022228 0.094765  0.000032 0.002355 -0.999997  0.139929 0.837788 0
Material_0
0  -0.005658 0.020647 0.093073  -0.000010 1.000000 -0.000007  0.145948 0.837543 0
0  -0.005414 0.022324 0.094765  0.000008 0.002327 -0.999997  0.145862 0.837870 0
0  0.006404 0.022228 0.094765  0.000032 0.002355 -0.999997  0.139929 0.837788 0
Material_0
0  0.006404 0.022228 0.094765  0.000032 0.002355 -0.999997  0.139929 0.837788 0
0  -0.005414 0.022324 0.094765  0.000008 0.002327 -0.999997  0.145862 0.837870 0
0  0.006404 0.054412 0.094765  0.000000 0.002205 -0.999998  0.139929 0.842841 0
Material_0
0  -0.005414 0.022324 0.094765  0.000008 0.002327 -0.999997  0.145862 0.837870 0
0  -0.005414 0.054412 0.094765  -0.000001 0.002205 -0.999998  0.145862 0.842841 0
0  0.006404 0.054412 0.094765  0.000000 0.002205 -0.999998  0.139929 0.842841 0
Material_0
0  -0.005414 0.054412 0.094765  -0.000001 0.002205 -0.999998  0.145862 0.842841 0
0  -0.007449 0.055898 0.094765  -0.000002 0.002205 -0.999998  0.146893 0.843086 0
0  0.006404 0.054412 0.094765  0.000000 0.002205 -0.999998  0.139929 0.842841 0
Material_0
0  0.006404 0.054412 0.094765  0.000000 0.002205 -0.999998  0.139929 0.842841 0
0  -0.007449 0.055898 0.094765  -0.000002 0.002205 -0.999998  0.146893 0.843086 0
0  0.008438 0.055795 0.094765  0.000000 0.002205 -0.999998  0.138898 0.843086 0
Material_0
0  -0.007449 0.055898 0.094765  -0.000002 0.002205 -0.999998  0.146893 0.843086 0
0  -0.009510 0.062694 0.094765  -0.000000 0.002205 -0.999998  0.147925 0.844145 0
0  0.008438 0.055795 0.094765  0.000000 0.002205 -0.999998  0.138898 0.843086 0
Material_0
0  0.008438 0.055795 0.094765  0.000000 0.002205 -0.999998  0.138898 0.843086 0
0  -0.009510 0.062694 0.094765  -0.000000 0.002205 -0.999998  0.147925 0.844145 0
0  0.010499 0.062591 0.094765  0.000000 0.002205 -0.999998  0.137866 0.844145 0
Material_0
0  -0.009510 0.062694 0.094765  -0.000000 0.002205 -0.999998  0.147925 0.844145 0
0  -0.007110 0.069696 0.094765  0.000000 0.002205 -0.999998  0.146722 0.845287 0
0  0.010499 0.062591 0.094765  0.000000 0.002205 -0.999998  0.137866 0.844145 0
Material_0
0  0.010499 0.062591 0.094765  0.000000 0.002205 -0.999998  0.137866 0.844145 0
0  -0.007110 0.069696 0.094765  0.000000 0.002205 -0.999998  0.146722 0.845287 0
0  0.008100 0.069593 0.094765  -0.000000 0.002205 -0.999998  0.139070 0.845205 0
Material_0
0  0.008100 0.069593 0.094765  -0.000000 0.002205 -0.999998  0.139070 0.845205 0
0  -0.007110 0.069696 0.094765  0.000000 0.002205 -0.999998  0.146722 0.845287 0
0  0.004157 0.072755 0.094765  0.000001 0.002205 -0.999998  0.141047 0.845694 0
Material_0
0  -0.007110 0.069696 0.094765  0.000000 0.002205 -0.999998  0.146722 0.845287 0
0  -0.003168 0.072755 0.094765  0.000000 0.002205 -0.999998  0.144744 0.845694 0
0  0.004157 0.072755 0.094765  0.000001 0.002205 -0.999998  0.141047 0.845694 0
Material_0
0  -0.003168 0.072755 0.094765  0.000000 0.002205 -0.999998  0.144744 0.845694 0
0  -0.003119 0.075028 0.094765  -0.000000 0.002205 -0.999998  0.144744 0.846102 0
0  0.004157 0.072755 0.094765  0.000001 0.002205 -0.999998  0.141047 0.845694 0
Material_0
0  0.004157 0.072755 0.094765  0.000001 0.002205 -0.999998  0.141047 0.845694 0
0  -0.003119 0.075028 0.094765  -0.000000 0.002205 -0.999998  0.144744 0.846102 0
0  0.004109 0.075028 0.094765  0.000000 0.002205 -0.999998  0.141047 0.846102 0
Material_0
0  -0.003949 0.079705 0.036976  -0.000003 1.000000 0.000007  0.145088 0.846835 0
0  -0.001123 0.079705 0.036976  -0.000003 0.994043 0.108993  0.143712 0.846835 0
0  -0.003476 0.080161 0.025898  0.000002 1.000000 0.000029  0.144916 0.846917 0
Material_0
0  -0.001123 0.079705 0.036976  -0.000003 0.994043 0.108993  0.143712 0.846835 0
0  0.004939 0.079705 0.036976  0.000001 1.000000 0.000009  0.140703 0.846835 0
0  -0.003476 0.080161 0.025898  0.000002 1.000000 0.000029  0.144916 0.846917 0
Material_0
0  -0.003476 0.080161 0.025898  0.000002 1.000000 0.000029  0.144916 0.846917 0
0  0.004939 0.079705 0.036976  0.000001 1.000000 0.000009  0.140703 0.846835 0
0  0.004376 0.080154 0.025898  -0.000002 1.000000 0.000027  0.140961 0.846917 0
Material_0
0  0.000495 0.079198 0.038123  0.003704 0.915072 0.403275  0.142853 0.846754 0
0  0.002113 0.079705 0.036976  -0.286509 0.661872 -0.692704  0.142079 0.846835 0
0  -0.001123 0.079705 0.036976  0.000009 0.994021 0.109190  0.143712 0.846835 0
Material_0
0  -0.009035 0.075013 0.041975  0.000000 -1.000000 -0.000035  0.147667 0.846102 0
0  -0.009005 0.075013 0.041660  0.000000 -1.000000 -0.000035  0.147667 0.846102 0
0  -0.006470 0.075013 0.042472  0.000000 -1.000000 -0.000035  0.146378 0.846102 0
Material_0
0  -0.009005 0.075013 0.041660  0.000000 -1.000000 -0.000021  0.147667 0.846102 0
0  0.007459 0.075013 0.042463  0.000000 -1.000000 -0.000021  0.139413 0.846102 0
0  -0.006470 0.075013 0.042472  0.000000 -1.000000 -0.000021  0.146378 0.846102 0
Material_0
0  0.007459 0.075013 0.042463  0.000000 -1.000000 0.000004  0.139413 0.846102 0
0  0.005798 0.075013 0.044480  0.000000 -1.000000 0.000004  0.140273 0.846102 0
0  -0.006470 0.075013 0.042472  0.000000 -1.000000 0.000004  0.146378 0.846102 0
Material_0
0  -0.006470 0.075013 0.042472  0.000000 -1.000000 0.000000  0.146378 0.846102 0
0  0.005798 0.075013 0.044480  0.000000 -1.000000 0.000000  0.140273 0.846102 0
0  -0.004810 0.075013 0.044480  0.000000 -1.000000 0.000000  0.145604 0.846102 0
Material_0
0  0.005798 0.075013 0.044480  0.000000 -1.000000 0.000293  0.140273 0.846102 0
0  0.004109 0.075028 0.094765  0.000000 -1.000000 0.000293  0.141047 0.846102 0
0  -0.004810 0.075013 0.044480  0.000000 -1.000000 0.000293  0.145604 0.846102 0
Material_0
0  0.004109 0.075028 0.094765  0.000000 -1.000000 0.000292  0.141047 0.846102 0
0  -0.003119 0.075028 0.094765  0.000000 -1.000000 0.000292  0.144744 0.846102 0
0  -0.004810 0.075013 0.044480  0.000000 -1.000000 0.000292  0.145604 0.846102 0
Material_0
0  -0.004810 0.075013 0.044480  -0.000057 -1.000000 -0.000058  0.145604 0.846102 0
0  -0.003119 0.075028 0.094765  -0.000057 -1.000000 -0.000058  0.144744 0.846102 0
0  -0.004810 0.075028 0.096438  -0.000057 -1.000000 -0.000058  0.145604 0.846102 0
Material_0
0  0.007459 0.075013 0.042463  0.000000 -1.000000 0.000024  0.139413 0.846102 0
0  -0.009005 0.075013 0.041660  0.000000 -1.000000 0.000024  0.147667 0.846102 0
0  0.009947 0.075013 0.041985  0.000000 -1.000000 0.000024  0.138124 0.846102 0
Material_0
0  0.009947 0.075013 0.041985  0.000000 -1.000000 -0.000038  0.138124 0.846102 0
0  -0.009005 0.075013 0.041660  0.000000 -1.000000 -0.000038  0.147667 0.846102 0
0  0.009915 0.075013 0.041660  0.000000 -1.000000 -0.000038  0.138210 0.846102 0
Material_0
0  0.005798 0.075013 0.044480  0.000124 -1.000000 -0.000126  0.140273 0.846102 0
0  0.005798 0.075028 0.096438  0.000124 -1.000000 -0.000126  0.140273 0.846102 0
0  0.004109 0.075028 0.094765  0.000124 -1.000000 -0.000125  0.141047 0.846102 0
Material_0
0  0.011608 0.082478 0.023499  0.999998 0.002150 -0.000012  0.137350 0.847243 0
0  0.011619 0.079249 0.039978  0.999998 0.002146 0.000010  0.137350 0.846754 0
0  0.011606 0.051081 0.020899  0.999998 0.002184 -0.000000  0.137350 0.842352 0
Material_0
0  0.011619 0.079249 0.039978  0.999998 0.002146 0.000010  0.137350 0.846754 0
0  0.011606 0.075013 0.039978  0.999998 0.002126 0.000039  0.137350 0.846102 0
0  0.011606 0.051081 0.020899  0.999998 0.002184 -0.000000  0.137350 0.842352 0
Material_0
0  0.011606 0.075013 0.039978  0.999998 0.002126 0.000039  0.137350 0.846102 0
0  0.011606 0.051029 0.039978  0.999998 0.002205 -0.000000  0.137350 0.842352 0
0  0.011606 0.051081 0.020899  0.999998 0.002184 -0.000000  0.137350 0.842352 0
Material_0
0  0.011606 0.051029 0.039978  0.999998 0.002205 -0.000000  0.137350 0.842352 0
0  0.011606 0.039254 0.039978  0.999998 0.001988 -0.000000  0.137350 0.840478 0
0  0.011606 0.051081 0.020899  0.999998 0.002184 -0.000000  0.137350 0.842352 0
Material_0
0  0.011606 0.051081 0.020899  0.999998 0.002184 -0.000000  0.137350 0.842352 0
0  0.011606 0.039254 0.039978  0.999998 0.001988 -0.000000  0.137350 0.840478 0
0  0.011606 0.039284 0.015728  0.999998 0.002126 0.000001  0.137350 0.840478 0
Material_0
0  0.011606 0.039254 0.039978  0.999998 0.001988 -0.000000  0.137350 0.840478 0
0  0.011601 0.018661 0.039978  0.999998 0.002123 -0.000000  0.137350 0.837217 0
0  0.011606 0.039284 0.015728  0.999998 0.002126 0.000001  0.137350 0.840478 0
Material_0
0  0.011606 0.039284 0.015728  0.999998 0.002126 0.000001  0.137350 0.840478 0
0  0.011601 0.018661 0.039978  0.999998 0.002123 -0.000000  0.137350 0.837217 0
0  0.011606 0.031238 -0.002652  0.999998 0.002096 0.000001  0.137350 0.839255 0
Material_0
0  0.011601 0.018661 0.039978  0.999998 0.002123 -0.000000  0.137350 0.837217 0
0  0.011601 0.018661 -0.013424  0.999998 0.002192 -0.000021  0.137350 0.837217 0
0  0.011606 0.031238 -0.002652  0.999998 0.002096 0.000001  0.137350 0.839255 0
Material_0
0  0.011606 0.031238 -0.002652  0.999998 0.002096 0.000001  0.137350 0.839255 0
0  0.011601 0.018661 -0.013424  0.999998 0.002192 -0.000021  0.137350 0.837217 0
0  0.011606 0.031238 -0.013424  1.000000 -0.000396 -0.000018  0.137350 0.839255 0
Material_0
0  0.011606 0.031238 -0.013424  1.000000 -0.000396 -0.000018  0.137350 0.839255 0
0  0.011601 0.018661 -0.013424  0.999998 0.002192 -0.000021  0.137350 0.837217 0
0  0.004150 0.031238 -0.017677  0.000150 0.282190 -0.959359  0.141047 0.839255 0
Material_0
0  0.011601 0.018661 -0.013424  0.999998 0.002192 -0.000021  0.137350 0.837217 0
0  0.004150 0.018661 -0.017677  0.000163 0.311501 -0.950246  0.141047 0.837217 0
0  0.004150 0.031238 -0.017677  0.000150 0.282190 -0.959359  0.141047 0.839255 0
Material_0
0  0.004150 0.018661 -0.017677  0.000163 0.311501 -0.950246  0.141047 0.837217 0
0  -0.003251 0.018661 -0.017677  -0.000162 0.311525 -0.950238  0.144744 0.837217 0
0  0.004150 0.031238 -0.017677  0.000150 0.282190 -0.959359  0.141047 0.839255 0
Material_0
0  0.004150 0.031238 -0.017677  0.000150 0.282190 -0.959359  0.141047 0.839255 0
0  -0.003251 0.018661 -0.017677  -0.000162 0.311525 -0.950238  0.144744 0.837217 0
0  -0.003251 0.031238 -0.017677  -0.000150 0.282158 -0.959368  0.144744 0.839255 0
Material_0
0  -0.003251 0.031238 -0.017677  -0.000150 0.282158 -0.959368  0.144744 0.839255 0
0  -0.003251 0.018661 -0.017677  -0.000162 0.311525 -0.950238  0.144744 0.837217 0
0  -0.010696 0.031238 -0.013424  -0.999998 0.002182 0.000023  0.148527 0.839255 0
Material_0
0  -0.003251 0.018661 -0.017677  -0.000162 0.311525 -0.950238  0.144744 0.837217 0
0  -0.010701 0.018661 -0.013424  -0.999998 0.002141 -0.000009  0.148527 0.837217 0
0  -0.010696 0.031238 -0.013424  -0.999998 0.002182 0.000023  0.148527 0.839255 0
Material_0
0  -0.010696 0.031238 -0.013424  -0.999998 0.002182 0.000023  0.148527 0.839255 0
0  -0.010701 0.018661 -0.013424  -0.999998 0.002141 -0.000009  0.148527 0.837217 0
0  -0.010696 0.031238 -0.002652  -0.999998 0.002169 0.000000  0.148527 0.839255 0
Material_0
0  -0.010696 0.031238 -0.002652  -0.999998 0.002169 0.000000  0.148527 0.839255 0
0  -0.010701 0.018661 -0.013424  -0.999998 0.002141 -0.000009  0.148527 0.837217 0
0  -0.010696 0.031238 0.039978  -0.999998 0.002169 0.000000  0.148527 0.839255 0
Material_0
0  -0.010696 0.031238 0.039978  -0.999998 0.002169 0.000000  0.148527 0.839255 0
0  -0.010701 0.018661 -0.013424  -0.999998 0.002141 -0.000009  0.148527 0.837217 0
0  -0.010701 0.018661 0.039978  -0.999998 0.002001 0.000000  0.148527 0.837217 0
Material_0
0  -0.010701 0.018661 0.039978  -0.999998 0.002001 0.000000  0.148527 0.837217 0
0  -0.010701 0.018661 -0.013424  -0.999998 0.002141 -0.000009  0.148527 0.837217 0
0  -0.010701 -0.007581 0.005530  -0.999998 0.002127 -0.000007  0.148527 0.833142 0
Material_0
0  -0.010701 -0.007581 0.005530  -0.999998 0.002127 -0.000007  0.148527 0.833142 0
0  -0.010701 0.018661 -0.013424  -0.999998 0.002141 -0.000009  0.148527 0.837217 0
0  -0.010701 -0.001336 -0.026653  -0.999998 0.002166 -0.000015  0.148527 0.834120 0
Material_0
0  -0.010701 -0.001336 -0.026653  -0.999998 0.002166 -0.000015  0.148527 0.834120 0
0  -0.010701 0.018661 -0.013424  -0.999998 0.002141 -0.000009  0.148527 0.837217 0
0  -0.004844 0.000914 -0.029673  -0.000204 0.510038 -0.860152  0.145604 0.834446 0
Material_0
0  -0.010701 0.018661 -0.013424  -0.999998 0.002141 -0.000009  0.148527 0.837217 0
0  -0.003251 0.018661 -0.017677  -0.000162 0.311525 -0.950238  0.144744 0.837217 0
0  -0.004844 0.000914 -0.029673  -0.000204 0.510038 -0.860152  0.145604 0.834446 0
Material_0
0  -0.003251 0.018661 -0.017677  -0.000162 0.311525 -0.950238  0.144744 0.837217 0
0  0.004150 0.018661 -0.017677  0.000163 0.311501 -0.950246  0.141047 0.837217 0
0  -0.004844 0.000914 -0.029673  -0.000204 0.510038 -0.860152  0.145604 0.834446 0
Material_0
0  -0.004844 0.000914 -0.029673  -0.000204 0.510038 -0.860152  0.145604 0.834446 0
0  0.004150 0.018661 -0.017677  0.000163 0.311501 -0.950246  0.141047 0.837217 0
0  0.005745 0.000914 -0.029673  0.000226 0.510043 -0.860149  0.140273 0.834446 0
Material_0
0  0.004150 0.018661 -0.017677  0.000163 0.311501 -0.950246  0.141047 0.837217 0
0  0.011601 0.018661 -0.013424  0.999998 0.002192 -0.000021  0.137350 0.837217 0
0  0.005745 0.000914 -0.029673  0.000226 0.510043 -0.860149  0.140273 0.834446 0
Material_0
0  0.011601 0.018661 -0.013424  0.999998 0.002192 -0.000021  0.137350 0.837217 0
0  0.011601 -0.001336 -0.026653  0.999998 0.002182 -0.000009  0.137350 0.834120 0
0  0.005745 0.000914 -0.029673  0.000226 0.510043 -0.860149  0.140273 0.834446 0
Material_0
0  0.005745 0.000914 -0.029673  0.000226 0.510043 -0.860149  0.140273 0.834446 0
0  0.011601 -0.001336 -0.026653  0.999998 0.002182 -0.000009  0.137350 0.834120 0
0  0.005745 -0.020209 -0.040225  0.000193 0.373082 -0.927798  0.140273 0.831186 0
Material_0
0  0.011601 -0.001336 -0.026653  0.999998 0.002182 -0.000009  0.137350 0.834120 0
0  0.011601 -0.021555 -0.037119  0.999998 0.002135 0.000017  0.137350 0.830941 0
0  0.005745 -0.020209 -0.040225  0.000193 0.373082 -0.927798  0.140273 0.831186 0
Material_0
0  0.011601 -0.021555 -0.037119  0.999998 0.002135 0.000017  0.137350 0.830941 0
0  0.005745 -0.041861 -0.047078  0.000216 0.206053 -0.978541  0.140273 0.827763 0
0  0.005745 -0.020209 -0.040225  0.000193 0.373082 -0.927798  0.140273 0.831186 0
Material_0
0  0.005745 -0.041861 -0.047078  0.000216 0.206053 -0.978541  0.140273 0.827763 0
0  -0.004844 -0.020209 -0.040225  -0.000199 0.373066 -0.927805  0.145604 0.831186 0
0  0.005745 -0.020209 -0.040225  0.000193 0.373082 -0.927798  0.140273 0.831186 0
Material_0
0  0.005745 -0.020209 -0.040225  0.000193 0.373082 -0.927798  0.140273 0.831186 0
0  -0.004844 -0.020209 -0.040225  -0.000199 0.373066 -0.927805  0.145604 0.831186 0
0  -0.004844 0.000914 -0.029673  -0.000204 0.510038 -0.860152  0.145604 0.834446 0
Material_0
0  -0.004844 0.000914 -0.029673  -0.000204 0.510038 -0.860152  0.145604 0.834446 0
0  -0.004844 -0.020209 -0.040225  -0.000199 0.373066 -0.927805  0.145604 0.831186 0
0  -0.010701 -0.001336 -0.026653  -0.999998 0.002166 -0.000015  0.148527 0.834120 0
Material_0
0  -0.004844 -0.020209 -0.040225  -0.000199 0.373066 -0.927805  0.145604 0.831186 0
0  -0.010701 -0.021555 -0.037119  -0.999998 0.002171 -0.000024  0.148527 0.830941 0
0  -0.010701 -0.001336 -0.026653  -0.999998 0.002166 -0.000015  0.148527 0.834120 0
Material_0
0  -0.010701 -0.001336 -0.026653  -0.999998 0.002166 -0.000015  0.148527 0.834120 0
0  -0.010701 -0.021555 -0.037119  -0.999998 0.002171 -0.000024  0.148527 0.830941 0
0  -0.010701 -0.018723 -0.003292  -0.999998 0.002208 0.000048  0.148527 0.831431 0
Material_0
0  -0.010701 -0.018723 -0.003292  -0.999998 0.002208 0.000048  0.148527 0.831431 0
0  -0.010701 -0.021555 -0.037119  -0.999998 0.002171 -0.000024  0.148527 0.830941 0
0  -0.010701 -0.033138 -0.010471  -0.999998 0.002205 0.000029  0.148527 0.829148 0
Material_0
0  -0.010701 -0.033138 -0.010471  -0.999998 0.002205 0.000029  0.148527 0.829148 0
0  -0.010701 -0.021555 -0.037119  -0.999998 0.002171 -0.000024  0.148527 0.830941 0
0  -0.010701 -0.042803 -0.043217  -0.999998 0.002173 -0.000012  0.148527 0.827600 0
Material_0
0  -0.010701 -0.021555 -0.037119  -0.999998 0.002171 -0.000024  0.148527 0.830941 0
0  -0.004844 -0.041861 -0.047078  -0.000179 0.206066 -0.978538  0.145604 0.827763 0
0  -0.010701 -0.042803 -0.043217  -0.999998 0.002173 -0.000012  0.148527 0.827600 0
Material_0
0  -0.010701 -0.042803 -0.043217  -0.999998 0.002173 -0.000012  0.148527 0.827600 0
0  -0.004844 -0.041861 -0.047078  -0.000179 0.206066 -0.978538  0.145604 0.827763 0
0  -0.004844 -0.067860 -0.050567  -0.000202 0.111206 -0.993797  0.145604 0.824747 0
Material_0
0  -0.004844 -0.067860 -0.050567  -0.000202 0.111206 -0.993797  0.145604 0.824747 0
0  -0.004844 -0.041861 -0.047078  -0.000179 0.206066 -0.978538  0.145604 0.827763 0
0  0.005745 -0.067860 -0.050567  0.000173 0.111223 -0.993795  0.140273 0.824747 0
Material_0
0  0.005745 -0.067860 -0.050567  0.000173 0.111223 -0.993795  0.140273 0.824747 0
0  -0.004844 -0.041861 -0.047078  -0.000179 0.206066 -0.978538  0.145604 0.827763 0
0  0.005745 -0.041861 -0.047078  0.000216 0.206053 -0.978541  0.140273 0.827763 0
Material_0
0  0.005745 -0.041861 -0.047078  0.000216 0.206053 -0.978541  0.140273 0.827763 0
0  -0.004844 -0.041861 -0.047078  -0.000179 0.206066 -0.978538  0.145604 0.827763 0
0  -0.004844 -0.020209 -0.040225  -0.000199 0.373066 -0.927805  0.145604 0.831186 0
Material_0
0  -0.004844 -0.041861 -0.047078  -0.000179 0.206066 -0.978538  0.145604 0.827763 0
0  -0.010701 -0.021555 -0.037119  -0.999998 0.002171 -0.000024  0.148527 0.830941 0
0  -0.004844 -0.020209 -0.040225  -0.000199 0.373066 -0.927805  0.145604 0.831186 0
Material_0
0  0.005745 0.000914 -0.029673  0.000226 0.510043 -0.860149  0.140273 0.834446 0
0  0.005745 -0.020209 -0.040225  0.000193 0.373082 -0.927798  0.140273 0.831186 0
0  -0.004844 0.000914 -0.029673  -0.000204 0.510038 -0.860152  0.145604 0.834446 0
Material_0
0  -0.010701 -0.018723 -0.003292  -0.999998 0.002208 0.000048  0.148527 0.831431 0
0  -0.010701 -0.007581 0.005530  -0.999998 0.002127 -0.000007  0.148527 0.833142 0
0  -0.010701 -0.001336 -0.026653  -0.999998 0.002166 -0.000015  0.148527 0.834120 0
Material_0
0  -0.004844 -0.067860 -0.050567  -0.000202 0.111206 -0.993797  0.145604 0.824747 0
0  -0.010701 -0.068301 -0.047174  -0.999998 0.002163 0.000009  0.148527 0.824666 0
0  -0.010701 -0.042803 -0.043217  -0.999998 0.002173 -0.000012  0.148527 0.827600 0
Material_0
0  -0.010701 -0.068301 -0.047174  -0.999998 0.002163 0.000009  0.148527 0.824666 0
0  -0.010701 -0.049988 -0.013682  -0.999998 0.002171 0.000016  0.148527 0.826540 0
0  -0.010701 -0.042803 -0.043217  -0.999998 0.002173 -0.000012  0.148527 0.827600 0
Material_0
0  -0.010701 -0.042803 -0.043217  -0.999998 0.002173 -0.000012  0.148527 0.827600 0
0  -0.010701 -0.049988 -0.013682  -0.999998 0.002171 0.000016  0.148527 0.826540 0
0  -0.010701 -0.033138 -0.010471  -0.999998 0.002205 0.000029  0.148527 0.829148 0
Material_0
0  -0.010701 -0.068301 -0.047174  -0.999998 0.002163 0.000009  0.148527 0.824666 0
0  -0.010701 -0.072273 -0.016655  -0.999998 0.002212 0.000014  0.148527 0.824014 0
0  -0.010701 -0.049988 -0.013682  -0.999998 0.002171 0.000016  0.148527 0.826540 0
Material_0
0  -0.010701 -0.049988 -0.013682  -0.999998 0.002171 0.000016  0.148527 0.826540 0
0  -0.010701 -0.072273 -0.016655  -0.999998 0.002212 0.000014  0.148527 0.824014 0
0  -0.004757 -0.050981 -0.009610  -0.886027 -0.063299 0.459292  0.145518 0.826377 0
Material_0
0  -0.010701 -0.072273 -0.016655  -0.999998 0.002212 0.000014  0.148527 0.824014 0
0  -0.004757 -0.072854 -0.012191  -0.884846 -0.037148 0.464400  0.145518 0.823932 0
0  -0.004757 -0.050981 -0.009610  -0.886027 -0.063299 0.459292  0.145518 0.826377 0
Material_0
0  -0.004757 -0.072854 -0.012191  -0.884846 -0.037148 0.464400  0.145518 0.823932 0
0  -0.002373 -0.072964 -0.010662  -0.000202 -0.076421 0.997076  0.144314 0.823932 0
0  -0.004757 -0.050981 -0.009610  -0.886027 -0.063299 0.459292  0.145518 0.826377 0
Material_0
0  -0.002373 -0.072964 -0.010662  -0.000202 -0.076421 0.997076  0.144314 0.823932 0
0  -0.002373 -0.051099 -0.008081  0.003562 -0.145855 0.989299  0.144314 0.826377 0
0  -0.004757 -0.050981 -0.009610  -0.886027 -0.063299 0.459292  0.145518 0.826377 0
Material_0
0  -0.002373 -0.051099 -0.008081  0.003562 -0.145855 0.989299  0.144314 0.826377 0
0  -0.004757 -0.034911 -0.006380  -0.891431 -0.141534 0.430487  0.145518 0.828904 0
0  -0.004757 -0.050981 -0.009610  -0.886027 -0.063299 0.459292  0.145518 0.826377 0
Material_0
0  -0.004757 -0.050981 -0.009610  -0.886027 -0.063299 0.459292  0.145518 0.826377 0
0  -0.004757 -0.034911 -0.006380  -0.891431 -0.141534 0.430487  0.145518 0.828904 0
0  -0.010701 -0.049988 -0.013682  -0.999998 0.002171 0.000016  0.148527 0.826540 0
Material_0
0  -0.010701 -0.049988 -0.013682  -0.999998 0.002171 0.000016  0.148527 0.826540 0
0  -0.004757 -0.034911 -0.006380  -0.891431 -0.141534 0.430487  0.145518 0.828904 0
0  -0.010701 -0.033138 -0.010471  -0.999998 0.002205 0.000029  0.148527 0.829148 0
Material_0
0  -0.004757 -0.034911 -0.006380  -0.891431 -0.141534 0.430487  0.145518 0.828904 0
0  -0.004757 -0.020996 -0.000243  -0.886162 -0.231655 0.401313  0.145518 0.831023 0
0  -0.010701 -0.033138 -0.010471  -0.999998 0.002205 0.000029  0.148527 0.829148 0
Material_0
0  -0.010701 -0.033138 -0.010471  -0.999998 0.002205 0.000029  0.148527 0.829148 0
0  -0.004757 -0.020996 -0.000243  -0.886162 -0.231655 0.401313  0.145518 0.831023 0
0  -0.010701 -0.018723 -0.003292  -0.999998 0.002208 0.000048  0.148527 0.831431 0
Material_0
0  -0.004757 -0.020996 -0.000243  -0.886162 -0.231655 0.401313  0.145518 0.831023 0
0  -0.004757 -0.009919 0.007652  -0.873642 -0.413246 0.256861  0.145518 0.832816 0
0  -0.010701 -0.018723 -0.003292  -0.999998 0.002208 0.000048  0.148527 0.831431 0
Material_0
0  -0.010701 -0.018723 -0.003292  -0.999998 0.002208 0.000048  0.148527 0.831431 0
0  -0.004757 -0.009919 0.007652  -0.873642 -0.413246 0.256861  0.145518 0.832816 0
0  -0.010701 -0.007581 0.005530  -0.999998 0.002127 -0.000007  0.148527 0.833142 0
Material_0
0  -0.004757 -0.009919 0.007652  -0.873642 -0.413246 0.256861  0.145518 0.832816 0
0  -0.004656 -0.007426 0.018481  -0.084915 -0.974298 0.208643  0.145518 0.833142 0
0  -0.010701 -0.007581 0.005530  -0.999998 0.002127 -0.000007  0.148527 0.833142 0
Material_0
0  -0.004656 -0.007426 0.018481  -0.084915 -0.974298 0.208643  0.145518 0.833142 0
0  -0.010701 0.000179 0.041660  -0.999997 0.002418 -0.000010  0.148527 0.834365 0
0  -0.010701 -0.007581 0.005530  -0.999998 0.002127 -0.000007  0.148527 0.833142 0
Material_0
0  -0.010701 -0.007581 0.005530  -0.999998 0.002127 -0.000007  0.148527 0.833142 0
0  -0.010701 0.000179 0.041660  -0.999997 0.002418 -0.000010  0.148527 0.834365 0
0  -0.010701 0.018661 0.039978  -0.999998 0.002001 0.000000  0.148527 0.837217 0
Material_0
0  -0.010701 0.000179 0.041660  -0.999997 0.002418 -0.000010  0.148527 0.834365 0
0  -0.010701 0.004363 0.062172  -0.999998 0.002197 0.000052  0.148527 0.835017 0
0  -0.010701 0.018661 0.039978  -0.999998 0.002001 0.000000  0.148527 0.837217 0
Material_0
0  -0.010701 0.018661 0.039978  -0.999998 0.002001 0.000000  0.148527 0.837217 0
0  -0.010701 0.004363 0.062172  -0.999998 0.002197 0.000052  0.148527 0.835017 0
0  -0.010701 0.018661 0.062172  -0.999998 0.002205 0.000000  0.148527 0.837217 0
Material_0
0  -0.010701 0.004363 0.062172  -0.999998 0.002197 0.000052  0.148527 0.835017 0
0  -0.010701 0.000179 0.041660  -0.999997 0.002418 -0.000010  0.148527 0.834365 0
0  -0.004736 0.002900 0.062172  -0.003957 -0.982414 0.186671  0.145518 0.834772 0
Material_0
0  -0.004736 0.002900 0.062172  -0.003957 -0.982414 0.186671  0.145518 0.834772 0
0  -0.010701 0.000179 0.041660  -0.999997 0.002418 -0.000010  0.148527 0.834365 0
0  -0.004656 -0.001116 0.041899  0.003627 -0.974293 0.225257  0.145518 0.834120 0
Material_0
0  -0.004656 -0.001116 0.041899  0.003627 -0.974293 0.225257  0.145518 0.834120 0
0  -0.010701 0.000179 0.041660  -0.999997 0.002418 -0.000010  0.148527 0.834365 0
0  -0.004656 -0.003903 0.032589  -0.003886 -0.909769 0.415097  0.145518 0.833713 0
Material_0
0  -0.010701 0.000179 0.041660  -0.999997 0.002418 -0.000010  0.148527 0.834365 0
0  -0.004656 -0.007426 0.018481  -0.084915 -0.974298 0.208643  0.145518 0.833142 0
0  -0.004656 -0.003903 0.032589  -0.003886 -0.909769 0.415097  0.145518 0.833713 0
Material_0
0  -0.004656 -0.003903 0.032589  -0.003886 -0.909769 0.415097  0.145518 0.833713 0
0  -0.004656 -0.007426 0.018481  -0.084915 -0.974298 0.208643  0.145518 0.833142 0
0  -0.002373 -0.011692 0.008321  -0.003909 -0.909665 0.415324  0.144314 0.832490 0
Material_0
0  -0.004656 -0.007426 0.018481  -0.084915 -0.974298 0.208643  0.145518 0.833142 0
0  -0.004757 -0.009919 0.007652  -0.873642 -0.413246 0.256861  0.145518 0.832816 0
0  -0.002373 -0.011692 0.008321  -0.003909 -0.909665 0.415324  0.144314 0.832490 0
Material_0
0  -0.002373 -0.011692 0.008321  -0.003909 -0.909665 0.415324  0.144314 0.832490 0
0  -0.004757 -0.009919 0.007652  -0.873642 -0.413246 0.256861  0.145518 0.832816 0
0  -0.002373 -0.021731 0.001429  0.003560 -0.491138 0.871075  0.144314 0.830941 0
Material_0
0  -0.004757 -0.009919 0.007652  -0.873642 -0.413246 0.256861  0.145518 0.832816 0
0  -0.004757 -0.020996 -0.000243  -0.886162 -0.231655 0.401313  0.145518 0.831023 0
0  -0.002373 -0.021731 0.001429  0.003560 -0.491138 0.871075  0.144314 0.830941 0
Material_0
0  -0.002373 -0.021731 0.001429  0.003560 -0.491138 0.871075  0.144314 0.830941 0
0  -0.004757 -0.020996 -0.000243  -0.886162 -0.231655 0.401313  0.145518 0.831023 0
0  -0.002373 -0.035646 -0.004717  -0.000183 -0.307343 0.951599  0.144314 0.828741 0
Material_0
0  -0.004757 -0.020996 -0.000243  -0.886162 -0.231655 0.401313  0.145518 0.831023 0
0  -0.004757 -0.034911 -0.006380  -0.891431 -0.141534 0.430487  0.145518 0.828904 0
0  -0.002373 -0.035646 -0.004717  -0.000183 -0.307343 0.951599  0.144314 0.828741 0
Material_0
0  -0.004757 -0.034911 -0.006380  -0.891431 -0.141534 0.430487  0.145518 0.828904 0
0  -0.002373 -0.051099 -0.008081  0.003562 -0.145855 0.989299  0.144314 0.826377 0
0  -0.002373 -0.035646 -0.004717  -0.000183 -0.307343 0.951599  0.144314 0.828741 0
Material_0
0  -0.002373 -0.051099 -0.008081  0.003562 -0.145855 0.989299  0.144314 0.826377 0
0  0.003273 -0.035646 -0.004717  0.000176 -0.304789 0.952420  0.141477 0.828741 0
0  -0.002373 -0.035646 -0.004717  -0.000183 -0.307343 0.951599  0.144314 0.828741 0
Material_0
0  0.003273 -0.035646 -0.004717  0.000176 -0.304789 0.952420  0.141477 0.828741 0
0  0.003273 -0.021731 0.001429  0.003992 -0.491140 0.871071  0.141477 0.830941 0
0  -0.002373 -0.035646 -0.004717  -0.000183 -0.307343 0.951599  0.144314 0.828741 0
Material_0
0  -0.002373 -0.035646 -0.004717  -0.000183 -0.307343 0.951599  0.144314 0.828741 0
0  0.003273 -0.021731 0.001429  0.003992 -0.491140 0.871071  0.141477 0.830941 0
0  -0.002373 -0.021731 0.001429  0.003560 -0.491138 0.871075  0.144314 0.830941 0
Material_0
0  0.003273 -0.021731 0.001429  0.003992 -0.491140 0.871071  0.141477 0.830941 0
0  0.003273 -0.011692 0.008321  -0.003665 -0.909673 0.415310  0.141477 0.832490 0
0  -0.002373 -0.021731 0.001429  0.003560 -0.491138 0.871075  0.144314 0.830941 0
Material_0
0  -0.002373 -0.021731 0.001429  0.003560 -0.491138 0.871075  0.144314 0.830941 0
0  0.003273 -0.011692 0.008321  -0.003665 -0.909673 0.415310  0.141477 0.832490 0
0  -0.002373 -0.011692 0.008321  -0.003909 -0.909665 0.415324  0.144314 0.832490 0
Material_0
0  0.003273 -0.011692 0.008321  -0.003665 -0.909673 0.415310  0.141477 0.832490 0
0  0.005647 -0.003903 0.032589  -0.003617 -0.909761 0.415116  0.140273 0.833713 0
0  -0.002373 -0.011692 0.008321  -0.003909 -0.909665 0.415324  0.144314 0.832490 0
Material_0
0  -0.002373 -0.011692 0.008321  -0.003909 -0.909665 0.415324  0.144314 0.832490 0
0  0.005647 -0.003903 0.032589  -0.003617 -0.909761 0.415116  0.140273 0.833713 0
0  -0.004656 -0.003903 0.032589  -0.003886 -0.909769 0.415097  0.145518 0.833713 0
Material_0
0  -0.004656 -0.003903 0.032589  -0.003886 -0.909769 0.415097  0.145518 0.833713 0
0  0.005647 -0.003903 0.032589  -0.003617 -0.909761 0.415116  0.140273 0.833713 0
0  -0.004656 -0.001116 0.041899  0.003627 -0.974293 0.225257  0.145518 0.834120 0
Material_0
0  0.005647 -0.003903 0.032589  -0.003617 -0.909761 0.415116  0.140273 0.833713 0
0  0.005647 -0.001116 0.041899  0.003932 -0.974291 0.225259  0.140273 0.834120 0
0  -0.004656 -0.001116 0.041899  0.003627 -0.974293 0.225257  0.145518 0.834120 0
Material_0
0  -0.004656 -0.001116 0.041899  0.003627 -0.974293 0.225257  0.145518 0.834120 0
0  0.005647 -0.001116 0.041899  0.003932 -0.974291 0.225259  0.140273 0.834120 0
0  0.005654 0.002900 0.062172  -0.003627 -0.982408 0.186711  0.140273 0.834772 0
Material_0
0  0.005647 -0.001116 0.041899  0.003932 -0.974291 0.225259  0.140273 0.834120 0
0  0.011601 0.000179 0.041660  0.999997 0.002391 -0.000007  0.137350 0.834365 0
0  0.005654 0.002900 0.062172  -0.003627 -0.982408 0.186711  0.140273 0.834772 0
Material_0
0  0.005654 0.002900 0.062172  -0.003627 -0.982408 0.186711  0.140273 0.834772 0
0  0.011601 0.000179 0.041660  0.999997 0.002391 -0.000007  0.137350 0.834365 0
0  0.011601 0.004363 0.062172  0.999998 0.002216 0.000001  0.137350 0.835017 0
Material_0
0  0.011601 0.000179 0.041660  0.999997 0.002391 -0.000007  0.137350 0.834365 0
0  0.011601 0.018661 0.039978  0.999998 0.002123 -0.000000  0.137350 0.837217 0
0  0.011601 0.004363 0.062172  0.999998 0.002216 0.000001  0.137350 0.835017 0
Material_0
0  0.011601 0.004363 0.062172  0.999998 0.002216 0.000001  0.137350 0.835017 0
0  0.011601 0.018661 0.039978  0.999998 0.002123 -0.000000  0.137350 0.837217 0
0  0.011601 0.018661 0.062172  0.999997 0.002206 -0.000000  0.137350 0.837217 0
Material_0
0  -0.004736 0.002900 0.062172  -0.003957 -0.982414 0.186671  0.145518 0.834772 0
0  -0.004656 -0.001116 0.041899  0.003627 -0.974293 0.225257  0.145518 0.834120 0
0  0.005654 0.002900 0.062172  -0.003627 -0.982408 0.186711  0.140273 0.834772 0
Material_0
0  0.005647 -0.001116 0.041899  0.003932 -0.974291 0.225259  0.140273 0.834120 0
0  0.005647 -0.003903 0.032589  -0.003617 -0.909761 0.415116  0.140273 0.833713 0
0  0.011601 0.000179 0.041660  0.999997 0.002391 -0.000007  0.137350 0.834365 0
Material_0
0  0.005647 -0.003903 0.032589  -0.003617 -0.909761 0.415116  0.140273 0.833713 0
0  0.011601 -0.007581 0.005530  0.999998 0.002175 0.000017  0.137350 0.833142 0
0  0.011601 0.000179 0.041660  0.999997 0.002391 -0.000007  0.137350 0.834365 0
Material_0
0  0.011601 0.000179 0.041660  0.999997 0.002391 -0.000007  0.137350 0.834365 0
0  0.011601 -0.007581 0.005530  0.999998 0.002175 0.000017  0.137350 0.833142 0
0  0.011601 0.018661 -0.013424  0.999998 0.002192 -0.000021  0.137350 0.837217 0
Material_0
0  0.011601 0.018661 -0.013424  0.999998 0.002192 -0.000021  0.137350 0.837217 0
0  0.011601 -0.007581 0.005530  0.999998 0.002175 0.000017  0.137350 0.833142 0
0  0.011601 -0.001336 -0.026653  0.999998 0.002182 -0.000009  0.137350 0.834120 0
Material_0
0  0.011601 -0.007581 0.005530  0.999998 0.002175 0.000017  0.137350 0.833142 0
0  0.011601 -0.018723 -0.003292  0.999998 0.002208 0.000048  0.137350 0.831431 0
0  0.011601 -0.001336 -0.026653  0.999998 0.002182 -0.000009  0.137350 0.834120 0
Material_0
0  0.011601 -0.001336 -0.026653  0.999998 0.002182 -0.000009  0.137350 0.834120 0
0  0.011601 -0.018723 -0.003292  0.999998 0.002208 0.000048  0.137350 0.831431 0
0  0.011601 -0.021555 -0.037119  0.999998 0.002135 0.000017  0.137350 0.830941 0
Material_0
0  0.011601 -0.018723 -0.003292  0.999998 0.002208 0.000048  0.137350 0.831431 0
0  0.011601 -0.033138 -0.010471  0.999998 0.002204 0.000029  0.137350 0.829148 0
0  0.011601 -0.021555 -0.037119  0.999998 0.002135 0.000017  0.137350 0.830941 0
Material_0
0  0.011601 -0.033138 -0.010471  0.999998 0.002204 0.000029  0.137350 0.829148 0
0  0.011601 -0.042803 -0.043217  0.999998 0.002205 -0.000005  0.137350 0.827600 0
0  0.011601 -0.021555 -0.037119  0.999998 0.002135 0.000017  0.137350 0.830941 0
Material_0
0  0.011601 -0.021555 -0.037119  0.999998 0.002135 0.000017  0.137350 0.830941 0
0  0.011601 -0.042803 -0.043217  0.999998 0.002205 -0.000005  0.137350 0.827600 0
0  0.005745 -0.041861 -0.047078  0.000216 0.206053 -0.978541  0.140273 0.827763 0
Material_0
0  0.005745 -0.041861 -0.047078  0.000216 0.206053 -0.978541  0.140273 0.827763 0
0  0.011601 -0.042803 -0.043217  0.999998 0.002205 -0.000005  0.137350 0.827600 0
0  0.005745 -0.067860 -0.050567  0.000173 0.111223 -0.993795  0.140273 0.824747 0
Material_0
0  0.005745 -0.067860 -0.050567  0.000173 0.111223 -0.993795  0.140273 0.824747 0
0  0.011601 -0.042803 -0.043217  0.999998 0.002205 -0.000005  0.137350 0.827600 0
0  0.011601 -0.068301 -0.047174  0.999998 0.002207 0.000007  0.137350 0.824666 0
Material_0
0  0.011601 -0.068301 -0.047174  0.999998 0.002207 0.000007  0.137350 0.824666 0
0  0.011601 -0.042803 -0.043217  0.999998 0.002205 -0.000005  0.137350 0.827600 0
0  0.011601 -0.049988 -0.013682  0.999997 0.002230 0.000026  0.137350 0.826540 0
Material_0
0  0.011601 -0.042803 -0.043217  0.999998 0.002205 -0.000005  0.137350 0.827600 0
0  0.011601 -0.033138 -0.010471  0.999998 0.002204 0.000029  0.137350 0.829148 0
0  0.011601 -0.049988 -0.013682  0.999997 0.002230 0.000026  0.137350 0.826540 0
Material_0
0  0.011601 0.018661 0.039978  0.999998 0.002123 -0.000000  0.137350 0.837217 0
0  0.011601 0.000179 0.041660  0.999997 0.002391 -0.000007  0.137350 0.834365 0
0  0.011601 0.018661 -0.013424  0.999998 0.002192 -0.000021  0.137350 0.837217 0
Material_0
0  0.011601 -0.068301 -0.047174  0.999998 0.002207 0.000007  0.137350 0.824666 0
0  0.011601 -0.049988 -0.013682  0.999997 0.002230 0.000026  0.137350 0.826540 0
0  0.011601 -0.072273 -0.016655  0.999990 0.004416 0.000296  0.137350 0.824014 0
Material_0
0  0.011601 -0.049988 -0.013682  0.999997 0.002230 0.000026  0.137350 0.826540 0
0  0.005657 -0.050981 -0.009610  0.886023 -0.063350 0.459293  0.140273 0.826377 0
0  0.011601 -0.072273 -0.016655  0.999990 0.004416 0.000296  0.137350 0.824014 0
Material_0
0  0.011601 -0.072273 -0.016655  0.999990 0.004416 0.000296  0.137350 0.824014 0
0  0.005657 -0.050981 -0.009610  0.886023 -0.063350 0.459293  0.140273 0.826377 0
0  0.005657 -0.072854 -0.012191  0.884830 -0.037162 0.464429  0.140273 0.823932 0
Material_0
0  0.005657 -0.050981 -0.009610  0.886023 -0.063350 0.459293  0.140273 0.826377 0
0  0.003273 -0.051099 -0.008081  0.003951 -0.145859 0.989298  0.141477 0.826377 0
0  0.005657 -0.072854 -0.012191  0.884830 -0.037162 0.464429  0.140273 0.823932 0
Material_0
0  0.005657 -0.072854 -0.012191  0.884830 -0.037162 0.464429  0.140273 0.823932 0
0  0.003273 -0.051099 -0.008081  0.003951 -0.145859 0.989298  0.141477 0.826377 0
0  0.003273 -0.072964 -0.010662  0.000194 -0.076437 0.997074  0.141477 0.823932 0
Material_0
0  0.003273 -0.072964 -0.010662  0.000194 -0.076437 0.997074  0.141477 0.823932 0
0  0.003273 -0.051099 -0.008081  0.003951 -0.145859 0.989298  0.141477 0.826377 0
0  -0.002373 -0.072964 -0.010662  -0.000202 -0.076421 0.997076  0.144314 0.823932 0
Material_0
0  -0.002373 -0.072964 -0.010662  -0.000202 -0.076421 0.997076  0.144314 0.823932 0
0  0.003273 -0.051099 -0.008081  0.003951 -0.145859 0.989298  0.141477 0.826377 0
0  -0.002373 -0.051099 -0.008081  0.003562 -0.145855 0.989299  0.144314 0.826377 0
Material_0
0  -0.002373 -0.051099 -0.008081  0.003562 -0.145855 0.989299  0.144314 0.826377 0
0  0.003273 -0.051099 -0.008081  0.003951 -0.145859 0.989298  0.141477 0.826377 0
0  0.003273 -0.035646 -0.004717  0.000176 -0.304789 0.952420  0.141477 0.828741 0
Material_0
0  0.003273 -0.051099 -0.008081  0.003951 -0.145859 0.989298  0.141477 0.826377 0
0  0.005657 -0.050981 -0.009610  0.886023 -0.063350 0.459293  0.140273 0.826377 0
0  0.003273 -0.035646 -0.004717  0.000176 -0.304789 0.952420  0.141477 0.828741 0
Material_0
0  0.003273 -0.035646 -0.004717  0.000176 -0.304789 0.952420  0.141477 0.828741 0
0  0.005657 -0.050981 -0.009610  0.886023 -0.063350 0.459293  0.140273 0.826377 0
0  0.005657 -0.034911 -0.006380  0.891416 -0.141543 0.430515  0.140273 0.828904 0
Material_0
0  0.005657 -0.050981 -0.009610  0.886023 -0.063350 0.459293  0.140273 0.826377 0
0  0.011601 -0.049988 -0.013682  0.999997 0.002230 0.000026  0.137350 0.826540 0
0  0.005657 -0.034911 -0.006380  0.891416 -0.141543 0.430515  0.140273 0.828904 0
Material_0
0  0.011601 -0.049988 -0.013682  0.999997 0.002230 0.000026  0.137350 0.826540 0
0  0.011601 -0.033138 -0.010471  0.999998 0.002204 0.000029  0.137350 0.829148 0
0  0.005657 -0.034911 -0.006380  0.891416 -0.141543 0.430515  0.140273 0.828904 0
Material_0
0  0.005657 -0.034911 -0.006380  0.891416 -0.141543 0.430515  0.140273 0.828904 0
0  0.011601 -0.033138 -0.010471  0.999998 0.002204 0.000029  0.137350 0.829148 0
0  0.005657 -0.020996 -0.000243  0.886157 -0.231683 0.401310  0.140273 0.831023 0
Material_0
0  0.011601 -0.033138 -0.010471  0.999998 0.002204 0.000029  0.137350 0.829148 0
0  0.011601 -0.018723 -0.003292  0.999998 0.002208 0.000048  0.137350 0.831431 0
0  0.005657 -0.020996 -0.000243  0.886157 -0.231683 0.401310  0.140273 0.831023 0
Material_0
0  0.005657 -0.020996 -0.000243  0.886157 -0.231683 0.401310  0.140273 0.831023 0
0  0.011601 -0.018723 -0.003292  0.999998 0.002208 0.000048  0.137350 0.831431 0
0  0.005657 -0.009919 0.007652  0.873632 -0.413253 0.256884  0.140273 0.832816 0
Material_0
0  0.011601 -0.018723 -0.003292  0.999998 0.002208 0.000048  0.137350 0.831431 0
0  0.011601 -0.007581 0.005530  0.999998 0.002175 0.000017  0.137350 0.833142 0
0  0.005657 -0.009919 0.007652  0.873632 -0.413253 0.256884  0.140273 0.832816 0
Material_0
0  0.005657 -0.009919 0.007652  0.873632 -0.413253 0.256884  0.140273 0.832816 0
0  0.011601 -0.007581 0.005530  0.999998 0.002175 0.000017  0.137350 0.833142 0
0  0.005647 -0.007426 0.018481  0.149326 -0.945358 0.289826  0.140273 0.833142 0
Material_0
0  0.011601 -0.007581 0.005530  0.999998 0.002175 0.000017  0.137350 0.833142 0
0  0.005647 -0.003903 0.032589  -0.003617 -0.909761 0.415116  0.140273 0.833713 0
0  0.005647 -0.007426 0.018481  0.149326 -0.945358 0.289826  0.140273 0.833142 0
Material_0
0  0.005647 -0.003903 0.032589  -0.003617 -0.909761 0.415116  0.140273 0.833713 0
0  0.003273 -0.011692 0.008321  -0.003665 -0.909673 0.415310  0.141477 0.832490 0
0  0.005647 -0.007426 0.018481  0.149326 -0.945358 0.289826  0.140273 0.833142 0
Material_0
0  0.005647 -0.007426 0.018481  0.149326 -0.945358 0.289826  0.140273 0.833142 0
0  0.003273 -0.011692 0.008321  -0.003665 -0.909673 0.415310  0.141477 0.832490 0
0  0.005657 -0.009919 0.007652  0.873632 -0.413253 0.256884  0.140273 0.832816 0
Material_0
0  0.005657 -0.009919 0.007652  0.873632 -0.413253 0.256884  0.140273 0.832816 0
0  0.003273 -0.011692 0.008321  -0.003665 -0.909673 0.415310  0.141477 0.832490 0
0  0.005657 -0.020996 -0.000243  0.886157 -0.231683 0.401310  0.140273 0.831023 0
Material_0
0  0.003273 -0.011692 0.008321  -0.003665 -0.909673 0.415310  0.141477 0.832490 0
0  0.003273 -0.021731 0.001429  0.003992 -0.491140 0.871071  0.141477 0.830941 0
0  0.005657 -0.020996 -0.000243  0.886157 -0.231683 0.401310  0.140273 0.831023 0
Material_0
0  0.005657 -0.020996 -0.000243  0.886157 -0.231683 0.401310  0.140273 0.831023 0
0  0.003273 -0.021731 0.001429  0.003992 -0.491140 0.871071  0.141477 0.830941 0
0  0.005657 -0.034911 -0.006380  0.891416 -0.141543 0.430515  0.140273 0.828904 0
Material_0
0  0.003273 -0.021731 0.001429  0.003992 -0.491140 0.871071  0.141477 0.830941 0
0  0.003273 -0.035646 -0.004717  0.000176 -0.304789 0.952420  0.141477 0.828741 0
0  0.005657 -0.034911 -0.006380  0.891416 -0.141543 0.430515  0.140273 0.828904 0
Material_0
0  -0.010497 0.032613 0.001076  -0.984098 0.171768 -0.045251  0.148441 0.839418 0
0  -0.010497 0.032613 0.039978  -0.984097 0.171771 -0.045254  0.148441 0.839418 0
0  -0.008806 0.039284 0.015728  -0.999997 0.002362 -0.000014  0.147581 0.840478 0
Material_0
0  -0.010497 0.032613 0.039978  -0.984097 0.171771 -0.045254  0.148441 0.839418 0
0  -0.008806 0.039254 0.039978  -0.999997 0.002345 0.000024  0.147581 0.840478 0
0  -0.008806 0.039284 0.015728  -0.999997 0.002362 -0.000014  0.147581 0.840478 0
Material_0
0  -0.008806 0.039284 0.015728  -0.999997 0.002362 -0.000014  0.147581 0.840478 0
0  -0.008806 0.039254 0.039978  -0.999997 0.002345 0.000024  0.147581 0.840478 0
0  -0.008806 0.051081 0.020899  -0.999998 0.002205 0.000000  0.147581 0.842352 0
Material_0
0  -0.008806 0.039254 0.039978  -0.999997 0.002345 0.000024  0.147581 0.840478 0
0  -0.008806 0.058281 0.039978  -0.999998 0.002029 0.000000  0.147581 0.843493 0
0  -0.008806 0.051081 0.020899  -0.999998 0.002205 0.000000  0.147581 0.842352 0
Material_0
0  -0.008806 0.051081 0.020899  -0.999998 0.002205 0.000000  0.147581 0.842352 0
0  -0.008806 0.058281 0.039978  -0.999998 0.002029 0.000000  0.147581 0.843493 0
0  -0.008806 0.058281 0.021482  -0.999998 0.001998 0.000011  0.147581 0.843493 0
Material_0
0  -0.008806 0.058281 0.021482  -0.999998 0.001998 0.000011  0.147581 0.843493 0
0  -0.008806 0.058281 0.039978  -0.999998 0.002029 0.000000  0.147581 0.843493 0
0  -0.010557 0.064967 0.022037  -0.996186 -0.072192 0.049001  0.148441 0.844472 0
Material_0
0  -0.008806 0.058281 0.039978  -0.999998 0.002029 0.000000  0.147581 0.843493 0
0  -0.010557 0.064967 0.039978  -0.996185 -0.072198 0.049024  0.148441 0.844472 0
0  -0.010557 0.064967 0.022037  -0.996186 -0.072192 0.049001  0.148441 0.844472 0
Material_0
0  0.004376 0.083067 0.019858  0.325316 0.348471 -0.879055  0.140961 0.847324 0
0  0.010546 0.082750 0.022018  0.325296 0.348441 -0.879074  0.137866 0.847324 0
0  0.004376 0.050728 0.017134  0.325278 0.348481 -0.879065  0.140961 0.842271 0
Material_0
0  0.010546 0.082750 0.022018  0.325296 0.348441 -0.879074  0.137866 0.847324 0
0  0.010549 0.051037 0.019389  0.325293 0.348452 -0.879071  0.137866 0.842352 0
0  0.004376 0.050728 0.017134  0.325278 0.348481 -0.879065  0.140961 0.842271 0
Material_0
0  0.004376 0.050728 0.017134  0.325278 0.348481 -0.879065  0.140961 0.842271 0
0  0.010549 0.051037 0.019389  0.325293 0.348452 -0.879071  0.137866 0.842352 0
0  0.004376 0.040828 0.012794  0.299963 0.687521 -0.661315  0.140961 0.840722 0
Material_0
0  0.010549 0.051037 0.019389  0.325293 0.348452 -0.879071  0.137866 0.842352 0
0  0.010536 0.039512 0.014333  0.299939 0.687531 -0.661315  0.137866 0.840559 0
0  0.004376 0.040828 0.012794  0.299963 0.687521 -0.661315  0.140961 0.840722 0
Material_0
0  0.004376 0.040828 0.012794  0.299963 0.687521 -0.661315  0.140961 0.840722 0
0  0.010536 0.039512 0.014333  0.299939 0.687531 -0.661315  0.137866 0.840559 0
0  0.004376 0.034297 -0.002652  0.279910 0.949561 -0.141367  0.140961 0.839663 0
Material_0
0  0.010536 0.039512 0.014333  0.299939 0.687531 -0.661315  0.137866 0.840559 0
0  0.010524 0.032613 -0.002652  0.279901 0.949560 -0.141388  0.137866 0.839418 0
0  0.004376 0.034297 -0.002652  0.279910 0.949561 -0.141367  0.140961 0.839663 0
Material_0
0  0.004376 0.034297 -0.002652  0.279910 0.949561 -0.141367  0.140961 0.839663 0
0  0.010524 0.032613 -0.002652  0.279901 0.949560 -0.141388  0.137866 0.839418 0
0  0.004376 0.034297 -0.013424  0.279816 0.949563 -0.141538  0.140961 0.839663 0
Material_0
0  0.010524 0.032613 -0.002652  0.279901 0.949560 -0.141388  0.137866 0.839418 0
0  0.010507 0.032613 -0.013424  0.279909 0.949564 -0.141350  0.137866 0.839418 0
0  0.004376 0.034297 -0.013424  0.279816 0.949563 -0.141538  0.140961 0.839663 0
Material_0
0  0.010507 0.032613 -0.013424  0.279909 0.949564 -0.141350  0.137866 0.839418 0
0  0.004203 0.032613 -0.016655  0.000063 0.724786 -0.688974  0.141047 0.839418 0
0  0.004376 0.034297 -0.013424  0.279816 0.949563 -0.141538  0.140961 0.839663 0
Material_0
0  0.004376 0.034297 -0.013424  0.279816 0.949563 -0.141538  0.140961 0.839663 0
0  0.004203 0.032613 -0.016655  0.000063 0.724786 -0.688974  0.141047 0.839418 0
0  -0.003476 0.034297 -0.013424  -0.289756 0.946795 -0.140078  0.144916 0.839663 0
Material_0
0  0.004203 0.032613 -0.016655  0.000063 0.724786 -0.688974  0.141047 0.839418 0
0  -0.003304 0.032613 -0.016655  -0.000068 0.724762 -0.688999  0.144830 0.839418 0
0  -0.003476 0.034297 -0.013424  -0.289756 0.946795 -0.140078  0.144916 0.839663 0
Material_0
0  -0.003304 0.032613 -0.016655  -0.000068 0.724762 -0.688999  0.144830 0.839418 0
0  -0.009596 0.032613 -0.013424  -0.289864 0.946790 -0.139886  0.147925 0.839418 0
0  -0.003476 0.034297 -0.013424  -0.289756 0.946795 -0.140078  0.144916 0.839663 0
Material_0
0  -0.003476 0.034297 -0.013424  -0.289756 0.946795 -0.140078  0.144916 0.839663 0
0  -0.009596 0.032613 -0.013424  -0.289864 0.946790 -0.139886  0.147925 0.839418 0
0  -0.003476 0.034297 -0.002652  -0.289871 0.946785 -0.139904  0.144916 0.839663 0
Material_0
0  -0.009596 0.032613 -0.013424  -0.289864 0.946790 -0.139886  0.147925 0.839418 0
0  -0.009613 0.032613 -0.002652  -0.289869 0.946784 -0.139916  0.147925 0.839418 0
0  -0.003476 0.034297 -0.002652  -0.289871 0.946785 -0.139904  0.144916 0.839663 0
Material_0
0  -0.003476 0.034297 -0.002652  -0.289871 0.946785 -0.139904  0.144916 0.839663 0
0  -0.009613 0.032613 -0.002652  -0.289869 0.946784 -0.139916  0.147925 0.839418 0
0  -0.003476 0.040828 0.012794  -0.367019 0.677951 -0.636930  0.144916 0.840722 0
Material_0
0  -0.009613 0.032613 -0.002652  -0.289869 0.946784 -0.139916  0.147925 0.839418 0
0  -0.007776 0.039585 0.014256  -0.367026 0.677952 -0.636925  0.147065 0.840559 0
0  -0.003476 0.040828 0.012794  -0.367019 0.677951 -0.636930  0.144916 0.840722 0
Material_0
0  -0.003476 0.040828 0.012794  -0.367019 0.677951 -0.636930  0.144916 0.840722 0
0  -0.007776 0.039585 0.014256  -0.367026 0.677952 -0.636925  0.147065 0.840559 0
0  -0.003476 0.050728 0.017134  -0.463393 0.235886 -0.854181  0.144916 0.842271 0
Material_0
0  -0.007776 0.039585 0.014256  -0.367026 0.677952 -0.636925  0.147065 0.840559 0
0  -0.007797 0.051022 0.019275  -0.463361 0.235877 -0.854201  0.147065 0.842352 0
0  -0.003476 0.050728 0.017134  -0.463393 0.235886 -0.854181  0.144916 0.842271 0
Material_0
0  -0.007797 0.051022 0.019275  -0.463361 0.235877 -0.854201  0.147065 0.842352 0
0  -0.007756 0.058450 0.019963  -0.463339 0.235707 -0.854259  0.147065 0.843493 0
0  -0.003476 0.050728 0.017134  -0.463393 0.235886 -0.854181  0.144916 0.842271 0
Material_0
0  -0.003476 0.050728 0.017134  -0.463393 0.235886 -0.854181  0.144916 0.842271 0
0  -0.007756 0.058450 0.019963  -0.463339 0.235707 -0.854259  0.147065 0.843493 0
0  -0.003476 0.083067 0.019858  -0.463285 0.235752 -0.854276  0.144916 0.847324 0
Material_0
0  -0.007756 0.058450 0.019963  -0.463339 0.235707 -0.854259  0.147065 0.843493 0
0  -0.009646 0.065673 0.020555  -0.463289 0.235786 -0.854265  0.148011 0.844634 0
0  -0.003476 0.083067 0.019858  -0.463285 0.235752 -0.854276  0.144916 0.847324 0
Material_0
0  -0.003476 0.083067 0.019858  -0.463285 0.235752 -0.854276  0.144916 0.847324 0
0  -0.009646 0.065673 0.020555  -0.463289 0.235786 -0.854265  0.148011 0.844634 0
0  -0.009636 0.082750 0.022018  -0.463292 0.235785 -0.854263  0.148011 0.847324 0
Material_0
0  0.007041 0.050956 0.119263  0.000000 -1.000000 0.000000  0.139585 0.842352 0
0  0.007041 0.050956 0.114751  0.000000 -1.000000 0.000000  0.139585 0.842352 0
0  0.008095 0.050956 0.117581  0.000000 -1.000000 0.000000  0.139070 0.842352 0
Material_0
0  0.008095 0.050956 0.117581  0.000000 -1.000000 0.000000  0.139070 0.842352 0
0  0.007041 0.050956 0.114751  0.000000 -1.000000 0.000000  0.139585 0.842352 0
0  0.008095 0.050956 0.116185  0.000000 -1.000000 0.000000  0.139070 0.842352 0
Material_0
0  0.007041 0.050956 0.114751  0.000002 -1.000000 -0.000003  0.139585 0.842352 0
0  0.008095 0.050956 0.113365  0.000002 -1.000000 -0.000003  0.139070 0.842352 0
0  0.008095 0.050956 0.116185  0.000002 -1.000000 -0.000003  0.139070 0.842352 0
Material_0
0  -0.003476 0.032613 -0.013424  0.999998 0.002205 -0.000000  0.144916 0.839418 0
0  -0.003476 0.034297 -0.013424  0.999998 0.002205 -0.000000  0.144916 0.839663 0
0  -0.003476 0.032613 -0.002652  0.999998 0.002206 -0.000000  0.144916 0.839418 0
Material_0
0  -0.003476 0.034297 -0.013424  0.999998 0.002205 -0.000000  0.144916 0.839663 0
0  -0.003476 0.034297 -0.002652  0.999998 0.002206 0.000000  0.144916 0.839663 0
0  -0.003476 0.032613 -0.002652  0.999998 0.002206 -0.000000  0.144916 0.839418 0
Material_0
0  -0.003476 0.032613 -0.002652  0.999998 0.002206 -0.000000  0.144916 0.839418 0
0  -0.003476 0.034297 -0.002652  0.999998 0.002206 0.000000  0.144916 0.839663 0
0  -0.003476 0.039416 0.018424  0.999998 0.002205 0.000000  0.144916 0.840478 0
Material_0
0  -0.003476 0.034297 -0.002652  0.999998 0.002206 0.000000  0.144916 0.839663 0
0  -0.003476 0.040828 0.012794  0.999998 0.002205 -0.000000  0.144916 0.840722 0
0  -0.003476 0.039416 0.018424  0.999998 0.002205 0.000000  0.144916 0.840478 0
Material_0
0  -0.003476 0.039416 0.018424  0.999998 0.002205 0.000000  0.144916 0.840478 0
0  -0.003476 0.040828 0.012794  0.999998 0.002205 -0.000000  0.144916 0.840722 0
0  -0.003476 0.050279 0.023184  0.999998 0.002205 -0.000000  0.144916 0.842189 0
Material_0
0  -0.003476 0.040828 0.012794  0.999998 0.002205 -0.000000  0.144916 0.840722 0
0  -0.003476 0.050728 0.017134  0.999998 0.002205 -0.000000  0.144916 0.842271 0
0  -0.003476 0.050279 0.023184  0.999998 0.002205 -0.000000  0.144916 0.842189 0
Material_0
0  -0.003476 0.050279 0.023184  0.999998 0.002205 -0.000000  0.144916 0.842189 0
0  -0.003476 0.050728 0.017134  0.999998 0.002205 -0.000000  0.144916 0.842271 0
0  -0.003476 0.080161 0.025898  0.999597 0.028396 -0.000003  0.144916 0.846917 0
Material_0
0  -0.003476 0.050728 0.017134  0.999998 0.002205 -0.000000  0.144916 0.842271 0
0  -0.003476 0.083714 0.021330  0.998946 0.045861 0.001888  0.144916 0.847406 0
0  -0.003476 0.080161 0.025898  0.999597 0.028396 -0.000003  0.144916 0.846917 0
Material_0
0  -0.003476 0.083714 0.021330  0.998946 0.045861 0.001888  0.144916 0.847406 0
0  -0.003523 0.084435 0.021655  0.998222 0.050224 0.032093  0.144916 0.847569 0
0  -0.003476 0.080161 0.025898  0.999597 0.028396 -0.000003  0.144916 0.846917 0
Material_0
0  -0.003476 0.080161 0.025898  0.999597 0.028396 -0.000003  0.144916 0.846917 0
0  -0.003523 0.084435 0.021655  0.998222 0.050224 0.032093  0.144916 0.847569 0
0  -0.003949 0.079705 0.036976  0.999979 0.006553 0.000016  0.145088 0.846835 0
Material_0
0  -0.003523 0.084435 0.021655  0.998222 0.050224 0.032093  0.144916 0.847569 0
0  -0.003949 0.081493 0.037311  0.999978 -0.006555 -0.000008  0.145088 0.847080 0
0  -0.003949 0.079705 0.036976  0.999979 0.006553 0.000016  0.145088 0.846835 0
Material_0
0  -0.003476 0.083067 0.019858  0.999940 0.010930 -0.000001  0.144916 0.847324 0
0  -0.003476 0.083714 0.021330  0.998946 0.045861 0.001888  0.144916 0.847406 0
0  -0.003476 0.050728 0.017134  0.999998 0.002205 -0.000000  0.144916 0.842271 0
Material_0
0  -0.003949 0.081493 0.037311  0.000000 0.184654 -0.982803  0.145088 0.847080 0
0  -0.001123 0.081493 0.037311  0.209670 0.180341 -0.960997  0.143712 0.847080 0
0  -0.003949 0.079705 0.036976  0.000000 0.184559 -0.982821  0.145088 0.846835 0
Material_0
0  -0.003949 0.079705 0.036976  0.000000 0.184559 -0.982821  0.145088 0.846835 0
0  -0.001123 0.081493 0.037311  0.209670 0.180341 -0.960997  0.143712 0.847080 0
0  -0.001123 0.079705 0.036976  0.333075 0.175975 -0.926333  0.143712 0.846835 0
Material_0
0  -0.001123 0.081493 0.037311  0.209670 0.180341 -0.960997  0.143712 0.847080 0
0  0.000495 0.079198 0.038123  0.603251 0.145851 -0.784101  0.142853 0.846754 0
0  -0.001123 0.079705 0.036976  0.333075 0.175975 -0.926333  0.143712 0.846835 0
Material_0
0  0.004431 0.084435 0.021655  -0.997992 0.063310 0.001923  0.140875 0.847569 0
0  0.004376 0.083714 0.021330  -0.998094 0.050239 -0.035843  0.140961 0.847406 0
0  0.004939 0.081493 0.037311  -0.998173 0.002184 0.060378  0.140703 0.847080 0
Material_0
0  0.004376 0.083714 0.021330  -0.998094 0.050239 -0.035843  0.140961 0.847406 0
0  0.004376 0.080154 0.025898  -0.999597 0.028395 0.000012  0.140961 0.846917 0
0  0.004939 0.081493 0.037311  -0.998173 0.002184 0.060378  0.140703 0.847080 0
Material_0
0  0.004939 0.081493 0.037311  -0.998173 0.002184 0.060378  0.140703 0.847080 0
0  0.004376 0.080154 0.025898  -0.999597 0.028395 0.000012  0.140961 0.846917 0
0  0.004939 0.079705 0.036976  -0.998117 -0.010923 0.060367  0.140703 0.846835 0
Material_0
0  0.004376 0.083714 0.021330  -0.998094 0.050239 -0.035843  0.140961 0.847406 0
0  0.004376 0.083067 0.019858  -0.999940 0.010930 0.000001  0.140961 0.847324 0
0  0.004376 0.080154 0.025898  -0.999597 0.028395 0.000012  0.140961 0.846917 0
Material_0
0  0.004376 0.080154 0.025898  -0.999597 0.028395 0.000012  0.140961 0.846917 0
0  0.004376 0.083067 0.019858  -0.999940 0.010930 0.000001  0.140961 0.847324 0
0  0.004376 0.050279 0.023184  -0.999998 -0.002205 0.000000  0.140961 0.842189 0
Material_0
0  0.004376 0.083067 0.019858  -0.999940 0.010930 0.000001  0.140961 0.847324 0
0  0.004376 0.050728 0.017134  -0.999998 -0.002205 0.000000  0.140961 0.842271 0
0  0.004376 0.050279 0.023184  -0.999998 -0.002205 0.000000  0.140961 0.842189 0
Material_0
0  0.004376 0.050279 0.023184  -0.999998 -0.002205 0.000000  0.140961 0.842189 0
0  0.004376 0.050728 0.017134  -0.999998 -0.002205 0.000000  0.140961 0.842271 0
0  0.004376 0.039416 0.018424  -0.999998 -0.002205 0.000000  0.140961 0.840478 0
Material_0
0  0.004376 0.050728 0.017134  -0.999998 -0.002205 0.000000  0.140961 0.842271 0
0  0.004376 0.040828 0.012794  -0.999998 -0.002205 0.000000  0.140961 0.840722 0
0  0.004376 0.039416 0.018424  -0.999998 -0.002205 0.000000  0.140961 0.840478 0
Material_0
0  0.004376 0.039416 0.018424  -0.999998 -0.002205 0.000000  0.140961 0.840478 0
0  0.004376 0.040828 0.012794  -0.999998 -0.002205 0.000000  0.140961 0.840722 0
0  0.004376 0.032613 -0.002652  -0.999998 -0.002205 0.000000  0.140961 0.839418 0
Material_0
0  0.004376 0.040828 0.012794  -0.999998 -0.002205 0.000000  0.140961 0.840722 0
0  0.004376 0.034297 -0.002652  -0.999998 -0.002205 0.000000  0.140961 0.839663 0
0  0.004376 0.032613 -0.002652  -0.999998 -0.002205 0.000000  0.140961 0.839418 0
Material_0
0  0.004376 0.032613 -0.002652  -0.999998 -0.002205 0.000000  0.140961 0.839418 0
0  0.004376 0.034297 -0.002652  -0.999998 -0.002205 0.000000  0.140961 0.839663 0
0  0.004376 0.032613 -0.013424  -0.999998 -0.002205 0.000000  0.140961 0.839418 0
Material_0
0  0.004376 0.034297 -0.002652  -0.999998 -0.002205 0.000000  0.140961 0.839663 0
0  0.004376 0.034297 -0.013424  -0.999998 -0.002205 0.000000  0.140961 0.839663 0
0  0.004376 0.032613 -0.013424  -0.999998 -0.002205 0.000000  0.140961 0.839418 0
Material_0
0  -0.003476 0.034297 -0.013424  0.000000 0.002205 0.999998  0.144916 0.839663 0
0  -0.003476 0.032613 -0.013424  0.000000 0.002205 0.999998  0.144916 0.839418 0
0  0.004376 0.034297 -0.013424  -0.000000 0.002205 0.999998  0.140961 0.839663 0
Material_0
0  -0.003476 0.032613 -0.013424  0.000000 0.002205 0.999998  0.144916 0.839418 0
0  0.004376 0.032613 -0.013424  0.000000 0.002205 0.999998  0.140961 0.839418 0
0  0.004376 0.034297 -0.013424  -0.000000 0.002205 0.999998  0.140961 0.839663 0
Material_0
0  0.004939 0.079705 0.036976  -0.000000 0.184653 -0.982804  0.140703 0.846835 0
0  0.002113 0.079705 0.036976  -0.333126 0.176039 -0.926303  0.142079 0.846835 0
0  0.004939 0.081493 0.037311  -0.000000 0.184560 -0.982821  0.140703 0.847080 0
Material_0
0  0.004939 0.081493 0.037311  -0.000000 0.184560 -0.982821  0.140703 0.847080 0
0  0.002113 0.079705 0.036976  -0.333126 0.176039 -0.926303  0.142079 0.846835 0
0  0.002113 0.081493 0.037311  -0.209619 0.180336 -0.961009  0.142079 0.847080 0
Material_0
0  0.002113 0.079705 0.036976  -0.333126 0.176039 -0.926303  0.142079 0.846835 0
0  0.000495 0.079198 0.038123  -0.603254 0.145852 -0.784099  0.142853 0.846754 0
0  0.002113 0.081493 0.037311  -0.209619 0.180336 -0.961009  0.142079 0.847080 0
Material_0
0  -0.009035 0.075013 0.041975  -0.511015 0.002182 0.859569  0.353755 0.846102 0
0  -0.009035 0.078955 0.041975  -0.510993 0.002253 0.859582  0.353755 0.846672 0
0  -0.010695 0.075013 0.039978  -0.999998 0.002145 -0.000167  0.354615 0.846102 0
Material_0
0  -0.010695 0.075013 0.039978  -0.999998 0.002145 -0.000167  0.354615 0.846102 0
0  -0.009035 0.078955 0.041975  -0.510993 0.002253 0.859582  0.353755 0.846672 0
0  -0.010695 0.079249 0.039978  -0.999997 0.002180 -0.000024  0.354615 0.846754 0
Material_0
0  -0.009035 0.078955 0.041975  -0.510993 0.002253 0.859582  0.353755 0.846672 0
0  -0.009283 0.080823 0.040752  -0.000003 0.998131 0.061115  0.353841 0.846998 0
0  -0.010695 0.079249 0.039978  -0.999997 0.002180 -0.000024  0.354615 0.846754 0
Material_0
0  -0.009283 0.080823 0.040752  -0.000003 0.998131 0.061115  0.353841 0.846998 0
0  -0.008783 0.084104 0.023853  -0.000009 0.998129 0.061148  0.353669 0.847487 0
0  -0.010695 0.079249 0.039978  -0.999997 0.002180 -0.000024  0.354615 0.846754 0
Material_0
0  -0.010695 0.079249 0.039978  -0.999997 0.002180 -0.000024  0.354615 0.846754 0
0  -0.008783 0.084104 0.023853  -0.000009 0.998129 0.061148  0.353669 0.847487 0
0  -0.010695 0.082478 0.023499  -0.999998 0.002001 0.000088  0.354615 0.847243 0
Material_0
0  -0.008783 0.084104 0.023853  -0.000009 0.998129 0.061148  0.353669 0.847487 0
0  -0.009636 0.082750 0.022018  -0.463289 0.235938 -0.854223  0.354099 0.847324 0
0  -0.010695 0.082478 0.023499  -0.999998 0.002001 0.000088  0.354615 0.847243 0
Material_0
0  -0.009636 0.082750 0.022018  -0.463289 0.235938 -0.854223  0.354099 0.847324 0
0  -0.009646 0.065673 0.020555  -0.463373 0.235930 -0.854179  0.354099 0.844634 0
0  -0.010695 0.082478 0.023499  -0.999998 0.002001 0.000088  0.354615 0.847243 0
Material_0
0  -0.010695 0.082478 0.023499  -0.999998 0.002001 0.000088  0.354615 0.847243 0
0  -0.009646 0.065673 0.020555  -0.463373 0.235930 -0.854179  0.354099 0.844634 0
0  -0.010695 0.066055 0.022123  -0.999998 0.002162 -0.000186  0.354615 0.844634 0
Material_0
0  -0.010695 0.066055 0.022123  -0.999998 0.002162 -0.000186  0.354615 0.844634 0
0  -0.009646 0.065673 0.020555  -0.463373 0.235930 -0.854179  0.354099 0.844634 0
0  -0.010557 0.064967 0.022037  -0.996197 -0.072026 0.049032  0.354529 0.844472 0
Material_0
0  -0.010557 0.064967 0.022037  -0.996197 -0.072026 0.049032  0.354529 0.844472 0
0  -0.009646 0.065673 0.020555  -0.463373 0.235930 -0.854179  0.354099 0.844634 0
0  -0.008806 0.058281 0.021482  -0.999998 0.002223 0.000170  0.353669 0.843493 0
Material_0
0  -0.009646 0.065673 0.020555  -0.463373 0.235930 -0.854179  0.354099 0.844634 0
0  -0.007756 0.058450 0.019963  -0.463413 0.235908 -0.854164  0.353153 0.843493 0
0  -0.008806 0.058281 0.021482  -0.999998 0.002223 0.000170  0.353669 0.843493 0
Material_0
0  -0.007756 0.058450 0.019963  -0.463413 0.235908 -0.854164  0.353153 0.843493 0
0  -0.007797 0.051022 0.019275  -0.463403 0.235899 -0.854172  0.353153 0.842352 0
0  -0.008806 0.058281 0.021482  -0.999998 0.002223 0.000170  0.353669 0.843493 0
Material_0
0  -0.008806 0.058281 0.021482  -0.999998 0.002223 0.000170  0.353669 0.843493 0
0  -0.007797 0.051022 0.019275  -0.463403 0.235899 -0.854172  0.353153 0.842352 0
0  -0.008806 0.051081 0.020899  -0.999998 0.002195 0.000008  0.353669 0.842352 0
Material_0
0  -0.007797 0.051022 0.019275  -0.463403 0.235899 -0.854172  0.353153 0.842352 0
0  -0.007776 0.039585 0.014256  -0.367125 0.677943 -0.636877  0.353153 0.840559 0
0  -0.008806 0.051081 0.020899  -0.999998 0.002195 0.000008  0.353669 0.842352 0
Material_0
0  -0.008806 0.051081 0.020899  -0.999998 0.002195 0.000008  0.353669 0.842352 0
0  -0.007776 0.039585 0.014256  -0.367125 0.677943 -0.636877  0.353153 0.840559 0
0  -0.008806 0.039284 0.015728  -0.999998 0.002074 0.000129  0.353669 0.840478 0
Material_0
0  -0.007776 0.039585 0.014256  -0.367125 0.677943 -0.636877  0.353153 0.840559 0
0  -0.009613 0.032613 -0.002652  -0.289868 0.946809 -0.139750  0.354013 0.839418 0
0  -0.008806 0.039284 0.015728  -0.999998 0.002074 0.000129  0.353669 0.840478 0
Material_0
0  -0.008806 0.039284 0.015728  -0.999998 0.002074 0.000129  0.353669 0.840478 0
0  -0.009613 0.032613 -0.002652  -0.289868 0.946809 -0.139750  0.354013 0.839418 0
0  -0.010497 0.032613 0.001076  -0.984072 0.171900 -0.045306  0.354529 0.839418 0
Material_0
0  -0.010497 0.032613 0.001076  -0.984072 0.171900 -0.045306  0.354529 0.839418 0
0  -0.009613 0.032613 -0.002652  -0.289868 0.946809 -0.139750  0.354013 0.839418 0
0  -0.010696 0.031238 -0.002652  -0.999998 0.002026 -0.000044  0.354615 0.839255 0
Material_0
0  -0.009613 0.032613 -0.002652  -0.289868 0.946809 -0.139750  0.354013 0.839418 0
0  -0.009596 0.032613 -0.013424  -0.289860 0.946826 -0.139649  0.354013 0.839418 0
0  -0.010696 0.031238 -0.002652  -0.999998 0.002026 -0.000044  0.354615 0.839255 0
Material_0
0  -0.010696 0.031238 -0.002652  -0.999998 0.002026 -0.000044  0.354615 0.839255 0
0  -0.009596 0.032613 -0.013424  -0.289860 0.946826 -0.139649  0.354013 0.839418 0
0  -0.010696 0.031238 -0.013424  -0.999998 0.002031 0.000138  0.354615 0.839255 0
Material_0
0  -0.009596 0.032613 -0.013424  -0.289860 0.946826 -0.139649  0.354013 0.839418 0
0  -0.003304 0.032613 -0.016655  -0.000164 0.724569 -0.689203  0.350918 0.839418 0
0  -0.010696 0.031238 -0.013424  -0.999998 0.002031 0.000138  0.354615 0.839255 0
Material_0
0  -0.010696 0.031238 -0.013424  -0.999998 0.002031 0.000138  0.354615 0.839255 0
0  -0.003304 0.032613 -0.016655  -0.000164 0.724569 -0.689203  0.350918 0.839418 0
0  -0.003251 0.031238 -0.017677  -0.000124 0.282443 -0.959284  0.350832 0.839255 0
Material_0
0  -0.003304 0.032613 -0.016655  -0.000164 0.724569 -0.689203  0.350918 0.839418 0
0  0.004203 0.032613 -0.016655  0.000156 0.724565 -0.689206  0.347135 0.839418 0
0  -0.003251 0.031238 -0.017677  -0.000124 0.282443 -0.959284  0.350832 0.839255 0
Material_0
0  -0.003251 0.031238 -0.017677  -0.000124 0.282443 -0.959284  0.350832 0.839255 0
0  0.004203 0.032613 -0.016655  0.000156 0.724565 -0.689206  0.347135 0.839418 0
0  0.004150 0.031238 -0.017677  0.000082 0.282443 -0.959284  0.347135 0.839255 0
Material_0
0  0.004203 0.032613 -0.016655  0.000156 0.724565 -0.689206  0.347135 0.839418 0
0  0.010507 0.032613 -0.013424  0.279768 0.949628 -0.141192  0.343953 0.839418 0
0  0.004150 0.031238 -0.017677  0.000082 0.282443 -0.959284  0.347135 0.839255 0
Material_0
0  0.004150 0.031238 -0.017677  0.000082 0.282443 -0.959284  0.347135 0.839255 0
0  0.010507 0.032613 -0.013424  0.279768 0.949628 -0.141192  0.343953 0.839418 0
0  0.011606 0.031238 -0.013424  0.999998 0.001981 0.000127  0.343438 0.839255 0
Material_0
0  0.010507 0.032613 -0.013424  0.279768 0.949628 -0.141192  0.343953 0.839418 0
0  0.010524 0.032613 -0.002652  0.279781 0.949600 -0.141362  0.343953 0.839418 0
0  0.011606 0.031238 -0.013424  0.999998 0.001981 0.000127  0.343438 0.839255 0
Material_0
0  0.011606 0.031238 -0.013424  0.999998 0.001981 0.000127  0.343438 0.839255 0
0  0.010524 0.032613 -0.002652  0.279781 0.949600 -0.141362  0.343953 0.839418 0
0  0.011606 0.031238 -0.002652  0.999998 0.002019 0.000002  0.343438 0.839255 0
Material_0
0  0.010524 0.032613 -0.002652  0.279781 0.949600 -0.141362  0.343953 0.839418 0
0  0.010536 0.039512 0.014333  0.299962 0.687441 -0.661398  0.343953 0.840559 0
0  0.011606 0.031238 -0.002652  0.999998 0.002019 0.000002  0.343438 0.839255 0
Material_0
0  0.011606 0.031238 -0.002652  0.999998 0.002019 0.000002  0.343438 0.839255 0
0  0.010536 0.039512 0.014333  0.299962 0.687441 -0.661398  0.343953 0.840559 0
0  0.011606 0.039284 0.015728  0.999998 0.002113 0.000176  0.343438 0.840478 0
Material_0
0  0.010536 0.039512 0.014333  0.299962 0.687441 -0.661398  0.343953 0.840559 0
0  0.010549 0.051037 0.019389  0.325139 0.348668 -0.879042  0.343953 0.842352 0
0  0.011606 0.039284 0.015728  0.999998 0.002113 0.000176  0.343438 0.840478 0
Material_0
0  0.011606 0.039284 0.015728  0.999998 0.002113 0.000176  0.343438 0.840478 0
0  0.010549 0.051037 0.019389  0.325139 0.348668 -0.879042  0.343953 0.842352 0
0  0.011606 0.051081 0.020899  0.999998 0.002117 0.000134  0.343438 0.842352 0
Material_0
0  0.010549 0.051037 0.019389  0.325139 0.348668 -0.879042  0.343953 0.842352 0
0  0.010546 0.082750 0.022018  0.325377 0.348544 -0.879004  0.343953 0.847324 0
0  0.011606 0.051081 0.020899  0.999998 0.002117 0.000134  0.343438 0.842352 0
Material_0
0  0.011606 0.051081 0.020899  0.999998 0.002117 0.000134  0.343438 0.842352 0
0  0.010546 0.082750 0.022018  0.325377 0.348544 -0.879004  0.343953 0.847324 0
0  0.011608 0.082478 0.023499  0.999998 0.002046 0.000206  0.343438 0.847243 0
Material_0
0  0.010546 0.082750 0.022018  0.325377 0.348544 -0.879004  0.343953 0.847324 0
0  0.009696 0.084104 0.023853  0.000039 0.998121 0.061282  0.344383 0.847487 0
0  0.011608 0.082478 0.023499  0.999998 0.002046 0.000206  0.343438 0.847243 0
Material_0
0  0.009696 0.084104 0.023853  0.000039 0.998121 0.061282  0.344383 0.847487 0
0  0.010210 0.080823 0.040742  -0.000058 0.998126 0.061192  0.344125 0.846998 0
0  0.011608 0.082478 0.023499  0.999998 0.002046 0.000206  0.343438 0.847243 0
Material_0
0  0.011608 0.082478 0.023499  0.999998 0.002046 0.000206  0.343438 0.847243 0
0  0.010210 0.080823 0.040742  -0.000058 0.998126 0.061192  0.344125 0.846998 0
0  0.011619 0.079249 0.039978  0.999998 0.002176 0.000009  0.343352 0.846754 0
Material_0
0  0.010210 0.080823 0.040742  -0.000058 0.998126 0.061192  0.344125 0.846998 0
0  0.009957 0.078955 0.041985  0.511005 -0.002131 0.859575  0.344211 0.846672 0
0  0.011619 0.079249 0.039978  0.999998 0.002176 0.000009  0.343352 0.846754 0
Material_0
0  0.009957 0.078955 0.041985  0.511005 -0.002131 0.859575  0.344211 0.846672 0
0  0.009947 0.075013 0.041985  0.511027 -0.002129 0.859562  0.344211 0.846102 0
0  0.011619 0.079249 0.039978  0.999998 0.002176 0.000009  0.343352 0.846754 0
Material_0
0  0.011619 0.079249 0.039978  0.999998 0.002176 0.000009  0.343352 0.846754 0
0  0.009947 0.075013 0.041985  0.511027 -0.002129 0.859562  0.344211 0.846102 0
0  0.011606 0.075013 0.039978  0.999998 0.002176 -0.000198  0.343438 0.846102 0
Material_0
0  -0.008783 0.084104 0.023853  -0.000009 0.998129 0.061148  0.353669 0.847487 0
0  -0.003523 0.084435 0.021655  0.000076 0.998119 0.061304  0.351004 0.847569 0
0  -0.009636 0.082750 0.022018  -0.463289 0.235938 -0.854223  0.354099 0.847324 0
Material_0
0  -0.009636 0.082750 0.022018  -0.463289 0.235938 -0.854223  0.354099 0.847324 0
0  -0.003523 0.084435 0.021655  0.000076 0.998119 0.061304  0.351004 0.847569 0
0  -0.003476 0.083067 0.019858  -0.463468 0.235705 -0.854190  0.351004 0.847324 0
Material_0
0  0.010546 0.082750 0.022018  0.325377 0.348544 -0.879004  0.343953 0.847324 0
0  0.004376 0.083067 0.019858  0.325255 0.348647 -0.879008  0.347049 0.847324 0
0  0.009696 0.084104 0.023853  0.000039 0.998121 0.061282  0.344383 0.847487 0
Material_0
0  0.009696 0.084104 0.023853  0.000039 0.998121 0.061282  0.344383 0.847487 0
0  0.004376 0.083067 0.019858  0.325255 0.348647 -0.879008  0.347049 0.847324 0
0  0.004431 0.084435 0.021655  -0.000059 0.998118 0.061323  0.346963 0.847569 0
Material_0
0  -0.010557 0.064967 0.022037  -0.996197 -0.072026 0.049032  0.354529 0.844472 0
0  -0.010557 0.064967 0.039978  -0.996196 -0.072023 0.049061  0.354529 0.844472 0
0  -0.010695 0.066055 0.022123  -0.999998 0.002162 -0.000186  0.354615 0.844634 0
Material_0
0  -0.010695 0.066055 0.022123  -0.999998 0.002162 -0.000186  0.354615 0.844634 0
0  -0.010557 0.064967 0.039978  -0.996196 -0.072023 0.049061  0.354529 0.844472 0
0  -0.010695 0.066055 0.039978  -0.999998 0.002078 -0.000017  0.354615 0.844634 0
Material_0
0  -0.010557 0.064967 0.039978  -0.996196 -0.072023 0.049061  0.354529 0.844472 0
0  -0.008785 0.065651 0.041660  0.000177 0.002168 0.999998  0.353669 0.844634 0
0  -0.010695 0.066055 0.039978  -0.999998 0.002078 -0.000017  0.354615 0.844634 0
Material_0
0  -0.008785 0.065651 0.041660  0.000177 0.002168 0.999998  0.353669 0.844634 0
0  -0.009005 0.075013 0.041660  0.000195 0.002164 0.999998  0.353755 0.846102 0
0  -0.010695 0.066055 0.039978  -0.999998 0.002078 -0.000017  0.354615 0.844634 0
Material_0
0  -0.010695 0.066055 0.039978  -0.999998 0.002078 -0.000017  0.354615 0.844634 0
0  -0.009005 0.075013 0.041660  0.000195 0.002164 0.999998  0.353755 0.846102 0
0  -0.010695 0.075013 0.039978  -0.999997 0.002208 -0.000194  0.354615 0.846102 0
Material_0
0  -0.010557 0.064967 0.039978  -0.996196 -0.072023 0.049061  0.354529 0.844472 0
0  -0.008806 0.058281 0.039978  -0.999998 0.002192 -0.000188  0.353669 0.843493 0
0  -0.008785 0.065651 0.041660  0.000177 0.002168 0.999998  0.353669 0.844634 0
Material_0
0  -0.008785 0.065651 0.041660  0.000177 0.002168 0.999998  0.353669 0.844634 0
0  -0.008806 0.058281 0.039978  -0.999998 0.002192 -0.000188  0.353669 0.843493 0
0  -0.007115 0.058502 0.041660  0.000159 0.002268 0.999997  0.352809 0.843493 0
Material_0
0  -0.007115 0.058502 0.041660  0.000159 0.002268 0.999997  0.352809 0.843493 0
0  -0.008806 0.058281 0.039978  -0.999998 0.002192 -0.000188  0.353669 0.843493 0
0  -0.007115 0.039254 0.041660  0.000163 0.002209 0.999997  0.352809 0.840478 0
Material_0
0  -0.008806 0.058281 0.039978  -0.999998 0.002192 -0.000188  0.353669 0.843493 0
0  -0.008806 0.039254 0.039978  -0.999998 0.002163 -0.000187  0.353669 0.840478 0
0  -0.007115 0.039254 0.041660  0.000163 0.002209 0.999997  0.352809 0.840478 0
Material_0
0  -0.008806 0.039254 0.039978  -0.999998 0.002163 -0.000187  0.353669 0.840478 0
0  -0.010497 0.032613 0.039978  -0.983099 0.177858 -0.043404  0.354529 0.839418 0
0  -0.007115 0.039254 0.041660  0.000163 0.002209 0.999997  0.352809 0.840478 0
Material_0
0  -0.007115 0.039254 0.041660  0.000163 0.002209 0.999997  0.352809 0.840478 0
0  -0.010497 0.032613 0.039978  -0.983099 0.177858 -0.043404  0.354529 0.839418 0
0  -0.009014 0.031981 0.041660  0.000203 0.002105 0.999998  0.353755 0.839337 0
Material_0
0  -0.010497 0.032613 0.039978  -0.983099 0.177858 -0.043404  0.354529 0.839418 0
0  -0.010696 0.031238 0.039978  -0.999997 0.002266 -0.000040  0.354615 0.839255 0
0  -0.009014 0.031981 0.041660  0.000203 0.002105 0.999998  0.353755 0.839337 0
Material_0
0  -0.010696 0.031238 0.039978  -0.999997 0.002266 -0.000040  0.354615 0.839255 0
0  -0.010701 0.018661 0.039978  -0.999998 0.002170 -0.000010  0.354615 0.837217 0
0  -0.009014 0.031981 0.041660  0.000203 0.002105 0.999998  0.353755 0.839337 0
Material_0
0  -0.009014 0.031981 0.041660  0.000203 0.002105 0.999998  0.353755 0.839337 0
0  -0.010701 0.018661 0.039978  -0.999998 0.002170 -0.000010  0.354615 0.837217 0
0  -0.009010 0.022338 0.041660  0.000045 0.002385 0.999997  0.353755 0.837870 0
Material_0
0  -0.009010 0.022338 0.041660  0.000045 0.002385 0.999997  0.353755 0.837870 0
0  -0.010701 0.018661 0.039978  -0.999998 0.002170 -0.000010  0.354615 0.837217 0
0  -0.009010 0.020647 0.043352  0.000024 1.000000 0.000196  0.353755 0.837543 0
Material_0
0  -0.010701 0.018661 0.039978  -0.999998 0.002170 -0.000010  0.354615 0.837217 0
0  -0.010701 0.018661 0.062172  -0.999998 0.002176 0.000090  0.354615 0.837217 0
0  -0.009010 0.020647 0.043352  0.000024 1.000000 0.000196  0.353755 0.837543 0
Material_0
0  -0.009010 0.020647 0.043352  0.000024 1.000000 0.000196  0.353755 0.837543 0
0  -0.010701 0.018661 0.062172  -0.999998 0.002176 0.000090  0.354615 0.837217 0
0  -0.009010 0.020647 0.062172  0.000160 1.000000 0.000019  0.353755 0.837543 0
Material_0
0  -0.010701 0.018661 0.062172  -0.999998 0.002176 0.000090  0.354615 0.837217 0
0  -0.010608 0.018661 0.062803  -0.994409 0.002195 0.105572  0.354529 0.837217 0
0  -0.009010 0.020647 0.062172  0.000160 1.000000 0.000019  0.353755 0.837543 0
Material_0
0  -0.010608 0.018661 0.062803  -0.994409 0.002195 0.105572  0.354529 0.837217 0
0  -0.008368 0.018661 0.078038  -0.999998 0.002009 -0.000010  0.353411 0.837217 0
0  -0.009010 0.020647 0.062172  0.000160 1.000000 0.000019  0.353755 0.837543 0
Material_0
0  -0.009010 0.020647 0.062172  0.000160 1.000000 0.000019  0.353755 0.837543 0
0  -0.008368 0.018661 0.078038  -0.999998 0.002009 -0.000010  0.353411 0.837217 0
0  -0.006900 0.020647 0.078038  0.000023 1.000000 0.000012  0.352723 0.837543 0
Material_0
0  -0.008368 0.018661 0.078038  -0.999998 0.002009 -0.000010  0.353411 0.837217 0
0  -0.007105 0.018661 0.096438  -0.999997 0.002204 0.000004  0.352809 0.837217 0
0  -0.006900 0.020647 0.078038  0.000023 1.000000 0.000012  0.352723 0.837543 0
Material_0
0  -0.006900 0.020647 0.078038  0.000023 1.000000 0.000012  0.352723 0.837543 0
0  -0.007105 0.018661 0.096438  -0.999997 0.002204 0.000004  0.352809 0.837217 0
0  -0.005658 0.020647 0.093073  0.000007 1.000000 -0.000232  0.352035 0.837543 0
Material_0
0  -0.005658 0.020647 0.093073  0.000007 1.000000 -0.000232  0.352035 0.837543 0
0  -0.007105 0.018661 0.096438  -0.999997 0.002204 0.000004  0.352809 0.837217 0
0  -0.005414 0.022324 0.094765  0.000006 0.002179 -0.999998  0.351949 0.837870 0
Material_0
0  -0.007105 0.018661 0.096438  -0.999997 0.002204 0.000004  0.352809 0.837217 0
0  -0.007105 0.054412 0.096438  -0.999997 0.002241 0.000116  0.352809 0.842841 0
0  -0.005414 0.022324 0.094765  0.000006 0.002179 -0.999998  0.351949 0.837870 0
Material_0
0  -0.005414 0.022324 0.094765  0.000006 0.002179 -0.999998  0.351949 0.837870 0
0  -0.007105 0.054412 0.096438  -0.999997 0.002241 0.000116  0.352809 0.842841 0
0  -0.005414 0.054412 0.094765  0.000154 0.002254 -0.999997  0.351949 0.842841 0
Material_0
0  -0.007105 0.054412 0.096438  -0.999997 0.002241 0.000116  0.352809 0.842841 0
0  -0.009140 0.055913 0.096438  -0.832206 -0.554467 0.000217  0.353841 0.843086 0
0  -0.005414 0.054412 0.094765  0.000154 0.002254 -0.999997  0.351949 0.842841 0
Material_0
0  -0.005414 0.054412 0.094765  0.000154 0.002254 -0.999997  0.351949 0.842841 0
0  -0.009140 0.055913 0.096438  -0.832206 -0.554467 0.000217  0.353841 0.843086 0
0  -0.007449 0.055898 0.094765  0.000011 0.002237 -0.999997  0.352981 0.843086 0
Material_0
0  -0.009140 0.055913 0.096438  -0.832206 -0.554467 0.000217  0.353841 0.843086 0
0  -0.011201 0.062701 0.096438  -0.999998 0.002184 0.000191  0.354873 0.844145 0
0  -0.007449 0.055898 0.094765  0.000011 0.002237 -0.999997  0.352981 0.843086 0
Material_0
0  -0.007449 0.055898 0.094765  0.000011 0.002237 -0.999997  0.352981 0.843086 0
0  -0.011201 0.062701 0.096438  -0.999998 0.002184 0.000191  0.354873 0.844145 0
0  -0.009510 0.062694 0.094765  0.000217 0.002169 -0.999998  0.354013 0.844145 0
Material_0
0  -0.011201 0.062701 0.096438  -0.999998 0.002184 0.000191  0.354873 0.844145 0
0  -0.008801 0.069710 0.096438  -0.824526 0.565283 0.024732  0.353669 0.845287 0
0  -0.009510 0.062694 0.094765  0.000217 0.002169 -0.999998  0.354013 0.844145 0
Material_0
0  -0.009510 0.062694 0.094765  0.000217 0.002169 -0.999998  0.354013 0.844145 0
0  -0.008801 0.069710 0.096438  -0.824526 0.565283 0.024732  0.353669 0.845287 0
0  -0.007110 0.069696 0.094765  -0.000018 0.002140 -0.999998  0.352809 0.845287 0
Material_0
0  -0.008801 0.069710 0.096438  -0.824526 0.565283 0.024732  0.353669 0.845287 0
0  -0.006196 0.071718 0.096438  -0.735247 0.677797 -0.001732  0.352293 0.845531 0
0  -0.007110 0.069696 0.094765  -0.000018 0.002140 -0.999998  0.352809 0.845287 0
Material_0
0  -0.007110 0.069696 0.094765  -0.000018 0.002140 -0.999998  0.352809 0.845287 0
0  -0.006196 0.071718 0.096438  -0.735247 0.677797 -0.001732  0.352293 0.845531 0
0  -0.003168 0.072755 0.094765  0.000197 0.002150 -0.999998  0.350832 0.845694 0
Material_0
0  -0.006196 0.071718 0.096438  -0.735247 0.677797 -0.001732  0.352293 0.845531 0
0  -0.004824 0.074359 0.096438  -0.972800 0.231618 -0.003626  0.351605 0.845939 0
0  -0.003168 0.072755 0.094765  0.000197 0.002150 -0.999998  0.350832 0.845694 0
Material_0
0  -0.004824 0.074359 0.096438  -0.972800 0.231618 -0.003626  0.351605 0.845939 0
0  -0.004810 0.075028 0.096438  -0.999998 0.002199 0.000184  0.351605 0.846102 0
0  -0.003168 0.072755 0.094765  0.000197 0.002150 -0.999998  0.350832 0.845694 0
Material_0
0  -0.003168 0.072755 0.094765  0.000197 0.002150 -0.999998  0.350832 0.845694 0
0  -0.004810 0.075028 0.096438  -0.999998 0.002199 0.000184  0.351605 0.846102 0
0  -0.003119 0.075028 0.094765  0.000199 0.002168 -0.999998  0.350832 0.846102 0
Material_0
0  -0.010497 0.032613 0.039978  -0.983099 0.177858 -0.043404  0.354529 0.839418 0
0  -0.010497 0.032613 0.001076  -0.984072 0.171900 -0.045306  0.354529 0.839418 0
0  -0.010696 0.031238 0.039978  -0.999997 0.002266 -0.000040  0.354615 0.839255 0
Material_0
0  -0.010696 0.031238 0.039978  -0.999997 0.002266 -0.000040  0.354615 0.839255 0
0  -0.010497 0.032613 0.001076  -0.984072 0.171900 -0.045306  0.354529 0.839418 0
0  -0.010696 0.031238 -0.002652  -0.999998 0.002026 -0.000044  0.354615 0.839255 0
Material_0
0  -0.010608 0.018661 0.062803  -0.994409 0.002195 0.105572  0.354529 0.837217 0
0  -0.010701 0.018661 0.062172  -0.999998 0.002176 0.000090  0.354615 0.837217 0
0  -0.010610 0.004430 0.062803  -0.994411 0.002289 0.105556  0.354529 0.835017 0
Material_0
0  -0.010701 0.018661 0.062172  -0.999998 0.002176 0.000090  0.354615 0.837217 0
0  -0.010701 0.004363 0.062172  -0.999997 0.002405 -0.000050  0.354615 0.835017 0
0  -0.010610 0.004430 0.062803  -0.994411 0.002289 0.105556  0.354529 0.835017 0
Material_0
0  -0.010610 0.004430 0.062803  -0.994411 0.002289 0.105556  0.354529 0.835017 0
0  -0.010701 0.004363 0.062172  -0.999997 0.002405 -0.000050  0.354615 0.835017 0
0  -0.004736 0.002900 0.062172  -0.003964 -0.982407 0.186711  0.351605 0.834772 0
Material_0
0  0.009915 0.075013 0.041660  -0.000201 0.002198 0.999998  0.344211 0.846102 0
0  0.009915 0.051022 0.041660  -0.000196 0.002199 0.999997  0.344211 0.842352 0
0  0.011606 0.075013 0.039978  0.999998 0.002210 -0.000178  0.343438 0.846102 0
Material_0
0  0.011606 0.075013 0.039978  0.999998 0.002210 -0.000178  0.343438 0.846102 0
0  0.009915 0.051022 0.041660  -0.000196 0.002199 0.999997  0.344211 0.842352 0
0  0.011606 0.051029 0.039978  0.999998 0.002210 -0.000182  0.343438 0.842352 0
Material_0
0  0.009915 0.051022 0.041660  -0.000196 0.002199 0.999997  0.344211 0.842352 0
0  0.009915 0.039254 0.041660  -0.000179 0.002180 0.999998  0.344211 0.840478 0
0  0.011606 0.051029 0.039978  0.999998 0.002210 -0.000182  0.343438 0.842352 0
Material_0
0  0.011606 0.051029 0.039978  0.999998 0.002210 -0.000182  0.343438 0.842352 0
0  0.009915 0.039254 0.041660  -0.000179 0.002180 0.999998  0.344211 0.840478 0
0  0.011606 0.039254 0.039978  0.999998 0.002160 -0.000171  0.343438 0.840478 0
Material_0
0  0.009915 0.039254 0.041660  -0.000179 0.002180 0.999998  0.344211 0.840478 0
0  0.009912 0.022338 0.041660  -0.000028 0.002297 0.999997  0.344211 0.837870 0
0  0.011606 0.039254 0.039978  0.999998 0.002160 -0.000171  0.343438 0.840478 0
Material_0
0  0.011606 0.039254 0.039978  0.999998 0.002160 -0.000171  0.343438 0.840478 0
0  0.009912 0.022338 0.041660  -0.000028 0.002297 0.999997  0.344211 0.837870 0
0  0.011601 0.018661 0.039978  0.999998 0.002186 0.000007  0.343438 0.837217 0
Material_0
0  0.009912 0.022338 0.041660  -0.000028 0.002297 0.999997  0.344211 0.837870 0
0  0.009912 0.020647 0.043352  -0.000006 1.000000 0.000220  0.344211 0.837543 0
0  0.011601 0.018661 0.039978  0.999998 0.002186 0.000007  0.343438 0.837217 0
Material_0
0  0.009912 0.020647 0.043352  -0.000006 1.000000 0.000220  0.344211 0.837543 0
0  0.009912 0.020647 0.062172  -0.000172 1.000000 -0.000062  0.344211 0.837543 0
0  0.011601 0.018661 0.039978  0.999998 0.002186 0.000007  0.343438 0.837217 0
Material_0
0  0.011601 0.018661 0.039978  0.999998 0.002186 0.000007  0.343438 0.837217 0
0  0.009912 0.020647 0.062172  -0.000172 1.000000 -0.000062  0.344211 0.837543 0
0  0.011601 0.018661 0.062172  0.999998 0.002203 0.000019  0.343438 0.837217 0
Material_0
0  0.009912 0.020647 0.062172  -0.000172 1.000000 -0.000062  0.344211 0.837543 0
0  0.011511 0.018661 0.062803  0.970960 0.002180 0.239232  0.343438 0.837217 0
0  0.011601 0.018661 0.062172  0.999998 0.002203 0.000019  0.343438 0.837217 0
Material_0
0  0.011601 0.018661 0.062172  0.999998 0.002203 0.000019  0.343438 0.837217 0
0  0.011511 0.018661 0.062803  0.970960 0.002180 0.239232  0.343438 0.837217 0
0  0.011601 0.004363 0.062172  0.999997 0.002405 -0.000051  0.343438 0.835017 0
Material_0
0  0.011511 0.018661 0.062803  0.970960 0.002180 0.239232  0.343438 0.837217 0
0  0.011513 0.004430 0.062803  0.970945 0.002223 0.239290  0.343438 0.835017 0
0  0.011601 0.004363 0.062172  0.999997 0.002405 -0.000051  0.343438 0.835017 0
Material_0
0  0.011601 0.004363 0.062172  0.999997 0.002405 -0.000051  0.343438 0.835017 0
0  0.011513 0.004430 0.062803  0.970945 0.002223 0.239290  0.343438 0.835017 0
0  0.005654 0.002900 0.062172  -0.003624 -0.982413 0.186686  0.346361 0.834772 0
Material_0
0  0.009912 0.020647 0.062172  -0.000172 1.000000 -0.000062  0.344211 0.837543 0
0  0.007889 0.020647 0.078038  -0.000021 1.000000 0.000051  0.345243 0.837543 0
0  0.011511 0.018661 0.062803  0.970960 0.002180 0.239232  0.343438 0.837217 0
Material_0
0  0.011511 0.018661 0.062803  0.970960 0.002180 0.239232  0.343438 0.837217 0
0  0.007889 0.020647 0.078038  -0.000021 1.000000 0.000051  0.345243 0.837543 0
0  0.009358 0.018661 0.078038  0.999998 0.001990 -0.000021  0.344555 0.837217 0
Material_0
0  0.007889 0.020647 0.078038  -0.000021 1.000000 0.000051  0.345243 0.837543 0
0  0.006648 0.020537 0.093073  -0.000005 1.000000 -0.000223  0.345931 0.837543 0
0  0.009358 0.018661 0.078038  0.999998 0.001990 -0.000021  0.344555 0.837217 0
Material_0
0  0.009358 0.018661 0.078038  0.999998 0.001990 -0.000021  0.344555 0.837217 0
0  0.006648 0.020537 0.093073  -0.000005 1.000000 -0.000223  0.345931 0.837543 0
0  0.008095 0.018661 0.096438  0.999998 0.002189 -0.000001  0.345157 0.837217 0
Material_0
0  0.006648 0.020537 0.093073  -0.000005 1.000000 -0.000223  0.345931 0.837543 0
0  0.006404 0.022228 0.094765  -0.000056 0.002432 -0.999997  0.346017 0.837788 0
0  0.008095 0.018661 0.096438  0.999998 0.002189 -0.000001  0.345157 0.837217 0
Material_0
0  0.006404 0.022228 0.094765  -0.000056 0.002432 -0.999997  0.346017 0.837788 0
0  0.006404 0.054412 0.094765  -0.000149 0.002243 -0.999997  0.346017 0.842841 0
0  0.008095 0.018661 0.096438  0.999998 0.002189 -0.000001  0.345157 0.837217 0
Material_0
0  0.008095 0.018661 0.096438  0.999998 0.002189 -0.000001  0.345157 0.837217 0
0  0.006404 0.054412 0.094765  -0.000149 0.002243 -0.999997  0.346017 0.842841 0
0  0.008095 0.054412 0.096438  0.999997 0.002444 -0.000024  0.345157 0.842841 0
Material_0
0  0.006404 0.054412 0.094765  -0.000149 0.002243 -0.999997  0.346017 0.842841 0
0  0.008438 0.055795 0.094765  0.000016 0.002211 -0.999998  0.344985 0.843086 0
0  0.008095 0.054412 0.096438  0.999997 0.002444 -0.000024  0.345157 0.842841 0
Material_0
0  0.008095 0.054412 0.096438  0.999997 0.002444 -0.000024  0.345157 0.842841 0
0  0.008438 0.055795 0.094765  0.000016 0.002211 -0.999998  0.344985 0.843086 0
0  0.010127 0.055788 0.096438  0.819694 -0.572483 0.019110  0.344125 0.843086 0
Material_0
0  0.008438 0.055795 0.094765  0.000016 0.002211 -0.999998  0.344985 0.843086 0
0  0.010499 0.062591 0.094765  -0.000216 0.002173 -0.999998  0.343953 0.844145 0
0  0.010127 0.055788 0.096438  0.819694 -0.572483 0.019110  0.344125 0.843086 0
Material_0
0  0.010127 0.055788 0.096438  0.819694 -0.572483 0.019110  0.344125 0.843086 0
0  0.010499 0.062591 0.094765  -0.000216 0.002173 -0.999998  0.343953 0.844145 0
0  0.012188 0.062584 0.096438  0.999998 0.002190 0.000191  0.343094 0.844145 0
Material_0
0  0.010499 0.062591 0.094765  -0.000216 0.002173 -0.999998  0.343953 0.844145 0
0  0.008100 0.069593 0.094765  -0.000010 0.002182 -0.999998  0.345157 0.845205 0
0  0.012188 0.062584 0.096438  0.999998 0.002190 0.000191  0.343094 0.844145 0
Material_0
0  0.012188 0.062584 0.096438  0.999998 0.002190 0.000191  0.343094 0.844145 0
0  0.008100 0.069593 0.094765  -0.000010 0.002182 -0.999998  0.345157 0.845205 0
0  0.009791 0.069585 0.096438  0.829776 0.558093 0.002097  0.344297 0.845205 0
Material_0
0  0.008100 0.069593 0.094765  -0.000010 0.002182 -0.999998  0.345157 0.845205 0
0  0.004157 0.072755 0.094765  -0.000148 0.002083 -0.999998  0.347135 0.845694 0
0  0.009791 0.069585 0.096438  0.829776 0.558093 0.002097  0.344297 0.845205 0
Material_0
0  0.009791 0.069585 0.096438  0.829776 0.558093 0.002097  0.344297 0.845205 0
0  0.004157 0.072755 0.094765  -0.000148 0.002083 -0.999998  0.347135 0.845694 0
0  0.007165 0.071696 0.096438  0.746359 0.665013 0.026575  0.345673 0.845531 0
Material_0
0  0.007165 0.071696 0.096438  0.746359 0.665013 0.026575  0.345673 0.845531 0
0  0.004157 0.072755 0.094765  -0.000148 0.002083 -0.999998  0.347135 0.845694 0
0  0.005811 0.074359 0.096438  0.972839 0.227422 -0.043180  0.346275 0.845939 0
Material_0
0  0.004157 0.072755 0.094765  -0.000148 0.002083 -0.999998  0.347135 0.845694 0
0  0.004109 0.075028 0.094765  -0.000198 0.002164 -0.999998  0.347135 0.846102 0
0  0.005811 0.074359 0.096438  0.972839 0.227422 -0.043180  0.346275 0.845939 0
Material_0
0  0.005811 0.074359 0.096438  0.972839 0.227422 -0.043180  0.346275 0.845939 0
0  0.004109 0.075028 0.094765  -0.000198 0.002164 -0.999998  0.347135 0.846102 0
0  0.005798 0.075028 0.096438  0.999998 0.002194 0.000203  0.346275 0.846102 0
Material_0
0  -0.006053 0.050956 0.119263  0.000001 -1.000000 0.000000  0.146206 0.842352 0
0  -0.007105 0.050956 0.117581  0.000001 -1.000000 0.000000  0.146722 0.842352 0
0  -0.006053 0.050956 0.114751  0.000001 -1.000000 0.000000  0.146206 0.842352 0
Material_0
0  -0.007105 0.050956 0.117581  0.000004 -1.000000 0.000000  0.146722 0.842352 0
0  -0.007105 0.050956 0.116185  0.000004 -1.000000 0.000000  0.146722 0.842352 0
0  -0.006053 0.050956 0.114751  0.000004 -1.000000 0.000000  0.146206 0.842352 0
Material_0
0  -0.006053 0.050956 0.114751  0.000004 -1.000000 0.000000  0.146206 0.842352 0
0  -0.007105 0.050956 0.116185  0.000004 -1.000000 0.000000  0.146722 0.842352 0
0  -0.007105 0.050956 0.113365  0.000004 -1.000000 0.000000  0.146722 0.842352 0
Material_0
0  -0.006053 0.050956 0.119263  0.938771 -0.344537 -0.001939  0.146206 0.842352 0
0  -0.006053 0.050956 0.114751  0.938783 -0.344506 -0.001750  0.146206 0.842352 0
0  -0.005643 0.052074 0.119263  0.836494 -0.547143 -0.030204  0.145948 0.842515 0
Material_0
0  -0.006053 0.050956 0.114751  0.938783 -0.344506 -0.001750  0.146206 0.842352 0
0  -0.005643 0.052074 0.114751  0.836495 -0.547141 0.030199  0.145948 0.842515 0
0  -0.005643 0.052074 0.119263  0.836494 -0.547143 -0.030204  0.145948 0.842515 0
Material_0
0  -0.005643 0.052074 0.119263  0.836494 -0.547143 -0.030204  0.145948 0.842515 0
0  -0.005643 0.052074 0.114751  0.836495 -0.547141 0.030199  0.145948 0.842515 0
0  -0.001828 0.055700 0.119263  0.370927 -0.928662 -0.000000  0.144056 0.843086 0
Material_0
0  -0.005643 0.052074 0.114751  0.836495 -0.547141 0.030199  0.145948 0.842515 0
0  -0.001828 0.055700 0.114751  0.370908 -0.928670 -0.000000  0.144056 0.843086 0
0  -0.001828 0.055700 0.119263  0.370927 -0.928662 -0.000000  0.144056 0.843086 0
Material_0
0  -0.001828 0.055700 0.119263  0.370927 -0.928662 -0.000000  0.144056 0.843086 0
0  -0.001828 0.055700 0.114751  0.370908 -0.928670 -0.000000  0.144056 0.843086 0
0  0.002823 0.055700 0.119263  -0.371209 -0.928549 -0.000000  0.141735 0.843086 0
Material_0
0  -0.001828 0.055700 0.114751  0.370908 -0.928670 -0.000000  0.144056 0.843086 0
0  0.002823 0.055700 0.114751  -0.371229 -0.928541 -0.000001  0.141735 0.843086 0
0  0.002823 0.055700 0.119263  -0.371209 -0.928549 -0.000000  0.141735 0.843086 0
Material_0
0  0.002823 0.055700 0.119263  -0.371209 -0.928549 -0.000000  0.141735 0.843086 0
0  0.002823 0.055700 0.114751  -0.371229 -0.928541 -0.000001  0.141735 0.843086 0
0  0.006633 0.052074 0.119263  -0.836495 -0.547143 -0.030196  0.139843 0.842515 0
Material_0
0  0.002823 0.055700 0.114751  -0.371229 -0.928541 -0.000001  0.141735 0.843086 0
0  0.006633 0.052074 0.114751  -0.836496 -0.547141 -0.030200  0.139843 0.842515 0
0  0.006633 0.052074 0.119263  -0.836495 -0.547143 -0.030196  0.139843 0.842515 0
Material_0
0  0.006633 0.052074 0.119263  -0.836495 -0.547143 -0.030196  0.139843 0.842515 0
0  0.006633 0.052074 0.114751  -0.836496 -0.547141 -0.030200  0.139843 0.842515 0
0  0.007041 0.050956 0.119263  -0.938796 -0.344470 -0.001816  0.139585 0.842352 0
Material_0
0  0.006633 0.052074 0.114751  -0.836496 -0.547141 -0.030200  0.139843 0.842515 0
0  0.007041 0.050956 0.114751  -0.938785 -0.344499 -0.001852  0.139585 0.842352 0
0  0.007041 0.050956 0.119263  -0.938796 -0.344470 -0.001816  0.139585 0.842352 0
Material_0
0  -0.005695 0.035114 0.114771  0.000129 0.002302 0.999997  0.352121 0.839826 0
0  -0.007105 0.034819 0.113365  -0.999997 0.002352 -0.000133  0.352809 0.839826 0
0  -0.005695 0.033363 0.113404  -0.003588 -0.852235 0.523146  0.352121 0.839581 0
Material_0
0  -0.007105 0.034819 0.113365  -0.999997 0.002352 -0.000133  0.352809 0.839826 0
0  -0.007105 0.034062 0.110335  -0.999997 0.002344 -0.000052  0.352809 0.839663 0
0  -0.005695 0.033363 0.113404  -0.003588 -0.852235 0.523146  0.352121 0.839581 0
Material_0
0  -0.005695 0.033363 0.113404  -0.003588 -0.852235 0.523146  0.352121 0.839581 0
0  -0.007105 0.034062 0.110335  -0.999997 0.002344 -0.000052  0.352809 0.839663 0
0  -0.005695 0.032834 0.111263  -0.003607 -0.798074 0.602549  0.352121 0.839500 0
Material_0
0  -0.007105 0.034062 0.110335  -0.999997 0.002344 -0.000052  0.352809 0.839663 0
0  -0.007105 0.023964 0.104553  -0.999997 0.002245 -0.000158  0.352809 0.838114 0
0  -0.005695 0.032834 0.111263  -0.003607 -0.798074 0.602549  0.352121 0.839500 0
Material_0
0  -0.005695 0.032834 0.111263  -0.003607 -0.798074 0.602549  0.352121 0.839500 0
0  -0.007105 0.023964 0.104553  -0.999997 0.002245 -0.000158  0.352809 0.838114 0
0  -0.005695 0.023456 0.105891  0.000167 -0.352735 0.935723  0.352121 0.838033 0
Material_0
0  -0.007105 0.023964 0.104553  -0.999997 0.002245 -0.000158  0.352809 0.838114 0
0  -0.007105 0.008659 0.101552  -0.999998 0.002187 -0.000004  0.352809 0.835669 0
0  -0.005695 0.023456 0.105891  0.000167 -0.352735 0.935723  0.352121 0.838033 0
Material_0
0  -0.005695 0.023456 0.105891  0.000167 -0.352735 0.935723  0.352121 0.838033 0
0  -0.007105 0.008659 0.101552  -0.999998 0.002187 -0.000004  0.352809 0.835669 0
0  -0.005695 0.009482 0.103100  -0.000006 -0.385286 0.922797  0.352121 0.835832 0
Material_0
0  -0.007105 0.008659 0.101552  -0.999998 0.002187 -0.000004  0.352809 0.835669 0
0  -0.005298 0.007202 0.101418  -0.274804 -0.830942 0.483755  0.351863 0.835424 0
0  -0.005695 0.009482 0.103100  -0.000006 -0.385286 0.922797  0.352121 0.835832 0
Material_0
0  -0.005298 0.007202 0.101418  -0.274804 -0.830942 0.483755  0.351863 0.835424 0
0  0.006288 0.007195 0.101418  0.257761 -0.838152 0.480688  0.346103 0.835424 0
0  -0.005695 0.009482 0.103100  -0.000006 -0.385286 0.922797  0.352121 0.835832 0
Material_0
0  -0.005695 0.009482 0.103100  -0.000006 -0.385286 0.922797  0.352121 0.835832 0
0  0.006288 0.007195 0.101418  0.257761 -0.838152 0.480688  0.346103 0.835424 0
0  0.006684 0.009387 0.103100  -0.000009 -0.385296 0.922793  0.345845 0.835832 0
Material_0
0  0.006288 0.007195 0.101418  0.257761 -0.838152 0.480688  0.346103 0.835424 0
0  0.008095 0.008541 0.101552  0.999998 0.002177 -0.000036  0.345157 0.835669 0
0  0.006684 0.009387 0.103100  -0.000009 -0.385296 0.922793  0.345845 0.835832 0
Material_0
0  0.008095 0.008541 0.101552  0.999998 0.002177 -0.000036  0.345157 0.835669 0
0  0.008095 0.023846 0.104553  0.999997 0.002299 -0.000150  0.345157 0.838033 0
0  0.006684 0.009387 0.103100  -0.000009 -0.385296 0.922793  0.345845 0.835832 0
Material_0
0  0.006684 0.009387 0.103100  -0.000009 -0.385296 0.922793  0.345845 0.835832 0
0  0.008095 0.023846 0.104553  0.999997 0.002299 -0.000150  0.345157 0.838033 0
0  0.006684 0.023353 0.105891  -0.000178 -0.352701 0.935736  0.345845 0.837951 0
Material_0
0  0.008095 0.023846 0.104553  0.999997 0.002299 -0.000150  0.345157 0.838033 0
0  0.008095 0.033944 0.110335  0.999997 0.002296 -0.000107  0.345157 0.839663 0
0  0.006684 0.023353 0.105891  -0.000178 -0.352701 0.935736  0.345845 0.837951 0
Material_0
0  0.006684 0.023353 0.105891  -0.000178 -0.352701 0.935736  0.345845 0.837951 0
0  0.008095 0.033944 0.110335  0.999997 0.002296 -0.000107  0.345157 0.839663 0
0  0.006684 0.032731 0.111263  -0.003949 -0.798095 0.602519  0.345845 0.839500 0
Material_0
0  0.008095 0.033944 0.110335  0.999997 0.002296 -0.000107  0.345157 0.839663 0
0  0.008095 0.034694 0.113365  0.999997 0.002392 -0.000081  0.345157 0.839744 0
0  0.006684 0.032731 0.111263  -0.003949 -0.798095 0.602519  0.345845 0.839500 0
Material_0
0  0.006684 0.032731 0.111263  -0.003949 -0.798095 0.602519  0.345845 0.839500 0
0  0.008095 0.034694 0.113365  0.999997 0.002392 -0.000081  0.345157 0.839744 0
0  0.006684 0.033268 0.113404  -0.003990 -0.852222 0.523164  0.345845 0.839500 0
Material_0
0  0.008095 0.034694 0.113365  0.999997 0.002392 -0.000081  0.345157 0.839744 0
0  0.006684 0.035018 0.114771  -0.000131 0.002336 0.999997  0.345845 0.839826 0
0  0.006684 0.033268 0.113404  -0.003990 -0.852222 0.523164  0.345845 0.839500 0
Material_0
0  -0.017994 0.019257 0.032503  0.000000 -1.000000 0.000000  0.152138 0.837380 0
0  -0.017994 0.019257 0.029961  0.000000 -1.000000 0.000000  0.152138 0.837380 0
0  -0.011234 0.019257 0.032503  0.000000 -1.000000 0.000000  0.148785 0.837380 0
Material_0
0  -0.011234 0.019257 0.032503  0.000000 -1.000000 0.000000  0.148785 0.837380 0
0  -0.017994 0.019257 0.029961  0.000000 -1.000000 0.000000  0.152138 0.837380 0
0  -0.011234 0.019257 0.031088  0.000000 -1.000000 0.000000  0.148785 0.837380 0
Material_0
0  -0.017994 0.019257 0.029961  0.000000 -1.000000 -0.000001  0.152138 0.837380 0
0  -0.012359 0.019257 0.029961  0.000000 -1.000000 -0.000001  0.149301 0.837380 0
0  -0.011234 0.019257 0.031088  0.000000 -1.000000 -0.000001  0.148785 0.837380 0
Material_0
0  -0.011234 0.019257 0.039748  -0.000000 0.002205 0.999998  0.148785 0.837380 0
0  -0.011234 0.029149 0.039748  -0.000000 0.002205 0.999998  0.148785 0.838929 0
0  -0.017994 0.019257 0.039748  -0.217346 0.002085 0.976092  0.152138 0.837380 0
Material_0
0  -0.011234 0.029149 0.039748  -0.000000 0.002205 0.999998  0.148785 0.838929 0
0  -0.017994 0.029149 0.039748  -0.304710 -0.002206 0.952443  0.152138 0.838929 0
0  -0.017994 0.019257 0.039748  -0.217346 0.002085 0.976092  0.152138 0.837380 0
Material_0
0  -0.017994 0.019257 0.039748  -0.217346 0.002085 0.976092  0.152138 0.837380 0
0  -0.017994 0.029149 0.039748  -0.304710 -0.002206 0.952443  0.152138 0.838929 0
0  -0.019121 0.020382 0.038945  -0.580432 0.002296 0.814305  0.152740 0.837543 0
Material_0
0  -0.019121 0.020382 0.038945  -0.580432 0.002296 0.814305  0.152740 0.837543 0
0  -0.017994 0.029149 0.039748  -0.304710 -0.002206 0.952443  0.152138 0.838929 0
0  -0.019121 0.029149 0.038945  -0.580456 -0.002116 0.814289  0.152740 0.838929 0
Material_0
0  -0.017994 0.029149 0.039748  -0.304710 -0.002206 0.952443  0.152138 0.838929 0
0  -0.018114 0.062120 0.039748  -0.228353 -0.080747 0.970224  0.152224 0.843819 0
0  -0.019121 0.029149 0.038945  -0.580456 -0.002116 0.814289  0.152740 0.838929 0
Material_0
0  -0.019121 0.029149 0.038945  -0.580456 -0.002116 0.814289  0.152740 0.838929 0
0  -0.018114 0.062120 0.039748  -0.228353 -0.080747 0.970224  0.152224 0.843819 0
0  -0.019121 0.061208 0.038945  -0.589226 -0.058918 0.805817  0.152740 0.843656 0
Material_0
0  -0.019121 0.061208 0.038945  -0.589226 -0.058918 0.805817  0.152740 0.843656 0
0  -0.018114 0.062120 0.039748  -0.228353 -0.080747 0.970224  0.152224 0.843819 0
0  -0.019358 0.061944 0.038945  -0.492976 -0.269666 0.827197  0.152826 0.843819 0
Material_0
0  -0.019358 0.061944 0.038945  -0.492976 -0.269666 0.827197  0.152826 0.843819 0
0  -0.018114 0.062120 0.039748  -0.228353 -0.080747 0.970224  0.152224 0.843819 0
0  -0.022204 0.065908 0.038945  -0.338448 -0.487316 0.804969  0.154288 0.844390 0
Material_0
0  -0.018114 0.062120 0.039748  -0.228353 -0.080747 0.970224  0.152224 0.843819 0
0  -0.021570 0.066791 0.039748  -0.068005 -0.821097 0.566723  0.153944 0.844553 0
0  -0.022204 0.065908 0.038945  -0.338448 -0.487316 0.804969  0.154288 0.844390 0
Material_0
0  -0.022204 0.065908 0.038945  -0.338448 -0.487316 0.804969  0.154288 0.844390 0
0  -0.021570 0.066791 0.039748  -0.068005 -0.821097 0.566723  0.153944 0.844553 0
0  -0.022851 0.066813 0.039748  -0.015202 -0.943967 0.329690  0.154631 0.844553 0
Material_0
0  -0.021570 0.066791 0.039748  -0.068005 -0.821097 0.566723  0.153944 0.844553 0
0  -0.021570 0.066791 0.044900  -0.017037 -0.999847 -0.003879  0.153944 0.844553 0
0  -0.022851 0.066813 0.039748  -0.015202 -0.943967 0.329690  0.154631 0.844553 0
Material_0
0  -0.022851 0.066813 0.039748  -0.015202 -0.943967 0.329690  0.154631 0.844553 0
0  -0.021570 0.066791 0.044900  -0.017037 -0.999847 -0.003879  0.153944 0.844553 0
0  -0.022851 0.066813 0.043772  -0.017038 -0.999847 -0.003879  0.154631 0.844553 0
Material_0
0  -0.011234 0.057347 0.039748  -0.000000 0.002205 0.999998  0.148785 0.843330 0
0  -0.011373 0.058119 0.039748  -0.000000 0.002205 0.999998  0.148871 0.843412 0
0  -0.011234 0.029149 0.039748  -0.000000 0.002205 0.999998  0.148785 0.838929 0
Material_0
0  -0.011234 0.029149 0.039748  -0.000000 0.002205 0.999998  0.148785 0.838929 0
0  -0.011373 0.058119 0.039748  -0.000000 0.002205 0.999998  0.148871 0.843412 0
0  -0.017994 0.029149 0.039748  -0.304710 -0.002206 0.952443  0.152138 0.838929 0
Material_0
0  -0.017994 0.029149 0.039748  -0.304710 -0.002206 0.952443  0.152138 0.838929 0
0  -0.011373 0.058119 0.039748  -0.000000 0.002205 0.999998  0.148871 0.843412 0
0  -0.018114 0.062120 0.039748  -0.228353 -0.080747 0.970224  0.152224 0.843819 0
Material_0
0  -0.011373 0.058119 0.039748  -0.000000 0.002205 0.999998  0.148871 0.843412 0
0  -0.013222 0.064569 0.039748  0.000000 0.002205 0.999998  0.149817 0.844227 0
0  -0.018114 0.062120 0.039748  -0.228353 -0.080747 0.970224  0.152224 0.843819 0
Material_0
0  -0.018114 0.062120 0.039748  -0.228353 -0.080747 0.970224  0.152224 0.843819 0
0  -0.013222 0.064569 0.039748  0.000000 0.002205 0.999998  0.149817 0.844227 0
0  -0.021570 0.066791 0.039748  -0.068005 -0.821097 0.566723  0.153944 0.844553 0
Material_0
0  -0.013222 0.064569 0.039748  0.000000 0.002205 0.999998  0.149817 0.844227 0
0  -0.013222 0.068541 0.039748  0.157345 -0.736575 0.657800  0.149817 0.844797 0
0  -0.021570 0.066791 0.039748  -0.068005 -0.821097 0.566723  0.153944 0.844553 0
Material_0
0  -0.013222 0.068541 0.039748  0.157345 -0.736575 0.657800  0.149817 0.844797 0
0  -0.013222 0.068541 0.044900  0.208198 -0.978085 -0.001896  0.149817 0.844797 0
0  -0.021570 0.066791 0.039748  -0.068005 -0.821097 0.566723  0.153944 0.844553 0
Material_0
0  -0.021570 0.066791 0.039748  -0.068005 -0.821097 0.566723  0.153944 0.844553 0
0  -0.013222 0.068541 0.044900  0.208198 -0.978085 -0.001896  0.149817 0.844797 0
0  -0.021570 0.066791 0.044900  0.208158 -0.978093 -0.001871  0.153944 0.844553 0
Material_0
0  -0.017994 0.019257 0.029961  0.000000 -0.006764 -0.999977  0.152138 0.837380 0
0  -0.017994 0.029149 0.029894  -0.000170 0.002112 -0.999998  0.152138 0.838929 0
0  -0.012359 0.019257 0.029961  0.000000 -0.006764 -0.999977  0.149301 0.837380 0
Material_0
0  -0.012359 0.019257 0.029961  0.000000 -0.006764 -0.999977  0.149301 0.837380 0
0  -0.017994 0.029149 0.029894  -0.000170 0.002112 -0.999998  0.152138 0.838929 0
0  -0.012359 0.029149 0.029894  0.000203 0.002127 -0.999998  0.149301 0.838929 0
Material_0
0  -0.017994 0.029149 0.029894  -0.000170 0.002112 -0.999998  0.152138 0.838929 0
0  -0.018366 0.029465 0.029894  0.000027 0.002212 -0.999997  0.152396 0.838929 0
0  -0.012359 0.029149 0.029894  0.000203 0.002127 -0.999998  0.149301 0.838929 0
Material_0
0  -0.012359 0.029149 0.029894  0.000203 0.002127 -0.999998  0.149301 0.838929 0
0  -0.018366 0.029465 0.029894  0.000027 0.002212 -0.999997  0.152396 0.838929 0
0  -0.011989 0.029465 0.029894  -0.000004 0.002195 -0.999998  0.149129 0.838929 0
Material_0
0  -0.018366 0.029465 0.029894  0.000027 0.002212 -0.999997  0.152396 0.838929 0
0  -0.012359 0.031105 0.030572  0.000177 0.521315 -0.853365  0.149301 0.839174 0
0  -0.011989 0.029465 0.029894  -0.000004 0.002195 -0.999998  0.149129 0.838929 0
Material_0
0  -0.012359 0.031105 0.030572  0.000177 0.521315 -0.853365  0.149301 0.839174 0
0  -0.011234 0.029877 0.030897  0.999998 0.002153 -0.000028  0.148785 0.839011 0
0  -0.011989 0.029465 0.029894  -0.000004 0.002195 -0.999998  0.149129 0.838929 0
Material_0
0  -0.011989 0.029465 0.029894  -0.000004 0.002195 -0.999998  0.149129 0.838929 0
0  -0.011234 0.029877 0.030897  0.999998 0.002153 -0.000028  0.148785 0.839011 0
0  -0.011234 0.029149 0.031022  0.999998 0.002118 -0.000187  0.148785 0.838929 0
Material_0
0  -0.011234 0.029877 0.030897  0.999998 0.002153 -0.000028  0.148785 0.839011 0
0  -0.011234 0.029149 0.032474  0.999998 0.002205 -0.000000  0.148785 0.838929 0
0  -0.011234 0.029149 0.031022  0.999998 0.002118 -0.000187  0.148785 0.838929 0
Material_0
0  -0.011234 0.029149 0.031022  0.999998 0.002118 -0.000187  0.148785 0.838929 0
0  -0.011234 0.029149 0.032474  0.999998 0.002205 -0.000000  0.148785 0.838929 0
0  -0.011234 0.019257 0.031088  0.999998 0.002205 -0.000015  0.148785 0.837380 0
Material_0
0  -0.011234 0.029149 0.032474  0.999998 0.002205 -0.000000  0.148785 0.838929 0
0  -0.011234 0.019257 0.032503  0.999998 0.002205 -0.000000  0.148785 0.837380 0
0  -0.011234 0.019257 0.031088  0.999998 0.002205 -0.000015  0.148785 0.837380 0
Material_0
0  -0.011989 0.029465 0.029894  -0.000004 0.002195 -0.999998  0.149129 0.838929 0
0  -0.011234 0.029149 0.031022  0.999998 0.002118 -0.000187  0.148785 0.838929 0
0  -0.012359 0.029149 0.029894  0.000203 0.002127 -0.999998  0.149301 0.838929 0
Material_0
0  -0.011234 0.029149 0.031022  0.999998 0.002118 -0.000187  0.148785 0.838929 0
0  -0.011234 0.019257 0.031088  0.707174 -0.006389 -0.707011  0.148785 0.837380 0
0  -0.012359 0.029149 0.029894  0.000203 0.002127 -0.999998  0.149301 0.838929 0
Material_0
0  -0.012359 0.029149 0.029894  0.000203 0.002127 -0.999998  0.149301 0.838929 0
0  -0.011234 0.019257 0.031088  0.707174 -0.006389 -0.707011  0.148785 0.837380 0
0  -0.012359 0.019257 0.029961  0.707116 -0.006507 -0.707068  0.149301 0.837380 0
Material_0
0  -0.011234 0.029149 0.032474  0.999998 0.002205 -0.000000  0.148785 0.838929 0
0  -0.011234 0.029877 0.030897  0.999998 0.002153 -0.000028  0.148785 0.839011 0
0  -0.011234 0.029149 0.037167  0.999998 0.002205 -0.000000  0.148785 0.838929 0
Material_0
0  -0.011234 0.029149 0.037167  0.999998 0.002205 -0.000000  0.148785 0.838929 0
0  -0.011234 0.029877 0.030897  0.999998 0.002153 -0.000028  0.148785 0.839011 0
0  -0.011234 0.034805 0.034864  0.999997 0.002268 -0.000195  0.148785 0.839744 0
Material_0
0  -0.011234 0.034805 0.034864  0.999997 0.002268 -0.000195  0.148785 0.839744 0
0  -0.011234 0.029877 0.030897  0.999998 0.002153 -0.000028  0.148785 0.839011 0
0  -0.012359 0.034305 0.033077  0.000009 0.521275 -0.853389  0.149301 0.839663 0
Material_0
0  -0.011234 0.029877 0.030897  0.999998 0.002153 -0.000028  0.148785 0.839011 0
0  -0.012359 0.031105 0.030572  0.000177 0.521315 -0.853365  0.149301 0.839174 0
0  -0.012359 0.034305 0.033077  0.000009 0.521275 -0.853389  0.149301 0.839663 0
Material_0
0  -0.012359 0.034305 0.033077  0.000009 0.521275 -0.853389  0.149301 0.839663 0
0  -0.012359 0.031105 0.030572  0.000177 0.521315 -0.853365  0.149301 0.839174 0
0  -0.017994 0.031105 0.030572  -0.000226 0.521297 -0.853375  0.152138 0.839174 0
Material_0
0  -0.012359 0.031105 0.030572  0.000177 0.521315 -0.853365  0.149301 0.839174 0
0  -0.018366 0.029465 0.029894  0.000027 0.002212 -0.999997  0.152396 0.838929 0
0  -0.017994 0.031105 0.030572  -0.000226 0.521297 -0.853375  0.152138 0.839174 0
Material_0
0  -0.017994 0.031105 0.030572  -0.000226 0.521297 -0.853375  0.152138 0.839174 0
0  -0.018366 0.029465 0.029894  0.000027 0.002212 -0.999997  0.152396 0.838929 0
0  -0.019121 0.029877 0.030897  -0.999998 0.002240 -0.000007  0.152740 0.839011 0
Material_0
0  -0.018366 0.029465 0.029894  0.000027 0.002212 -0.999997  0.152396 0.838929 0
0  -0.017994 0.029149 0.029894  -0.000170 0.002112 -0.999998  0.152138 0.838929 0
0  -0.019121 0.029877 0.030897  -0.999998 0.002240 -0.000007  0.152740 0.839011 0
Material_0
0  -0.019121 0.029877 0.030897  -0.999998 0.002240 -0.000007  0.152740 0.839011 0
0  -0.017994 0.029149 0.029894  -0.000170 0.002112 -0.999998  0.152138 0.838929 0
0  -0.019121 0.029149 0.031022  -0.999998 0.002198 -0.000199  0.152740 0.838929 0
Material_0
0  -0.017994 0.029149 0.029894  -0.000170 0.002112 -0.999998  0.152138 0.838929 0
0  -0.017994 0.019257 0.029961  -0.707089 -0.006546 -0.707095  0.152138 0.837380 0
0  -0.019121 0.029149 0.031022  -0.999998 0.002198 -0.000199  0.152740 0.838929 0
Material_0
0  -0.017994 0.019257 0.029961  -0.707089 -0.006546 -0.707095  0.152138 0.837380 0
0  -0.019121 0.020382 0.031079  -0.999997 0.002204 -0.000024  0.152740 0.837543 0
0  -0.019121 0.029149 0.031022  -0.999998 0.002198 -0.000199  0.152740 0.838929 0
Material_0
0  -0.019121 0.020382 0.031079  -0.999997 0.002204 -0.000024  0.152740 0.837543 0
0  -0.019121 0.029149 0.031347  -0.999998 0.002180 0.000189  0.152740 0.838929 0
0  -0.019121 0.029149 0.031022  -0.999998 0.002198 -0.000199  0.152740 0.838929 0
Material_0
0  -0.019121 0.029149 0.031347  -0.999998 0.002180 0.000189  0.152740 0.838929 0
0  -0.019121 0.034805 0.034864  -0.999997 0.002250 -0.000166  0.152740 0.839744 0
0  -0.019121 0.029149 0.031022  -0.999998 0.002198 -0.000199  0.152740 0.838929 0
Material_0
0  -0.019121 0.029149 0.031022  -0.999998 0.002198 -0.000199  0.152740 0.838929 0
0  -0.019121 0.034805 0.034864  -0.999997 0.002250 -0.000166  0.152740 0.839744 0
0  -0.019121 0.029877 0.030897  -0.999998 0.002240 -0.000007  0.152740 0.839011 0
Material_0
0  -0.019121 0.029877 0.030897  -0.999998 0.002240 -0.000007  0.152740 0.839011 0
0  -0.019121 0.034805 0.034864  -0.999997 0.002250 -0.000166  0.152740 0.839744 0
0  -0.017994 0.031105 0.030572  -0.000226 0.521297 -0.853375  0.152138 0.839174 0
Material_0
0  -0.019121 0.034805 0.034864  -0.999997 0.002250 -0.000166  0.152740 0.839744 0
0  -0.017994 0.034305 0.033077  -0.000015 0.521264 -0.853395  0.152138 0.839663 0
0  -0.017994 0.031105 0.030572  -0.000226 0.521297 -0.853375  0.152138 0.839174 0
Material_0
0  -0.017994 0.031105 0.030572  -0.000226 0.521297 -0.853375  0.152138 0.839174 0
0  -0.017994 0.034305 0.033077  -0.000015 0.521264 -0.853395  0.152138 0.839663 0
0  -0.012359 0.034305 0.033077  0.000009 0.521275 -0.853389  0.149301 0.839663 0
Material_0
0  -0.017994 0.034305 0.033077  -0.000015 0.521264 -0.853395  0.152138 0.839663 0
0  -0.012359 0.036320 0.033765  0.000021 0.002182 -0.999998  0.149301 0.839989 0
0  -0.012359 0.034305 0.033077  0.000009 0.521275 -0.853389  0.149301 0.839663 0
Material_0
0  -0.012359 0.034305 0.033077  0.000009 0.521275 -0.853389  0.149301 0.839663 0
0  -0.012359 0.036320 0.033765  0.000021 0.002182 -0.999998  0.149301 0.839989 0
0  -0.011234 0.034805 0.034864  0.999997 0.002268 -0.000195  0.148785 0.839744 0
Material_0
0  -0.012359 0.036320 0.033765  0.000021 0.002182 -0.999998  0.149301 0.839989 0
0  -0.017994 0.034305 0.033077  -0.000015 0.521264 -0.853395  0.152138 0.839663 0
0  -0.017994 0.036320 0.033765  -0.000011 0.002248 -0.999997  0.152138 0.839989 0
Material_0
0  -0.017994 0.034305 0.033077  -0.000015 0.521264 -0.853395  0.152138 0.839663 0
0  -0.019121 0.034805 0.034864  -0.999997 0.002250 -0.000166  0.152740 0.839744 0
0  -0.017994 0.036320 0.033765  -0.000011 0.002248 -0.999997  0.152138 0.839989 0
Material_0
0  -0.017994 0.036320 0.033765  -0.000011 0.002248 -0.999997  0.152138 0.839989 0
0  -0.019121 0.034805 0.034864  -0.999997 0.002250 -0.000166  0.152740 0.839744 0
0  -0.019121 0.061208 0.034864  -0.999998 0.002190 -0.000050  0.152740 0.843656 0
Material_0
0  -0.019121 0.034805 0.034864  -0.999997 0.002250 -0.000166  0.152740 0.839744 0
0  -0.019121 0.029149 0.038295  -0.999998 0.002176 -0.000167  0.152740 0.838929 0
0  -0.019121 0.061208 0.034864  -0.999998 0.002190 -0.000050  0.152740 0.843656 0
Material_0
0  -0.019121 0.061208 0.034864  -0.999998 0.002190 -0.000050  0.152740 0.843656 0
0  -0.019121 0.029149 0.038295  -0.999998 0.002176 -0.000167  0.152740 0.838929 0
0  -0.019121 0.029149 0.038945  -0.999998 0.002205 0.000000  0.152740 0.838929 0
Material_0
0  -0.019121 0.029149 0.038295  -0.999998 0.002176 -0.000167  0.152740 0.838929 0
0  -0.019121 0.020382 0.038945  -0.999998 0.002166 0.000000  0.152740 0.837543 0
0  -0.019121 0.029149 0.038945  -0.999998 0.002205 0.000000  0.152740 0.838929 0
Material_0
0  -0.019121 0.029149 0.031347  -0.999998 0.002180 0.000189  0.152740 0.838929 0
0  -0.019121 0.029149 0.038295  -0.999998 0.002176 -0.000167  0.152740 0.838929 0
0  -0.019121 0.034805 0.034864  -0.999997 0.002250 -0.000166  0.152740 0.839744 0
Material_0
0  -0.019121 0.029149 0.038945  -0.999998 0.002205 0.000000  0.152740 0.838929 0
0  -0.019121 0.061208 0.038945  -0.999998 0.002000 0.000000  0.152740 0.843656 0
0  -0.019121 0.061208 0.034864  -0.999998 0.002190 -0.000050  0.152740 0.843656 0
Material_0
0  -0.019121 0.061208 0.034864  -0.999998 0.002190 -0.000050  0.152740 0.843656 0
0  -0.019121 0.061208 0.038945  -0.999998 0.002000 0.000000  0.152740 0.843656 0
0  -0.019358 0.061944 0.034864  -0.984244 -0.176000 0.016976  0.152826 0.843819 0
Material_0
0  -0.019121 0.061208 0.038945  -0.999998 0.002000 0.000000  0.152740 0.843656 0
0  -0.019358 0.061944 0.038945  -0.984203 -0.176228 0.016971  0.152826 0.843819 0
0  -0.019358 0.061944 0.034864  -0.984244 -0.176000 0.016976  0.152826 0.843819 0
Material_0
0  -0.019358 0.061944 0.038945  -0.984203 -0.176228 0.016971  0.152826 0.843819 0
0  -0.022204 0.065908 0.038945  -0.984231 -0.176071 0.016961  0.154288 0.844390 0
0  -0.019358 0.061944 0.034864  -0.984244 -0.176000 0.016976  0.152826 0.843819 0
Material_0
0  -0.019358 0.061944 0.034864  -0.984244 -0.176000 0.016976  0.152826 0.843819 0
0  -0.022204 0.065908 0.038945  -0.984231 -0.176071 0.016961  0.154288 0.844390 0
0  -0.022999 0.067011 0.034864  -0.984237 -0.176060 0.016753  0.154717 0.844553 0
Material_0
0  -0.022204 0.065908 0.038945  -0.984231 -0.176071 0.016961  0.154288 0.844390 0
0  -0.022851 0.066813 0.039748  -0.984238 -0.176029 0.016988  0.154631 0.844553 0
0  -0.022999 0.067011 0.034864  -0.984237 -0.176060 0.016753  0.154717 0.844553 0
Material_0
0  -0.022999 0.067011 0.034864  -0.984237 -0.176060 0.016753  0.154717 0.844553 0
0  -0.022851 0.066813 0.039748  -0.984238 -0.176029 0.016988  0.154631 0.844553 0
0  -0.022999 0.067011 0.039748  -0.984235 -0.176050 0.016967  0.154717 0.844553 0
Material_0
0  -0.022851 0.066813 0.039748  -0.984238 -0.176029 0.016988  0.154631 0.844553 0
0  -0.022851 0.066813 0.043772  -0.984236 -0.176043 0.016959  0.154631 0.844553 0
0  -0.022999 0.067011 0.039748  -0.984235 -0.176050 0.016967  0.154717 0.844553 0
Material_0
0  -0.022999 0.067011 0.039748  -0.984235 -0.176050 0.016967  0.154717 0.844553 0
0  -0.022851 0.066813 0.043772  -0.984236 -0.176043 0.016959  0.154631 0.844553 0
0  -0.022999 0.067011 0.043772  -0.984222 -0.176100 0.017198  0.154717 0.844553 0
Material_0
0  -0.022999 0.067011 0.043772  -0.984222 -0.176100 0.017198  0.154717 0.844553 0
0  -0.022851 0.066813 0.043772  -0.984236 -0.176043 0.016959  0.154631 0.844553 0
0  -0.022626 0.068379 0.044900  -0.604496 -0.405199 0.685855  0.154459 0.844797 0
Material_0
0  -0.022851 0.066813 0.043772  -0.984236 -0.176043 0.016959  0.154631 0.844553 0
0  -0.021570 0.066791 0.044900  -0.610112 -0.405268 0.680824  0.153944 0.844553 0
0  -0.022626 0.068379 0.044900  -0.604496 -0.405199 0.685855  0.154459 0.844797 0
Material_0
0  -0.022626 0.068379 0.044900  -0.965255 0.261310 0.000000  0.154459 0.844797 0
0  -0.022626 0.068379 0.039748  -0.395333 0.911509 0.113414  0.154459 0.844797 0
0  -0.022999 0.067011 0.043772  -0.984222 -0.176100 0.017198  0.154717 0.844553 0
Material_0
0  -0.022999 0.067011 0.043772  -0.984222 -0.176100 0.017198  0.154717 0.844553 0
0  -0.022626 0.068379 0.039748  -0.395333 0.911509 0.113414  0.154459 0.844797 0
0  -0.022999 0.067011 0.039748  -0.984235 -0.176050 0.016967  0.154717 0.844553 0
Material_0
0  -0.022626 0.068379 0.039748  -0.395333 0.911509 0.113414  0.154459 0.844797 0
0  -0.022626 0.068379 0.034864  -0.395218 0.911539 0.113580  0.154459 0.844797 0
0  -0.022999 0.067011 0.039748  -0.984235 -0.176050 0.016967  0.154717 0.844553 0
Material_0
0  -0.022999 0.067011 0.039748  -0.984235 -0.176050 0.016967  0.154717 0.844553 0
0  -0.022626 0.068379 0.034864  -0.395218 0.911539 0.113580  0.154459 0.844797 0
0  -0.022999 0.067011 0.034864  -0.984237 -0.176060 0.016753  0.154717 0.844553 0
Material_0
0  -0.022626 0.068379 0.034864  -0.395218 0.911539 0.113580  0.154459 0.844797 0
0  -0.021930 0.067452 0.033765  0.000012 0.002218 -0.999997  0.154116 0.844634 0
0  -0.022999 0.067011 0.034864  -0.984237 -0.176060 0.016753  0.154717 0.844553 0
Material_0
0  -0.021930 0.067452 0.033765  0.000012 0.002218 -0.999997  0.154116 0.844634 0
0  -0.018114 0.062120 0.033765  -0.000193 0.002096 -0.999998  0.152224 0.843819 0
0  -0.022999 0.067011 0.034864  -0.984237 -0.176060 0.016753  0.154717 0.844553 0
Material_0
0  -0.022999 0.067011 0.034864  -0.984237 -0.176060 0.016753  0.154717 0.844553 0
0  -0.018114 0.062120 0.033765  -0.000193 0.002096 -0.999998  0.152224 0.843819 0
0  -0.019358 0.061944 0.034864  -0.984244 -0.176000 0.016976  0.152826 0.843819 0
Material_0
0  -0.019358 0.061944 0.034864  -0.984244 -0.176000 0.016976  0.152826 0.843819 0
0  -0.018114 0.062120 0.033765  -0.000193 0.002096 -0.999998  0.152224 0.843819 0
0  -0.019121 0.061208 0.034864  -0.999998 0.002190 -0.000050  0.152740 0.843656 0
Material_0
0  -0.019121 0.061208 0.034864  -0.999998 0.002190 -0.000050  0.152740 0.843656 0
0  -0.018114 0.062120 0.033765  -0.000193 0.002096 -0.999998  0.152224 0.843819 0
0  -0.017994 0.036320 0.033765  -0.000011 0.002248 -0.999997  0.152138 0.839989 0
Material_0
0  -0.017994 0.036320 0.033765  -0.000011 0.002248 -0.999997  0.152138 0.839989 0
0  -0.018114 0.062120 0.033765  -0.000193 0.002096 -0.999998  0.152224 0.843819 0
0  -0.012359 0.036320 0.033765  0.000021 0.002182 -0.999998  0.149301 0.839989 0
Material_0
0  -0.018114 0.062120 0.033765  -0.000193 0.002096 -0.999998  0.152224 0.843819 0
0  -0.012359 0.057744 0.033765  -0.000001 0.002174 -0.999998  0.149301 0.843330 0
0  -0.012359 0.036320 0.033765  0.000021 0.002182 -0.999998  0.149301 0.839989 0
Material_0
0  -0.012359 0.036320 0.033765  0.000021 0.002182 -0.999998  0.149301 0.839989 0
0  -0.012359 0.057744 0.033765  -0.000001 0.002174 -0.999998  0.149301 0.843330 0
0  -0.011234 0.034805 0.034864  0.999997 0.002268 -0.000195  0.148785 0.839744 0
Material_0
0  -0.014254 0.072064 0.044900  -0.403234 0.915095 -0.001723  0.150333 0.845368 0
0  -0.014254 0.072064 0.039748  -0.395301 0.911520 0.113443  0.150333 0.845368 0
0  -0.022626 0.068379 0.044900  -0.403277 0.915076 -0.001909  0.154459 0.844797 0
Material_0
0  -0.022626 0.068379 0.044900  -0.403277 0.915076 -0.001909  0.154459 0.844797 0
0  -0.014254 0.072064 0.039748  -0.395301 0.911520 0.113443  0.150333 0.845368 0
0  -0.022626 0.068379 0.039748  -0.395333 0.911509 0.113414  0.154459 0.844797 0
Material_0
0  -0.022626 0.068379 0.039748  -0.395333 0.911509 0.113414  0.154459 0.844797 0
0  -0.014254 0.072064 0.039748  -0.395301 0.911520 0.113443  0.150333 0.845368 0
0  -0.022626 0.068379 0.034864  -0.395218 0.911539 0.113580  0.154459 0.844797 0
Material_0
0  -0.014254 0.072064 0.039748  -0.395301 0.911520 0.113443  0.150333 0.845368 0
0  -0.014254 0.072064 0.034864  -0.395480 0.911427 0.113566  0.150333 0.845368 0
0  -0.022626 0.068379 0.034864  -0.395218 0.911539 0.113580  0.154459 0.844797 0
Material_0
0  -0.022626 0.068379 0.034864  -0.395218 0.911539 0.113580  0.154459 0.844797 0
0  -0.014254 0.072064 0.034864  -0.395480 0.911427 0.113566  0.150333 0.845368 0
0  -0.021930 0.067452 0.033765  0.000012 0.002218 -0.999997  0.154116 0.844634 0
Material_0
0  -0.014254 0.072064 0.034864  -0.395480 0.911427 0.113566  0.150333 0.845368 0
0  -0.014350 0.070791 0.033765  0.000015 0.002230 -0.999997  0.150333 0.845205 0
0  -0.021930 0.067452 0.033765  0.000012 0.002218 -0.999997  0.154116 0.844634 0
Material_0
0  -0.014350 0.070791 0.033765  0.000015 0.002230 -0.999997  0.150333 0.845205 0
0  -0.014229 0.064069 0.033765  0.000196 0.002184 -0.999997  0.150247 0.844145 0
0  -0.021930 0.067452 0.033765  0.000012 0.002218 -0.999997  0.154116 0.844634 0
Material_0
0  -0.021930 0.067452 0.033765  0.000012 0.002218 -0.999997  0.154116 0.844634 0
0  -0.014229 0.064069 0.033765  0.000196 0.002184 -0.999997  0.150247 0.844145 0
0  -0.018114 0.062120 0.033765  -0.000193 0.002096 -0.999998  0.152224 0.843819 0
Material_0
0  -0.014229 0.064069 0.033765  0.000196 0.002184 -0.999997  0.150247 0.844145 0
0  -0.012359 0.057744 0.033765  -0.000001 0.002174 -0.999998  0.149301 0.843330 0
0  -0.018114 0.062120 0.033765  -0.000193 0.002096 -0.999998  0.152224 0.843819 0
Material_0
0  -0.013222 0.071387 0.044900  0.545354 0.838204 0.001854  0.149817 0.845287 0
0  -0.013222 0.071387 0.039748  0.999998 0.002190 -0.000023  0.149817 0.845287 0
0  -0.014254 0.072064 0.044900  0.545389 0.838181 0.001832  0.150333 0.845368 0
Material_0
0  -0.014254 0.072064 0.044900  0.545389 0.838181 0.001832  0.150333 0.845368 0
0  -0.013222 0.071387 0.039748  0.999998 0.002190 -0.000023  0.149817 0.845287 0
0  -0.014254 0.072064 0.039748  -0.395301 0.911520 0.113443  0.150333 0.845368 0
Material_0
0  -0.013222 0.071387 0.039748  0.999998 0.002190 -0.000023  0.149817 0.845287 0
0  -0.013222 0.071387 0.034864  0.999998 0.002198 0.000093  0.149817 0.845287 0
0  -0.014254 0.072064 0.039748  -0.395301 0.911520 0.113443  0.150333 0.845368 0
Material_0
0  -0.014254 0.072064 0.039748  -0.395301 0.911520 0.113443  0.150333 0.845368 0
0  -0.013222 0.071387 0.034864  0.999998 0.002198 0.000093  0.149817 0.845287 0
0  -0.014254 0.072064 0.034864  -0.395480 0.911427 0.113566  0.150333 0.845368 0
Material_0
0  -0.014254 0.072064 0.034864  -0.395480 0.911427 0.113566  0.150333 0.845368 0
0  -0.013222 0.071387 0.034864  0.999998 0.002198 0.000093  0.149817 0.845287 0
0  -0.014350 0.070791 0.033765  0.000015 0.002230 -0.999997  0.150333 0.845205 0
Material_0
0  -0.013222 0.071387 0.034864  0.999998 0.002198 0.000093  0.149817 0.845287 0
0  -0.013222 0.064569 0.034864  0.999997 0.002252 -0.000173  0.149817 0.844227 0
0  -0.014350 0.070791 0.033765  0.000015 0.002230 -0.999997  0.150333 0.845205 0
Material_0
0  -0.014350 0.070791 0.033765  0.000015 0.002230 -0.999997  0.150333 0.845205 0
0  -0.013222 0.064569 0.034864  0.999997 0.002252 -0.000173  0.149817 0.844227 0
0  -0.014229 0.064069 0.033765  0.000196 0.002184 -0.999997  0.150247 0.844145 0
Material_0
0  -0.014229 0.064069 0.033765  0.000196 0.002184 -0.999997  0.150247 0.844145 0
0  -0.013222 0.064569 0.034864  0.999997 0.002252 -0.000173  0.149817 0.844227 0
0  -0.012359 0.057744 0.033765  -0.000001 0.002174 -0.999998  0.149301 0.843330 0
Material_0
0  -0.013222 0.064569 0.034864  0.999997 0.002252 -0.000173  0.149817 0.844227 0
0  -0.011373 0.058119 0.034864  0.983598 0.180369 0.001671  0.148871 0.843412 0
0  -0.012359 0.057744 0.033765  -0.000001 0.002174 -0.999998  0.149301 0.843330 0
Material_0
0  -0.012359 0.057744 0.033765  -0.000001 0.002174 -0.999998  0.149301 0.843330 0
0  -0.011373 0.058119 0.034864  0.983598 0.180369 0.001671  0.148871 0.843412 0
0  -0.011234 0.057347 0.034864  0.999998 0.002188 -0.000191  0.148785 0.843330 0
Material_0
0  -0.011373 0.058119 0.034864  0.983598 0.180369 0.001671  0.148871 0.843412 0
0  -0.011373 0.058119 0.039748  0.983602 0.180345 0.001886  0.148871 0.843412 0
0  -0.011234 0.057347 0.034864  0.999998 0.002188 -0.000191  0.148785 0.843330 0
Material_0
0  -0.011373 0.058119 0.039748  0.983602 0.180345 0.001886  0.148871 0.843412 0
0  -0.011234 0.057347 0.039748  0.999998 0.002213 -0.000000  0.148785 0.843330 0
0  -0.011234 0.057347 0.034864  0.999998 0.002188 -0.000191  0.148785 0.843330 0
Material_0
0  -0.011234 0.057347 0.034864  0.999998 0.002188 -0.000191  0.148785 0.843330 0
0  -0.011234 0.057347 0.039748  0.999998 0.002213 -0.000000  0.148785 0.843330 0
0  -0.011234 0.034805 0.034864  0.999997 0.002268 -0.000195  0.148785 0.839744 0
Material_0
0  -0.011234 0.057347 0.039748  0.999998 0.002213 -0.000000  0.148785 0.843330 0
0  -0.011234 0.029149 0.037167  0.999998 0.002205 -0.000000  0.148785 0.838929 0
0  -0.011234 0.034805 0.034864  0.999997 0.002268 -0.000195  0.148785 0.839744 0
Material_0
0  -0.013222 0.071387 0.034864  0.999998 0.002198 0.000093  0.149817 0.845287 0
0  -0.013222 0.071387 0.039748  0.999998 0.002190 -0.000023  0.149817 0.845287 0
0  -0.013222 0.064569 0.034864  0.999997 0.002252 -0.000173  0.149817 0.844227 0
Material_0
0  -0.013222 0.071387 0.039748  0.999998 0.002190 -0.000023  0.149817 0.845287 0
0  -0.013222 0.068541 0.039748  0.999998 0.002206 0.000000  0.149817 0.844797 0
0  -0.013222 0.064569 0.034864  0.999997 0.002252 -0.000173  0.149817 0.844227 0
Material_0
0  -0.013222 0.068541 0.039748  0.999998 0.002206 0.000000  0.149817 0.844797 0
0  -0.013222 0.064569 0.039748  0.999997 0.002372 -0.000000  0.149817 0.844227 0
0  -0.013222 0.064569 0.034864  0.999997 0.002252 -0.000173  0.149817 0.844227 0
Material_0
0  -0.013222 0.064569 0.034864  0.999997 0.002252 -0.000173  0.149817 0.844227 0
0  -0.013222 0.064569 0.039748  0.999997 0.002372 -0.000000  0.149817 0.844227 0
0  -0.011373 0.058119 0.034864  0.983598 0.180369 0.001671  0.148871 0.843412 0
Material_0
0  -0.013222 0.064569 0.039748  0.999997 0.002372 -0.000000  0.149817 0.844227 0
0  -0.011373 0.058119 0.039748  0.983602 0.180345 0.001886  0.148871 0.843412 0
0  -0.011373 0.058119 0.034864  0.983598 0.180369 0.001671  0.148871 0.843412 0
Material_0
0  -0.011234 0.057347 0.034864  0.999998 0.002188 -0.000191  0.148785 0.843330 0
0  -0.011234 0.034805 0.034864  0.999997 0.002268 -0.000195  0.148785 0.839744 0
0  -0.012359 0.057744 0.033765  -0.000001 0.002174 -0.999998  0.149301 0.843330 0
Material_0
0  -0.013222 0.071387 0.039748  0.999998 0.002190 -0.000023  0.149817 0.845287 0
0  -0.013222 0.071387 0.044900  0.999998 0.002205 -0.000000  0.149817 0.845287 0
0  -0.013222 0.068541 0.039748  0.999998 0.002206 0.000000  0.149817 0.844797 0
Material_0
0  -0.013222 0.068541 0.039748  0.999998 0.002206 0.000000  0.149817 0.844797 0
0  -0.013222 0.071387 0.044900  0.999998 0.002205 -0.000000  0.149817 0.845287 0
0  -0.013222 0.068541 0.044900  0.999998 0.002205 -0.000000  0.149817 0.844797 0
Material_0
0  -0.011234 0.057347 0.039748  0.999998 0.002213 -0.000000  0.148785 0.843330 0
0  -0.011234 0.029149 0.039748  0.999998 0.002205 -0.000000  0.148785 0.838929 0
0  -0.011234 0.029149 0.037167  0.999998 0.002205 -0.000000  0.148785 0.838929 0
Material_0
0  -0.011234 0.029149 0.039748  0.999998 0.002205 -0.000000  0.148785 0.838929 0
0  -0.011234 0.019257 0.039748  0.999998 0.002205 -0.000000  0.148785 0.837380 0
0  -0.011234 0.029149 0.037167  0.999998 0.002205 -0.000000  0.148785 0.838929 0
Material_0
0  -0.011234 0.029149 0.037167  0.999998 0.002205 -0.000000  0.148785 0.838929 0
0  -0.011234 0.019257 0.039748  0.999998 0.002205 -0.000000  0.148785 0.837380 0
0  -0.011234 0.019257 0.037206  0.999998 0.002205 -0.000009  0.148785 0.837380 0
Material_0
0  -0.017994 0.019257 0.032503  -0.707109 0.002186 0.707101  0.152138 0.837380 0
0  -0.017994 0.029149 0.032474  -0.706953 0.002123 0.707258  0.152138 0.838929 0
0  -0.019121 0.020382 0.031375  -0.999998 0.002175 0.000012  0.152740 0.837543 0
Material_0
0  -0.017994 0.029149 0.032474  -0.706953 0.002123 0.707258  0.152138 0.838929 0
0  -0.019121 0.029149 0.031347  -0.999998 0.002180 0.000189  0.152740 0.838929 0
0  -0.019121 0.020382 0.031375  -0.999998 0.002175 0.000012  0.152740 0.837543 0
Material_0
0  -0.019121 0.029149 0.031347  -0.999998 0.002180 0.000189  0.152740 0.838929 0
0  -0.019121 0.020382 0.031079  -0.999997 0.002204 -0.000024  0.152740 0.837543 0
0  -0.019121 0.020382 0.031375  -0.999998 0.002175 0.000012  0.152740 0.837543 0
Material_0
0  -0.019121 0.020382 0.031375  -0.999998 0.002175 0.000012  0.152740 0.837543 0
0  -0.019121 0.020382 0.031079  -0.999997 0.002204 -0.000024  0.152740 0.837543 0
0  -0.017994 0.019257 0.032503  -0.707316 -0.706331 0.028296  0.152138 0.837380 0
Material_0
0  -0.019121 0.020382 0.031079  -0.999997 0.002204 -0.000024  0.152740 0.837543 0
0  -0.017994 0.019257 0.029961  -0.707313 -0.706334 0.028296  0.152138 0.837380 0
0  -0.017994 0.019257 0.032503  -0.707316 -0.706331 0.028296  0.152138 0.837380 0
Material_0
0  -0.017994 0.029149 0.037167  -0.707460 -0.002731 -0.706748  0.152138 0.838929 0
0  -0.017994 0.019257 0.037206  -0.707099 -0.002184 -0.707111  0.152138 0.837380 0
0  -0.019121 0.029149 0.038295  -0.999998 0.002176 -0.000167  0.152740 0.838929 0
Material_0
0  -0.017994 0.019257 0.037206  -0.707099 -0.002184 -0.707111  0.152138 0.837380 0
0  -0.019121 0.020382 0.038324  -0.999998 0.002136 0.000048  0.152740 0.837543 0
0  -0.019121 0.029149 0.038295  -0.999998 0.002176 -0.000167  0.152740 0.838929 0
Material_0
0  -0.019121 0.029149 0.038295  -0.999998 0.002176 -0.000167  0.152740 0.838929 0
0  -0.019121 0.020382 0.038324  -0.999998 0.002136 0.000048  0.152740 0.837543 0
0  -0.019121 0.020382 0.038945  -0.999998 0.002166 0.000000  0.152740 0.837543 0
Material_0
0  -0.019121 0.020382 0.038945  -0.999998 0.002166 0.000000  0.152740 0.837543 0
0  -0.019121 0.020382 0.038324  -0.999998 0.002136 0.000048  0.152740 0.837543 0
0  -0.017994 0.019257 0.039748  -0.313599 -0.949555 0.000023  0.152138 0.837380 0
Material_0
0  -0.019121 0.020382 0.038324  -0.999998 0.002136 0.000048  0.152740 0.837543 0
0  -0.017994 0.019257 0.037206  -0.707313 -0.706333 0.028296  0.152138 0.837380 0
0  -0.017994 0.019257 0.039748  -0.313599 -0.949555 0.000023  0.152138 0.837380 0
Material_0
0  -0.017994 0.019257 0.039748  -0.313418 -0.949615 -0.000015  0.152138 0.837380 0
0  -0.017994 0.019257 0.037206  0.000000 -1.000000 0.000000  0.152138 0.837380 0
0  -0.011234 0.019257 0.039748  0.999998 0.002157 -0.000048  0.148785 0.837380 0
Material_0
0  -0.017994 0.019257 0.037206  0.000000 -1.000000 0.000000  0.152138 0.837380 0
0  -0.011234 0.019257 0.037206  0.000000 -1.000000 0.000000  0.148785 0.837380 0
0  -0.011234 0.019257 0.039748  0.999998 0.002157 -0.000048  0.148785 0.837380 0
Material_0
0  -0.017994 0.029149 0.032474  0.000000 0.002899 0.999996  0.152138 0.838929 0
0  -0.017994 0.019257 0.032503  0.000000 0.002563 0.999997  0.152138 0.837380 0
0  -0.011234 0.029149 0.032474  0.000000 0.002899 0.999996  0.148785 0.838929 0
Material_0
0  -0.017994 0.019257 0.032503  0.000000 0.002563 0.999997  0.152138 0.837380 0
0  -0.011234 0.019257 0.032503  -0.000000 0.002420 0.999997  0.148785 0.837380 0
0  -0.011234 0.029149 0.032474  0.000000 0.002899 0.999996  0.148785 0.838929 0
Material_0
0  -0.011234 0.029149 0.032474  0.000000 -1.000000 0.000001  0.148785 0.838929 0
0  -0.011234 0.029149 0.037167  0.000000 -1.000000 0.000001  0.148785 0.838929 0
0  -0.017994 0.029149 0.032474  0.000000 -1.000000 0.000001  0.152138 0.838929 0
Material_0
0  -0.011234 0.029149 0.037167  0.000000 -1.000000 0.000000  0.148785 0.838929 0
0  -0.017994 0.029149 0.037167  0.000000 -1.000000 0.000000  0.152138 0.838929 0
0  -0.017994 0.029149 0.032474  0.000000 -1.000000 0.000000  0.152138 0.838929 0
Material_0
0  -0.017994 0.029149 0.032474  0.000001 -1.000000 0.000001  0.152138 0.838929 0
0  -0.017994 0.029149 0.037167  0.000001 -1.000000 0.000001  0.152138 0.838929 0
0  -0.019121 0.029149 0.031347  0.000001 -1.000000 0.000001  0.152740 0.838929 0
Material_0
0  -0.017994 0.029149 0.037167  0.000002 -1.000000 -0.000000  0.152138 0.838929 0
0  -0.019121 0.029149 0.038295  0.000002 -1.000000 -0.000000  0.152740 0.838929 0
0  -0.019121 0.029149 0.031347  0.000002 -1.000000 -0.000000  0.152740 0.838929 0
Material_0
0  -0.017994 0.019257 0.037206  -0.000000 -0.002283 -0.999997  0.152138 0.837380 0
0  -0.017994 0.029149 0.037167  0.000000 -0.002187 -0.999998  0.152138 0.838929 0
0  -0.011234 0.019257 0.037206  -0.000000 -0.002187 -0.999998  0.148785 0.837380 0
Material_0
0  -0.017994 0.029149 0.037167  0.000000 -0.002187 -0.999998  0.152138 0.838929 0
0  -0.011234 0.029149 0.037167  -0.000000 -0.002283 -0.999997  0.148785 0.838929 0
0  -0.011234 0.019257 0.037206  -0.000000 -0.002187 -0.999998  0.148785 0.837380 0
Material_0
0  -0.013222 0.071387 0.044900  0.000000 0.002206 0.999998  0.149817 0.845287 0
0  -0.014254 0.072064 0.044900  0.000000 0.002206 0.999998  0.150333 0.845368 0
0  -0.013222 0.068541 0.044900  0.000000 0.002206 0.999998  0.149817 0.844797 0
Material_0
0  -0.014254 0.072064 0.044900  0.000000 0.002206 0.999998  0.150333 0.845368 0
0  -0.022626 0.068379 0.044900  0.000000 0.002205 0.999998  0.154459 0.844797 0
0  -0.013222 0.068541 0.044900  0.000000 0.002206 0.999998  0.149817 0.844797 0
Material_0
0  -0.013222 0.068541 0.044900  0.000000 0.002206 0.999998  0.149817 0.844797 0
0  -0.022626 0.068379 0.044900  0.000000 0.002205 0.999998  0.154459 0.844797 0
0  -0.021570 0.066791 0.044900  -0.000000 0.002205 0.999998  0.153944 0.844553 0
Material_0
0  -0.010474 0.018146 0.036785  -0.000000 0.002205 0.999998  0.633353 0.823035 0
0  -0.010474 0.029892 0.036785  -0.000000 -0.002205 0.999998  0.622176 0.823035 0
0  -0.015474 0.018146 0.036785  0.000000 0.002205 0.999998  0.633353 0.836973 0
Material_0
0  -0.015474 0.018146 0.036785  0.000000 0.002205 0.999998  0.633353 0.836973 0
0  -0.010474 0.029892 0.036785  -0.000000 -0.002205 0.999998  0.622176 0.823035 0
0  -0.019738 0.024023 0.036785  -0.000000 0.002205 0.999998  0.627765 0.848873 0
Material_0
0  -0.019738 0.024023 0.036785  -0.000000 0.002205 0.999998  0.627765 0.848873 0
0  -0.010474 0.029892 0.036785  -0.000000 -0.002205 0.999998  0.622176 0.823035 0
0  -0.018560 0.027649 0.036785  -0.000001 -0.002205 0.999998  0.624325 0.845613 0
Material_0
0  -0.010474 0.029892 0.036785  -0.000000 -0.002205 0.999998  0.622176 0.823035 0
0  -0.015474 0.029892 0.036785  -0.000001 -0.002205 0.999998  0.622176 0.836973 0
0  -0.018560 0.027649 0.036785  -0.000001 -0.002205 0.999998  0.624325 0.845613 0
Material_0
0  -0.015474 0.018146 0.036785  0.000000 0.002205 0.999998  0.633353 0.836973 0
0  -0.019738 0.024023 0.036785  -0.000000 0.002205 0.999998  0.627765 0.848873 0
0  -0.018560 0.020389 0.036785  0.000000 0.002205 0.999998  0.631204 0.845613 0
Material_0
0  -0.010474 0.029892 0.036785  -0.000000 1.000000 0.000000  0.622176 0.823035 0
0  -0.010474 0.029892 0.032991  -0.000000 1.000000 0.000000  0.622176 0.823035 0
0  -0.015474 0.029892 0.036785  -0.309408 0.950928 0.001771  0.622176 0.836973 0
Material_0
0  -0.010474 0.029892 0.032991  -0.000000 1.000000 0.000000  0.622176 0.823035 0
0  -0.015474 0.029892 0.032991  -0.309389 0.950934 0.001659  0.622176 0.836973 0
0  -0.015474 0.029892 0.036785  -0.309408 0.950928 0.001771  0.622176 0.836973 0
Material_0
0  -0.015474 0.029892 0.036785  -0.309408 0.950928 0.001771  0.622176 0.836973 0
0  -0.015474 0.029892 0.032991  -0.309389 0.950934 0.001659  0.622176 0.836973 0
0  -0.018560 0.027649 0.036785  -0.808998 0.586721 -0.035790  0.624325 0.845613 0
Material_0
0  -0.015474 0.029892 0.032991  -0.309389 0.950934 0.001659  0.622176 0.836973 0
0  -0.018560 0.027649 0.032991  -0.808998 0.586720 -0.035790  0.624325 0.845613 0
0  -0.018560 0.027649 0.036785  -0.808998 0.586721 -0.035790  0.624325 0.845613 0
Material_0
0  -0.018560 0.027649 0.036785  -0.808998 0.586721 -0.035790  0.624325 0.845613 0
0  -0.018560 0.027649 0.032991  -0.808998 0.586720 -0.035790  0.624325 0.845613 0
0  -0.019738 0.024023 0.036785  -0.999998 0.002211 0.000000  0.627765 0.848873 0
Material_0
0  -0.018560 0.027649 0.032991  -0.808998 0.586720 -0.035790  0.624325 0.845613 0
0  -0.019738 0.024023 0.032991  -0.999998 0.002139 0.000000  0.627765 0.848873 0
0  -0.019738 0.024023 0.036785  -0.999998 0.002211 0.000000  0.627765 0.848873 0
Material_0
0  -0.019738 0.024023 0.036785  -0.999998 0.002211 0.000000  0.627765 0.848873 0
0  -0.019738 0.024023 0.032991  -0.999998 0.002139 0.000000  0.627765 0.848873 0
0  -0.018560 0.020389 0.036785  -0.809074 -0.586725 -0.033950  0.631204 0.845613 0
Material_0
0  -0.019738 0.024023 0.032991  -0.999998 0.002139 0.000000  0.627765 0.848873 0
0  -0.018560 0.020389 0.032991  -0.809075 -0.586724 -0.033948  0.631204 0.845613 0
0  -0.018560 0.020389 0.036785  -0.809074 -0.586725 -0.033950  0.631204 0.845613 0
Material_0
0  -0.018560 0.020389 0.036785  -0.809074 -0.586725 -0.033950  0.631204 0.845613 0
0  -0.018560 0.020389 0.032991  -0.809075 -0.586724 -0.033948  0.631204 0.845613 0
0  -0.015474 0.018146 0.036785  -0.309415 -0.950925 -0.001820  0.633353 0.836973 0
Material_0
0  -0.018560 0.020389 0.032991  -0.809075 -0.586724 -0.033948  0.631204 0.845613 0
0  -0.015474 0.018146 0.032991  -0.309426 -0.950922 -0.001878  0.633353 0.836973 0
0  -0.015474 0.018146 0.036785  -0.309415 -0.950925 -0.001820  0.633353 0.836973 0
Material_0
0  -0.015474 0.018146 0.036785  -0.309415 -0.950925 -0.001820  0.633353 0.836973 0
0  -0.015474 0.018146 0.032991  -0.309426 -0.950922 -0.001878  0.633353 0.836973 0
0  -0.010474 0.018146 0.036785  0.000000 -1.000000 0.000000  0.633353 0.823035 0
Material_0
0  -0.015474 0.018146 0.032991  -0.309426 -0.950922 -0.001878  0.633353 0.836973 0
0  -0.010474 0.018146 0.032991  0.000000 -1.000000 0.000001  0.633353 0.823035 0
0  -0.010474 0.018146 0.036785  0.000000 -1.000000 0.000000  0.633353 0.823035 0
Material_0
0  -0.018560 0.027649 0.032991  -0.000000 0.002205 -0.999998  0.624325 0.845613 0
0  -0.015474 0.029892 0.032991  0.000000 0.002205 -0.999998  0.622176 0.836973 0
0  -0.019738 0.024023 0.032991  -0.000000 0.002205 -0.999998  0.627765 0.848873 0
Material_0
0  -0.015474 0.029892 0.032991  0.000000 0.002205 -0.999998  0.622176 0.836973 0
0  -0.010474 0.018146 0.032991  -0.000000 0.002205 -0.999998  0.633353 0.823035 0
0  -0.019738 0.024023 0.032991  -0.000000 0.002205 -0.999998  0.627765 0.848873 0
Material_0
0  -0.010474 0.018146 0.032991  -0.000000 0.002205 -0.999998  0.633353 0.823035 0
0  -0.015474 0.018146 0.032991  -0.000000 0.002205 -0.999998  0.633353 0.836973 0
0  -0.019738 0.024023 0.032991  -0.000000 0.002205 -0.999998  0.627765 0.848873 0
Material_0
0  -0.019738 0.024023 0.032991  -0.000000 0.002205 -0.999998  0.627765 0.848873 0
0  -0.015474 0.018146 0.032991  -0.000000 0.002205 -0.999998  0.633353 0.836973 0
0  -0.018560 0.020389 0.032991  -0.000002 0.002205 -0.999998  0.631204 0.845613 0
Material_0
0  -0.010474 0.029892 0.032991  -0.000000 0.002205 -0.999998  0.622176 0.823035 0
0  -0.010474 0.018146 0.032991  -0.000000 0.002205 -0.999998  0.633353 0.823035 0
0  -0.015474 0.029892 0.032991  0.000000 0.002205 -0.999998  0.622176 0.836973 0
Material_0
0  -0.012145 0.024030 0.040102  0.000000 -0.002205 0.999998  0.149473 0.840722 0
0  -0.013650 0.026634 0.040102  0.000000 -0.002205 0.999998  0.149473 0.838033 0
0  -0.013650 0.021426 0.040102  -0.000000 -0.002205 0.999998  0.149473 0.838033 0
Material_0
0  -0.013650 0.026634 0.040102  0.000000 -0.002205 0.999998  0.149473 0.838033 0
0  -0.018164 0.024030 0.040102  0.000000 -0.002205 0.999998  0.149473 0.829800 0
0  -0.013650 0.021426 0.040102  -0.000000 -0.002205 0.999998  0.149473 0.838033 0
Material_0
0  -0.013650 0.021426 0.040102  -0.000000 -0.002205 0.999998  0.149473 0.838033 0
0  -0.018164 0.024030 0.040102  0.000000 -0.002205 0.999998  0.149473 0.829800 0
0  -0.016660 0.021426 0.040102  -0.000000 -0.002205 0.999998  0.149473 0.832572 0
Material_0
0  -0.016660 0.026634 0.040102  -0.000000 -0.002205 0.999998  0.149473 0.832572 0
0  -0.018164 0.024030 0.040102  0.000000 -0.002205 0.999998  0.149473 0.829800 0
0  -0.013650 0.026634 0.040102  0.000000 -0.002205 0.999998  0.149473 0.838033 0
Material_0
0  -0.016660 0.026634 0.028202  0.000000 -0.002205 -0.999998  0.137952 0.832572 0
0  -0.013650 0.026634 0.028202  -0.000000 0.002205 -0.999998  0.137952 0.838033 0
0  -0.018164 0.024030 0.028202  -0.000000 0.002205 -0.999998  0.137952 0.829800 0
Material_0
0  -0.013650 0.026634 0.028202  -0.000000 0.002205 -0.999998  0.137952 0.838033 0
0  -0.013650 0.021426 0.028202  -0.000000 0.002205 -0.999998  0.137952 0.838033 0
0  -0.018164 0.024030 0.028202  -0.000000 0.002205 -0.999998  0.137952 0.829800 0
Material_0
0  -0.018164 0.024030 0.028202  -0.000000 0.002205 -0.999998  0.137952 0.829800 0
0  -0.013650 0.021426 0.028202  -0.000000 0.002205 -0.999998  0.137952 0.838033 0
0  -0.016660 0.021426 0.028202  0.000000 0.002205 -0.999998  0.137952 0.832572 0
Material_0
0  -0.012145 0.024030 0.028202  0.000000 0.002205 -0.999998  0.137952 0.840722 0
0  -0.013650 0.021426 0.028202  -0.000000 0.002205 -0.999998  0.137952 0.838033 0
0  -0.013650 0.026634 0.028202  -0.000000 0.002205 -0.999998  0.137952 0.838033 0
Material_0
0  -0.002887 0.025714 -0.008014  0.000000 -0.983992 -0.178212  0.144572 0.838359 0
0  -0.002887 0.025780 -0.008368  0.000000 -0.984001 -0.178165  0.144572 0.838359 0
0  0.003875 0.025714 -0.008014  -0.000000 -0.984001 -0.178165  0.141219 0.838359 0
Material_0
0  -0.002887 0.025780 -0.008368  0.000000 -0.984001 -0.178165  0.144572 0.838359 0
0  0.003875 0.025780 -0.008368  0.000000 -0.984001 -0.178165  0.141219 0.838359 0
0  0.003875 0.025714 -0.008014  -0.000000 -0.984001 -0.178165  0.141219 0.838359 0
Material_0
0  -0.002887 0.026251 0.020641  0.000000 -0.962366 0.271757  0.144572 0.838440 0
0  -0.002887 0.022993 0.008971  0.000000 -0.962366 0.271756  0.144572 0.837951 0
0  0.003875 0.026251 0.020641  -0.000000 -0.962366 0.271757  0.141219 0.838440 0
Material_0
0  -0.002887 0.022993 0.008971  0.000000 -0.962366 0.271756  0.144572 0.837951 0
0  0.003875 0.022993 0.008971  0.000000 -0.962366 0.271756  0.141219 0.837951 0
0  0.003875 0.026251 0.020641  -0.000000 -0.962366 0.271757  0.141219 0.838440 0
Material_0
0  0.003875 0.070438 0.018472  -0.000000 -0.067803 0.997699  0.141219 0.845368 0
0  -0.002887 0.070438 0.018472  0.000001 -0.067803 0.997699  0.144572 0.845368 0
0  0.003875 0.048676 0.016942  0.003736 -0.315639 0.948872  0.141219 0.841945 0
Material_0
0  -0.002887 0.070438 0.018472  0.000001 -0.067803 0.997699  0.144572 0.845368 0
0  -0.002887 0.048676 0.016942  0.003765 -0.315653 0.948867  0.144572 0.841945 0
0  0.003875 0.048676 0.016942  0.003736 -0.315639 0.948872  0.141219 0.841945 0
Material_0
0  0.003875 0.048676 0.016942  0.003736 -0.315639 0.948872  0.141219 0.841945 0
0  -0.002887 0.048676 0.016942  0.003765 -0.315653 0.948867  0.144572 0.841945 0
0  0.003875 0.040100 0.011465  -0.000000 -0.539823 0.841779  0.141219 0.840641 0
Material_0
0  -0.002887 0.048676 0.016942  0.003765 -0.315653 0.948867  0.144572 0.841945 0
0  -0.002887 0.040100 0.011465  0.000000 -0.539783 0.841804  0.144572 0.840641 0
0  0.003875 0.040100 0.011465  -0.000000 -0.539823 0.841779  0.141219 0.840641 0
Material_0
0  -0.002887 0.070438 0.018472  0.000000 -1.000000 -0.000031  0.144572 0.845368 0
0  0.003875 0.070438 0.018472  0.000001 -1.000000 -0.000025  0.141219 0.845368 0
0  -0.002887 0.070328 0.022046  0.000002 -1.000000 -0.000028  0.144572 0.845368 0
Material_0
0  0.003875 0.070438 0.018472  0.000001 -1.000000 -0.000025  0.141219 0.845368 0
0  0.003875 0.070328 0.022046  -0.000000 -1.000000 -0.000022  0.141219 0.845368 0
0  -0.002887 0.070328 0.022046  0.000002 -1.000000 -0.000028  0.144572 0.845368 0
Material_0
0  -0.002887 0.070328 0.022046  0.000001 -0.684320 0.729182  0.144572 0.845368 0
0  0.003875 0.070328 0.022046  0.000001 -0.684320 0.729182  0.141219 0.845368 0
0  -0.002887 0.077264 0.028575  0.000000 -0.684425 0.729083  0.144572 0.846428 0
Material_0
0  0.003875 0.070328 0.022046  0.000001 -0.684320 0.729182  0.141219 0.845368 0
0  0.003875 0.077264 0.028575  -0.000000 -0.684320 0.729182  0.141219 0.846428 0
0  -0.002887 0.077264 0.028575  0.000000 -0.684425 0.729083  0.144572 0.846428 0
Material_0
0  -0.002887 0.077264 0.028575  0.003698 0.991985 0.126303  0.144572 0.846428 0
0  0.003875 0.077264 0.028575  -0.003698 0.991985 0.126301  0.141219 0.846428 0
0  -0.002887 0.078426 0.019016  -0.003699 0.991985 0.126300  0.144572 0.846591 0
Material_0
0  0.003875 0.077264 0.028575  -0.003698 0.991985 0.126301  0.141219 0.846428 0
0  0.003875 0.078426 0.019016  -0.003698 0.991985 0.126299  0.141219 0.846591 0
0  -0.002887 0.078426 0.019016  -0.003699 0.991985 0.126300  0.144572 0.846591 0
Material_0
0  0.003875 0.078992 0.019026  0.000009 -0.024021 0.999711  0.141219 0.846672 0
0  0.002186 0.080684 0.019064  0.000000 -0.024014 0.999712  0.142079 0.846998 0
0  0.003875 0.078426 0.019016  0.000009 -0.024008 0.999712  0.141219 0.846591 0
Material_0
0  0.002186 0.080684 0.019064  0.000000 -0.024014 0.999712  0.142079 0.846998 0
0  -0.002887 0.078992 0.019026  -0.000066 -0.023913 0.999714  0.144572 0.846672 0
0  0.003875 0.078426 0.019016  0.000009 -0.024008 0.999712  0.141219 0.846591 0
Material_0
0  0.003875 0.078426 0.019016  0.000009 -0.024008 0.999712  0.141219 0.846591 0
0  -0.002887 0.078992 0.019026  -0.000066 -0.023913 0.999714  0.144572 0.846672 0
0  -0.002887 0.078426 0.019016  0.000000 -0.024018 0.999712  0.144572 0.846591 0
Material_0
0  -0.001196 0.080684 0.019064  0.000000 -0.024084 0.999710  0.143712 0.846998 0
0  -0.002887 0.078992 0.019026  -0.000066 -0.023913 0.999714  0.144572 0.846672 0
0  0.002186 0.080684 0.019064  0.000000 -0.024014 0.999712  0.142079 0.846998 0
Material_0
0  -0.002887 0.077264 0.028575  -0.999998 0.002205 0.000000  0.144572 0.846428 0
0  -0.002887 0.078426 0.019016  -0.999998 0.002205 0.000000  0.144572 0.846591 0
0  -0.002887 0.070328 0.022046  -0.999998 0.002205 -0.000000  0.144572 0.845368 0
Material_0
0  -0.002887 0.070328 0.022046  -0.999998 0.002205 -0.000000  0.144572 0.845368 0
0  -0.002887 0.078426 0.019016  -0.999998 0.002205 0.000000  0.144572 0.846591 0
0  -0.002887 0.070438 0.018472  -0.999998 0.002205 0.000000  0.144572 0.845368 0
Material_0
0  -0.002887 0.078426 0.019016  -0.999998 0.002205 0.000000  0.144572 0.846591 0
0  -0.002887 0.069254 0.009430  -0.999997 0.002275 -0.000172  0.144572 0.845205 0
0  -0.002887 0.070438 0.018472  -0.999998 0.002205 0.000000  0.144572 0.845368 0
Material_0
0  -0.002887 0.070438 0.018472  -0.999998 0.002205 0.000000  0.144572 0.845368 0
0  -0.002887 0.069254 0.009430  -0.999997 0.002275 -0.000172  0.144572 0.845205 0
0  -0.002887 0.048676 0.016942  -0.999998 0.002205 0.000000  0.144572 0.841945 0
Material_0
0  -0.002887 0.069254 0.009430  -0.999997 0.002275 -0.000172  0.144572 0.845205 0
0  -0.002887 0.078426 0.019016  -0.999998 0.002205 0.000000  0.144572 0.846591 0
0  -0.002887 0.077109 0.011972  -0.999998 0.002187 0.000034  0.144572 0.846428 0
Material_0
0  -0.002887 0.078426 0.019016  -0.999998 0.002205 0.000000  0.144572 0.846591 0
0  -0.002887 0.078992 0.019026  -0.999998 0.002184 -0.000035  0.144572 0.846672 0
0  -0.002887 0.077109 0.011972  -0.999998 0.002187 0.000034  0.144572 0.846428 0
Material_0
0  -0.002887 0.077109 0.011972  -0.999998 0.002187 0.000034  0.144572 0.846428 0
0  -0.002887 0.078992 0.019026  -0.999998 0.002184 -0.000035  0.144572 0.846672 0
0  -0.001196 0.078941 0.012288  -0.000215 0.933368 -0.358920  0.143712 0.846672 0
Material_0
0  -0.002887 0.078992 0.019026  -0.999998 0.002184 -0.000035  0.144572 0.846672 0
0  -0.001196 0.080684 0.019064  -0.000162 0.933427 -0.358768  0.143712 0.846998 0
0  -0.001196 0.078941 0.012288  -0.000215 0.933368 -0.358920  0.143712 0.846672 0
Material_0
0  -0.001196 0.080684 0.019064  -0.000162 0.933427 -0.358768  0.143712 0.846998 0
0  0.002186 0.080684 0.019064  0.000190 0.933417 -0.358795  0.142079 0.846998 0
0  -0.001196 0.078941 0.012288  -0.000215 0.933368 -0.358920  0.143712 0.846672 0
Material_0
0  0.002186 0.080684 0.019064  0.000190 0.933417 -0.358795  0.142079 0.846998 0
0  0.002186 0.078941 0.012288  0.000189 0.933380 -0.358890  0.142079 0.846672 0
0  -0.001196 0.078941 0.012288  -0.000215 0.933368 -0.358920  0.143712 0.846672 0
Material_0
0  -0.001196 0.078941 0.012288  -0.000215 0.933368 -0.358920  0.143712 0.846672 0
0  0.002186 0.078941 0.012288  0.000189 0.933380 -0.358890  0.142079 0.846672 0
0  -0.001196 0.076911 0.010127  -0.000225 0.565268 -0.824907  0.143712 0.846346 0
Material_0
0  0.002186 0.078941 0.012288  0.000189 0.933380 -0.358890  0.142079 0.846672 0
0  0.002186 0.076911 0.010127  0.000197 0.565250 -0.824919  0.142079 0.846346 0
0  -0.001196 0.076911 0.010127  -0.000225 0.565268 -0.824907  0.143712 0.846346 0
Material_0
0  0.002186 0.076911 0.010127  0.000197 0.565250 -0.824919  0.142079 0.846346 0
0  -0.001196 0.070343 0.008005  -0.000035 0.565307 -0.824881  0.143712 0.845368 0
0  -0.001196 0.076911 0.010127  -0.000225 0.565268 -0.824907  0.143712 0.846346 0
Material_0
0  -0.001196 0.076911 0.010127  -0.000225 0.565268 -0.824907  0.143712 0.846346 0
0  -0.001196 0.070343 0.008005  -0.000035 0.565307 -0.824881  0.143712 0.845368 0
0  -0.002887 0.077109 0.011972  -0.999998 0.002187 0.000034  0.144572 0.846428 0
Material_0
0  -0.001196 0.070343 0.008005  -0.000035 0.565307 -0.824881  0.143712 0.845368 0
0  -0.002887 0.069254 0.009430  -0.999997 0.002275 -0.000172  0.144572 0.845205 0
0  -0.002887 0.077109 0.011972  -0.999998 0.002187 0.000034  0.144572 0.846428 0
Material_0
0  -0.002887 0.077109 0.011972  -0.999998 0.002187 0.000034  0.144572 0.846428 0
0  -0.001196 0.078941 0.012288  -0.000215 0.933368 -0.358920  0.143712 0.846672 0
0  -0.001196 0.076911 0.010127  -0.000225 0.565268 -0.824907  0.143712 0.846346 0
Material_0
0  0.003875 0.077264 0.028575  0.999998 0.002205 -0.000000  0.141219 0.846428 0
0  0.003875 0.070328 0.022046  0.999998 0.002205 -0.000000  0.141219 0.845368 0
0  0.003875 0.078426 0.019016  0.999998 0.002205 0.000002  0.141219 0.846591 0
Material_0
0  0.003875 0.070328 0.022046  0.999998 0.002205 -0.000000  0.141219 0.845368 0
0  0.003875 0.070438 0.018472  0.999998 0.002205 -0.000000  0.141219 0.845368 0
0  0.003875 0.078426 0.019016  0.999998 0.002205 0.000002  0.141219 0.846591 0
Material_0
0  0.003875 0.078426 0.019016  0.999998 0.002205 0.000002  0.141219 0.846591 0
0  0.003875 0.070438 0.018472  0.999998 0.002205 -0.000000  0.141219 0.845368 0
0  0.003875 0.078992 0.019026  0.999998 0.002221 -0.000028  0.141219 0.846672 0
Material_0
0  0.003875 0.070438 0.018472  0.999998 0.002205 -0.000000  0.141219 0.845368 0
0  0.003875 0.077109 0.011972  0.999998 0.002199 -0.000003  0.141219 0.846428 0
0  0.003875 0.078992 0.019026  0.999998 0.002221 -0.000028  0.141219 0.846672 0
Material_0
0  0.003875 0.078992 0.019026  0.999998 0.002221 -0.000028  0.141219 0.846672 0
0  0.003875 0.077109 0.011972  0.999998 0.002199 -0.000003  0.141219 0.846428 0
0  0.002186 0.080684 0.019064  0.000190 0.933417 -0.358795  0.142079 0.846998 0
Material_0
0  0.002186 0.080684 0.019064  0.000190 0.933417 -0.358795  0.142079 0.846998 0
0  0.003875 0.077109 0.011972  0.999998 0.002199 -0.000003  0.141219 0.846428 0
0  0.002186 0.078941 0.012288  0.000189 0.933380 -0.358890  0.142079 0.846672 0
Material_0
0  0.002186 0.078941 0.012288  0.000189 0.933380 -0.358890  0.142079 0.846672 0
0  0.003875 0.077109 0.011972  0.999998 0.002199 -0.000003  0.141219 0.846428 0
0  0.002186 0.076911 0.010127  0.000197 0.565250 -0.824919  0.142079 0.846346 0
Material_0
0  0.003875 0.077109 0.011972  0.999998 0.002199 -0.000003  0.141219 0.846428 0
0  0.003875 0.069254 0.009430  0.999997 0.002311 -0.000180  0.141219 0.845205 0
0  0.002186 0.076911 0.010127  0.000197 0.565250 -0.824919  0.142079 0.846346 0
Material_0
0  0.002186 0.076911 0.010127  0.000197 0.565250 -0.824919  0.142079 0.846346 0
0  0.003875 0.069254 0.009430  0.999997 0.002311 -0.000180  0.141219 0.845205 0
0  0.002186 0.070343 0.008005  0.000033 0.565305 -0.824882  0.142079 0.845368 0
Material_0
0  0.002186 0.070343 0.008005  0.000033 0.565305 -0.824882  0.142079 0.845368 0
0  0.003875 0.069254 0.009430  0.999997 0.002311 -0.000180  0.141219 0.845205 0
0  0.003875 0.064180 0.000493  0.999997 0.002368 -0.000044  0.141219 0.844390 0
Material_0
0  0.003875 0.064180 0.000493  0.999997 0.002368 -0.000044  0.141219 0.844390 0
0  0.003875 0.069254 0.009430  0.999997 0.002311 -0.000180  0.141219 0.845205 0
0  0.003875 0.046087 0.002184  0.999998 0.002130 -0.000188  0.141219 0.841537 0
Material_0
0  0.003875 0.069254 0.009430  0.999997 0.002311 -0.000180  0.141219 0.845205 0
0  0.003875 0.048676 0.016942  0.999998 0.002205 -0.000000  0.141219 0.841945 0
0  0.003875 0.046087 0.002184  0.999998 0.002130 -0.000188  0.141219 0.841537 0
Material_0
0  0.003875 0.046087 0.002184  0.999998 0.002130 -0.000188  0.141219 0.841537 0
0  0.003875 0.048676 0.016942  0.999998 0.002205 -0.000000  0.141219 0.841945 0
0  0.003875 0.040100 0.011465  0.999998 0.002205 -0.000000  0.141219 0.840641 0
Material_0
0  0.003875 0.077109 0.011972  0.999998 0.002199 -0.000003  0.141219 0.846428 0
0  0.003875 0.070438 0.018472  0.999998 0.002205 -0.000000  0.141219 0.845368 0
0  0.003875 0.069254 0.009430  0.999997 0.002311 -0.000180  0.141219 0.845205 0
Material_0
0  0.003875 0.069254 0.009430  0.999997 0.002311 -0.000180  0.141219 0.845205 0
0  0.003875 0.070438 0.018472  0.999998 0.002205 -0.000000  0.141219 0.845368 0
0  0.003875 0.048676 0.016942  0.999998 0.002205 -0.000000  0.141219 0.841945 0
Material_0
0  0.002186 0.076911 0.010127  0.000197 0.565250 -0.824919  0.142079 0.846346 0
0  0.002186 0.070343 0.008005  0.000033 0.565305 -0.824882  0.142079 0.845368 0
0  -0.001196 0.070343 0.008005  -0.000035 0.565307 -0.824881  0.143712 0.845368 0
Material_0
0  -0.001196 0.070343 0.008005  -0.000035 0.565307 -0.824881  0.143712 0.845368 0
0  0.002186 0.070343 0.008005  0.000033 0.565305 -0.824882  0.142079 0.845368 0
0  -0.001196 0.065776 0.001037  -0.000177 0.983999 -0.178174  0.143712 0.844634 0
Material_0
0  0.002186 0.070343 0.008005  0.000033 0.565305 -0.824882  0.142079 0.845368 0
0  0.002186 0.065776 0.001037  0.000160 0.983989 -0.178230  0.142079 0.844634 0
0  -0.001196 0.065776 0.001037  -0.000177 0.983999 -0.178174  0.143712 0.844634 0
Material_0
0  0.002186 0.065776 0.001037  0.000160 0.983989 -0.178230  0.142079 0.844634 0
0  -0.001196 0.068784 -0.012937  -0.000205 0.984003 -0.178150  0.143712 0.845124 0
0  -0.001196 0.065776 0.001037  -0.000177 0.983999 -0.178174  0.143712 0.844634 0
Material_0
0  -0.001196 0.068784 -0.012937  -0.000205 0.984003 -0.178150  0.143712 0.845124 0
0  -0.002887 0.064180 0.000493  -0.999997 0.002387 -0.000042  0.144572 0.844390 0
0  -0.001196 0.065776 0.001037  -0.000177 0.983999 -0.178174  0.143712 0.844634 0
Material_0
0  -0.001196 0.065776 0.001037  -0.000177 0.983999 -0.178174  0.143712 0.844634 0
0  -0.002887 0.064180 0.000493  -0.999997 0.002387 -0.000042  0.144572 0.844390 0
0  -0.002887 0.069254 0.009430  -0.999997 0.002275 -0.000172  0.144572 0.845205 0
Material_0
0  -0.002887 0.064180 0.000493  -0.999997 0.002387 -0.000042  0.144572 0.844390 0
0  -0.002887 0.046087 0.002184  -0.999998 0.002149 -0.000186  0.144572 0.841537 0
0  -0.002887 0.069254 0.009430  -0.999997 0.002275 -0.000172  0.144572 0.845205 0
Material_0
0  -0.002887 0.069254 0.009430  -0.999997 0.002275 -0.000172  0.144572 0.845205 0
0  -0.002887 0.046087 0.002184  -0.999998 0.002149 -0.000186  0.144572 0.841537 0
0  -0.002887 0.048676 0.016942  -0.999998 0.002205 0.000000  0.144572 0.841945 0
Material_0
0  -0.002887 0.048676 0.016942  -0.999998 0.002205 0.000000  0.144572 0.841945 0
0  -0.002887 0.046087 0.002184  -0.999998 0.002149 -0.000186  0.144572 0.841537 0
0  -0.002887 0.040100 0.011465  -0.999998 0.002205 0.000000  0.144572 0.840641 0
Material_0
0  -0.002887 0.046087 0.002184  -0.999998 0.002149 -0.000186  0.144572 0.841537 0
0  -0.002887 0.038313 0.001420  -0.999997 0.002258 -0.000190  0.144572 0.840315 0
0  -0.002887 0.040100 0.011465  -0.999998 0.002205 0.000000  0.144572 0.840641 0
Material_0
0  -0.002887 0.040100 0.011465  -0.999998 0.002205 0.000000  0.144572 0.840641 0
0  -0.002887 0.038313 0.001420  -0.999997 0.002258 -0.000190  0.144572 0.840315 0
0  -0.002887 0.033393 -0.005596  -0.999997 0.002228 0.000003  0.144572 0.839581 0
Material_0
0  -0.002887 0.033393 -0.005596  -0.999997 0.002228 0.000003  0.144572 0.839581 0
0  -0.002887 0.038313 0.001420  -0.999997 0.002258 -0.000190  0.144572 0.840315 0
0  -0.001196 0.034474 -0.007011  0.000006 0.460413 -0.887705  0.143712 0.839744 0
Material_0
0  -0.001196 0.034474 -0.007011  0.000006 0.460413 -0.887705  0.143712 0.839744 0
0  -0.002887 0.038313 0.001420  -0.999997 0.002258 -0.000190  0.144572 0.840315 0
0  -0.001196 0.039254 -0.000186  0.000008 0.558076 -0.829790  0.143712 0.840478 0
Material_0
0  -0.002887 0.038313 0.001420  -0.999997 0.002258 -0.000190  0.144572 0.840315 0
0  -0.002887 0.046087 0.002184  -0.999998 0.002149 -0.000186  0.144572 0.841537 0
0  -0.001196 0.039254 -0.000186  0.000008 0.558076 -0.829790  0.143712 0.840478 0
Material_0
0  -0.001196 0.070343 0.008005  -0.000035 0.565307 -0.824881  0.143712 0.845368 0
0  -0.001196 0.065776 0.001037  -0.000177 0.983999 -0.178174  0.143712 0.844634 0
0  -0.002887 0.069254 0.009430  -0.999997 0.002275 -0.000172  0.144572 0.845205 0
Material_0
0  0.002186 0.065776 0.001037  0.000160 0.983989 -0.178230  0.142079 0.844634 0
0  0.002186 0.070343 0.008005  0.000033 0.565305 -0.824882  0.142079 0.845368 0
0  0.003875 0.064180 0.000493  0.999997 0.002368 -0.000044  0.141219 0.844390 0
Material_0
0  -0.002887 0.026251 0.020641  -0.999998 0.002205 0.000000  0.144572 0.838440 0
0  -0.002887 0.040100 0.011465  -0.999998 0.002205 0.000000  0.144572 0.840641 0
0  -0.002887 0.022993 0.008971  -0.999998 0.002205 0.000000  0.144572 0.837951 0
Material_0
0  -0.002887 0.022993 0.008971  -0.999998 0.002205 0.000000  0.144572 0.837951 0
0  -0.002887 0.040100 0.011465  -0.999998 0.002205 0.000000  0.144572 0.840641 0
0  -0.002887 0.031046 -0.000779  -0.999998 0.002205 0.000000  0.144572 0.839174 0
Material_0
0  -0.002887 0.040100 0.011465  -0.999998 0.002205 0.000000  0.144572 0.840641 0
0  -0.002887 0.033393 -0.005596  -0.999997 0.002228 0.000003  0.144572 0.839581 0
0  -0.002887 0.031046 -0.000779  -0.999998 0.002205 0.000000  0.144572 0.839174 0
Material_0
0  -0.002887 0.031046 -0.000779  -0.999998 0.002205 0.000000  0.144572 0.839174 0
0  -0.002887 0.033393 -0.005596  -0.999997 0.002228 0.000003  0.144572 0.839581 0
0  -0.002887 0.025714 -0.008014  -0.999998 -0.002205 0.000002  0.144572 0.838359 0
Material_0
0  -0.002887 0.025714 -0.008014  -0.999998 -0.002205 0.000002  0.144572 0.838359 0
0  -0.002887 0.033393 -0.005596  -0.999997 0.002228 0.000003  0.144572 0.839581 0
0  -0.002887 0.025780 -0.008368  -0.944234 0.111205 -0.309929  0.144572 0.838359 0
Material_0
0  -0.002887 0.025780 -0.008368  -0.944234 0.111205 -0.309929  0.144572 0.838359 0
0  -0.002887 0.033393 -0.005596  -0.999997 0.002228 0.000003  0.144572 0.839581 0
0  -0.001196 0.027663 -0.009457  0.000001 0.456537 -0.889704  0.143712 0.838685 0
Material_0
0  -0.002887 0.033393 -0.005596  -0.999997 0.002228 0.000003  0.144572 0.839581 0
0  -0.001196 0.034474 -0.007011  0.000006 0.460413 -0.887705  0.143712 0.839744 0
0  -0.001196 0.027663 -0.009457  0.000001 0.456537 -0.889704  0.143712 0.838685 0
Material_0
0  -0.001196 0.027663 -0.009457  0.000001 0.456537 -0.889704  0.143712 0.838685 0
0  -0.001196 0.034474 -0.007011  0.000006 0.460413 -0.887705  0.143712 0.839744 0
0  0.002186 0.027663 -0.009457  0.000008 0.460366 -0.887729  0.142079 0.838685 0
Material_0
0  -0.001196 0.034474 -0.007011  0.000006 0.460413 -0.887705  0.143712 0.839744 0
0  0.002186 0.034474 -0.007011  0.000056 0.460371 -0.887727  0.142079 0.839744 0
0  0.002186 0.027663 -0.009457  0.000008 0.460366 -0.887729  0.142079 0.838685 0
Material_0
0  0.002186 0.027663 -0.009457  0.000008 0.460366 -0.887729  0.142079 0.838685 0
0  0.002186 0.034474 -0.007011  0.000056 0.460371 -0.887727  0.142079 0.839744 0
0  0.003875 0.025780 -0.008368  0.944275 0.111165 -0.309818  0.141219 0.838359 0
Material_0
0  0.002186 0.034474 -0.007011  0.000056 0.460371 -0.887727  0.142079 0.839744 0
0  0.003875 0.033393 -0.005596  0.999998 0.002168 -0.000038  0.141219 0.839581 0
0  0.003875 0.025780 -0.008368  0.944275 0.111165 -0.309818  0.141219 0.838359 0
Material_0
0  0.003875 0.025780 -0.008368  0.944275 0.111165 -0.309818  0.141219 0.838359 0
0  0.003875 0.033393 -0.005596  0.999998 0.002168 -0.000038  0.141219 0.839581 0
0  0.003875 0.031046 -0.000779  0.999998 0.002205 -0.000000  0.141219 0.839174 0
Material_0
0  0.003875 0.033393 -0.005596  0.999998 0.002168 -0.000038  0.141219 0.839581 0
0  0.003875 0.038313 0.001420  0.999997 0.002276 -0.000167  0.141219 0.840315 0
0  0.003875 0.031046 -0.000779  0.999998 0.002205 -0.000000  0.141219 0.839174 0
Material_0
0  0.003875 0.031046 -0.000779  0.999998 0.002205 -0.000000  0.141219 0.839174 0
0  0.003875 0.038313 0.001420  0.999997 0.002276 -0.000167  0.141219 0.840315 0
0  0.003875 0.040100 0.011465  0.999998 0.002205 -0.000000  0.141219 0.840641 0
Material_0
0  0.003875 0.040100 0.011465  0.999998 0.002205 -0.000000  0.141219 0.840641 0
0  0.003875 0.038313 0.001420  0.999997 0.002276 -0.000167  0.141219 0.840315 0
0  0.003875 0.046087 0.002184  0.999998 0.002130 -0.000188  0.141219 0.841537 0
Material_0
0  0.003875 0.046087 0.002184  0.999998 0.002130 -0.000188  0.141219 0.841537 0
0  0.003875 0.038313 0.001420  0.999997 0.002276 -0.000167  0.141219 0.840315 0
0  0.002186 0.045763 0.000454  0.000039 -0.197496 -0.980304  0.142079 0.841537 0
Material_0
0  0.002186 0.045763 0.000454  0.000039 -0.197496 -0.980304  0.142079 0.841537 0
0  0.003875 0.038313 0.001420  0.999997 0.002276 -0.000167  0.141219 0.840315 0
0  0.002186 0.039254 -0.000186  -0.000000 0.558093 -0.829778  0.142079 0.840478 0
Material_0
0  0.003875 0.038313 0.001420  0.999997 0.002276 -0.000167  0.141219 0.840315 0
0  0.003875 0.033393 -0.005596  0.999998 0.002168 -0.000038  0.141219 0.839581 0
0  0.002186 0.039254 -0.000186  -0.000000 0.558093 -0.829778  0.142079 0.840478 0
Material_0
0  0.003875 0.033393 -0.005596  0.999998 0.002168 -0.000038  0.141219 0.839581 0
0  0.002186 0.034474 -0.007011  0.000056 0.460371 -0.887727  0.142079 0.839744 0
0  0.002186 0.039254 -0.000186  -0.000000 0.558093 -0.829778  0.142079 0.840478 0
Material_0
0  0.002186 0.039254 -0.000186  -0.000000 0.558093 -0.829778  0.142079 0.840478 0
0  0.002186 0.034474 -0.007011  0.000056 0.460371 -0.887727  0.142079 0.839744 0
0  -0.001196 0.039254 -0.000186  0.000008 0.558076 -0.829790  0.143712 0.840478 0
Material_0
0  0.002186 0.034474 -0.007011  0.000056 0.460371 -0.887727  0.142079 0.839744 0
0  -0.001196 0.034474 -0.007011  0.000006 0.460413 -0.887705  0.143712 0.839744 0
0  -0.001196 0.039254 -0.000186  0.000008 0.558076 -0.829790  0.143712 0.840478 0
Material_0
0  0.003875 0.025714 -0.008014  0.999998 0.002205 -0.000000  0.141219 0.838359 0
0  0.003875 0.025780 -0.008368  0.944275 0.111165 -0.309818  0.141219 0.838359 0
0  0.003875 0.031046 -0.000779  0.999998 0.002205 -0.000000  0.141219 0.839174 0
Material_0
0  0.003875 0.031046 -0.000779  0.999998 0.002205 -0.000000  0.141219 0.839174 0
0  0.003875 0.040100 0.011465  0.999998 0.002205 -0.000000  0.141219 0.840641 0
0  0.003875 0.022993 0.008971  0.999998 0.002205 -0.000000  0.141219 0.837951 0
Material_0
0  0.003875 0.022993 0.008971  0.999998 0.002205 -0.000000  0.141219 0.837951 0
0  0.003875 0.040100 0.011465  0.999998 0.002205 -0.000000  0.141219 0.840641 0
0  0.003875 0.026251 0.020641  0.999997 0.002205 -0.000000  0.141219 0.838440 0
Material_0
0  -0.001196 0.039254 -0.000186  0.000008 0.558076 -0.829790  0.143712 0.840478 0
0  -0.001196 0.045763 0.000454  -0.000173 -0.197519 -0.980299  0.143712 0.841537 0
0  0.002186 0.039254 -0.000186  -0.000000 0.558093 -0.829778  0.142079 0.840478 0
Material_0
0  0.002186 0.039254 -0.000186  -0.000000 0.558093 -0.829778  0.142079 0.840478 0
0  -0.001196 0.045763 0.000454  -0.000173 -0.197519 -0.980299  0.143712 0.841537 0
0  0.002186 0.045763 0.000454  0.000039 -0.197496 -0.980304  0.142079 0.841537 0
Material_0
0  -0.001196 0.045763 0.000454  -0.000173 -0.197519 -0.980299  0.143712 0.841537 0
0  0.002186 0.053037 -0.003292  0.000189 -0.715524 -0.698588  0.142079 0.842597 0
0  0.002186 0.045763 0.000454  0.000039 -0.197496 -0.980304  0.142079 0.841537 0
Material_0
0  0.002186 0.045763 0.000454  0.000039 -0.197496 -0.980304  0.142079 0.841537 0
0  0.002186 0.053037 -0.003292  0.000189 -0.715524 -0.698588  0.142079 0.842597 0
0  0.003875 0.046087 0.002184  0.999998 0.002130 -0.000188  0.141219 0.841537 0
Material_0
0  0.002186 0.053037 -0.003292  0.000189 -0.715524 -0.698588  0.142079 0.842597 0
0  0.003875 0.054640 -0.002748  0.999998 0.002053 -0.000164  0.141219 0.842923 0
0  0.003875 0.046087 0.002184  0.999998 0.002130 -0.000188  0.141219 0.841537 0
Material_0
0  0.003875 0.046087 0.002184  0.999998 0.002130 -0.000188  0.141219 0.841537 0
0  0.003875 0.054640 -0.002748  0.999998 0.002053 -0.000164  0.141219 0.842923 0
0  0.003875 0.064180 0.000493  0.999997 0.002368 -0.000044  0.141219 0.844390 0
Material_0
0  -0.001196 0.039254 -0.000186  0.000008 0.558076 -0.829790  0.143712 0.840478 0
0  -0.002887 0.046087 0.002184  -0.999998 0.002149 -0.000186  0.144572 0.841537 0
0  -0.001196 0.045763 0.000454  -0.000173 -0.197519 -0.980299  0.143712 0.841537 0
Material_0
0  -0.001196 0.045763 0.000454  -0.000173 -0.197519 -0.980299  0.143712 0.841537 0
0  -0.002887 0.046087 0.002184  -0.999998 0.002149 -0.000186  0.144572 0.841537 0
0  -0.002887 0.054640 -0.002748  -0.999998 0.002037 -0.000122  0.144572 0.842923 0
Material_0
0  -0.002887 0.046087 0.002184  -0.999998 0.002149 -0.000186  0.144572 0.841537 0
0  -0.002887 0.064180 0.000493  -0.999997 0.002387 -0.000042  0.144572 0.844390 0
0  -0.002887 0.054640 -0.002748  -0.999998 0.002037 -0.000122  0.144572 0.842923 0
Material_0
0  -0.002887 0.054640 -0.002748  -0.999998 0.002037 -0.000122  0.144572 0.842923 0
0  -0.001196 0.053037 -0.003292  -0.000188 -0.715526 -0.698586  0.143712 0.842597 0
0  -0.001196 0.045763 0.000454  -0.000173 -0.197519 -0.980299  0.143712 0.841537 0
Material_0
0  -0.001196 0.045763 0.000454  -0.000173 -0.197519 -0.980299  0.143712 0.841537 0
0  -0.001196 0.053037 -0.003292  -0.000188 -0.715526 -0.698586  0.143712 0.842597 0
0  0.002186 0.053037 -0.003292  0.000189 -0.715524 -0.698588  0.142079 0.842597 0
Material_0
0  -0.001196 0.053037 -0.003292  -0.000188 -0.715526 -0.698586  0.143712 0.842597 0
0  0.002186 0.058833 -0.016167  0.000211 -0.715583 -0.698528  0.142079 0.843575 0
0  0.002186 0.053037 -0.003292  0.000189 -0.715524 -0.698588  0.142079 0.842597 0
Material_0
0  0.002186 0.053037 -0.003292  0.000189 -0.715524 -0.698588  0.142079 0.842597 0
0  0.002186 0.058833 -0.016167  0.000211 -0.715583 -0.698528  0.142079 0.843575 0
0  0.003875 0.054640 -0.002748  0.999998 0.002053 -0.000164  0.141219 0.842923 0
Material_0
0  -0.002887 0.054640 -0.002748  -0.999998 0.002037 -0.000122  0.144572 0.842923 0
0  -0.002887 0.060451 -0.015642  -0.999998 0.002191 0.000018  0.144572 0.843819 0
0  -0.001196 0.053037 -0.003292  -0.000188 -0.715526 -0.698586  0.143712 0.842597 0
Material_0
0  -0.001196 0.053037 -0.003292  -0.000188 -0.715526 -0.698586  0.143712 0.842597 0
0  -0.002887 0.060451 -0.015642  -0.999998 0.002191 0.000018  0.144572 0.843819 0
0  -0.001196 0.058833 -0.016167  -0.000196 -0.715564 -0.698547  0.143712 0.843575 0
Material_0
0  -0.001196 0.058833 -0.016167  -0.000196 -0.715564 -0.698547  0.143712 0.843575 0
0  -0.002887 0.060451 -0.015642  -0.999998 0.002191 0.000018  0.144572 0.843819 0
0  -0.001196 0.061135 -0.017190  -0.000040 0.311505 -0.950245  0.143712 0.843901 0
Material_0
0  -0.002887 0.060451 -0.015642  -0.999998 0.002191 0.000018  0.144572 0.843819 0
0  -0.002887 0.067166 -0.013453  -0.999998 0.002137 -0.000039  0.144572 0.844879 0
0  -0.001196 0.061135 -0.017190  -0.000040 0.311505 -0.950245  0.143712 0.843901 0
Material_0
0  -0.001196 0.061135 -0.017190  -0.000040 0.311505 -0.950245  0.143712 0.843901 0
0  -0.002887 0.067166 -0.013453  -0.999998 0.002137 -0.000039  0.144572 0.844879 0
0  -0.001196 0.067533 -0.015106  -0.000021 0.311501 -0.950246  0.143712 0.844879 0
Material_0
0  -0.002887 0.067166 -0.013453  -0.999998 0.002137 -0.000039  0.144572 0.844879 0
0  -0.001196 0.068784 -0.012937  -0.000205 0.984003 -0.178150  0.143712 0.845124 0
0  -0.001196 0.067533 -0.015106  -0.000021 0.311501 -0.950246  0.143712 0.844879 0
Material_0
0  -0.001196 0.067533 -0.015106  -0.000021 0.311501 -0.950246  0.143712 0.844879 0
0  -0.001196 0.068784 -0.012937  -0.000205 0.984003 -0.178150  0.143712 0.845124 0
0  0.002186 0.068784 -0.012937  0.000242 0.983998 -0.178181  0.142079 0.845124 0
Material_0
0  -0.001196 0.068784 -0.012937  -0.000205 0.984003 -0.178150  0.143712 0.845124 0
0  0.002186 0.065776 0.001037  0.000160 0.983989 -0.178230  0.142079 0.844634 0
0  0.002186 0.068784 -0.012937  0.000242 0.983998 -0.178181  0.142079 0.845124 0
Material_0
0  -0.001196 0.058833 -0.016167  -0.000196 -0.715564 -0.698547  0.143712 0.843575 0
0  0.002186 0.058833 -0.016167  0.000211 -0.715583 -0.698528  0.142079 0.843575 0
0  -0.001196 0.053037 -0.003292  -0.000188 -0.715526 -0.698586  0.143712 0.842597 0
Material_0
0  -0.002887 0.054640 -0.002748  -0.999998 0.002037 -0.000122  0.144572 0.842923 0
0  -0.002887 0.064180 0.000493  -0.999997 0.002387 -0.000042  0.144572 0.844390 0
0  -0.002887 0.060451 -0.015642  -0.999998 0.002191 0.000018  0.144572 0.843819 0
Material_0
0  -0.002887 0.060451 -0.015642  -0.999998 0.002191 0.000018  0.144572 0.843819 0
0  -0.002887 0.064180 0.000493  -0.999997 0.002387 -0.000042  0.144572 0.844390 0
0  -0.002887 0.067166 -0.013453  -0.999998 0.002137 -0.000039  0.144572 0.844879 0
Material_0
0  -0.002887 0.064180 0.000493  -0.999997 0.002387 -0.000042  0.144572 0.844390 0
0  -0.001196 0.068784 -0.012937  -0.000205 0.984003 -0.178150  0.143712 0.845124 0
0  -0.002887 0.067166 -0.013453  -0.999998 0.002137 -0.000039  0.144572 0.844879 0
Material_0
0  0.002186 0.068784 -0.012937  0.000242 0.983998 -0.178181  0.142079 0.845124 0
0  0.002186 0.067533 -0.015106  0.000032 0.311471 -0.950256  0.142079 0.844879 0
0  -0.001196 0.067533 -0.015106  -0.000021 0.311501 -0.950246  0.143712 0.844879 0
Material_0
0  -0.001196 0.067533 -0.015106  -0.000021 0.311501 -0.950246  0.143712 0.844879 0
0  0.002186 0.067533 -0.015106  0.000032 0.311471 -0.950256  0.142079 0.844879 0
0  -0.001196 0.061135 -0.017190  -0.000040 0.311505 -0.950245  0.143712 0.843901 0
Material_0
0  0.002186 0.067533 -0.015106  0.000032 0.311471 -0.950256  0.142079 0.844879 0
0  0.002186 0.061135 -0.017190  0.000012 0.311536 -0.950234  0.142079 0.843901 0
0  -0.001196 0.061135 -0.017190  -0.000040 0.311505 -0.950245  0.143712 0.843901 0
Material_0
0  -0.001196 0.061135 -0.017190  -0.000040 0.311505 -0.950245  0.143712 0.843901 0
0  0.002186 0.061135 -0.017190  0.000012 0.311536 -0.950234  0.142079 0.843901 0
0  -0.001196 0.058833 -0.016167  -0.000196 -0.715564 -0.698547  0.143712 0.843575 0
Material_0
0  -0.001196 0.058833 -0.016167  -0.000196 -0.715564 -0.698547  0.143712 0.843575 0
0  0.002186 0.061135 -0.017190  0.000012 0.311536 -0.950234  0.142079 0.843901 0
0  0.002186 0.058833 -0.016167  0.000211 -0.715583 -0.698528  0.142079 0.843575 0
Material_0
0  0.002186 0.061135 -0.017190  0.000012 0.311536 -0.950234  0.142079 0.843901 0
0  0.003875 0.060451 -0.015642  0.999998 0.002174 0.000003  0.141219 0.843819 0
0  0.002186 0.058833 -0.016167  0.000211 -0.715583 -0.698528  0.142079 0.843575 0
Material_0
0  0.002186 0.058833 -0.016167  0.000211 -0.715583 -0.698528  0.142079 0.843575 0
0  0.003875 0.060451 -0.015642  0.999998 0.002174 0.000003  0.141219 0.843819 0
0  0.003875 0.054640 -0.002748  0.999998 0.002053 -0.000164  0.141219 0.842923 0
Material_0
0  0.003875 0.060451 -0.015642  0.999998 0.002174 0.000003  0.141219 0.843819 0
0  0.003875 0.067166 -0.013453  0.999998 0.002180 0.000033  0.141219 0.844879 0
0  0.003875 0.054640 -0.002748  0.999998 0.002053 -0.000164  0.141219 0.842923 0
Material_0
0  0.003875 0.054640 -0.002748  0.999998 0.002053 -0.000164  0.141219 0.842923 0
0  0.003875 0.067166 -0.013453  0.999998 0.002180 0.000033  0.141219 0.844879 0
0  0.003875 0.064180 0.000493  0.999997 0.002368 -0.000044  0.141219 0.844390 0
Material_0
0  0.003875 0.064180 0.000493  0.999997 0.002368 -0.000044  0.141219 0.844390 0
0  0.003875 0.067166 -0.013453  0.999998 0.002180 0.000033  0.141219 0.844879 0
0  0.002186 0.065776 0.001037  0.000160 0.983989 -0.178230  0.142079 0.844634 0
Material_0
0  0.002186 0.065776 0.001037  0.000160 0.983989 -0.178230  0.142079 0.844634 0
0  0.003875 0.067166 -0.013453  0.999998 0.002180 0.000033  0.141219 0.844879 0
0  0.002186 0.068784 -0.012937  0.000242 0.983998 -0.178181  0.142079 0.845124 0
Material_0
0  0.002186 0.068784 -0.012937  0.000242 0.983998 -0.178181  0.142079 0.845124 0
0  0.003875 0.067166 -0.013453  0.999998 0.002180 0.000033  0.141219 0.844879 0
0  0.002186 0.067533 -0.015106  0.000032 0.311471 -0.950256  0.142079 0.844879 0
Material_0
0  0.003875 0.067166 -0.013453  0.999998 0.002180 0.000033  0.141219 0.844879 0
0  0.003875 0.060451 -0.015642  0.999998 0.002174 0.000003  0.141219 0.843819 0
0  0.002186 0.067533 -0.015106  0.000032 0.311471 -0.950256  0.142079 0.844879 0
Material_0
0  0.002186 0.067533 -0.015106  0.000032 0.311471 -0.950256  0.142079 0.844879 0
0  0.003875 0.060451 -0.015642  0.999998 0.002174 0.000003  0.141219 0.843819 0
0  0.002186 0.061135 -0.017190  0.000012 0.311536 -0.950234  0.142079 0.843901 0
Material_0
0  -0.002887 0.022993 0.008971  0.000000 -0.770977 -0.636863  0.144572 0.837951 0
0  -0.002887 0.031046 -0.000779  0.000000 -0.770977 -0.636863  0.144572 0.839174 0
0  0.003875 0.022993 0.008971  0.000000 -0.770977 -0.636863  0.141219 0.837951 0
Material_0
0  0.003875 0.022993 0.008971  0.000000 -0.770976 -0.636864  0.141219 0.837951 0
0  -0.002887 0.031046 -0.000779  0.000000 -0.770976 -0.636864  0.144572 0.839174 0
0  0.003875 0.031046 -0.000779  0.000000 -0.770976 -0.636864  0.141219 0.839174 0
Material_0
0  -0.002887 0.031046 -0.000779  0.003799 -0.803320 0.595535  0.144572 0.839174 0
0  -0.002887 0.025714 -0.008014  0.003799 -0.803320 0.595535  0.144572 0.838359 0
0  0.003875 0.031046 -0.000779  0.003761 -0.803338 0.595512  0.141219 0.839174 0
Material_0
0  0.003875 0.031046 -0.000779  0.003761 -0.803338 0.595512  0.141219 0.839174 0
0  -0.002887 0.025714 -0.008014  0.003799 -0.803320 0.595535  0.144572 0.838359 0
0  0.003875 0.025714 -0.008014  0.003723 -0.803356 0.595488  0.141219 0.838359 0
Material_0
0  -0.002887 0.040100 0.011465  0.003662 0.550837 0.834605  0.144572 0.840641 0
0  -0.002887 0.026251 0.020641  0.003706 0.550821 0.834615  0.144572 0.838440 0
0  0.003875 0.040100 0.011465  0.003749 0.550803 0.834627  0.141219 0.840641 0
Material_0
0  0.003875 0.040100 0.011465  0.003749 0.550803 0.834627  0.141219 0.840641 0
0  -0.002887 0.026251 0.020641  0.003706 0.550821 0.834615  0.144572 0.838440 0
0  0.003875 0.026251 0.020641  0.003662 0.550838 0.834604  0.141219 0.838440 0
Material_0
0  0.003875 0.025780 -0.008368  -0.000000 -0.502509 -0.864572  0.141219 0.838359 0
0  -0.002887 0.025780 -0.008368  0.000000 -0.502468 -0.864596  0.144572 0.838359 0
0  0.002186 0.027663 -0.009457  -0.000000 -0.502426 -0.864620  0.142079 0.838685 0
Material_0
0  0.002186 0.027663 -0.009457  -0.000000 -0.502426 -0.864620  0.142079 0.838685 0
0  -0.002887 0.025780 -0.008368  0.000000 -0.502468 -0.864596  0.144572 0.838359 0
0  -0.001196 0.027663 -0.009457  0.000000 -0.502469 -0.864595  0.143712 0.838685 0
Material_0
0  -0.001201 0.023699 0.046525  0.914200 -0.405259 -0.001904  0.143712 0.838033 0
0  -0.001699 0.022581 0.049469  0.912425 -0.409240 0.001862  0.143970 0.837870 0
0  -0.001699 0.022581 0.043571  0.914205 -0.405247 -0.001908  0.143970 0.837870 0
Material_0
0  -0.001699 0.022581 0.049469  0.912425 -0.409240 0.001862  0.143970 0.837870 0
0  -0.002185 0.021493 0.049966  0.914202 -0.405255 -0.001899  0.144228 0.837707 0
0  -0.001699 0.022581 0.043571  0.914205 -0.405247 -0.001908  0.143970 0.837870 0
Material_0
0  -0.001699 0.022581 0.043571  0.914205 -0.405247 -0.001908  0.143970 0.837870 0
0  -0.002185 0.021493 0.049966  0.914202 -0.405255 -0.001899  0.144228 0.837707 0
0  -0.002185 0.021493 0.043084  0.914169 -0.405328 -0.001847  0.144228 0.837707 0
Material_0
0  -0.002185 0.021493 0.043084  -0.157788 -0.348624 0.923885  0.144228 0.837707 0
0  0.000755 0.021493 0.043571  -0.353739 -0.795753 0.491574  0.142767 0.837707 0
0  -0.001699 0.022581 0.043571  -0.291063 -0.645202 0.706397  0.143970 0.837870 0
Material_0
0  -0.001699 0.022581 0.043571  -0.291063 -0.645202 0.706397  0.143970 0.837870 0
0  0.000755 0.021493 0.043571  -0.353739 -0.795753 0.491574  0.142767 0.837707 0
0  -0.001201 0.023699 0.046525  -0.407257 -0.913306 -0.003801  0.143712 0.838033 0
Material_0
0  0.000755 0.021493 0.043571  -0.353739 -0.795753 0.491574  0.142767 0.837707 0
0  0.003754 0.021493 0.046525  -0.407256 -0.913306 -0.003815  0.141219 0.837707 0
0  -0.001201 0.023699 0.046525  -0.407257 -0.913306 -0.003801  0.143712 0.838033 0
Material_0
0  0.003754 0.021493 0.046525  -0.407256 -0.913306 -0.003815  0.141219 0.837707 0
0  0.000755 0.021493 0.049469  -0.353686 -0.795634 -0.491806  0.142767 0.837707 0
0  -0.001201 0.023699 0.046525  -0.407257 -0.913306 -0.003801  0.143712 0.838033 0
Material_0
0  -0.001201 0.023699 0.046525  -0.407257 -0.913306 -0.003801  0.143712 0.838033 0
0  0.000755 0.021493 0.049469  -0.353686 -0.795634 -0.491806  0.142767 0.837707 0
0  -0.001699 0.022581 0.049469  -0.287482 -0.645324 -0.707751  0.143970 0.837870 0
Material_0
0  0.000755 0.021493 0.049469  -0.353686 -0.795634 -0.491806  0.142767 0.837707 0
0  -0.002185 0.021493 0.049966  -0.157824 -0.348562 -0.923903  0.144228 0.837707 0
0  -0.001699 0.022581 0.049469  -0.287482 -0.645324 -0.707751  0.143970 0.837870 0
Material_0
0  0.018595 0.031701 0.046525  0.881586 0.472008 -0.003782  0.133825 0.839337 0
0  0.019168 0.030620 0.049469  0.883634 0.468178 -0.000000  0.133567 0.839092 0
0  0.019168 0.030620 0.043571  0.881606 0.471971 -0.003713  0.133567 0.839092 0
Material_0
0  0.019168 0.030620 0.049469  0.883634 0.468178 -0.000000  0.133567 0.839092 0
0  0.019717 0.029590 0.049947  0.881592 0.471998 -0.003780  0.133223 0.838929 0
0  0.019168 0.030620 0.043571  0.881606 0.471971 -0.003713  0.133567 0.839092 0
Material_0
0  0.019168 0.030620 0.043571  0.881606 0.471971 -0.003713  0.133567 0.839092 0
0  0.019717 0.029590 0.049947  0.881592 0.471998 -0.003780  0.133223 0.838929 0
0  0.019717 0.029590 0.043094  0.883643 0.468161 0.000000  0.133223 0.838929 0
Material_0
0  0.019717 0.029590 0.043094  0.180047 -0.336322 0.924376  0.133223 0.838929 0
0  0.021549 0.031885 0.043571  0.410793 -0.768289 0.490899  0.132363 0.839337 0
0  0.019168 0.030620 0.043571  0.332866 -0.624947 0.706145  0.133567 0.839092 0
Material_0
0  0.019168 0.030620 0.043571  0.332866 -0.624947 0.706145  0.133567 0.839092 0
0  0.021549 0.031885 0.043571  0.410793 -0.768289 0.490899  0.132363 0.839337 0
0  0.018595 0.031701 0.046525  0.470067 -0.882629 0.001885  0.133825 0.839337 0
Material_0
0  0.021549 0.031885 0.043571  0.410793 -0.768289 0.490899  0.132363 0.839337 0
0  0.023462 0.034290 0.046525  0.470076 -0.882624 0.001927  0.131418 0.839663 0
0  0.018595 0.031701 0.046525  0.470067 -0.882629 0.001885  0.133825 0.839337 0
Material_0
0  0.023462 0.034290 0.046525  0.470076 -0.882624 0.001927  0.131418 0.839663 0
0  0.021549 0.031885 0.049469  0.410771 -0.768282 -0.490928  0.132363 0.839337 0
0  0.018595 0.031701 0.046525  0.470067 -0.882629 0.001885  0.133825 0.839337 0
Material_0
0  0.018595 0.031701 0.046525  0.470067 -0.882629 0.001885  0.133825 0.839337 0
0  0.021549 0.031885 0.049469  0.410771 -0.768282 -0.490928  0.132363 0.839337 0
0  0.019168 0.030620 0.049469  0.329518 -0.624851 -0.707798  0.133567 0.839092 0
Material_0
0  0.021549 0.031885 0.049469  0.410771 -0.768282 -0.490928  0.132363 0.839337 0
0  0.019717 0.029590 0.049947  0.180007 -0.336289 -0.924396  0.133223 0.838929 0
0  0.019168 0.030620 0.049469  0.329518 -0.624851 -0.707798  0.133567 0.839092 0
Material_0
0  0.024480 0.052228 0.046525  0.175032 0.983996 -0.033402  0.130902 0.842515 0
0  0.025683 0.052015 0.049469  0.175026 0.983998 -0.033383  0.130300 0.842515 0
0  0.025683 0.052015 0.043571  0.175033 0.983997 -0.033383  0.130300 0.842515 0
Material_0
0  0.025683 0.052015 0.049469  0.175026 0.983998 -0.033383  0.130300 0.842515 0
0  0.026808 0.051816 0.049937  0.175031 0.983997 -0.033380  0.129698 0.842434 0
0  0.025683 0.052015 0.043571  0.175033 0.983997 -0.033383  0.130300 0.842515 0
Material_0
0  0.025683 0.052015 0.043571  0.175033 0.983997 -0.033383  0.130300 0.842515 0
0  0.026808 0.051816 0.049937  0.175031 0.983997 -0.033380  0.129698 0.842434 0
0  0.026808 0.051816 0.043103  0.175033 0.983997 -0.033380  0.129698 0.842434 0
Material_0
0  0.026808 0.051816 0.043103  0.378865 -0.063317 0.923283  0.129698 0.842434 0
0  0.026152 0.054685 0.043571  0.861151 -0.150263 0.485633  0.130042 0.842923 0
0  0.025683 0.052015 0.043571  0.694955 -0.124023 0.708277  0.130300 0.842515 0
Material_0
0  0.025683 0.052015 0.043571  0.694955 -0.124023 0.708277  0.130300 0.842515 0
0  0.026152 0.054685 0.043571  0.861151 -0.150263 0.485633  0.130042 0.842923 0
0  0.024480 0.052228 0.046525  0.984681 -0.171737 -0.030165  0.130902 0.842515 0
Material_0
0  0.026152 0.054685 0.043571  0.861151 -0.150263 0.485633  0.130042 0.842923 0
0  0.025454 0.057752 0.046525  0.984680 -0.171737 0.030186  0.130386 0.843330 0
0  0.024480 0.052228 0.046525  0.984681 -0.171737 -0.030165  0.130902 0.842515 0
Material_0
0  0.025454 0.057752 0.046525  0.984680 -0.171737 0.030186  0.130386 0.843330 0
0  0.026152 0.054685 0.049469  0.863040 -0.150173 -0.482297  0.130042 0.842923 0
0  0.024480 0.052228 0.046525  0.984681 -0.171737 -0.030165  0.130902 0.842515 0
Material_0
0  0.024480 0.052228 0.046525  0.984681 -0.171737 -0.030165  0.130902 0.842515 0
0  0.026152 0.054685 0.049469  0.863040 -0.150173 -0.482297  0.130042 0.842923 0
0  0.025683 0.052015 0.049469  0.694921 -0.124115 -0.708294  0.130300 0.842515 0
Material_0
0  0.026152 0.054685 0.049469  0.863040 -0.150173 -0.482297  0.130042 0.842923 0
0  0.026808 0.051816 0.049937  0.375630 -0.067620 -0.924300  0.129698 0.842434 0
0  0.025683 0.052015 0.049469  0.694921 -0.124115 -0.708294  0.130300 0.842515 0
Material_0
0  0.005728 0.042579 0.094995  -0.000000 0.002205 0.999998  0.619511 0.823280 0
0  0.007916 0.046690 0.094995  0.000000 0.002205 0.999998  0.615728 0.829393 0
0  0.001543 0.040534 0.094995  0.000000 0.002205 0.999998  0.626905 0.820264 0
Material_0
0  0.007916 0.046690 0.094995  0.000000 0.002205 0.999998  0.615728 0.829393 0
0  -0.006279 0.044697 0.094995  -0.000000 0.002205 0.999998  0.640575 0.826377 0
0  0.001543 0.040534 0.094995  0.000000 0.002205 0.999998  0.626905 0.820264 0
Material_0
0  0.001543 0.040534 0.094995  0.000000 0.002205 0.999998  0.626905 0.820264 0
0  -0.006279 0.044697 0.094995  -0.000000 0.002205 0.999998  0.640575 0.826377 0
0  -0.003043 0.041343 0.094995  0.000000 0.002205 0.999998  0.634901 0.821405 0
Material_0
0  0.007267 0.051301 0.094995  0.000000 0.002205 0.999998  0.616845 0.836158 0
0  0.004033 0.054648 0.094995  -0.000000 0.002205 0.999998  0.622520 0.841130 0
0  0.007916 0.046690 0.094995  0.000000 0.002205 0.999998  0.615728 0.829393 0
Material_0
0  0.007916 0.046690 0.094995  0.000000 0.002205 0.999998  0.615728 0.829393 0
0  0.004033 0.054648 0.094995  -0.000000 0.002205 0.999998  0.622520 0.841130 0
0  -0.006279 0.044697 0.094995  -0.000000 0.002205 0.999998  0.640575 0.826377 0
Material_0
0  0.004033 0.054648 0.094995  -0.000000 0.002205 0.999998  0.622520 0.841130 0
0  -0.004739 0.053420 0.094995  -0.000001 0.002205 0.999998  0.637910 0.839337 0
0  -0.006279 0.044697 0.094995  -0.000000 0.002205 0.999998  0.640575 0.826377 0
Material_0
0  -0.006279 0.044697 0.094995  -0.000000 0.002205 0.999998  0.640575 0.826377 0
0  -0.004739 0.053420 0.094995  -0.000001 0.002205 0.999998  0.637910 0.839337 0
0  -0.006928 0.049308 0.094995  -0.000005 0.002205 0.999998  0.641693 0.833224 0
Material_0
0  -0.000554 0.055457 0.094995  -0.000001 0.002205 0.999998  0.630516 0.842352 0
0  -0.004739 0.053420 0.094995  -0.000001 0.002205 0.999998  0.637910 0.839337 0
0  0.004033 0.054648 0.094995  -0.000000 0.002205 0.999998  0.622520 0.841130 0
Material_0
0  -0.006928 0.049308 0.038343  -0.000000 -0.002205 -0.999998  0.641693 0.833224 0
0  -0.004739 0.053420 0.038343  0.000000 -0.002205 -0.999998  0.637910 0.839337 0
0  -0.006279 0.044697 0.038343  0.000001 -0.002205 -0.999998  0.640575 0.826377 0
Material_0
0  -0.004739 0.053420 0.038343  0.000000 -0.002205 -0.999998  0.637910 0.839337 0
0  0.001543 0.040534 0.038343  0.000000 -0.002205 -0.999998  0.626905 0.820264 0
0  -0.006279 0.044697 0.038343  0.000001 -0.002205 -0.999998  0.640575 0.826377 0
Material_0
0  -0.006279 0.044697 0.038343  0.000001 -0.002205 -0.999998  0.640575 0.826377 0
0  0.001543 0.040534 0.038343  0.000000 -0.002205 -0.999998  0.626905 0.820264 0
0  -0.003043 0.041343 0.038343  0.000002 0.002156 -0.999998  0.634901 0.821405 0
Material_0
0  -0.000554 0.055457 0.038343  0.000000 -0.002205 -0.999998  0.630516 0.842352 0
0  0.004033 0.054648 0.038343  -0.000001 -0.002205 -0.999998  0.622520 0.841130 0
0  -0.004739 0.053420 0.038343  0.000000 -0.002205 -0.999998  0.637910 0.839337 0
Material_0
0  -0.004739 0.053420 0.038343  0.000000 -0.002205 -0.999998  0.637910 0.839337 0
0  0.004033 0.054648 0.038343  -0.000001 -0.002205 -0.999998  0.622520 0.841130 0
0  0.001543 0.040534 0.038343  0.000000 -0.002205 -0.999998  0.626905 0.820264 0
Material_0
0  0.004033 0.054648 0.038343  -0.000001 -0.002205 -0.999998  0.622520 0.841130 0
0  0.007916 0.046690 0.038343  -0.000000 -0.002205 -0.999998  0.615728 0.829393 0
0  0.001543 0.040534 0.038343  0.000000 -0.002205 -0.999998  0.626905 0.820264 0
Material_0
0  0.001543 0.040534 0.038343  0.000000 -0.002205 -0.999998  0.626905 0.820264 0
0  0.007916 0.046690 0.038343  -0.000000 -0.002205 -0.999998  0.615728 0.829393 0
0  0.005728 0.042579 0.038343  -0.000002 -0.002205 -0.999998  0.619511 0.823280 0
Material_0
0  0.007267 0.051301 0.038343  0.000000 -0.002205 -0.999998  0.616845 0.836158 0
0  0.007916 0.046690 0.038343  -0.000000 -0.002205 -0.999998  0.615728 0.829393 0
0  0.004033 0.054648 0.038343  -0.000001 -0.002205 -0.999998  0.622520 0.841130 0
Material_0
0  0.001996 0.035643 0.167780  0.000000 0.002205 0.999997  0.142165 0.839907 0
0  0.004427 0.037408 0.167780  0.000001 0.002205 0.999998  0.140875 0.840152 0
0  -0.001007 0.035643 0.167780  -0.000000 0.002205 0.999998  0.143626 0.839907 0
Material_0
0  0.004427 0.037408 0.167780  0.000001 0.002205 0.999998  0.140875 0.840152 0
0  -0.004367 0.040262 0.167780  0.000000 0.002205 0.999998  0.145346 0.840641 0
0  -0.001007 0.035643 0.167780  -0.000000 0.002205 0.999998  0.143626 0.839907 0
Material_0
0  -0.001007 0.035643 0.167780  -0.000000 0.002205 0.999998  0.143626 0.839907 0
0  -0.004367 0.040262 0.167780  0.000000 0.002205 0.999998  0.145346 0.840641 0
0  -0.003440 0.037408 0.167780  -0.000000 0.002205 0.999998  0.144830 0.840152 0
Material_0
0  0.005355 0.040262 0.167780  -0.000000 0.002205 0.999998  0.140445 0.840641 0
0  0.004427 0.043123 0.167780  0.000001 0.002205 0.999998  0.140875 0.841048 0
0  0.004427 0.037408 0.167780  0.000001 0.002205 0.999998  0.140875 0.840152 0
Material_0
0  0.004427 0.037408 0.167780  0.000001 0.002205 0.999998  0.140875 0.840152 0
0  0.004427 0.043123 0.167780  0.000001 0.002205 0.999998  0.140875 0.841048 0
0  -0.004367 0.040262 0.167780  0.000000 0.002205 0.999998  0.145346 0.840641 0
Material_0
0  0.004427 0.043123 0.167780  0.000001 0.002205 0.999998  0.140875 0.841048 0
0  -0.001007 0.044888 0.167780  0.000000 0.002205 0.999998  0.143626 0.841374 0
0  -0.004367 0.040262 0.167780  0.000000 0.002205 0.999998  0.145346 0.840641 0
Material_0
0  -0.004367 0.040262 0.167780  0.000000 0.002205 0.999998  0.145346 0.840641 0
0  -0.001007 0.044888 0.167780  0.000000 0.002205 0.999998  0.143626 0.841374 0
0  -0.003440 0.043123 0.167780  0.000000 0.002205 0.999998  0.144830 0.841048 0
Material_0
0  0.001996 0.044888 0.167780  0.000000 0.002205 0.999997  0.142165 0.841374 0
0  -0.001007 0.044888 0.167780  0.000000 0.002205 0.999998  0.143626 0.841374 0
0  0.004427 0.043123 0.167780  0.000001 0.002205 0.999998  0.140875 0.841048 0
Material_0
0  -0.002129 0.042174 0.044327  0.000000 0.002155 -0.999998  0.144228 0.840967 0
0  -0.000508 0.043351 0.044327  -0.000001 -0.002206 -0.999998  0.143368 0.841130 0
0  -0.002748 0.040262 0.044327  -0.000001 -0.002206 -0.999998  0.144486 0.840641 0
Material_0
0  -0.000508 0.043351 0.044327  -0.000001 -0.002206 -0.999998  0.143368 0.841130 0
0  -0.000508 0.037180 0.044327  -0.000000 -0.002206 -0.999998  0.143368 0.840152 0
0  -0.002748 0.040262 0.044327  -0.000001 -0.002206 -0.999998  0.144486 0.840641 0
Material_0
0  -0.002748 0.040262 0.044327  -0.000001 -0.002206 -0.999998  0.144486 0.840641 0
0  -0.000508 0.037180 0.044327  -0.000000 -0.002206 -0.999998  0.143368 0.840152 0
0  -0.002129 0.038357 0.044327  0.000002 0.002205 -0.999998  0.144228 0.840315 0
Material_0
0  0.001497 0.043351 0.044327  -0.000000 -0.002205 -0.999998  0.142423 0.841130 0
0  0.003118 0.042174 0.044327  0.000002 -0.002206 -0.999998  0.141563 0.840967 0
0  -0.000508 0.043351 0.044327  -0.000001 -0.002206 -0.999998  0.143368 0.841130 0
Material_0
0  -0.000508 0.043351 0.044327  -0.000001 -0.002206 -0.999998  0.143368 0.841130 0
0  0.003118 0.042174 0.044327  0.000002 -0.002206 -0.999998  0.141563 0.840967 0
0  -0.000508 0.037180 0.044327  -0.000000 -0.002206 -0.999998  0.143368 0.840152 0
Material_0
0  0.003118 0.042174 0.044327  0.000002 -0.002206 -0.999998  0.141563 0.840967 0
0  0.003118 0.038357 0.044327  0.000001 0.002204 -0.999998  0.141563 0.840315 0
0  -0.000508 0.037180 0.044327  -0.000000 -0.002206 -0.999998  0.143368 0.840152 0
Material_0
0  -0.000508 0.037180 0.044327  -0.000000 -0.002206 -0.999998  0.143368 0.840152 0
0  0.003118 0.038357 0.044327  0.000001 0.002204 -0.999998  0.141563 0.840315 0
0  0.001497 0.037180 0.044327  -0.000000 -0.002205 -0.999998  0.142423 0.840152 0
Material_0
0  0.003737 0.040262 0.044327  0.000012 0.002204 -0.999998  0.141305 0.840641 0
0  0.003118 0.038357 0.044327  0.000001 0.002204 -0.999998  0.141563 0.840315 0
0  0.003118 0.042174 0.044327  0.000002 -0.002206 -0.999998  0.141563 0.840967 0
Material_0
0  -0.008076 0.068953 0.119378  -0.000000 0.002205 -0.999998  0.147237 0.845124 0
0  -0.002779 0.072807 0.119378  0.000000 0.002205 -0.999998  0.144572 0.845694 0
0  -0.010099 0.062731 0.119378  -0.000000 0.002205 -0.999998  0.148183 0.844145 0
Material_0
0  -0.002779 0.072807 0.119378  0.000000 0.002205 -0.999998  0.144572 0.845694 0
0  -0.002779 0.052655 0.119378  -0.000000 0.002205 -0.999998  0.144572 0.842597 0
0  -0.010099 0.062731 0.119378  -0.000000 0.002205 -0.999998  0.148183 0.844145 0
Material_0
0  -0.010099 0.062731 0.119378  -0.000000 0.002205 -0.999998  0.148183 0.844145 0
0  -0.002779 0.052655 0.119378  -0.000000 0.002205 -0.999998  0.144572 0.842597 0
0  -0.008076 0.056501 0.119378  -0.000002 -0.002205 -0.999998  0.147237 0.843167 0
Material_0
0  0.003767 0.072807 0.119378  -0.000000 0.002205 -0.999997  0.141219 0.845694 0
0  0.009065 0.068953 0.119378  0.000002 -0.002205 -0.999998  0.138640 0.845124 0
0  -0.002779 0.072807 0.119378  0.000000 0.002205 -0.999998  0.144572 0.845694 0
Material_0
0  -0.002779 0.072807 0.119378  0.000000 0.002205 -0.999998  0.144572 0.845694 0
0  0.009065 0.068953 0.119378  0.000002 -0.002205 -0.999998  0.138640 0.845124 0
0  -0.002779 0.052655 0.119378  -0.000000 0.002205 -0.999998  0.144572 0.842597 0
Material_0
0  0.009065 0.068953 0.119378  0.000002 -0.002205 -0.999998  0.138640 0.845124 0
0  0.009065 0.056501 0.119378  0.000001 -0.002205 -0.999998  0.138640 0.843167 0
0  -0.002779 0.052655 0.119378  -0.000000 0.002205 -0.999998  0.144572 0.842597 0
Material_0
0  -0.002779 0.052655 0.119378  -0.000000 0.002205 -0.999998  0.144572 0.842597 0
0  0.009065 0.056501 0.119378  0.000001 -0.002205 -0.999998  0.138640 0.843167 0
0  0.003767 0.052655 0.119378  0.000000 0.002205 -0.999998  0.141219 0.842597 0
Material_0
0  0.011088 0.062731 0.119378  0.000009 -0.002205 -0.999998  0.137608 0.844145 0
0  0.009065 0.056501 0.119378  0.000001 -0.002205 -0.999998  0.138640 0.843167 0
0  0.009065 0.068953 0.119378  0.000002 -0.002205 -0.999998  0.138640 0.845124 0
Material_0
0  0.003135 0.054729 0.119072  0.999998 -0.002205 -0.000000  0.614868 0.842678 0
0  0.003135 0.054729 0.143321  0.999998 -0.002205 -0.000000  0.614868 0.842678 0
0  0.003135 0.045653 0.119072  0.999998 -0.002205 -0.000000  0.614868 0.837707 0
Material_0
0  0.003135 0.054729 0.143321  0.999998 -0.002205 -0.000000  0.614868 0.842678 0
0  0.003135 0.045653 0.143321  0.999998 0.002205 -0.000000  0.614868 0.837707 0
0  0.003135 0.045653 0.119072  0.999998 -0.002205 -0.000000  0.614868 0.837707 0
Material_0
0  -0.002145 0.045653 0.143321  -0.999998 0.002205 0.000000  0.640747 0.837707 0
0  -0.002145 0.054729 0.143321  -0.999998 0.002205 0.000000  0.640747 0.842678 0
0  -0.002145 0.045653 0.119072  -0.999998 0.002205 0.000000  0.640747 0.837707 0
Material_0
0  -0.002145 0.054729 0.143321  -0.999998 0.002205 0.000000  0.640747 0.842678 0
0  -0.002145 0.054729 0.119072  -0.999998 0.002205 0.000000  0.640747 0.842678 0
0  -0.002145 0.045653 0.119072  -0.999998 0.002205 0.000000  0.640747 0.837707 0
Material_0
0  0.003135 0.045653 0.119072  -0.000000 0.002205 -0.999998  0.614868 0.837707 0
0  -0.002145 0.045653 0.119072  -0.000000 0.002205 -0.999998  0.640747 0.837707 0
0  0.003135 0.054729 0.119072  -0.000000 0.002205 -0.999998  0.614868 0.842678 0
Material_0
0  -0.002145 0.045653 0.119072  -0.000000 0.002205 -0.999998  0.640747 0.837707 0
0  -0.002145 0.054729 0.119072  0.000000 0.002205 -0.999998  0.640747 0.842678 0
0  0.003135 0.054729 0.119072  -0.000000 0.002205 -0.999998  0.614868 0.842678 0
Material_0
0  0.004414 0.042969 0.119072  0.999997 -0.002205 -0.000000  0.140961 0.841048 0
0  0.004414 0.046293 0.119072  0.999998 -0.002205 -0.000000  0.140961 0.841619 0
0  0.004414 0.042969 0.142824  0.999998 -0.002205 -0.000000  0.140961 0.841048 0
Material_0
0  0.004414 0.046293 0.119072  0.999998 -0.002205 -0.000000  0.140961 0.841619 0
0  0.004414 0.046293 0.142824  0.999998 -0.002205 -0.000000  0.140961 0.841619 0
0  0.004414 0.042969 0.142824  0.999998 -0.002205 -0.000000  0.140961 0.841048 0
Material_0
0  0.004414 0.042969 0.142824  0.999998 -0.002205 -0.000000  0.140961 0.841048 0
0  0.004414 0.046293 0.142824  0.999998 -0.002205 -0.000000  0.140961 0.841619 0
0  0.004414 0.042969 0.147106  0.999998 -0.002205 -0.000000  0.140961 0.841048 0
Material_0
0  0.004414 0.042969 0.147106  0.999998 -0.002205 -0.000000  0.140961 0.841048 0
0  0.004414 0.046293 0.142824  0.999998 -0.002205 -0.000000  0.140961 0.841619 0
0  0.004414 0.046293 0.147106  0.999998 -0.002205 -0.000000  0.140961 0.841619 0
Material_0
0  0.004414 0.046293 0.147106  0.999998 -0.002205 -0.000000  0.140961 0.841619 0
0  0.004414 0.046293 0.142824  0.999998 -0.002205 -0.000000  0.140961 0.841619 0
0  0.004414 0.053993 0.147106  0.999998 -0.002205 -0.000000  0.140961 0.842760 0
Material_0
0  0.004414 0.046293 0.142824  0.999998 -0.002205 -0.000000  0.140961 0.841619 0
0  0.004414 0.053993 0.142824  0.999998 -0.002205 -0.000000  0.140961 0.842760 0
0  0.004414 0.053993 0.147106  0.999998 -0.002205 -0.000000  0.140961 0.842760 0
Material_0
0  -0.003426 0.042969 0.119072  -0.999998 0.002205 0.000000  0.144830 0.841048 0
0  -0.003426 0.042968 0.142824  -0.999998 0.002205 0.000000  0.144830 0.841048 0
0  -0.003426 0.046293 0.119072  -0.999998 0.002205 0.000000  0.144830 0.841619 0
Material_0
0  -0.003426 0.046293 0.119072  -0.999998 0.002205 0.000000  0.144830 0.841619 0
0  -0.003426 0.042968 0.142824  -0.999998 0.002205 0.000000  0.144830 0.841048 0
0  -0.003426 0.046293 0.142824  -0.999998 0.002205 0.000000  0.144830 0.841619 0
Material_0
0  -0.003426 0.042968 0.142824  -0.999998 0.002205 0.000000  0.144830 0.841048 0
0  -0.003426 0.042968 0.147106  -0.999998 0.002205 0.000000  0.144830 0.841048 0
0  -0.003426 0.046293 0.142824  -0.999998 0.002205 0.000000  0.144830 0.841619 0
Material_0
0  -0.003426 0.042968 0.147106  -0.999998 0.002205 0.000000  0.144830 0.841048 0
0  -0.003426 0.046293 0.147106  -0.999998 0.002205 0.000000  0.144830 0.841619 0
0  -0.003426 0.046293 0.142824  -0.999998 0.002205 0.000000  0.144830 0.841619 0
Material_0
0  -0.003426 0.046293 0.147106  -0.999998 0.002205 0.000000  0.144830 0.841619 0
0  -0.003426 0.053993 0.147106  -0.999998 0.002205 0.000000  0.144830 0.842760 0
0  -0.003426 0.046293 0.142824  -0.999998 0.002205 0.000000  0.144830 0.841619 0
Material_0
0  -0.003426 0.046293 0.142824  -0.999998 0.002205 0.000000  0.144830 0.841619 0
0  -0.003426 0.053993 0.147106  -0.999998 0.002205 0.000000  0.144830 0.842760 0
0  -0.003426 0.053993 0.142824  -0.999998 0.002205 0.000000  0.144830 0.842760 0
Material_0
0  -0.003426 0.042968 0.142824  0.000000 -1.000000 0.000000  0.144830 0.841048 0
0  -0.003426 0.042969 0.119072  0.000000 -1.000000 0.000000  0.144830 0.841048 0
0  0.004414 0.042969 0.142824  0.000000 -1.000000 0.000000  0.140961 0.841048 0
Material_0
0  0.004414 0.042969 0.142824  0.000000 -1.000000 -0.000000  0.140961 0.841048 0
0  -0.003426 0.042969 0.119072  0.000000 -1.000000 -0.000000  0.144830 0.841048 0
0  0.004414 0.042969 0.119072  0.000000 -1.000000 -0.000000  0.140961 0.841048 0
Material_0
0  0.002839 0.042969 0.148798  -0.000007 0.002205 0.999998  0.141735 0.841048 0
0  0.002839 0.046293 0.148798  -0.000002 0.002205 0.999998  0.141735 0.841619 0
0  -0.001850 0.042968 0.148798  -0.000003 0.002205 0.999998  0.144056 0.841048 0
Material_0
0  -0.001850 0.042968 0.148798  -0.000003 0.002205 0.999998  0.144056 0.841048 0
0  0.002839 0.046293 0.148798  -0.000002 0.002205 0.999998  0.141735 0.841619 0
0  -0.001850 0.046293 0.148798  -0.000000 0.002205 0.999998  0.144056 0.841619 0
Material_0
0  0.002839 0.046293 0.148798  -0.000002 0.002205 0.999998  0.141735 0.841619 0
0  0.002839 0.053993 0.148798  -0.000000 0.002205 0.999998  0.141735 0.842760 0
0  -0.001850 0.046293 0.148798  -0.000000 0.002205 0.999998  0.144056 0.841619 0
Material_0
0  -0.001850 0.046293 0.148798  -0.000000 0.002205 0.999998  0.144056 0.841619 0
0  0.002839 0.053993 0.148798  -0.000000 0.002205 0.999998  0.141735 0.842760 0
0  -0.001850 0.053993 0.148798  0.000000 0.002205 0.999998  0.144056 0.842760 0
Material_0
0  -0.003426 0.053993 0.147106  -0.000003 1.000000 0.000000  0.350918 0.842760 0
0  -0.001850 0.053993 0.148798  -0.000003 1.000000 0.000000  0.350144 0.842760 0
0  -0.003426 0.053993 0.142824  -0.000003 1.000000 0.000000  0.350918 0.842760 0
Material_0
0  -0.003426 0.053993 0.142824  0.000000 1.000000 -0.000001  0.350918 0.842760 0
0  -0.001850 0.053993 0.148798  0.000000 1.000000 -0.000001  0.350144 0.842760 0
0  0.004414 0.053993 0.142824  0.000000 1.000000 -0.000001  0.347049 0.842760 0
Material_0
0  0.004414 0.053993 0.142824  0.000000 1.000000 0.000000  0.347049 0.842760 0
0  -0.001850 0.053993 0.148798  0.000000 1.000000 0.000000  0.350144 0.842760 0
0  0.004414 0.053993 0.147106  0.000000 1.000000 0.000000  0.347049 0.842760 0
Material_0
0  -0.001850 0.053993 0.148798  0.000000 1.000000 0.000004  0.350144 0.842760 0
0  0.002839 0.053993 0.148798  0.000000 1.000000 0.000004  0.347822 0.842760 0
0  0.004414 0.053993 0.147106  0.000000 1.000000 0.000004  0.347049 0.842760 0
Material_0
0  0.004414 0.042969 0.147106  0.000000 -1.000000 0.000000  0.347049 0.841048 0
0  0.002839 0.042969 0.148798  0.000000 -1.000000 0.000000  0.347822 0.841048 0
0  0.004414 0.042969 0.142824  0.000000 -1.000000 0.000000  0.347049 0.841048 0
Material_0
0  0.004414 0.042969 0.142824  0.000000 -1.000000 0.000000  0.347049 0.841048 0
0  0.002839 0.042969 0.148798  0.000000 -1.000000 0.000000  0.347822 0.841048 0
0  -0.003426 0.042968 0.142824  0.000000 -1.000000 0.000000  0.350918 0.841048 0
Material_0
0  -0.003426 0.042968 0.142824  0.000001 -1.000000 0.000000  0.350918 0.841048 0
0  0.002839 0.042969 0.148798  0.000001 -1.000000 0.000000  0.347822 0.841048 0
0  -0.003426 0.042968 0.147106  0.000001 -1.000000 0.000000  0.350918 0.841048 0
Material_0
0  0.002839 0.042969 0.148798  0.000001 -1.000000 -0.000002  0.347822 0.841048 0
0  -0.001850 0.042968 0.148798  0.000001 -1.000000 -0.000002  0.350144 0.841048 0
0  -0.003426 0.042968 0.147106  0.000001 -1.000000 -0.000002  0.350918 0.841048 0
Material_0
0  -0.003426 0.042969 0.119072  -0.000000 0.002205 -0.999998  0.144830 0.841048 0
0  -0.003426 0.046293 0.119072  0.000000 0.002205 -0.999998  0.144830 0.841619 0
0  0.004414 0.042969 0.119072  -0.000000 0.002205 -0.999998  0.140961 0.841048 0
Material_0
0  -0.003426 0.046293 0.119072  0.000000 0.002205 -0.999998  0.144830 0.841619 0
0  0.004414 0.046293 0.119072  -0.000000 0.002205 -0.999998  0.140961 0.841619 0
0  0.004414 0.042969 0.119072  -0.000000 0.002205 -0.999998  0.140961 0.841048 0
Material_0
0  -0.003426 0.046293 0.142824  -0.000000 0.002205 -0.999998  0.144830 0.841619 0
0  -0.003426 0.053993 0.142824  0.000000 0.002205 -0.999998  0.144830 0.842760 0
0  0.004414 0.046293 0.142824  -0.000000 0.002205 -0.999998  0.140961 0.841619 0
Material_0
0  -0.003426 0.053993 0.142824  0.000000 0.002205 -0.999998  0.144830 0.842760 0
0  0.004414 0.053993 0.142824  -0.000000 0.002205 -0.999998  0.140961 0.842760 0
0  0.004414 0.046293 0.142824  -0.000000 0.002205 -0.999998  0.140961 0.841619 0
Material_0
0  0.004414 0.046293 0.119072  -0.000000 1.000000 0.000000  0.140961 0.841619 0
0  -0.003426 0.046293 0.119072  -0.000000 1.000000 0.000000  0.144830 0.841619 0
0  0.004414 0.046293 0.142824  -0.000000 1.000000 0.000000  0.140961 0.841619 0
Material_0
0  -0.003426 0.046293 0.119072  0.000000 1.000000 0.000000  0.144830 0.841619 0
0  -0.003426 0.046293 0.142824  0.000000 1.000000 0.000000  0.144830 0.841619 0
0  0.004414 0.046293 0.142824  0.000000 1.000000 0.000000  0.140961 0.841619 0
Material_0
0  0.002839 0.053993 0.148798  0.733299 -0.002182 0.679902  0.347822 0.842760 0
0  0.002839 0.046293 0.148798  0.733231 -0.002075 0.679977  0.347822 0.841619 0
0  0.004414 0.053993 0.147106  0.733275 -0.002147 0.679928  0.347049 0.842760 0
Material_0
0  0.004414 0.053993 0.147106  0.733275 -0.002147 0.679928  0.347049 0.842760 0
0  0.002839 0.046293 0.148798  0.733231 -0.002075 0.679977  0.347822 0.841619 0
0  0.004414 0.046293 0.147106  0.733270 -0.002147 0.679934  0.347049 0.841619 0
Material_0
0  0.002839 0.046293 0.148798  0.733231 -0.002075 0.679977  0.347822 0.841619 0
0  0.002839 0.042969 0.148798  0.733293 -0.002183 0.679910  0.347822 0.841048 0
0  0.004414 0.046293 0.147106  0.733270 -0.002147 0.679934  0.347049 0.841619 0
Material_0
0  0.004414 0.046293 0.147106  0.733270 -0.002147 0.679934  0.347049 0.841619 0
0  0.002839 0.042969 0.148798  0.733293 -0.002183 0.679910  0.347822 0.841048 0
0  0.004414 0.042969 0.147106  0.733266 -0.002147 0.679938  0.347049 0.841048 0
Material_0
0  -0.001850 0.042968 0.148798  -0.733275 0.002158 0.679929  0.350144 0.841048 0
0  -0.001850 0.046293 0.148798  -0.733278 0.002158 0.679926  0.350144 0.841619 0
0  -0.003426 0.042968 0.147106  -0.733275 0.002158 0.679929  0.350918 0.841048 0
Material_0
0  -0.003426 0.042968 0.147106  -0.733275 0.002158 0.679929  0.350918 0.841048 0
0  -0.001850 0.046293 0.148798  -0.733278 0.002158 0.679926  0.350144 0.841619 0
0  -0.003426 0.046293 0.147106  -0.733228 0.002094 0.679979  0.350918 0.841619 0
Material_0
0  -0.001850 0.046293 0.148798  -0.733278 0.002158 0.679926  0.350144 0.841619 0
0  -0.001850 0.053993 0.148798  -0.733271 0.002158 0.679933  0.350144 0.842760 0
0  -0.003426 0.046293 0.147106  -0.733228 0.002094 0.679979  0.350918 0.841619 0
Material_0
0  -0.003426 0.046293 0.147106  -0.733228 0.002094 0.679979  0.350918 0.841619 0
0  -0.001850 0.053993 0.148798  -0.733271 0.002158 0.679933  0.350144 0.842760 0
0  -0.003426 0.053993 0.147106  -0.733294 0.002190 0.679908  0.350918 0.842760 0
Material_0
0  0.002056 0.035459 0.149906  0.000000 -0.002205 0.999998  0.142079 0.839907 0
0  0.004583 0.037291 0.149906  0.000001 0.002205 0.999998  0.140875 0.840152 0
0  -0.001068 0.035459 0.149906  0.000001 -0.002205 0.999998  0.143712 0.839907 0
Material_0
0  -0.001068 0.035459 0.149906  0.000001 -0.002205 0.999998  0.143712 0.839907 0
0  0.004583 0.037291 0.149906  0.000001 0.002205 0.999998  0.140875 0.840152 0
0  -0.004560 0.040262 0.149906  -0.000002 0.002205 0.999998  0.145432 0.840641 0
Material_0
0  0.004583 0.037291 0.149906  0.000001 0.002205 0.999998  0.140875 0.840152 0
0  0.004583 0.043233 0.149906  0.000001 0.002205 0.999998  0.140875 0.841130 0
0  -0.004560 0.040262 0.149906  -0.000002 0.002205 0.999998  0.145432 0.840641 0
Material_0
0  -0.004560 0.040262 0.149906  -0.000002 0.002205 0.999998  0.145432 0.840641 0
0  0.004583 0.043233 0.149906  0.000001 0.002205 0.999998  0.140875 0.841130 0
0  -0.001068 0.045072 0.149906  -0.000001 0.002205 0.999998  0.143712 0.841374 0
Material_0
0  0.004583 0.043233 0.149906  0.000001 0.002205 0.999998  0.140875 0.841130 0
0  0.002056 0.045072 0.149906  -0.000000 0.002205 0.999998  0.142079 0.841374 0
0  -0.001068 0.045072 0.149906  -0.000001 0.002205 0.999998  0.143712 0.841374 0
Material_0
0  -0.001068 0.035459 0.149906  0.000001 -0.002205 0.999998  0.143712 0.839907 0
0  -0.004560 0.040262 0.149906  -0.000002 0.002205 0.999998  0.145432 0.840641 0
0  -0.003594 0.037291 0.149906  -0.000000 0.002205 0.999998  0.144916 0.840152 0
Material_0
0  0.005549 0.040262 0.149906  -0.000000 0.002205 0.999998  0.140359 0.840641 0
0  0.004583 0.043233 0.149906  0.000001 0.002205 0.999998  0.140875 0.841130 0
0  0.004583 0.037291 0.149906  0.000001 0.002205 0.999998  0.140875 0.840152 0
Material_0
0  -0.003594 0.043233 0.149906  -0.000020 0.002205 0.999998  0.144916 0.841130 0
0  -0.004560 0.040262 0.149906  -0.000002 0.002205 0.999998  0.145432 0.840641 0
0  -0.001068 0.045072 0.149906  -0.000001 0.002205 0.999998  0.143712 0.841374 0
Material_0
0  -0.003594 0.043233 0.119263  -0.000000 0.002205 -0.999998  0.144916 0.841130 0
0  -0.001068 0.045072 0.119263  0.000000 0.002205 -0.999998  0.143712 0.841374 0
0  -0.004560 0.040262 0.119263  0.000001 0.002205 -0.999998  0.145432 0.840641 0
Material_0
0  -0.004560 0.040262 0.119263  0.000001 0.002205 -0.999998  0.145432 0.840641 0
0  -0.001068 0.045072 0.119263  0.000000 0.002205 -0.999998  0.143712 0.841374 0
0  -0.001068 0.035459 0.119263  0.000001 0.002205 -0.999998  0.143712 0.839907 0
Material_0
0  -0.001068 0.045072 0.119263  0.000000 0.002205 -0.999998  0.143712 0.841374 0
0  0.004583 0.043233 0.119263  -0.000001 0.002205 -0.999998  0.140875 0.841130 0
0  -0.001068 0.035459 0.119263  0.000001 0.002205 -0.999998  0.143712 0.839907 0
Material_0
0  -0.001068 0.035459 0.119263  0.000001 0.002205 -0.999998  0.143712 0.839907 0
0  0.004583 0.043233 0.119263  -0.000001 0.002205 -0.999998  0.140875 0.841130 0
0  0.004583 0.037291 0.119263  -0.000001 0.002205 -0.999998  0.140875 0.840152 0
Material_0
0  0.004583 0.043233 0.119263  -0.000001 0.002205 -0.999998  0.140875 0.841130 0
0  0.005549 0.040262 0.119263  -0.000010 0.002205 -0.999998  0.140359 0.840641 0
0  0.004583 0.037291 0.119263  -0.000001 0.002205 -0.999998  0.140875 0.840152 0
Material_0
0  -0.004560 0.040262 0.119263  0.000001 0.002205 -0.999998  0.145432 0.840641 0
0  -0.001068 0.035459 0.119263  0.000001 0.002205 -0.999998  0.143712 0.839907 0
0  -0.003594 0.037291 0.119263  0.000004 0.002205 -0.999998  0.144916 0.840152 0
Material_0
0  0.002056 0.045072 0.119263  0.000000 0.002205 -0.999998  0.142079 0.841374 0
0  0.004583 0.043233 0.119263  -0.000001 0.002205 -0.999998  0.140875 0.841130 0
0  -0.001068 0.045072 0.119263  0.000000 0.002205 -0.999998  0.143712 0.841374 0
Material_0
0  0.002056 0.035459 0.119263  -0.000000 0.002205 -0.999998  0.142079 0.839907 0
0  -0.001068 0.035459 0.119263  0.000001 0.002205 -0.999998  0.143712 0.839907 0
0  0.004583 0.037291 0.119263  -0.000001 0.002205 -0.999998  0.140875 0.840152 0
Material_0
0  0.002619 0.054207 0.119636  -0.000000 0.002205 0.999998  0.141821 0.842841 0
0  -0.001629 0.054207 0.119636  -0.000001 0.002205 0.999998  0.143970 0.842841 0
0  0.006057 0.051706 0.119636  -0.000000 0.002205 0.999998  0.140101 0.842434 0
Material_0
0  0.006057 0.051706 0.119636  -0.000000 0.002205 0.999998  0.140101 0.842434 0
0  -0.001629 0.054207 0.119636  -0.000001 0.002205 0.999998  0.143970 0.842841 0
0  -0.006471 0.047425 0.119636  -0.000003 -0.002205 0.999998  0.146378 0.841782 0
Material_0
0  -0.001629 0.054207 0.119636  -0.000001 0.002205 0.999998  0.143970 0.842841 0
0  -0.005068 0.051706 0.119636  0.000000 0.002205 0.999997  0.145690 0.842434 0
0  -0.006471 0.047425 0.119636  -0.000003 -0.002205 0.999998  0.146378 0.841782 0
Material_0
0  0.009827 0.047131 0.119636  -0.000000 -0.002205 0.999998  0.138210 0.841700 0
0  0.007459 0.047425 0.119636  -0.000001 0.002205 0.999998  0.139413 0.841782 0
0  0.010659 0.043586 0.119636  0.000000 -0.002205 0.999998  0.137780 0.841130 0
Material_0
0  0.010659 0.043586 0.119636  0.000000 -0.002205 0.999998  0.137780 0.841130 0
0  0.007459 0.047425 0.119636  -0.000001 0.002205 0.999998  0.139413 0.841782 0
0  0.010557 0.037011 0.119636  -0.000000 0.002205 0.999998  0.137866 0.840152 0
Material_0
0  0.007459 0.047425 0.119636  -0.000001 0.002205 0.999998  0.139413 0.841782 0
0  0.006057 0.043623 0.119636  0.000001 0.002109 0.999998  0.140101 0.841130 0
0  0.010557 0.037011 0.119636  -0.000000 0.002205 0.999998  0.137866 0.840152 0
Material_0
0  0.010557 0.037011 0.119636  -0.000000 0.002205 0.999998  0.137866 0.840152 0
0  0.006057 0.043623 0.119636  0.000001 0.002109 0.999998  0.140101 0.841130 0
0  0.004338 0.032672 0.119636  0.000001 -0.002205 0.999998  0.140961 0.839418 0
Material_0
0  0.006057 0.043623 0.119636  0.000001 0.002109 0.999998  0.140101 0.841130 0
0  0.002619 0.041130 0.119636  0.000002 0.002205 0.999998  0.141821 0.840804 0
0  0.004338 0.032672 0.119636  0.000001 -0.002205 0.999998  0.140961 0.839418 0
Material_0
0  0.004338 0.032672 0.119636  0.000001 -0.002205 0.999998  0.140961 0.839418 0
0  0.002619 0.041130 0.119636  0.000002 0.002205 0.999998  0.141821 0.840804 0
0  -0.003348 0.032672 0.119636  -0.000001 0.002205 0.999998  0.144830 0.839418 0
Material_0
0  0.002619 0.041130 0.119636  0.000002 0.002205 0.999998  0.141821 0.840804 0
0  -0.001629 0.041130 0.119636  -0.000000 -0.002205 0.999998  0.143970 0.840804 0
0  -0.003348 0.032672 0.119636  -0.000001 0.002205 0.999998  0.144830 0.839418 0
Material_0
0  -0.003348 0.032672 0.119636  -0.000001 0.002205 0.999998  0.144830 0.839418 0
0  -0.001629 0.041130 0.119636  -0.000000 -0.002205 0.999998  0.143970 0.840804 0
0  -0.009568 0.037011 0.119636  -0.000001 -0.002205 0.999998  0.147925 0.840152 0
Material_0
0  -0.009568 0.037011 0.119636  -0.000001 -0.002205 0.999998  0.147925 0.840152 0
0  -0.001629 0.041130 0.119636  -0.000000 -0.002205 0.999998  0.143970 0.840804 0
0  -0.005068 0.043623 0.119636  -0.000000 -0.002205 0.999998  0.145690 0.841130 0
Material_0
0  -0.001629 0.041130 0.119636  -0.000000 -0.002205 0.999998  0.143970 0.840804 0
0  -0.006471 0.047425 0.119636  -0.000003 -0.002205 0.999998  0.146378 0.841782 0
0  -0.005068 0.043623 0.119636  -0.000000 -0.002205 0.999998  0.145690 0.841130 0
Material_0
0  -0.006471 0.047425 0.119636  -0.000003 -0.002205 0.999998  0.146378 0.841782 0
0  -0.008838 0.047131 0.119636  -0.000002 -0.002205 0.999998  0.147581 0.841700 0
0  -0.005068 0.043623 0.119636  -0.000000 -0.002205 0.999998  0.145690 0.841130 0
Material_0
0  -0.008838 0.047131 0.119636  -0.000002 -0.002205 0.999998  0.147581 0.841700 0
0  -0.009669 0.043586 0.119636  0.000001 0.002205 0.999998  0.148011 0.841130 0
0  -0.005068 0.043623 0.119636  -0.000000 -0.002205 0.999998  0.145690 0.841130 0
Material_0
0  -0.005068 0.043623 0.119636  -0.000000 -0.002205 0.999998  0.145690 0.841130 0
0  -0.009669 0.043586 0.119636  0.000001 0.002205 0.999998  0.148011 0.841130 0
0  -0.009568 0.037011 0.119636  -0.000001 -0.002205 0.999998  0.147925 0.840152 0
Material_0
0  0.007459 0.047425 0.119636  -0.000001 0.002205 0.999998  0.139413 0.841782 0
0  0.006057 0.051706 0.119636  -0.000000 0.002205 0.999998  0.140101 0.842434 0
0  0.006057 0.043623 0.119636  0.000001 0.002109 0.999998  0.140101 0.841130 0
Material_0
0  0.006057 0.051706 0.119636  -0.000000 0.002205 0.999998  0.140101 0.842434 0
0  -0.006471 0.047425 0.119636  -0.000003 -0.002205 0.999998  0.146378 0.841782 0
0  0.006057 0.043623 0.119636  0.000001 0.002109 0.999998  0.140101 0.841130 0
Material_0
0  -0.006471 0.047425 0.119636  -0.000003 -0.002205 0.999998  0.146378 0.841782 0
0  -0.001629 0.041130 0.119636  -0.000000 -0.002205 0.999998  0.143970 0.840804 0
0  0.006057 0.043623 0.119636  0.000001 0.002109 0.999998  0.140101 0.841130 0
Material_0
0  0.006057 0.043623 0.119636  0.000001 0.002109 0.999998  0.140101 0.841130 0
0  -0.001629 0.041130 0.119636  -0.000000 -0.002205 0.999998  0.143970 0.840804 0
0  0.002619 0.041130 0.119636  0.000002 0.002205 0.999998  0.141821 0.840804 0
Material_0
0  -0.006471 0.047425 0.119636  -0.950239 0.311515 0.001818  0.146378 0.841782 0
0  -0.005068 0.051706 0.119636  -0.807266 0.590188 0.000000  0.145690 0.842434 0
0  -0.006471 0.047425 0.115153  -0.995179 0.098080 0.000000  0.146378 0.841782 0
Material_0
0  -0.006471 0.047425 0.115153  -0.995179 0.098080 0.000000  0.146378 0.841782 0
0  -0.005068 0.051706 0.119636  -0.807266 0.590188 0.000000  0.145690 0.842434 0
0  -0.005068 0.051706 0.095157  -0.807297 0.590146 0.000000  0.145690 0.842434 0
Material_0
0  -0.005068 0.051706 0.119636  -0.807266 0.590188 0.000000  0.145690 0.842434 0
0  -0.001629 0.054207 0.119636  -0.309409 0.950927 0.001692  0.143970 0.842841 0
0  -0.005068 0.051706 0.095157  -0.807297 0.590146 0.000000  0.145690 0.842434 0
Material_0
0  -0.005068 0.051706 0.095157  -0.807297 0.590146 0.000000  0.145690 0.842434 0
0  -0.001629 0.054207 0.119636  -0.309409 0.950927 0.001692  0.143970 0.842841 0
0  -0.001629 0.054207 0.095157  -0.309430 0.950920 0.001904  0.143970 0.842841 0
Material_0
0  -0.001629 0.054207 0.119636  -0.309409 0.950927 0.001692  0.143970 0.842841 0
0  0.002619 0.054207 0.119636  0.309434 0.950919 0.001957  0.141821 0.842841 0
0  -0.001629 0.054207 0.095157  -0.309430 0.950920 0.001904  0.143970 0.842841 0
Material_0
0  -0.001629 0.054207 0.095157  -0.309430 0.950920 0.001904  0.143970 0.842841 0
0  0.002619 0.054207 0.119636  0.309434 0.950919 0.001957  0.141821 0.842841 0
0  0.002619 0.054207 0.095157  0.309419 0.950924 0.001797  0.141821 0.842841 0
Material_0
0  0.002619 0.054207 0.119636  0.309434 0.950919 0.001957  0.141821 0.842841 0
0  0.006057 0.051706 0.119636  0.807234 0.590232 -0.000000  0.140101 0.842434 0
0  0.002619 0.054207 0.095157  0.309419 0.950924 0.001797  0.141821 0.842841 0
Material_0
0  0.002619 0.054207 0.095157  0.309419 0.950924 0.001797  0.141821 0.842841 0
0  0.006057 0.051706 0.119636  0.807234 0.590232 -0.000000  0.140101 0.842434 0
0  0.006057 0.051706 0.095157  0.807305 0.590135 -0.000000  0.140101 0.842434 0
Material_0
0  0.006057 0.051706 0.119636  0.807234 0.590232 -0.000000  0.140101 0.842434 0
0  0.007459 0.047425 0.119636  0.950246 0.311496 0.001762  0.139413 0.841782 0
0  0.006057 0.051706 0.095157  0.807305 0.590135 -0.000000  0.140101 0.842434 0
Material_0
0  0.007459 0.047425 0.119636  0.950246 0.311496 0.001762  0.139413 0.841782 0
0  0.007459 0.047425 0.115153  0.995170 0.098164 0.000000  0.139413 0.841782 0
0  0.006057 0.051706 0.095157  0.807305 0.590135 -0.000000  0.140101 0.842434 0
Material_0
0  0.006057 0.051706 0.095157  0.807305 0.590135 -0.000000  0.140101 0.842434 0
0  0.007459 0.047425 0.115153  0.995170 0.098164 0.000000  0.139413 0.841782 0
0  0.007459 0.047425 0.095157  0.999811 -0.019458 -0.000000  0.139413 0.841782 0
Material_0
0  0.007459 0.047425 0.095157  0.999811 -0.019458 -0.000000  0.139413 0.841782 0
0  0.007459 0.047425 0.115153  0.995170 0.098164 0.000000  0.139413 0.841782 0
0  0.006057 0.043623 0.095157  0.795790 -0.604274 0.039635  0.140101 0.841130 0
Material_0
0  0.007459 0.047425 0.115153  0.995170 0.098164 0.000000  0.139413 0.841782 0
0  0.006057 0.043623 0.115153  0.795792 -0.604273 0.039598  0.140101 0.841130 0
0  0.006057 0.043623 0.095157  0.795790 -0.604274 0.039635  0.140101 0.841130 0
Material_0
0  0.006057 0.043623 0.095157  0.795790 -0.604274 0.039635  0.140101 0.841130 0
0  0.006057 0.043623 0.115153  0.795792 -0.604273 0.039598  0.140101 0.841130 0
0  0.002619 0.041130 0.095157  0.309377 -0.950938 -0.001780  0.141821 0.840804 0
Material_0
0  0.006057 0.043623 0.115153  0.795792 -0.604273 0.039598  0.140101 0.841130 0
0  0.002619 0.041130 0.115153  0.309379 -0.950937 -0.001784  0.141821 0.840804 0
0  0.002619 0.041130 0.095157  0.309377 -0.950938 -0.001780  0.141821 0.840804 0
Material_0
0  0.002619 0.041130 0.095157  0.309377 -0.950938 -0.001780  0.141821 0.840804 0
0  0.002619 0.041130 0.115153  0.309379 -0.950937 -0.001784  0.141821 0.840804 0
0  -0.001629 0.041130 0.095157  -0.309401 -0.950930 -0.001832  0.143970 0.840804 0
Material_0
0  0.002619 0.041130 0.115153  0.309379 -0.950937 -0.001784  0.141821 0.840804 0
0  -0.001629 0.041130 0.115153  -0.309377 -0.950938 -0.001780  0.143970 0.840804 0
0  -0.001629 0.041130 0.095157  -0.309401 -0.950930 -0.001832  0.143970 0.840804 0
Material_0
0  -0.001629 0.041130 0.095157  -0.309401 -0.950930 -0.001832  0.143970 0.840804 0
0  -0.001629 0.041130 0.115153  -0.309377 -0.950938 -0.001780  0.143970 0.840804 0
0  -0.005068 0.043623 0.095157  -0.795971 -0.604272 -0.035849  0.145690 0.841130 0
Material_0
0  -0.001629 0.041130 0.115153  -0.309377 -0.950938 -0.001780  0.143970 0.840804 0
0  -0.005068 0.043623 0.115153  -0.795971 -0.604273 -0.035835  0.145690 0.841130 0
0  -0.005068 0.043623 0.095157  -0.795971 -0.604272 -0.035849  0.145690 0.841130 0
Material_0
0  -0.005068 0.043623 0.095157  -0.795971 -0.604272 -0.035849  0.145690 0.841130 0
0  -0.005068 0.043623 0.115153  -0.795971 -0.604273 -0.035835  0.145690 0.841130 0
0  -0.006471 0.047425 0.095157  -0.999818 -0.019072 0.000000  0.146378 0.841782 0
Material_0
0  -0.005068 0.043623 0.115153  -0.795971 -0.604273 -0.035835  0.145690 0.841130 0
0  -0.006471 0.047425 0.115153  -0.995179 0.098080 0.000000  0.146378 0.841782 0
0  -0.006471 0.047425 0.095157  -0.999818 -0.019072 0.000000  0.146378 0.841782 0
Material_0
0  -0.006471 0.047425 0.095157  -0.999818 -0.019072 0.000000  0.146378 0.841782 0
0  -0.006471 0.047425 0.115153  -0.995179 0.098080 0.000000  0.146378 0.841782 0
0  -0.005068 0.051706 0.095157  -0.807297 0.590146 0.000000  0.145690 0.842434 0
Material_0
0  0.009827 0.047131 0.119636  0.973792 0.227431 0.001794  0.138210 0.841700 0
0  0.010659 0.043586 0.119636  0.994161 0.106846 0.015064  0.137780 0.841130 0
0  0.009827 0.047131 0.115153  0.973802 0.227389 0.001880  0.138210 0.841700 0
Material_0
0  0.009827 0.047131 0.115153  0.973802 0.227389 0.001880  0.138210 0.841700 0
0  0.010659 0.043586 0.119636  0.994161 0.106846 0.015064  0.137780 0.841130 0
0  0.010659 0.043586 0.115153  0.994161 0.106850 0.015069  0.137780 0.841130 0
Material_0
0  0.010659 0.043586 0.119636  0.994161 0.106846 0.015064  0.137780 0.841130 0
0  0.010557 0.037011 0.119636  0.883642 -0.468159 0.001861  0.137866 0.840152 0
0  0.010659 0.043586 0.115153  0.994161 0.106850 0.015069  0.137780 0.841130 0
Material_0
0  0.010659 0.043586 0.115153  0.994161 0.106850 0.015069  0.137780 0.841130 0
0  0.010557 0.037011 0.119636  0.883642 -0.468159 0.001861  0.137866 0.840152 0
0  0.010557 0.037011 0.115153  0.881590 -0.472013 -0.001899  0.137866 0.840152 0
Material_0
0  0.010557 0.037011 0.119636  0.883642 -0.468159 0.001861  0.137866 0.840152 0
0  0.004338 0.032672 0.119636  0.298240 -0.953589 0.041497  0.140961 0.839418 0
0  0.010557 0.037011 0.115153  0.881590 -0.472013 -0.001899  0.137866 0.840152 0
Material_0
0  0.010557 0.037011 0.115153  0.881590 -0.472013 -0.001899  0.137866 0.840152 0
0  0.004338 0.032672 0.119636  0.298240 -0.953589 0.041497  0.140961 0.839418 0
0  0.004338 0.032672 0.115153  0.298238 -0.953589 0.041502  0.140961 0.839418 0
Material_0
0  0.004338 0.032672 0.119636  0.298240 -0.953589 0.041497  0.140961 0.839418 0
0  -0.003348 0.032672 0.119636  -0.298238 -0.953589 -0.041502  0.144830 0.839418 0
0  0.004338 0.032672 0.115153  0.298238 -0.953589 0.041502  0.140961 0.839418 0
Material_0
0  0.004338 0.032672 0.115153  0.298238 -0.953589 0.041502  0.140961 0.839418 0
0  -0.003348 0.032672 0.119636  -0.298238 -0.953589 -0.041502  0.144830 0.839418 0
0  -0.003348 0.032672 0.115153  -0.298240 -0.953589 -0.041497  0.144830 0.839418 0
Material_0
0  -0.003348 0.032672 0.119636  -0.298238 -0.953589 -0.041502  0.144830 0.839418 0
0  -0.009568 0.037011 0.119636  -0.881590 -0.472013 -0.001899  0.147925 0.840152 0
0  -0.003348 0.032672 0.115153  -0.298240 -0.953589 -0.041497  0.144830 0.839418 0
Material_0
0  -0.003348 0.032672 0.115153  -0.298240 -0.953589 -0.041497  0.144830 0.839418 0
0  -0.009568 0.037011 0.119636  -0.881590 -0.472013 -0.001899  0.147925 0.840152 0
0  -0.009568 0.037011 0.115153  -0.883626 -0.468189 0.001814  0.147925 0.840152 0
Material_0
0  -0.009568 0.037011 0.119636  -0.881590 -0.472013 -0.001899  0.147925 0.840152 0
0  -0.009669 0.043586 0.119636  -0.994161 0.106847 -0.015068  0.148011 0.841130 0
0  -0.009568 0.037011 0.115153  -0.883626 -0.468189 0.001814  0.147925 0.840152 0
Material_0
0  -0.009568 0.037011 0.115153  -0.883626 -0.468189 0.001814  0.147925 0.840152 0
0  -0.009669 0.043586 0.119636  -0.994161 0.106847 -0.015068  0.148011 0.841130 0
0  -0.009669 0.043586 0.115153  -0.994161 0.106846 -0.015064  0.148011 0.841130 0
Material_0
0  -0.009669 0.043586 0.119636  -0.994161 0.106847 -0.015068  0.148011 0.841130 0
0  -0.008838 0.047131 0.119636  -0.973802 0.227389 0.001880  0.147581 0.841700 0
0  -0.009669 0.043586 0.115153  -0.994161 0.106846 -0.015064  0.148011 0.841130 0
Material_0
0  -0.009669 0.043586 0.115153  -0.994161 0.106846 -0.015064  0.148011 0.841130 0
0  -0.008838 0.047131 0.119636  -0.973802 0.227389 0.001880  0.147581 0.841700 0
0  -0.008838 0.047131 0.115153  -0.973792 0.227432 0.001794  0.147581 0.841700 0
Material_0
0  -0.006471 0.047425 0.115153  -0.125709 0.991982 -0.012969  0.146378 0.841782 0
0  -0.008838 0.047131 0.115153  -0.125707 0.991983 -0.012970  0.147581 0.841700 0
0  -0.006471 0.047425 0.119636  -0.125706 0.991983 -0.012970  0.146378 0.841782 0
Material_0
0  -0.006471 0.047425 0.119636  -0.125706 0.991983 -0.012970  0.146378 0.841782 0
0  -0.008838 0.047131 0.115153  -0.125707 0.991983 -0.012970  0.147581 0.841700 0
0  -0.008838 0.047131 0.119636  -0.125707 0.991983 -0.012970  0.147581 0.841700 0
Material_0
0  -0.008838 0.047131 0.115153  -0.000000 0.002205 -0.999998  0.147581 0.841700 0
0  -0.006471 0.047425 0.115153  0.000002 0.002205 -0.999998  0.146378 0.841782 0
0  -0.009669 0.043586 0.115153  0.000000 0.002205 -0.999998  0.148011 0.841130 0
Material_0
0  -0.009669 0.043586 0.115153  0.000000 0.002205 -0.999998  0.148011 0.841130 0
0  -0.006471 0.047425 0.115153  0.000002 0.002205 -0.999998  0.146378 0.841782 0
0  -0.009568 0.037011 0.115153  0.000003 0.002205 -0.999998  0.147925 0.840152 0
Material_0
0  -0.006471 0.047425 0.115153  0.000002 0.002205 -0.999998  0.146378 0.841782 0
0  -0.005068 0.043623 0.115153  0.000003 0.002205 -0.999998  0.145690 0.841130 0
0  -0.009568 0.037011 0.115153  0.000003 0.002205 -0.999998  0.147925 0.840152 0
Material_0
0  -0.009568 0.037011 0.115153  0.000003 0.002205 -0.999998  0.147925 0.840152 0
0  -0.005068 0.043623 0.115153  0.000003 0.002205 -0.999998  0.145690 0.841130 0
0  -0.003348 0.032672 0.115153  0.000001 0.002205 -0.999998  0.144830 0.839418 0
Material_0
0  -0.005068 0.043623 0.115153  0.000003 0.002205 -0.999998  0.145690 0.841130 0
0  -0.001629 0.041130 0.115153  -0.000002 0.002205 -0.999998  0.143970 0.840804 0
0  -0.003348 0.032672 0.115153  0.000001 0.002205 -0.999998  0.144830 0.839418 0
Material_0
0  -0.003348 0.032672 0.115153  0.000001 0.002205 -0.999998  0.144830 0.839418 0
0  -0.001629 0.041130 0.115153  -0.000002 0.002205 -0.999998  0.143970 0.840804 0
0  0.004338 0.032672 0.115153  -0.000000 0.002205 -0.999998  0.140961 0.839418 0
Material_0
0  -0.001629 0.041130 0.115153  -0.000002 0.002205 -0.999998  0.143970 0.840804 0
0  0.002619 0.041130 0.115153  -0.000000 0.002205 -0.999998  0.141821 0.840804 0
0  0.004338 0.032672 0.115153  -0.000000 0.002205 -0.999998  0.140961 0.839418 0
Material_0
0  0.004338 0.032672 0.115153  -0.000000 0.002205 -0.999998  0.140961 0.839418 0
0  0.002619 0.041130 0.115153  -0.000000 0.002205 -0.999998  0.141821 0.840804 0
0  0.010557 0.037011 0.115153  -0.000001 -0.002205 -0.999998  0.137866 0.840152 0
Material_0
0  0.002619 0.041130 0.115153  -0.000000 0.002205 -0.999998  0.141821 0.840804 0
0  0.006057 0.043623 0.115153  -0.000000 -0.002205 -0.999998  0.140101 0.841130 0
0  0.010557 0.037011 0.115153  -0.000001 -0.002205 -0.999998  0.137866 0.840152 0
Material_0
0  0.010557 0.037011 0.115153  -0.000001 -0.002205 -0.999998  0.137866 0.840152 0
0  0.006057 0.043623 0.115153  -0.000000 -0.002205 -0.999998  0.140101 0.841130 0
0  0.010659 0.043586 0.115153  -0.000001 0.002205 -0.999998  0.137780 0.841130 0
Material_0
0  0.010659 0.043586 0.115153  -0.000001 0.002205 -0.999998  0.137780 0.841130 0
0  0.006057 0.043623 0.115153  -0.000000 -0.002205 -0.999998  0.140101 0.841130 0
0  0.009827 0.047131 0.115153  0.000000 0.002205 -0.999998  0.138210 0.841700 0
Material_0
0  0.006057 0.043623 0.115153  -0.000000 -0.002205 -0.999998  0.140101 0.841130 0
0  0.007459 0.047425 0.115153  0.000000 0.002205 -0.999998  0.139413 0.841782 0
0  0.009827 0.047131 0.115153  0.000000 0.002205 -0.999998  0.138210 0.841700 0
Material_0
0  0.007459 0.047425 0.119636  0.125705 0.991983 -0.012954  0.139413 0.841782 0
0  0.009827 0.047131 0.119636  0.125705 0.991983 -0.012954  0.138210 0.841700 0
0  0.007459 0.047425 0.115153  0.125704 0.991983 -0.012954  0.139413 0.841782 0
Material_0
0  0.009827 0.047131 0.119636  0.125705 0.991983 -0.012954  0.138210 0.841700 0
0  0.009827 0.047131 0.115153  0.125704 0.991983 -0.012954  0.138210 0.841700 0
0  0.007459 0.047425 0.115153  0.125704 0.991983 -0.012954  0.139413 0.841782 0
Material_0
0  -0.000513 0.070541 0.248299  0.003755 0.452602 0.891705  0.143368 0.845368 0
0  0.001502 0.070541 0.248299  0.003766 0.452602 0.891705  0.142423 0.845368 0
0  -0.000513 0.083486 0.242917  0.003770 0.452601 0.891705  0.143368 0.847406 0
Material_0
0  0.001502 0.070541 0.248299  0.003766 0.452602 0.891705  0.142423 0.845368 0
0  0.001502 0.083486 0.242917  0.003763 0.452602 0.891705  0.142423 0.847406 0
0  -0.000513 0.083486 0.242917  0.003770 0.452601 0.891705  0.143368 0.847406 0
Material_0
0  -0.000513 0.084435 0.242057  0.003760 0.900431 0.434982  0.143368 0.847569 0
0  0.001502 0.084435 0.242057  0.003766 0.900431 0.434982  0.142423 0.847569 0
0  -0.000513 0.088156 0.234936  -0.003761 0.900509 0.434821  0.143368 0.848139 0
Material_0
0  0.001502 0.084435 0.242057  0.003766 0.900431 0.434982  0.142423 0.847569 0
0  0.001502 0.088156 0.234936  0.003761 0.900507 0.434825  0.142423 0.848139 0
0  -0.000513 0.088156 0.234936  -0.003761 0.900509 0.434821  0.143368 0.848139 0
Material_0
0  -0.000513 0.088156 0.234936  -0.003761 0.900509 0.434821  0.143368 0.848139 0
0  0.001502 0.088156 0.234936  0.003761 0.900507 0.434825  0.142423 0.848139 0
0  -0.000513 0.088156 0.233732  -0.000000 0.904289 -0.426921  0.143368 0.848139 0
Material_0
0  0.001502 0.088156 0.234936  0.003761 0.900507 0.434825  0.142423 0.848139 0
0  0.001502 0.088156 0.233732  -0.000000 0.904275 -0.426951  0.142423 0.848139 0
0  -0.000513 0.088156 0.233732  -0.000000 0.904289 -0.426921  0.143368 0.848139 0
Material_0
0  -0.000513 0.088156 0.233732  -0.000000 0.904289 -0.426921  0.143368 0.848139 0
0  0.001502 0.088156 0.233732  -0.000000 0.904275 -0.426951  0.142423 0.848139 0
0  -0.000513 0.077521 0.213554  0.000000 0.904195 -0.427119  0.143368 0.846428 0
Material_0
0  0.001502 0.088156 0.233732  -0.000000 0.904275 -0.426951  0.142423 0.848139 0
0  0.001502 0.077521 0.213554  -0.000000 0.904195 -0.427119  0.142423 0.846428 0
0  -0.000513 0.077521 0.213554  0.000000 0.904195 -0.427119  0.143368 0.846428 0
Material_0
0  -0.000513 0.076602 0.212618  0.000003 0.536099 -0.844155  0.143368 0.846346 0
0  0.001502 0.076602 0.212618  -0.000022 0.536099 -0.844155  0.142423 0.846346 0
0  -0.000513 0.070416 0.209234  -0.000000 0.536099 -0.844155  0.143368 0.845368 0
Material_0
0  0.001502 0.076602 0.212618  -0.000022 0.536099 -0.844155  0.142423 0.846346 0
0  0.001502 0.070416 0.209234  -0.000000 0.536099 -0.844155  0.142423 0.845368 0
0  -0.000513 0.070416 0.209234  -0.000000 0.536099 -0.844155  0.143368 0.845368 0
Material_0
0  0.002186 0.083626 0.242124  0.999998 0.002205 -0.000000  0.142079 0.847406 0
0  0.002186 0.070541 0.247610  0.999998 0.002205 -0.000000  0.142079 0.845368 0
0  0.002186 0.087700 0.234334  0.999998 0.002205 -0.000000  0.142079 0.848058 0
Material_0
0  0.002186 0.087700 0.234334  0.999998 0.002205 -0.000000  0.142079 0.848058 0
0  0.002186 0.070541 0.247610  0.999998 0.002205 -0.000000  0.142079 0.845368 0
0  0.002186 0.076697 0.213449  0.999998 0.002205 0.000000  0.142079 0.846346 0
Material_0
0  0.002186 0.070541 0.247610  0.999998 0.002205 -0.000000  0.142079 0.845368 0
0  0.002186 0.070416 0.209913  0.999998 0.002205 -0.000000  0.142079 0.845368 0
0  0.002186 0.076697 0.213449  0.999998 0.002205 0.000000  0.142079 0.846346 0
Material_0
0  -0.001196 0.070416 0.209913  -0.999998 0.002205 0.000000  0.143712 0.845368 0
0  -0.001196 0.070541 0.247610  -0.999998 0.002205 0.000000  0.143712 0.845368 0
0  -0.001196 0.076697 0.213449  -0.999998 0.002205 0.000000  0.143712 0.846346 0
Material_0
0  -0.001196 0.076697 0.213449  -0.999998 0.002205 0.000000  0.143712 0.846346 0
0  -0.001196 0.070541 0.247610  -0.999998 0.002205 0.000000  0.143712 0.845368 0
0  -0.001196 0.087700 0.234334  -0.999998 0.002205 0.000000  0.143712 0.848058 0
Material_0
0  -0.001196 0.070541 0.247610  -0.999998 0.002205 0.000000  0.143712 0.845368 0
0  -0.001196 0.083626 0.242124  -0.999998 0.002205 0.000000  0.143712 0.847406 0
0  -0.001196 0.087700 0.234334  -0.999998 0.002205 0.000000  0.143712 0.848058 0
Material_0
0  0.002186 0.070541 0.247610  0.999998 0.002082 -0.000133  0.348080 0.845368 0
0  0.002186 0.083626 0.242124  0.999998 0.002089 -0.000157  0.348080 0.847406 0
0  0.001502 0.070541 0.248299  0.003538 0.452583 0.891715  0.348510 0.845368 0
Material_0
0  0.001502 0.070541 0.248299  0.003538 0.452583 0.891715  0.348510 0.845368 0
0  0.002186 0.083626 0.242124  0.999998 0.002089 -0.000157  0.348080 0.847406 0
0  0.001502 0.083486 0.242917  0.003759 0.452640 0.891685  0.348510 0.847406 0
Material_0
0  0.001502 0.083486 0.242917  0.003759 0.452640 0.891685  0.348510 0.847406 0
0  0.002186 0.083626 0.242124  0.999998 0.002089 -0.000157  0.348080 0.847406 0
0  0.001502 0.084435 0.242057  0.003750 0.900430 0.434985  0.348510 0.847569 0
Material_0
0  0.002186 0.083626 0.242124  0.999998 0.002089 -0.000157  0.348080 0.847406 0
0  0.002186 0.087700 0.234334  0.999998 0.001960 -0.000184  0.348080 0.848058 0
0  0.001502 0.084435 0.242057  0.003750 0.900430 0.434985  0.348510 0.847569 0
Material_0
0  0.001502 0.084435 0.242057  0.003750 0.900430 0.434985  0.348510 0.847569 0
0  0.002186 0.087700 0.234334  0.999998 0.001960 -0.000184  0.348080 0.848058 0
0  0.001502 0.088156 0.234936  0.003584 0.900424 0.434999  0.348510 0.848139 0
Material_0
0  0.001502 0.088156 0.234936  0.003584 0.900424 0.434999  0.348510 0.848139 0
0  0.002186 0.087700 0.234334  0.999998 0.001960 -0.000184  0.348080 0.848058 0
0  0.001502 0.088156 0.233732  -0.000217 0.904164 -0.427186  0.348510 0.848139 0
Material_0
0  0.002186 0.087700 0.234334  0.999998 0.001960 -0.000184  0.348080 0.848058 0
0  0.002186 0.076697 0.213449  0.999998 0.002044 0.000109  0.348080 0.846346 0
0  0.001502 0.088156 0.233732  -0.000217 0.904164 -0.427186  0.348510 0.848139 0
Material_0
0  0.001502 0.088156 0.233732  -0.000217 0.904164 -0.427186  0.348510 0.848139 0
0  0.002186 0.076697 0.213449  0.999998 0.002044 0.000109  0.348080 0.846346 0
0  0.001502 0.077521 0.213554  0.000035 0.904239 -0.427027  0.348510 0.846428 0
Material_0
0  0.002186 0.076697 0.213449  0.999998 0.002044 0.000109  0.348080 0.846346 0
0  0.001502 0.076602 0.212618  -0.000028 0.536196 -0.844094  0.348510 0.846346 0
0  0.001502 0.077521 0.213554  0.000035 0.904239 -0.427027  0.348510 0.846428 0
Material_0
0  0.001502 0.076602 0.212618  -0.000028 0.536196 -0.844094  0.348510 0.846346 0
0  -0.000513 0.076602 0.212618  0.000018 0.536125 -0.844138  0.349456 0.846346 0
0  0.001502 0.077521 0.213554  0.000035 0.904239 -0.427027  0.348510 0.846428 0
Material_0
0  0.001502 0.077521 0.213554  0.000035 0.904239 -0.427027  0.348510 0.846428 0
0  -0.000513 0.076602 0.212618  0.000018 0.536125 -0.844138  0.349456 0.846346 0
0  -0.000513 0.077521 0.213554  0.000039 0.904194 -0.427122  0.349456 0.846428 0
Material_0
0  -0.000513 0.076602 0.212618  0.000018 0.536125 -0.844138  0.349456 0.846346 0
0  -0.001196 0.076697 0.213449  -0.999998 0.002047 0.000171  0.349800 0.846346 0
0  -0.000513 0.077521 0.213554  0.000039 0.904194 -0.427122  0.349456 0.846428 0
Material_0
0  -0.001196 0.076697 0.213449  -0.999998 0.002047 0.000171  0.349800 0.846346 0
0  -0.001196 0.087700 0.234334  -0.999998 0.001981 0.000201  0.349800 0.848058 0
0  -0.000513 0.077521 0.213554  0.000039 0.904194 -0.427122  0.349456 0.846428 0
Material_0
0  -0.000513 0.077521 0.213554  0.000039 0.904194 -0.427122  0.349456 0.846428 0
0  -0.001196 0.087700 0.234334  -0.999998 0.001981 0.000201  0.349800 0.848058 0
0  -0.000513 0.088156 0.233732  0.000206 0.904185 -0.427141  0.349456 0.848139 0
Material_0
0  -0.000513 0.088156 0.233732  0.000206 0.904185 -0.427141  0.349456 0.848139 0
0  -0.001196 0.087700 0.234334  -0.999998 0.001981 0.000201  0.349800 0.848058 0
0  -0.000513 0.088156 0.234936  0.003976 0.900396 0.435052  0.349456 0.848139 0
Material_0
0  -0.001196 0.087700 0.234334  -0.999998 0.001981 0.000201  0.349800 0.848058 0
0  -0.001196 0.083626 0.242124  -0.999998 0.002063 -0.000143  0.349800 0.847406 0
0  -0.000513 0.088156 0.234936  0.003976 0.900396 0.435052  0.349456 0.848139 0
Material_0
0  -0.000513 0.088156 0.234936  0.003976 0.900396 0.435052  0.349456 0.848139 0
0  -0.001196 0.083626 0.242124  -0.999998 0.002063 -0.000143  0.349800 0.847406 0
0  -0.000513 0.084435 0.242057  0.003714 0.900462 0.434918  0.349456 0.847569 0
Material_0
0  -0.001196 0.083626 0.242124  -0.999998 0.002063 -0.000143  0.349800 0.847406 0
0  -0.000513 0.083486 0.242917  0.003801 0.452714 0.891648  0.349456 0.847406 0
0  -0.000513 0.084435 0.242057  0.003714 0.900462 0.434918  0.349456 0.847569 0
Material_0
0  -0.000513 0.083486 0.242917  0.003801 0.452714 0.891648  0.349456 0.847406 0
0  0.001502 0.083486 0.242917  0.003759 0.452640 0.891685  0.348510 0.847406 0
0  -0.000513 0.084435 0.242057  0.003714 0.900462 0.434918  0.349456 0.847569 0
Material_0
0  -0.000513 0.084435 0.242057  0.003714 0.900462 0.434918  0.349456 0.847569 0
0  0.001502 0.083486 0.242917  0.003759 0.452640 0.891685  0.348510 0.847406 0
0  0.001502 0.084435 0.242057  0.003750 0.900430 0.434985  0.348510 0.847569 0
Material_0
0  0.002186 0.076697 0.213449  0.999998 0.002044 0.000109  0.348080 0.846346 0
0  0.002186 0.070416 0.209913  0.999998 0.002161 0.000209  0.348080 0.845368 0
0  0.001502 0.076602 0.212618  -0.000028 0.536196 -0.844094  0.348510 0.846346 0
Material_0
0  0.001502 0.076602 0.212618  -0.000028 0.536196 -0.844094  0.348510 0.846346 0
0  0.002186 0.070416 0.209913  0.999998 0.002161 0.000209  0.348080 0.845368 0
0  0.001502 0.070416 0.209234  -0.000195 0.536102 -0.844153  0.348510 0.845368 0
Material_0
0  -0.000513 0.076602 0.212618  0.000018 0.536125 -0.844138  0.349456 0.846346 0
0  -0.000513 0.070416 0.209234  0.000174 0.536108 -0.844149  0.349456 0.845368 0
0  -0.001196 0.076697 0.213449  -0.999998 0.002047 0.000171  0.349800 0.846346 0
Material_0
0  -0.001196 0.076697 0.213449  -0.999998 0.002047 0.000171  0.349800 0.846346 0
0  -0.000513 0.070416 0.209234  0.000174 0.536108 -0.844149  0.349456 0.845368 0
0  -0.001196 0.070416 0.209913  -0.999998 0.002076 0.000141  0.349800 0.845368 0
Material_0
0  -0.001196 0.083626 0.242124  -0.999998 0.002063 -0.000143  0.349800 0.847406 0
0  -0.001196 0.070541 0.247610  -0.999998 0.002145 -0.000206  0.349800 0.845368 0
0  -0.000513 0.083486 0.242917  0.003801 0.452714 0.891648  0.349456 0.847406 0
Material_0
0  -0.000513 0.083486 0.242917  0.003801 0.452714 0.891648  0.349456 0.847406 0
0  -0.001196 0.070541 0.247610  -0.999998 0.002145 -0.000206  0.349800 0.845368 0
0  -0.000513 0.070541 0.248299  0.003957 0.452662 0.891673  0.349456 0.845368 0
Material_0
0  -0.011908 -0.000152 0.008646  -0.999998 -0.002205 0.000000  0.612804 0.518529 0
0  -0.011908 -0.000020 0.011590  -0.999998 0.002205 -0.000001  0.622606 0.518774 0
0  -0.011908 0.001841 0.006467  -0.999998 0.002205 0.000001  0.605496 0.522442 0
Material_0
0  -0.011908 0.001841 0.006467  -0.999998 0.002205 0.000001  0.605496 0.522442 0
0  -0.011908 -0.000020 0.011590  -0.999998 0.002205 -0.000001  0.622606 0.518774 0
0  -0.011908 0.006967 0.008330  -0.999998 0.002205 0.000000  0.611687 0.532385 0
Material_0
0  -0.011908 -0.000020 0.011590  -0.999998 0.002205 -0.000001  0.622606 0.518774 0
0  -0.011908 0.005106 0.013454  -0.999998 0.002205 0.000000  0.628882 0.528799 0
0  -0.011908 0.006967 0.008330  -0.999998 0.002205 0.000000  0.611687 0.532385 0
Material_0
0  -0.011908 0.006967 0.008330  -0.999998 0.002205 0.000000  0.611687 0.532385 0
0  -0.011908 0.005106 0.013454  -0.999998 0.002205 0.000000  0.628882 0.528799 0
0  -0.011908 0.007099 0.011284  -0.999998 -0.002205 0.000001  0.621574 0.532630 0
Material_0
0  -0.011908 0.001841 0.006467  -0.999998 0.002205 0.000001  0.605496 0.522442 0
0  -0.011908 0.006967 0.008330  -0.999998 0.002205 0.000000  0.611687 0.532385 0
0  -0.011908 0.004797 0.006333  -0.999998 0.002205 0.000000  0.605066 0.528147 0
Material_0
0  -0.011908 0.002157 0.013587  -0.999998 0.002205 0.000000  0.629312 0.523012 0
0  -0.011908 0.005106 0.013454  -0.999998 0.002205 0.000000  0.628882 0.528799 0
0  -0.011908 -0.000020 0.011590  -0.999998 0.002205 -0.000001  0.622606 0.518774 0
Material_0
0  0.012643 0.007099 0.011284  0.999998 -0.002205 -0.000002  0.621574 0.532630 0
0  0.012643 0.005106 0.013454  0.999998 0.002205 -0.000000  0.628882 0.528799 0
0  0.012643 0.006967 0.008330  0.999998 0.002206 -0.000000  0.611687 0.532385 0
Material_0
0  0.012643 0.006967 0.008330  0.999998 0.002206 -0.000000  0.611687 0.532385 0
0  0.012643 0.005106 0.013454  0.999998 0.002205 -0.000000  0.628882 0.528799 0
0  0.012643 0.001841 0.006467  0.999998 0.002206 -0.000000  0.605496 0.522442 0
Material_0
0  0.012643 0.005106 0.013454  0.999998 0.002205 -0.000000  0.628882 0.528799 0
0  0.012643 -0.000020 0.011590  0.999998 0.002205 -0.000001  0.622606 0.518774 0
0  0.012643 0.001841 0.006467  0.999998 0.002206 -0.000000  0.605496 0.522442 0
Material_0
0  0.012643 0.001841 0.006467  0.999998 0.002206 -0.000000  0.605496 0.522442 0
0  0.012643 -0.000020 0.011590  0.999998 0.002205 -0.000001  0.622606 0.518774 0
0  0.012643 -0.000152 0.008646  0.999998 -0.002204 0.000000  0.612804 0.518529 0
Material_0
0  0.012643 0.006967 0.008330  0.999998 0.002206 -0.000000  0.611687 0.532385 0
0  0.012643 0.001841 0.006467  0.999998 0.002206 -0.000000  0.605496 0.522442 0
0  0.012643 0.004797 0.006333  0.999998 0.002206 -0.000000  0.605066 0.528147 0
Material_0
0  0.012643 0.002157 0.013587  0.999998 0.002206 -0.000000  0.629312 0.523012 0
0  0.012643 -0.000020 0.011590  0.999998 0.002205 -0.000001  0.622606 0.518774 0
0  0.012643 0.005106 0.013454  0.999998 0.002205 -0.000000  0.628882 0.528799 0
Material_0
0  -0.012200 0.000488 0.010452  -0.999998 0.002204 0.000001  0.165465 0.819612 0
0  -0.012200 0.001179 0.011934  -0.999998 0.002204 0.000000  0.165465 0.848221 0
0  -0.012200 0.005768 0.007986  -0.999998 0.002204 0.000000  0.140703 0.819612 0
Material_0
0  -0.012200 0.005768 0.007986  -0.999998 0.002204 0.000000  0.140703 0.819612 0
0  -0.012200 0.001179 0.011934  -0.999998 0.002204 0.000000  0.165465 0.848221 0
0  -0.012200 0.006460 0.009468  -0.999997 0.002204 0.000000  0.140703 0.848221 0
Material_0
0  0.013176 0.006460 0.009468  0.999997 0.002206 -0.000000  0.140703 0.848221 0
0  0.013176 0.001179 0.011934  0.999998 0.002206 -0.000000  0.165465 0.848221 0
0  0.013176 0.005768 0.007986  0.999998 0.002206 -0.000000  0.140703 0.819612 0
Material_0
0  0.013176 0.005768 0.007986  0.999998 0.002206 -0.000000  0.140703 0.819612 0
0  0.013176 0.001179 0.011934  0.999998 0.002206 -0.000000  0.165465 0.848221 0
0  0.013176 0.000488 0.010452  0.999998 0.002206 -0.000000  0.165465 0.819612 0
Material_0
0  -0.012200 0.013733 -0.007240  -0.999998 0.002205 0.000000  0.165465 0.819612 0
0  -0.012200 0.014557 -0.005825  -0.999998 0.002205 0.000000  0.165465 0.848221 0
0  -0.012200 0.018786 -0.010155  -0.999998 0.002205 0.000000  0.140703 0.819612 0
Material_0
0  -0.012200 0.018786 -0.010155  -0.999998 0.002205 0.000000  0.140703 0.819612 0
0  -0.012200 0.014557 -0.005825  -0.999998 0.002205 0.000000  0.165465 0.848221 0
0  -0.012200 0.019602 -0.008741  -0.999998 0.002205 0.000000  0.140703 0.848221 0
Material_0
0  0.013176 0.019602 -0.008741  0.999997 0.002205 -0.000000  0.140703 0.848221 0
0  0.013176 0.014557 -0.005825  0.999998 0.002205 -0.000000  0.165465 0.848221 0
0  0.013176 0.018786 -0.010155  0.999998 0.002205 -0.000000  0.140703 0.819612 0
Material_0
0  0.013176 0.018786 -0.010155  0.999998 0.002205 -0.000000  0.140703 0.819612 0
0  0.013176 0.014557 -0.005825  0.999998 0.002205 -0.000000  0.165465 0.848221 0
0  0.013176 0.013733 -0.007240  0.999998 0.002205 -0.000000  0.165465 0.819612 0
Material_0
0  -0.011908 0.012939 -0.008989  -0.999998 0.002205 -0.000000  0.614352 0.518774 0
0  -0.011908 0.013329 -0.006064  -0.999998 0.002205 0.000000  0.624067 0.519507 0
0  -0.011908 0.014741 -0.011331  -0.999998 0.002205 0.000000  0.606528 0.522279 0
Material_0
0  -0.011908 0.014741 -0.011331  -0.999998 0.002205 0.000000  0.606528 0.522279 0
0  -0.011908 0.013329 -0.006064  -0.999998 0.002205 0.000000  0.624067 0.519507 0
0  -0.011908 0.020007 -0.009916  -0.999998 0.002205 0.000000  0.611257 0.532630 0
Material_0
0  -0.011908 0.013329 -0.006064  -0.999998 0.002205 0.000000  0.624067 0.519507 0
0  -0.011908 0.018595 -0.004650  -0.999998 0.002205 0.000000  0.628796 0.529859 0
0  -0.011908 0.020007 -0.009916  -0.999998 0.002205 0.000000  0.611257 0.532630 0
Material_0
0  -0.011908 0.020007 -0.009916  -0.999998 0.002205 0.000000  0.611257 0.532630 0
0  -0.011908 0.018595 -0.004650  -0.999998 0.002205 0.000000  0.628796 0.529859 0
0  -0.011908 0.020397 -0.006991  -0.999998 0.002206 -0.000000  0.620972 0.533363 0
Material_0
0  -0.011908 0.014741 -0.011331  -0.999998 0.002205 0.000000  0.606528 0.522279 0
0  -0.011908 0.020007 -0.009916  -0.999998 0.002205 0.000000  0.611257 0.532630 0
0  -0.011908 0.017668 -0.011713  -0.999998 0.002205 0.000001  0.605238 0.527984 0
Material_0
0  -0.011908 0.015668 -0.004258  -0.999998 0.002205 0.000000  0.630086 0.524153 0
0  -0.011908 0.018595 -0.004650  -0.999998 0.002205 0.000000  0.628796 0.529859 0
0  -0.011908 0.013329 -0.006064  -0.999998 0.002205 0.000000  0.624067 0.519507 0
Material_0
0  0.012643 0.020397 -0.006991  0.999998 0.002205 -0.000000  0.620972 0.533363 0
0  0.012643 0.018595 -0.004650  0.999998 0.002205 -0.000000  0.628796 0.529859 0
0  0.012643 0.020007 -0.009916  0.999998 0.002205 -0.000000  0.611257 0.532630 0
Material_0
0  0.012643 0.020007 -0.009916  0.999998 0.002205 -0.000000  0.611257 0.532630 0
0  0.012643 0.018595 -0.004650  0.999998 0.002205 -0.000000  0.628796 0.529859 0
0  0.012643 0.014741 -0.011331  0.999998 0.002205 -0.000000  0.606528 0.522279 0
Material_0
0  0.012643 0.018595 -0.004650  0.999998 0.002205 -0.000000  0.628796 0.529859 0
0  0.012643 0.013329 -0.006064  0.999998 0.002205 -0.000000  0.624067 0.519507 0
0  0.012643 0.014741 -0.011331  0.999998 0.002205 -0.000000  0.606528 0.522279 0
Material_0
0  0.012643 0.014741 -0.011331  0.999998 0.002205 -0.000000  0.606528 0.522279 0
0  0.012643 0.013329 -0.006064  0.999998 0.002205 -0.000000  0.624067 0.519507 0
0  0.012643 0.012939 -0.008989  0.999998 0.002206 -0.000000  0.614352 0.518774 0
Material_0
0  0.012643 0.020007 -0.009916  0.999998 0.002205 -0.000000  0.611257 0.532630 0
0  0.012643 0.014741 -0.011331  0.999998 0.002205 -0.000000  0.606528 0.522279 0
0  0.012643 0.017668 -0.011713  0.999997 0.002205 -0.000000  0.605238 0.527984 0
Material_0
0  0.012643 0.015668 -0.004258  0.999998 0.002206 -0.000000  0.630086 0.524153 0
0  0.012643 0.013329 -0.006064  0.999998 0.002205 -0.000000  0.624067 0.519507 0
0  0.012643 0.018595 -0.004650  0.999998 0.002205 -0.000000  0.628796 0.529859 0
Material_0
0  -0.013406 -0.023408 -0.017763  -0.999997 0.002205 0.000000  0.631376 0.525946 0
0  -0.013406 -0.020679 -0.018901  -0.999998 0.002205 0.000000  0.627593 0.531244 0
0  -0.013406 -0.026137 -0.018901  -0.999998 0.002205 0.000000  0.627593 0.520567 0
Material_0
0  -0.013406 -0.026137 -0.018901  -0.999998 0.002205 0.000000  0.627593 0.520567 0
0  -0.013406 -0.020679 -0.018901  -0.999998 0.002205 0.000000  0.627593 0.531244 0
0  -0.013406 -0.026137 -0.024349  -0.999998 0.002205 -0.000000  0.609365 0.520567 0
Material_0
0  -0.013406 -0.020679 -0.018901  -0.999998 0.002205 0.000000  0.627593 0.531244 0
0  -0.013406 -0.020679 -0.024349  -0.999998 0.002205 0.000000  0.609365 0.531244 0
0  -0.013406 -0.026137 -0.024349  -0.999998 0.002205 -0.000000  0.609365 0.520567 0
Material_0
0  -0.013406 -0.026137 -0.024349  -0.999998 0.002205 -0.000000  0.609365 0.520567 0
0  -0.013406 -0.020679 -0.024349  -0.999998 0.002205 0.000000  0.609365 0.531244 0
0  -0.013406 -0.023408 -0.025486  -0.999998 0.002205 0.000000  0.605582 0.525946 0
Material_0
0  -0.013406 -0.026137 -0.018901  -0.999998 0.002205 0.000000  0.627593 0.520567 0
0  -0.013406 -0.026137 -0.024349  -0.999998 0.002205 -0.000000  0.609365 0.520567 0
0  -0.013406 -0.027269 -0.021625  -0.999998 0.002205 0.000001  0.618479 0.518366 0
Material_0
0  -0.013406 -0.019554 -0.021625  -0.999997 0.002205 0.000000  0.618479 0.533445 0
0  -0.013406 -0.020679 -0.024349  -0.999998 0.002205 0.000000  0.609365 0.531244 0
0  -0.013406 -0.020679 -0.018901  -0.999998 0.002205 0.000000  0.627593 0.531244 0
Material_0
0  0.014127 -0.023408 -0.025486  0.999997 0.002205 -0.000002  0.605582 0.525946 0
0  0.014127 -0.020679 -0.024349  0.999998 0.002205 -0.000000  0.609365 0.531244 0
0  0.014127 -0.026137 -0.024349  0.999998 0.002205 -0.000001  0.609365 0.520567 0
Material_0
0  0.014127 -0.026137 -0.024349  0.999998 0.002205 -0.000001  0.609365 0.520567 0
0  0.014127 -0.020679 -0.024349  0.999998 0.002205 -0.000000  0.609365 0.531244 0
0  0.014127 -0.026137 -0.018901  0.999998 0.002205 0.000001  0.627593 0.520567 0
Material_0
0  0.014127 -0.020679 -0.024349  0.999998 0.002205 -0.000000  0.609365 0.531244 0
0  0.014127 -0.020679 -0.018901  0.999998 0.002205 -0.000000  0.627593 0.531244 0
0  0.014127 -0.026137 -0.018901  0.999998 0.002205 0.000001  0.627593 0.520567 0
Material_0
0  0.014127 -0.026137 -0.018901  0.999998 0.002205 0.000001  0.627593 0.520567 0
0  0.014127 -0.020679 -0.018901  0.999998 0.002205 -0.000000  0.627593 0.531244 0
0  0.014127 -0.023408 -0.017763  0.999997 0.002205 0.000000  0.631376 0.525946 0
Material_0
0  0.014127 -0.026137 -0.024349  0.999998 0.002205 -0.000001  0.609365 0.520567 0
0  0.014127 -0.026137 -0.018901  0.999998 0.002205 0.000001  0.627593 0.520567 0
0  0.014127 -0.027269 -0.021625  0.999998 0.002206 -0.000001  0.618479 0.518366 0
Material_0
0  0.014127 -0.019554 -0.021625  0.999997 0.002205 -0.000000  0.618479 0.533445 0
0  0.014127 -0.020679 -0.018901  0.999998 0.002205 -0.000000  0.627593 0.531244 0
0  0.014127 -0.020679 -0.024349  0.999998 0.002205 -0.000000  0.609365 0.531244 0
Material_0
0  -0.013733 -0.021930 -0.018987  -0.999998 0.002206 0.000000  0.165465 0.819612 0
0  -0.013733 -0.020768 -0.020143  -0.999998 0.002206 0.000000  0.165465 0.848221 0
0  -0.013733 -0.026048 -0.023106  -0.999998 0.002205 0.000000  0.140703 0.819612 0
Material_0
0  -0.013733 -0.026048 -0.023106  -0.999998 0.002205 0.000000  0.140703 0.819612 0
0  -0.013733 -0.020768 -0.020143  -0.999998 0.002206 0.000000  0.165465 0.848221 0
0  -0.013733 -0.024894 -0.024263  -0.999998 0.002205 0.000001  0.140703 0.848221 0
Material_0
0  0.014722 -0.024894 -0.024263  0.999998 0.002205 -0.000000  0.140703 0.848221 0
0  0.014722 -0.020768 -0.020143  0.999998 0.002205 -0.000000  0.165465 0.848221 0
0  0.014722 -0.026048 -0.023106  0.999998 0.002205 0.000000  0.140703 0.819612 0
Material_0
0  0.014722 -0.026048 -0.023106  0.999998 0.002205 0.000000  0.140703 0.819612 0
0  0.014722 -0.020768 -0.020143  0.999998 0.002205 -0.000000  0.165465 0.848221 0
0  0.014722 -0.021930 -0.018987  0.999997 0.002205 -0.000001  0.165465 0.819612 0
Material_0
0  -0.013220 -0.067463 -0.021310  -0.997916 0.037118 -0.052784  0.152396 0.828007 0
0  -0.013220 -0.046767 -0.030094  -0.997916 0.037117 -0.052785  0.152396 0.832246 0
0  -0.013220 -0.064425 -0.044278  -0.997903 0.037146 -0.053008  0.152396 0.828985 0
Material_0
0  -0.013220 -0.064425 -0.044278  -0.997903 0.037146 -0.053008  0.152396 0.828985 0
0  -0.013220 -0.046767 -0.030094  -0.997916 0.037117 -0.052785  0.152396 0.832246 0
0  -0.013220 -0.043840 -0.040780  -0.997904 0.037144 -0.052993  0.152396 0.833224 0
Material_0
0  -0.013220 -0.046767 -0.030094  -0.997916 0.037117 -0.052785  0.152396 0.832246 0
0  -0.013220 -0.031189 -0.037081  -0.997914 0.037167 -0.052780  0.152396 0.837136 0
0  -0.013220 -0.043840 -0.040780  -0.997904 0.037144 -0.052993  0.152396 0.833224 0
Material_0
0  -0.013220 -0.043840 -0.040780  -0.997904 0.037144 -0.052993  0.152396 0.833224 0
0  -0.013220 -0.031189 -0.037081  -0.997914 0.037167 -0.052780  0.152396 0.837136 0
0  -0.011086 -0.042972 -0.043074  -0.750963 0.150188 -0.643038  0.145260 0.833550 0
Material_0
0  -0.013220 -0.031189 -0.037081  -0.997914 0.037167 -0.052780  0.152396 0.837136 0
0  -0.011086 -0.028093 -0.038868  -0.769639 0.176065 -0.613723  0.145260 0.838033 0
0  -0.011086 -0.042972 -0.043074  -0.750963 0.150188 -0.643038  0.145260 0.833550 0
Material_0
0  -0.013220 -0.043840 -0.040780  -0.997904 0.037144 -0.052993  0.152396 0.833224 0
0  -0.011086 -0.042972 -0.043074  -0.750963 0.150188 -0.643038  0.145260 0.833550 0
0  -0.013220 -0.064425 -0.044278  -0.997903 0.037146 -0.053008  0.152396 0.828985 0
Material_0
0  -0.011086 -0.042972 -0.043074  -0.750963 0.150188 -0.643038  0.145260 0.833550 0
0  -0.011086 -0.065301 -0.046696  -0.721785 0.111195 -0.683126  0.145260 0.828659 0
0  -0.013220 -0.064425 -0.044278  -0.997903 0.037146 -0.053008  0.152396 0.828985 0
Material_0
0  -0.013220 -0.067463 -0.021310  -0.486088 -0.865660 -0.119795  0.152396 0.828007 0
0  -0.013220 -0.064425 -0.044278  -0.485215 -0.867842 -0.106847  0.152396 0.828985 0
0  -0.011086 -0.068772 -0.020554  -0.486075 -0.865664 -0.119819  0.145260 0.827600 0
Material_0
0  -0.013220 -0.064425 -0.044278  -0.485215 -0.867842 -0.106847  0.152396 0.828985 0
0  -0.011086 -0.065301 -0.046696  -0.485220 -0.867833 -0.106899  0.145260 0.828659 0
0  -0.011086 -0.068772 -0.020554  -0.486075 -0.865664 -0.119819  0.145260 0.827600 0
Material_0
0  -0.011086 -0.053070 -0.014495  -0.779341 -0.085104 0.620794  0.145260 0.830452 0
0  -0.013220 -0.049356 -0.016636  -0.997927 0.037074 -0.052604  0.152396 0.831594 0
0  -0.011086 -0.069302 -0.016578  -0.779613 -0.080749 0.621034  0.145260 0.827437 0
Material_0
0  -0.011086 -0.069302 -0.016578  -0.779613 -0.080749 0.621034  0.145260 0.827437 0
0  -0.013220 -0.049356 -0.016636  -0.997927 0.037074 -0.052604  0.152396 0.831594 0
0  -0.013220 -0.067779 -0.019063  -0.997912 0.037162 -0.052826  0.152396 0.827926 0
Material_0
0  -0.013220 -0.067779 -0.019063  -0.997912 0.037162 -0.052826  0.152396 0.827926 0
0  -0.013220 -0.049356 -0.016636  -0.997927 0.037074 -0.052604  0.152396 0.831594 0
0  -0.013220 -0.047370 -0.027685  -0.997916 0.037119 -0.052783  0.152396 0.832083 0
Material_0
0  -0.013220 -0.047370 -0.027685  -0.997916 0.037119 -0.052783  0.152396 0.832083 0
0  -0.013220 -0.049356 -0.016636  -0.997927 0.037074 -0.052604  0.152396 0.831594 0
0  -0.013220 -0.028829 -0.036383  -0.997902 0.037171 -0.053006  0.152396 0.837788 0
Material_0
0  -0.013220 -0.049356 -0.016636  -0.997927 0.037074 -0.052604  0.152396 0.831594 0
0  -0.013220 -0.020290 -0.033611  -0.997915 0.037141 -0.052792  0.152396 0.840396 0
0  -0.013220 -0.028829 -0.036383  -0.997902 0.037171 -0.053006  0.152396 0.837788 0
Material_0
0  -0.013220 -0.028829 -0.036383  -0.997902 0.037171 -0.053006  0.152396 0.837788 0
0  -0.013220 -0.020290 -0.033611  -0.997915 0.037141 -0.052792  0.152396 0.840396 0
0  -0.011086 -0.025695 -0.038189  -0.782922 0.180336 -0.595409  0.145260 0.838766 0
Material_0
0  -0.011086 -0.025695 -0.038189  -0.782922 0.180336 -0.595409  0.145260 0.838766 0
0  -0.013220 -0.020290 -0.033611  -0.997915 0.037141 -0.052792  0.152396 0.840396 0
0  -0.011086 -0.021753 -0.037071  -0.791258 0.201775 -0.577233  0.145260 0.839989 0
Material_0
0  -0.013220 -0.020290 -0.033611  -0.997915 0.037141 -0.052792  0.152396 0.840396 0
0  -0.011086 -0.017679 -0.034949  -0.752258 0.311513 -0.580575  0.145260 0.841211 0
0  -0.011086 -0.021753 -0.037071  -0.791258 0.201775 -0.577233  0.145260 0.839989 0
Material_0
0  -0.011086 -0.053070 -0.014495  -0.779336 -0.085108 0.620799  0.622348 0.815455 0
0  -0.011086 -0.032962 -0.010929  -0.726230 -0.223138 0.650230  0.622348 0.826377 0
0  -0.013220 -0.049356 -0.016636  -0.997916 0.037105 -0.052796  0.632407 0.817412 0
Material_0
0  -0.011086 -0.032962 -0.010929  -0.726230 -0.223138 0.650230  0.622348 0.826377 0
0  -0.013220 -0.032491 -0.013080  -0.997916 0.037085 -0.052797  0.632407 0.826622 0
0  -0.013220 -0.049356 -0.016636  -0.997916 0.037105 -0.052796  0.632407 0.817412 0
Material_0
0  -0.013220 -0.049356 -0.016636  -0.997916 0.037105 -0.052796  0.632407 0.817412 0
0  -0.013220 -0.032491 -0.013080  -0.997916 0.037085 -0.052797  0.632407 0.826622 0
0  -0.013220 -0.020290 -0.033611  -0.997903 0.037219 -0.052956  0.632407 0.833224 0
Material_0
0  -0.013220 -0.020290 -0.033611  -0.997903 0.037219 -0.052956  0.632407 0.833224 0
0  -0.013220 -0.032491 -0.013080  -0.997916 0.037085 -0.052797  0.632407 0.826622 0
0  -0.013220 -0.017436 -0.005978  -0.997926 0.037077 -0.052631  0.632407 0.834772 0
Material_0
0  -0.013220 -0.032491 -0.013080  -0.997916 0.037085 -0.052797  0.632407 0.826622 0
0  -0.011086 -0.032962 -0.010929  -0.726230 -0.223138 0.650230  0.622348 0.826377 0
0  -0.013220 -0.017436 -0.005978  -0.997926 0.037077 -0.052631  0.632407 0.834772 0
Material_0
0  -0.011086 -0.032962 -0.010929  -0.726230 -0.223138 0.650230  0.622348 0.826377 0
0  -0.011086 -0.018451 -0.003550  -0.804529 -0.265496 0.531267  0.622348 0.834283 0
0  -0.013220 -0.017436 -0.005978  -0.997926 0.037077 -0.052631  0.632407 0.834772 0
Material_0
0  -0.013220 -0.017436 -0.005978  -0.997926 0.037077 -0.052631  0.632407 0.834772 0
0  -0.011086 -0.018451 -0.003550  -0.804529 -0.265496 0.531267  0.622348 0.834283 0
0  -0.013220 -0.012045 -0.003933  -0.997928 0.037020 -0.052630  0.632407 0.837707 0
Material_0
0  -0.011086 -0.018451 -0.003550  -0.804529 -0.265496 0.531267  0.622348 0.834283 0
0  -0.011086 -0.009346 0.003351  -0.953031 -0.045835 0.299385  0.622348 0.839174 0
0  -0.013220 -0.012045 -0.003933  -0.997928 0.037020 -0.052630  0.632407 0.837707 0
Material_0
0  -0.011086 -0.009346 0.003351  -0.953031 -0.045835 0.299385  0.622348 0.839174 0
0  -0.011086 -0.002638 0.002557  -0.968539 0.080717 0.235409  0.622348 0.842841 0
0  -0.013220 -0.012045 -0.003933  -0.997928 0.037020 -0.052630  0.632407 0.837707 0
Material_0
0  -0.013220 -0.012045 -0.003933  -0.997928 0.037020 -0.052630  0.632407 0.837707 0
0  -0.011086 -0.002638 0.002557  -0.968539 0.080717 0.235409  0.622348 0.842841 0
0  -0.013220 -0.005058 -0.005816  -0.997922 0.037162 -0.052638  0.632407 0.841537 0
Material_0
0  -0.011086 -0.002638 0.002557  -0.968539 0.080717 0.235409  0.622348 0.842841 0
0  -0.011086 0.003165 -0.000444  -0.977011 0.154514 0.146885  0.622348 0.846020 0
0  -0.013220 -0.005058 -0.005816  -0.997922 0.037162 -0.052638  0.632407 0.841537 0
Material_0
0  -0.011086 0.003165 -0.000444  -0.977011 0.154514 0.146885  0.622348 0.846020 0
0  -0.011086 0.009070 -0.010958  -0.974470 0.214601 0.065987  0.622348 0.849199 0
0  -0.013220 -0.005058 -0.005816  -0.997922 0.037162 -0.052638  0.632407 0.841537 0
Material_0
0  -0.013220 -0.005058 -0.005816  -0.997922 0.037162 -0.052638  0.632407 0.841537 0
0  -0.011086 0.009070 -0.010958  -0.974470 0.214601 0.065987  0.622348 0.849199 0
0  -0.013220 0.000701 -0.014361  -0.997915 0.037274 -0.052692  0.632407 0.844634 0
Material_0
0  -0.011086 0.009070 -0.010958  -0.974470 0.214601 0.065987  0.622348 0.849199 0
0  -0.013220 -0.000233 -0.020124  -0.997907 0.037286 -0.052834  0.632407 0.844145 0
0  -0.013220 0.000701 -0.014361  -0.997915 0.037274 -0.052692  0.632407 0.844634 0
Material_0
0  -0.013220 0.000701 -0.014361  -0.997915 0.037274 -0.052692  0.632407 0.844634 0
0  -0.013220 -0.000233 -0.020124  -0.997907 0.037286 -0.052834  0.632407 0.844145 0
0  -0.013220 -0.017436 -0.005978  -0.997926 0.037077 -0.052631  0.632407 0.834772 0
Material_0
0  -0.013220 -0.000233 -0.020124  -0.997907 0.037286 -0.052834  0.632407 0.844145 0
0  -0.013220 -0.003293 -0.024311  -0.997900 0.037225 -0.053012  0.632407 0.842515 0
0  -0.013220 -0.017436 -0.005978  -0.997926 0.037077 -0.052631  0.632407 0.834772 0
Material_0
0  -0.013220 -0.017436 -0.005978  -0.997926 0.037077 -0.052631  0.632407 0.834772 0
0  -0.013220 -0.003293 -0.024311  -0.997900 0.037225 -0.053012  0.632407 0.842515 0
0  -0.013220 -0.020290 -0.033611  -0.997903 0.037219 -0.052956  0.632407 0.833224 0
Material_0
0  -0.013220 -0.020290 -0.033611  -0.997903 0.037219 -0.052956  0.632407 0.833224 0
0  -0.013220 -0.003293 -0.024311  -0.997900 0.037225 -0.053012  0.632407 0.842515 0
0  -0.011086 -0.017679 -0.034949  -0.752257 0.311518 -0.580573  0.622348 0.834691 0
Material_0
0  -0.011086 -0.017679 -0.034949  -0.752257 0.311518 -0.580573  0.622348 0.834691 0
0  -0.013220 -0.003293 -0.024311  -0.997900 0.037225 -0.053012  0.632407 0.842515 0
0  -0.011086 -0.001439 -0.026461  -0.795453 0.315686 -0.517298  0.622348 0.843493 0
Material_0
0  -0.011086 -0.001439 -0.026461  -0.795453 0.315686 -0.517298  0.622348 0.843493 0
0  -0.013220 -0.003293 -0.024311  -0.997900 0.037225 -0.053012  0.632407 0.842515 0
0  -0.011086 0.006665 -0.020965  -0.938771 0.286572 -0.191274  0.622348 0.847895 0
Material_0
0  -0.013220 -0.003293 -0.024311  -0.997900 0.037225 -0.053012  0.632407 0.842515 0
0  -0.013220 -0.000233 -0.020124  -0.997907 0.037286 -0.052834  0.632407 0.844145 0
0  -0.011086 0.006665 -0.020965  -0.938771 0.286572 -0.191274  0.622348 0.847895 0
Material_0
0  -0.011086 0.006665 -0.020965  -0.938771 0.286572 -0.191274  0.622348 0.847895 0
0  -0.013220 -0.000233 -0.020124  -0.997907 0.037286 -0.052834  0.632407 0.844145 0
0  -0.011086 0.008865 -0.016358  -0.969021 0.244368 -0.035826  0.622348 0.849117 0
Material_0
0  -0.013220 -0.000233 -0.020124  -0.997907 0.037286 -0.052834  0.632407 0.844145 0
0  -0.011086 0.009070 -0.010958  -0.974470 0.214601 0.065987  0.622348 0.849199 0
0  -0.011086 0.008865 -0.016358  -0.969021 0.244368 -0.035826  0.622348 0.849117 0
Material_0
0  -0.013220 -0.012045 -0.003933  -0.997928 0.037020 -0.052630  0.632407 0.837707 0
0  -0.013220 -0.005058 -0.005816  -0.997922 0.037162 -0.052638  0.632407 0.841537 0
0  -0.013220 -0.017436 -0.005978  -0.997926 0.037077 -0.052631  0.632407 0.834772 0
Material_0
0  -0.013220 -0.005058 -0.005816  -0.997922 0.037162 -0.052638  0.632407 0.841537 0
0  -0.013220 0.000701 -0.014361  -0.997915 0.037274 -0.052692  0.632407 0.844634 0
0  -0.013220 -0.017436 -0.005978  -0.997926 0.037077 -0.052631  0.632407 0.834772 0
Material_0
0  -0.011086 -0.025695 -0.038189  -0.782932 0.180344 -0.595393  0.622348 0.830289 0
0  -0.011086 -0.028093 -0.038868  -0.769650 0.176032 -0.613719  0.622348 0.828985 0
0  -0.013220 -0.028829 -0.036383  -0.997911 0.037164 -0.052837  0.632407 0.828578 0
Material_0
0  -0.011086 -0.028093 -0.038868  -0.769650 0.176032 -0.613719  0.622348 0.828985 0
0  -0.013220 -0.031189 -0.037081  -0.997903 0.037157 -0.052992  0.632407 0.827355 0
0  -0.013220 -0.028829 -0.036383  -0.997911 0.037164 -0.052837  0.632407 0.828578 0
Material_0
0  -0.013220 -0.031189 -0.037081  -0.997903 0.037157 -0.052992  0.632407 0.827355 0
0  -0.013220 -0.046767 -0.030094  -0.997916 0.037117 -0.052784  0.632407 0.818716 0
0  -0.013220 -0.028829 -0.036383  -0.997911 0.037164 -0.052837  0.632407 0.828578 0
Material_0
0  -0.013220 -0.028829 -0.036383  -0.997911 0.037164 -0.052837  0.632407 0.828578 0
0  -0.013220 -0.046767 -0.030094  -0.997916 0.037117 -0.052784  0.632407 0.818716 0
0  -0.013220 -0.047370 -0.027685  -0.997916 0.037119 -0.052783  0.632407 0.818390 0
Material_0
0  -0.013220 -0.047370 -0.027685  -0.997916 0.037119 -0.052783  0.632407 0.818390 0
0  -0.013220 -0.046767 -0.030094  -0.997916 0.037117 -0.052784  0.632407 0.818716 0
0  -0.013220 -0.067779 -0.019063  -0.997916 0.037118 -0.052784  0.632407 0.810973 0
Material_0
0  -0.013220 -0.046767 -0.030094  -0.997916 0.037117 -0.052784  0.632407 0.818716 0
0  -0.013220 -0.067463 -0.021310  -0.997916 0.037117 -0.052784  0.632407 0.811136 0
0  -0.013220 -0.067779 -0.019063  -0.997916 0.037118 -0.052784  0.632407 0.810973 0
Material_0
0  -0.011086 -0.069066 -0.018327  -0.485225 -0.867838 -0.106835  0.622348 0.810239 0
0  -0.013220 -0.067779 -0.019063  -0.484226 -0.865660 -0.127112  0.632407 0.810973 0
0  -0.011086 -0.068772 -0.020554  -0.486098 -0.865648 -0.119841  0.622348 0.810402 0
Material_0
0  -0.013220 -0.067779 -0.019063  -0.484226 -0.865660 -0.127112  0.632407 0.810973 0
0  -0.013220 -0.067463 -0.021310  -0.486102 -0.865647 -0.119838  0.632407 0.811136 0
0  -0.011086 -0.068772 -0.020554  -0.486098 -0.865648 -0.119841  0.622348 0.810402 0
Material_0
0  0.014208 -0.067463 -0.021310  0.997916 0.037117 -0.052785  0.152396 0.828007 0
0  0.014208 -0.064425 -0.044278  0.997904 0.037172 -0.052975  0.152396 0.828985 0
0  0.014208 -0.046767 -0.030094  0.997916 0.037117 -0.052785  0.152396 0.832246 0
Material_0
0  0.014208 -0.064425 -0.044278  0.997904 0.037172 -0.052975  0.152396 0.828985 0
0  0.014208 -0.043840 -0.040780  0.997903 0.037125 -0.053014  0.152396 0.833224 0
0  0.014208 -0.046767 -0.030094  0.997916 0.037117 -0.052785  0.152396 0.832246 0
Material_0
0  0.014208 -0.046767 -0.030094  0.997916 0.037117 -0.052785  0.152396 0.832246 0
0  0.014208 -0.043840 -0.040780  0.997903 0.037125 -0.053014  0.152396 0.833224 0
0  0.014208 -0.031189 -0.037081  0.997915 0.037109 -0.052806  0.152396 0.837136 0
Material_0
0  0.014208 -0.043840 -0.040780  0.997903 0.037125 -0.053014  0.152396 0.833224 0
0  0.012072 -0.042972 -0.043074  0.750950 0.150205 -0.643050  0.145260 0.833550 0
0  0.014208 -0.031189 -0.037081  0.997915 0.037109 -0.052806  0.152396 0.837136 0
Material_0
0  0.014208 -0.031189 -0.037081  0.997915 0.037109 -0.052806  0.152396 0.837136 0
0  0.012072 -0.042972 -0.043074  0.750950 0.150205 -0.643050  0.145260 0.833550 0
0  0.012072 -0.028093 -0.038868  0.769617 0.176030 -0.613762  0.145260 0.838033 0
Material_0
0  0.014208 -0.043840 -0.040780  0.997903 0.037125 -0.053014  0.152396 0.833224 0
0  0.014208 -0.064425 -0.044278  0.997904 0.037172 -0.052975  0.152396 0.828985 0
0  0.012072 -0.042972 -0.043074  0.750950 0.150205 -0.643050  0.145260 0.833550 0
Material_0
0  0.012072 -0.042972 -0.043074  0.750950 0.150205 -0.643050  0.145260 0.833550 0
0  0.014208 -0.064425 -0.044278  0.997904 0.037172 -0.052975  0.152396 0.828985 0
0  0.012072 -0.065301 -0.046696  0.721816 0.111186 -0.683095  0.145260 0.828659 0
Material_0
0  0.012072 -0.065301 -0.046696  0.485210 -0.867841 -0.106883  0.145260 0.828659 0
0  0.014208 -0.064425 -0.044278  0.485210 -0.867842 -0.106871  0.152396 0.828985 0
0  0.012072 -0.068772 -0.020554  0.486100 -0.865656 -0.119777  0.145260 0.827600 0
Material_0
0  0.012072 -0.068772 -0.020554  0.486100 -0.865656 -0.119777  0.145260 0.827600 0
0  0.014208 -0.064425 -0.044278  0.485210 -0.867842 -0.106871  0.152396 0.828985 0
0  0.014208 -0.067463 -0.021310  0.486084 -0.865661 -0.119805  0.152396 0.828007 0
Material_0
0  0.012072 -0.053070 -0.014495  0.779336 -0.085106 0.620800  0.145260 0.830452 0
0  0.012072 -0.069302 -0.016578  0.779605 -0.080761 0.621043  0.145260 0.827437 0
0  0.014208 -0.049356 -0.016636  0.997927 0.037065 -0.052617  0.152396 0.831594 0
Material_0
0  0.012072 -0.069302 -0.016578  0.779605 -0.080761 0.621043  0.145260 0.827437 0
0  0.014208 -0.067779 -0.019063  0.997913 0.037163 -0.052812  0.152396 0.827926 0
0  0.014208 -0.049356 -0.016636  0.997927 0.037065 -0.052617  0.152396 0.831594 0
Material_0
0  0.014208 -0.067779 -0.019063  0.997913 0.037163 -0.052812  0.152396 0.827926 0
0  0.014208 -0.047370 -0.027685  0.997916 0.037119 -0.052783  0.152396 0.832083 0
0  0.014208 -0.049356 -0.016636  0.997927 0.037065 -0.052617  0.152396 0.831594 0
Material_0
0  0.014208 -0.047370 -0.027685  0.997916 0.037119 -0.052783  0.152396 0.832083 0
0  0.014208 -0.028829 -0.036383  0.997902 0.037171 -0.053012  0.152396 0.837788 0
0  0.014208 -0.049356 -0.016636  0.997927 0.037065 -0.052617  0.152396 0.831594 0
Material_0
0  0.014208 -0.049356 -0.016636  0.997927 0.037065 -0.052617  0.152396 0.831594 0
0  0.014208 -0.028829 -0.036383  0.997902 0.037171 -0.053012  0.152396 0.837788 0
0  0.014208 -0.020290 -0.033611  0.997913 0.037167 -0.052810  0.152396 0.840396 0
Material_0
0  0.014208 -0.028829 -0.036383  0.997902 0.037171 -0.053012  0.152396 0.837788 0
0  0.012072 -0.025695 -0.038189  0.782915 0.180329 -0.595420  0.145260 0.838766 0
0  0.014208 -0.020290 -0.033611  0.997913 0.037167 -0.052810  0.152396 0.840396 0
Material_0
0  0.012072 -0.025695 -0.038189  0.782915 0.180329 -0.595420  0.145260 0.838766 0
0  0.012072 -0.021753 -0.037071  0.791265 0.201776 -0.577222  0.145260 0.839989 0
0  0.014208 -0.020290 -0.033611  0.997913 0.037167 -0.052810  0.152396 0.840396 0
Material_0
0  0.014208 -0.020290 -0.033611  0.997913 0.037167 -0.052810  0.152396 0.840396 0
0  0.012072 -0.021753 -0.037071  0.791265 0.201776 -0.577222  0.145260 0.839989 0
0  0.012072 -0.017679 -0.034949  0.752258 0.311512 -0.580576  0.145260 0.841211 0
Material_0
0  0.012072 -0.053070 -0.014495  0.779343 -0.085122 0.620789  0.622348 0.815455 0
0  0.014208 -0.049356 -0.016636  0.997913 0.037104 -0.052840  0.632407 0.817412 0
0  0.012072 -0.032962 -0.010929  0.726250 -0.223132 0.650210  0.622348 0.826377 0
Material_0
0  0.012072 -0.032962 -0.010929  0.726250 -0.223132 0.650210  0.622348 0.826377 0
0  0.014208 -0.049356 -0.016636  0.997913 0.037104 -0.052840  0.632407 0.817412 0
0  0.014208 -0.032491 -0.013080  0.997916 0.037144 -0.052772  0.632407 0.826622 0
Material_0
0  0.014208 -0.049356 -0.016636  0.997913 0.037104 -0.052840  0.632407 0.817412 0
0  0.014208 -0.020290 -0.033611  0.997902 0.037222 -0.052981  0.632407 0.833224 0
0  0.014208 -0.032491 -0.013080  0.997916 0.037144 -0.052772  0.632407 0.826622 0
Material_0
0  0.014208 -0.020290 -0.033611  0.997902 0.037222 -0.052981  0.632407 0.833224 0
0  0.014208 -0.017436 -0.005978  0.997920 0.037064 -0.052749  0.632407 0.834772 0
0  0.014208 -0.032491 -0.013080  0.997916 0.037144 -0.052772  0.632407 0.826622 0
Material_0
0  0.014208 -0.032491 -0.013080  0.997916 0.037144 -0.052772  0.632407 0.826622 0
0  0.014208 -0.017436 -0.005978  0.997920 0.037064 -0.052749  0.632407 0.834772 0
0  0.012072 -0.032962 -0.010929  0.726250 -0.223132 0.650210  0.622348 0.826377 0
Material_0
0  0.012072 -0.032962 -0.010929  0.726250 -0.223132 0.650210  0.622348 0.826377 0
0  0.014208 -0.017436 -0.005978  0.997920 0.037064 -0.052749  0.632407 0.834772 0
0  0.012072 -0.018451 -0.003550  0.804506 -0.265495 0.531303  0.622348 0.834283 0
Material_0
0  0.014208 -0.017436 -0.005978  0.997920 0.037064 -0.052749  0.632407 0.834772 0
0  0.014208 -0.012045 -0.003933  0.997926 0.037074 -0.052618  0.632407 0.837707 0
0  0.012072 -0.018451 -0.003550  0.804506 -0.265495 0.531303  0.622348 0.834283 0
Material_0
0  0.012072 -0.018451 -0.003550  0.804506 -0.265495 0.531303  0.622348 0.834283 0
0  0.014208 -0.012045 -0.003933  0.997926 0.037074 -0.052618  0.632407 0.837707 0
0  0.012072 -0.009346 0.003351  0.953061 -0.045905 0.299277  0.622348 0.839174 0
Material_0
0  0.012072 -0.009346 0.003351  0.953061 -0.045905 0.299277  0.622348 0.839174 0
0  0.014208 -0.012045 -0.003933  0.997926 0.037074 -0.052618  0.632407 0.837707 0
0  0.012072 -0.002638 0.002557  0.968525 0.080764 0.235448  0.622348 0.842841 0
Material_0
0  0.014208 -0.012045 -0.003933  0.997926 0.037074 -0.052618  0.632407 0.837707 0
0  0.014208 -0.005058 -0.005816  0.997923 0.037182 -0.052604  0.632407 0.841537 0
0  0.012072 -0.002638 0.002557  0.968525 0.080764 0.235448  0.622348 0.842841 0
Material_0
0  0.012072 -0.002638 0.002557  0.968525 0.080764 0.235448  0.622348 0.842841 0
0  0.014208 -0.005058 -0.005816  0.997923 0.037182 -0.052604  0.632407 0.841537 0
0  0.012072 0.003165 -0.000444  0.977038 0.154494 0.146724  0.622348 0.846020 0
Material_0
0  0.012072 0.003165 -0.000444  0.977038 0.154494 0.146724  0.622348 0.846020 0
0  0.014208 -0.005058 -0.005816  0.997923 0.037182 -0.052604  0.632407 0.841537 0
0  0.012072 0.009070 -0.010958  0.974469 0.214602 0.065992  0.622348 0.849199 0
Material_0
0  0.014208 -0.005058 -0.005816  0.997923 0.037182 -0.052604  0.632407 0.841537 0
0  0.014208 0.000701 -0.014361  0.997915 0.037268 -0.052696  0.632407 0.844634 0
0  0.012072 0.009070 -0.010958  0.974469 0.214602 0.065992  0.622348 0.849199 0
Material_0
0  0.012072 0.009070 -0.010958  0.974469 0.214602 0.065992  0.622348 0.849199 0
0  0.014208 0.000701 -0.014361  0.997915 0.037268 -0.052696  0.632407 0.844634 0
0  0.014208 -0.000233 -0.020124  0.997906 0.037301 -0.052837  0.632407 0.844145 0
Material_0
0  0.014208 0.000701 -0.014361  0.997915 0.037268 -0.052696  0.632407 0.844634 0
0  0.014208 -0.017436 -0.005978  0.997920 0.037064 -0.052749  0.632407 0.834772 0
0  0.014208 -0.000233 -0.020124  0.997906 0.037301 -0.052837  0.632407 0.844145 0
Material_0
0  0.014208 -0.000233 -0.020124  0.997906 0.037301 -0.052837  0.632407 0.844145 0
0  0.014208 -0.017436 -0.005978  0.997920 0.037064 -0.052749  0.632407 0.834772 0
0  0.014208 -0.003293 -0.024311  0.997902 0.037240 -0.052962  0.632407 0.842515 0
Material_0
0  0.014208 -0.017436 -0.005978  0.997920 0.037064 -0.052749  0.632407 0.834772 0
0  0.014208 -0.020290 -0.033611  0.997902 0.037222 -0.052981  0.632407 0.833224 0
0  0.014208 -0.003293 -0.024311  0.997902 0.037240 -0.052962  0.632407 0.842515 0
Material_0
0  0.014208 -0.020290 -0.033611  0.997902 0.037222 -0.052981  0.632407 0.833224 0
0  0.012072 -0.017679 -0.034949  0.752247 0.311511 -0.580590  0.622348 0.834691 0
0  0.014208 -0.003293 -0.024311  0.997902 0.037240 -0.052962  0.632407 0.842515 0
Material_0
0  0.012072 -0.017679 -0.034949  0.752247 0.311511 -0.580590  0.622348 0.834691 0
0  0.012072 -0.001439 -0.026461  0.795444 0.315631 -0.517345  0.622348 0.843493 0
0  0.014208 -0.003293 -0.024311  0.997902 0.037240 -0.052962  0.632407 0.842515 0
Material_0
0  0.012072 -0.001439 -0.026461  0.795444 0.315631 -0.517345  0.622348 0.843493 0
0  0.012072 0.006665 -0.020965  0.938683 0.286769 -0.191407  0.622348 0.847895 0
0  0.014208 -0.003293 -0.024311  0.997902 0.037240 -0.052962  0.632407 0.842515 0
Material_0
0  0.014208 -0.003293 -0.024311  0.997902 0.037240 -0.052962  0.632407 0.842515 0
0  0.012072 0.006665 -0.020965  0.938683 0.286769 -0.191407  0.622348 0.847895 0
0  0.014208 -0.000233 -0.020124  0.997906 0.037301 -0.052837  0.632407 0.844145 0
Material_0
0  0.012072 0.006665 -0.020965  0.938683 0.286769 -0.191407  0.622348 0.847895 0
0  0.012072 0.008865 -0.016358  0.969017 0.244374 -0.035879  0.622348 0.849117 0
0  0.014208 -0.000233 -0.020124  0.997906 0.037301 -0.052837  0.632407 0.844145 0
Material_0
0  0.014208 -0.000233 -0.020124  0.997906 0.037301 -0.052837  0.632407 0.844145 0
0  0.012072 0.008865 -0.016358  0.969017 0.244374 -0.035879  0.622348 0.849117 0
0  0.012072 0.009070 -0.010958  0.974469 0.214602 0.065992  0.622348 0.849199 0
Material_0
0  0.014208 -0.012045 -0.003933  0.997926 0.037074 -0.052618  0.632407 0.837707 0
0  0.014208 -0.017436 -0.005978  0.997920 0.037064 -0.052749  0.632407 0.834772 0
0  0.014208 -0.005058 -0.005816  0.997923 0.037182 -0.052604  0.632407 0.841537 0
Material_0
0  0.014208 -0.005058 -0.005816  0.997923 0.037182 -0.052604  0.632407 0.841537 0
0  0.014208 -0.017436 -0.005978  0.997920 0.037064 -0.052749  0.632407 0.834772 0
0  0.014208 0.000701 -0.014361  0.997915 0.037268 -0.052696  0.632407 0.844634 0
Material_0
0  0.012072 -0.025695 -0.038189  0.782914 0.180337 -0.595420  0.622348 0.830289 0
0  0.014208 -0.028829 -0.036383  0.997912 0.037147 -0.052834  0.632407 0.828578 0
0  0.012072 -0.028093 -0.038868  0.769621 0.176045 -0.613752  0.622348 0.828985 0
Material_0
0  0.012072 -0.028093 -0.038868  0.769621 0.176045 -0.613752  0.622348 0.828985 0
0  0.014208 -0.028829 -0.036383  0.997912 0.037147 -0.052834  0.632407 0.828578 0
0  0.014208 -0.031189 -0.037081  0.997903 0.037158 -0.052997  0.632407 0.827355 0
Material_0
0  0.014208 -0.031189 -0.037081  0.997903 0.037158 -0.052997  0.632407 0.827355 0
0  0.014208 -0.028829 -0.036383  0.997912 0.037147 -0.052834  0.632407 0.828578 0
0  0.014208 -0.046767 -0.030094  0.997916 0.037117 -0.052785  0.632407 0.818716 0
Material_0
0  0.014208 -0.028829 -0.036383  0.997912 0.037147 -0.052834  0.632407 0.828578 0
0  0.014208 -0.047370 -0.027685  0.997916 0.037119 -0.052783  0.632407 0.818390 0
0  0.014208 -0.046767 -0.030094  0.997916 0.037117 -0.052785  0.632407 0.818716 0
Material_0
0  0.014208 -0.047370 -0.027685  0.997916 0.037119 -0.052783  0.632407 0.818390 0
0  0.014208 -0.067779 -0.019063  0.997916 0.037118 -0.052785  0.632407 0.810973 0
0  0.014208 -0.046767 -0.030094  0.997916 0.037117 -0.052785  0.632407 0.818716 0
Material_0
0  0.014208 -0.046767 -0.030094  0.997916 0.037117 -0.052785  0.632407 0.818716 0
0  0.014208 -0.067779 -0.019063  0.997916 0.037118 -0.052785  0.632407 0.810973 0
0  0.014208 -0.067463 -0.021310  0.997916 0.037119 -0.052784  0.632407 0.811136 0
Material_0
0  0.014208 -0.067463 -0.021310  0.486126 -0.865625 -0.119897  0.632407 0.811136 0
0  0.014208 -0.067779 -0.019063  0.484223 -0.865660 -0.127129  0.632407 0.810973 0
0  0.012072 -0.068772 -0.020554  0.486045 -0.865694 -0.119724  0.622348 0.810402 0
Material_0
0  0.012072 -0.068772 -0.020554  0.486045 -0.865694 -0.119724  0.622348 0.810402 0
0  0.014208 -0.067779 -0.019063  0.484223 -0.865660 -0.127129  0.632407 0.810973 0
0  0.012072 -0.069066 -0.018327  0.485220 -0.867837 -0.106864  0.622348 0.810239 0
Material_0
0  0.000495 0.005077 0.049555  -0.821587 0.080712 0.564340  0.627077 0.845450 0
0  -0.001377 0.004378 0.046946  -0.992508 0.019642 0.120587  0.636190 0.845124 0
0  0.000495 -0.008250 0.051400  -0.836433 0.154491 0.525845  0.627077 0.838196 0
Material_0
0  0.000495 -0.008250 0.051400  -0.836433 0.154491 0.525845  0.627077 0.838196 0
0  -0.001377 0.004378 0.046946  -0.992508 0.019642 0.120587  0.636190 0.845124 0
0  -0.001377 -0.008978 0.048676  -0.998208 -0.054593 0.024519  0.636190 0.837870 0
Material_0
0  -0.001377 0.004378 0.046946  -0.992508 0.019642 0.120587  0.636190 0.845124 0
0  0.000495 0.003341 0.043065  -0.901377 -0.058959 -0.429004  0.627077 0.844553 0
0  -0.001377 -0.008978 0.048676  -0.998208 -0.054593 0.024519  0.636190 0.837870 0
Material_0
0  0.000495 0.003341 0.043065  -0.901377 -0.058959 -0.429004  0.627077 0.844553 0
0  0.000495 -0.009934 0.045101  -0.891705 -0.184635 -0.413247  0.627077 0.837299 0
0  -0.001377 -0.008978 0.048676  -0.998208 -0.054593 0.024519  0.636190 0.837870 0
Material_0
0  0.000495 -0.009934 0.045101  -0.891705 -0.184635 -0.413247  0.627077 0.837299 0
0  0.000495 -0.018289 0.052547  -0.847248 -0.510001 -0.148557  0.627077 0.832735 0
0  -0.001377 -0.008978 0.048676  -0.998208 -0.054593 0.024519  0.636190 0.837870 0
Material_0
0  -0.001377 -0.008978 0.048676  -0.998208 -0.054593 0.024519  0.636190 0.837870 0
0  0.000495 -0.018289 0.052547  -0.847248 -0.510001 -0.148557  0.627077 0.832735 0
0  -0.000441 -0.017105 0.053961  -0.792623 -0.479668 0.376386  0.631633 0.833387 0
Material_0
0  0.000495 -0.018289 0.052547  -0.847248 -0.510001 -0.148557  0.627077 0.832735 0
0  0.000495 -0.017157 0.054086  -0.131309 -0.756909 0.640192  0.627077 0.833387 0
0  -0.000441 -0.017105 0.053961  -0.792623 -0.479668 0.376386  0.631633 0.833387 0
Material_0
0  0.000495 -0.017157 0.054086  -0.131309 -0.756909 0.640192  0.627077 0.833387 0
0  0.000495 -0.015914 0.055376  -0.839633 0.019654 0.542798  0.627077 0.834039 0
0  -0.000441 -0.017105 0.053961  -0.792623 -0.479668 0.376386  0.631633 0.833387 0
Material_0
0  0.000495 -0.015914 0.055376  -0.839633 0.019654 0.542798  0.627077 0.834039 0
0  0.000495 -0.008250 0.051400  -0.836433 0.154491 0.525845  0.627077 0.838196 0
0  -0.000441 -0.017105 0.053961  -0.792623 -0.479668 0.376386  0.631633 0.833387 0
Material_0
0  -0.000441 -0.017105 0.053961  -0.792623 -0.479668 0.376386  0.631633 0.833387 0
0  0.000495 -0.008250 0.051400  -0.836433 0.154491 0.525845  0.627077 0.838196 0
0  -0.001377 -0.008978 0.048676  -0.998208 -0.054593 0.024519  0.636190 0.837870 0
Material_0
0  0.000495 0.005077 0.049555  0.821608 0.080739 0.564307  0.627077 0.845450 0
0  0.000495 -0.008250 0.051400  0.836433 0.154491 0.525844  0.627077 0.838196 0
0  0.002366 0.004378 0.046946  0.992508 0.019642 0.120587  0.617877 0.845124 0
Material_0
0  0.002366 0.004378 0.046946  0.992508 0.019642 0.120587  0.617877 0.845124 0
0  0.000495 -0.008250 0.051400  0.836433 0.154491 0.525844  0.627077 0.838196 0
0  0.002366 -0.008978 0.048676  0.998208 -0.054593 0.024518  0.617877 0.837870 0
Material_0
0  0.000495 -0.008250 0.051400  0.836433 0.154491 0.525844  0.627077 0.838196 0
0  0.001431 -0.017105 0.053961  0.792623 -0.479669 0.376386  0.622434 0.833387 0
0  0.002366 -0.008978 0.048676  0.998208 -0.054593 0.024518  0.617877 0.837870 0
Material_0
0  0.002366 -0.008978 0.048676  0.998208 -0.054593 0.024518  0.617877 0.837870 0
0  0.001431 -0.017105 0.053961  0.792623 -0.479669 0.376386  0.622434 0.833387 0
0  0.000495 -0.018289 0.052547  0.847369 -0.509771 -0.148655  0.627077 0.832735 0
Material_0
0  0.000495 -0.018289 0.052547  0.847369 -0.509771 -0.148655  0.627077 0.832735 0
0  0.001431 -0.017105 0.053961  0.792623 -0.479669 0.376386  0.622434 0.833387 0
0  0.000495 -0.017157 0.054086  0.131356 -0.756914 0.640177  0.627077 0.833387 0
Material_0
0  0.000495 -0.017157 0.054086  0.131356 -0.756914 0.640177  0.627077 0.833387 0
0  0.001431 -0.017105 0.053961  0.792623 -0.479669 0.376386  0.622434 0.833387 0
0  0.000495 -0.015914 0.055376  0.839634 0.019653 0.542798  0.627077 0.834039 0
Material_0
0  0.001431 -0.017105 0.053961  0.792623 -0.479669 0.376386  0.622434 0.833387 0
0  0.000495 -0.008250 0.051400  0.836433 0.154491 0.525844  0.627077 0.838196 0
0  0.000495 -0.015914 0.055376  0.839634 0.019653 0.542798  0.627077 0.834039 0
Material_0
0  0.002366 0.004378 0.046946  0.992508 0.019642 0.120587  0.617877 0.845124 0
0  0.002366 -0.008978 0.048676  0.998208 -0.054593 0.024518  0.617877 0.837870 0
0  0.000495 0.003341 0.043065  0.901377 -0.058959 -0.429004  0.627077 0.844553 0
Material_0
0  0.000495 0.003341 0.043065  0.901377 -0.058959 -0.429004  0.627077 0.844553 0
0  0.002366 -0.008978 0.048676  0.998208 -0.054593 0.024518  0.617877 0.837870 0
0  0.000495 -0.009934 0.045101  0.891684 -0.184632 -0.413293  0.627077 0.837299 0
Material_0
0  0.002366 -0.008978 0.048676  0.998208 -0.054593 0.024518  0.617877 0.837870 0
0  0.000495 -0.018289 0.052547  0.847369 -0.509771 -0.148655  0.627077 0.832735 0
0  0.000495 -0.009934 0.045101  0.891684 -0.184632 -0.413293  0.627077 0.837299 0
Material_0
0  -0.004656 0.003319 0.066827  0.000000 -0.603985 -0.796995  0.145518 0.834854 0
0  0.005647 0.003319 0.066827  0.000000 -0.604100 -0.796908  0.140273 0.834854 0
0  -0.004656 -0.000682 0.069857  0.000000 -0.373392 -0.927674  0.145518 0.834202 0
Material_0
0  0.005647 0.003319 0.066827  0.000000 -0.604100 -0.796908  0.140273 0.834854 0
0  0.005647 -0.000682 0.069857  0.000000 -0.373391 -0.927674  0.140273 0.834202 0
0  -0.004656 -0.000682 0.069857  0.000000 -0.373392 -0.927674  0.145518 0.834202 0
Material_0
0  -0.004656 -0.000682 0.069857  0.000000 -0.373392 -0.927674  0.145518 0.834202 0
0  0.005647 -0.000682 0.069857  0.000000 -0.373391 -0.927674  0.140273 0.834202 0
0  -0.004656 -0.008802 0.070812  -0.000000 0.054540 -0.998512  0.145518 0.832979 0
Material_0
0  0.005647 -0.000682 0.069857  0.000000 -0.373391 -0.927674  0.140273 0.834202 0
0  0.005647 -0.008802 0.070812  0.000000 0.053833 -0.998550  0.140273 0.832979 0
0  -0.004656 -0.008802 0.070812  -0.000000 0.054540 -0.998512  0.145518 0.832979 0
Material_0
0  -0.004656 -0.008802 0.070812  -0.000000 0.054540 -0.998512  0.145518 0.832979 0
0  0.005647 -0.008802 0.070812  0.000000 0.053833 -0.998550  0.140273 0.832979 0
0  -0.004656 -0.015612 0.069254  -0.000000 0.532112 -0.846674  0.145518 0.831920 0
Material_0
0  0.005647 -0.008802 0.070812  0.000000 0.053833 -0.998550  0.140273 0.832979 0
0  0.005647 -0.015612 0.069254  0.000000 0.532116 -0.846671  0.140273 0.831920 0
0  -0.004656 -0.015612 0.069254  -0.000000 0.532112 -0.846674  0.145518 0.831920 0
Material_0
0  -0.004656 -0.015612 0.069254  -0.000000 0.532112 -0.846674  0.145518 0.831920 0
0  0.005647 -0.015612 0.069254  0.000000 0.532116 -0.846671  0.140273 0.831920 0
0  -0.004656 -0.019907 0.063883  0.000000 0.894627 -0.446814  0.145518 0.831186 0
Material_0
0  0.005647 -0.015612 0.069254  0.000000 0.532116 -0.846671  0.140273 0.831920 0
0  0.005647 -0.019907 0.063883  0.000000 0.894525 -0.447019  0.140273 0.831186 0
0  -0.004656 -0.019907 0.063883  0.000000 0.894627 -0.446814  0.145518 0.831186 0
Material_0
0  -0.004656 -0.019907 0.063883  0.000000 0.894627 -0.446814  0.145518 0.831186 0
0  0.005647 -0.019907 0.063883  0.000000 0.894525 -0.447019  0.140273 0.831186 0
0  -0.004656 -0.024452 0.046382  -0.000000 1.000000 0.000003  0.145518 0.830534 0
Material_0
0  0.005647 -0.019907 0.063883  0.000000 0.894525 -0.447019  0.140273 0.831186 0
0  0.005647 -0.024452 0.046382  -0.000000 1.000000 0.000026  0.140273 0.830534 0
0  -0.004656 -0.024452 0.046382  -0.000000 1.000000 0.000003  0.145518 0.830534 0
Material_0
0  -0.004656 -0.024452 0.046382  -0.000000 1.000000 0.000003  0.145518 0.830534 0
0  0.005647 -0.024452 0.046382  -0.000000 1.000000 0.000026  0.140273 0.830534 0
0  -0.004656 -0.021341 0.035810  0.000000 0.821190 0.570655  0.145518 0.831023 0
Material_0
0  0.005647 -0.024452 0.046382  -0.000000 1.000000 0.000026  0.140273 0.830534 0
0  0.005647 -0.021341 0.035810  0.000000 0.821171 0.570682  0.140273 0.831023 0
0  -0.004656 -0.021341 0.035810  0.000000 0.821190 0.570655  0.145518 0.831023 0
Material_0
0  -0.004656 -0.021341 0.035810  0.000000 0.821190 0.570655  0.145518 0.831023 0
0  0.005647 -0.021341 0.035810  0.000000 0.821171 0.570682  0.140273 0.831023 0
0  -0.004656 -0.015494 0.031394  0.000000 0.385932 0.922527  0.145518 0.831920 0
Material_0
0  0.005647 -0.021341 0.035810  0.000000 0.821171 0.570682  0.140273 0.831023 0
0  0.005647 -0.015494 0.031394  0.000000 0.385931 0.922528  0.140273 0.831920 0
0  -0.004656 -0.015494 0.031394  0.000000 0.385932 0.922527  0.145518 0.831920 0
Material_0
0  -0.004656 -0.015494 0.031394  0.000000 0.385932 0.922527  0.145518 0.831920 0
0  0.005647 -0.015494 0.031394  0.000000 0.385931 0.922528  0.140273 0.831920 0
0  -0.004656 -0.009758 0.030553  0.003641 -0.093824 0.995582  0.145518 0.832816 0
Material_0
0  0.005647 -0.015494 0.031394  0.000000 0.385931 0.922528  0.140273 0.831920 0
0  0.005647 -0.009758 0.030553  0.003723 -0.093812 0.995583  0.140273 0.832816 0
0  -0.004656 -0.009758 0.030553  0.003641 -0.093824 0.995582  0.145518 0.832816 0
Material_0
0  -0.004656 -0.009758 0.030553  0.003641 -0.093824 0.995582  0.145518 0.832816 0
0  0.005647 -0.009758 0.030553  0.003723 -0.093812 0.995583  0.140273 0.832816 0
0  -0.004656 -0.003903 0.032589  0.000000 -0.328010 0.944674  0.145518 0.833713 0
Material_0
0  0.005647 -0.009758 0.030553  0.003723 -0.093812 0.995583  0.140273 0.832816 0
0  0.005647 -0.003903 0.032589  0.000000 -0.328462 0.944517  0.140273 0.833713 0
0  -0.004656 -0.003903 0.032589  0.000000 -0.328010 0.944674  0.145518 0.833713 0
Material_0
0  0.005647 -0.003903 0.032589  0.999998 0.002205 -0.000000  0.140273 0.833713 0
0  0.005647 -0.009758 0.030553  0.999998 0.002205 -0.000000  0.140273 0.832816 0
0  0.005647 -0.007426 0.018481  0.999998 0.002154 -0.000012  0.140273 0.833142 0
Material_0
0  0.005647 -0.009758 0.030553  0.999998 0.002205 -0.000000  0.140273 0.832816 0
0  0.005647 -0.011074 0.023968  0.999998 0.002039 -0.000132  0.140273 0.832572 0
0  0.005647 -0.007426 0.018481  0.999998 0.002154 -0.000012  0.140273 0.833142 0
Material_0
0  0.005647 -0.007426 0.018481  0.999998 0.002154 -0.000012  0.140273 0.833142 0
0  0.005647 -0.011074 0.023968  0.999998 0.002039 -0.000132  0.140273 0.832572 0
0  0.003327 -0.009765 0.017564  0.000213 -0.896585 -0.442872  0.141477 0.832816 0
Material_0
0  0.005647 -0.011074 0.023968  0.999998 0.002039 -0.000132  0.140273 0.832572 0
0  0.005647 -0.009758 0.030553  0.999998 0.002205 -0.000000  0.140273 0.832816 0
0  0.005647 -0.017120 0.027150  0.999998 0.002183 -0.000022  0.140273 0.831675 0
Material_0
0  0.005647 -0.009758 0.030553  0.999998 0.002205 -0.000000  0.140273 0.832816 0
0  0.005647 -0.015494 0.031394  0.999998 0.002205 -0.000000  0.140273 0.831920 0
0  0.005647 -0.017120 0.027150  0.999998 0.002183 -0.000022  0.140273 0.831675 0
Material_0
0  0.005647 -0.017120 0.027150  0.999998 0.002183 -0.000022  0.140273 0.831675 0
0  0.005647 -0.015494 0.031394  0.999998 0.002205 -0.000000  0.140273 0.831920 0
0  0.005647 -0.024776 0.031595  0.999998 0.002158 0.000011  0.140273 0.830452 0
Material_0
0  0.005647 -0.015494 0.031394  0.999998 0.002205 -0.000000  0.140273 0.831920 0
0  0.005647 -0.021341 0.035810  0.999998 0.002205 -0.000000  0.140273 0.831023 0
0  0.005647 -0.024776 0.031595  0.999998 0.002158 0.000011  0.140273 0.830452 0
Material_0
0  0.005647 -0.024776 0.031595  0.999998 0.002158 0.000011  0.140273 0.830452 0
0  0.005647 -0.021341 0.035810  0.999998 0.002205 -0.000000  0.140273 0.831023 0
0  0.005647 -0.029226 0.045837  0.999998 0.002184 -0.000026  0.140273 0.829800 0
Material_0
0  0.005647 -0.021341 0.035810  0.999998 0.002205 -0.000000  0.140273 0.831023 0
0  0.005647 -0.024452 0.046382  0.999998 0.002205 -0.000000  0.140273 0.830534 0
0  0.005647 -0.029226 0.045837  0.999998 0.002184 -0.000026  0.140273 0.829800 0
Material_0
0  0.005647 -0.029226 0.045837  0.999998 0.002184 -0.000026  0.140273 0.829800 0
0  0.005647 -0.024452 0.046382  0.999998 0.002205 -0.000000  0.140273 0.830534 0
0  0.005647 -0.023857 0.066750  0.999998 0.002165 0.000013  0.140273 0.830615 0
Material_0
0  0.005647 -0.024452 0.046382  0.999998 0.002205 -0.000000  0.140273 0.830534 0
0  0.005647 -0.019907 0.063883  0.999998 0.002205 -0.000000  0.140273 0.831186 0
0  0.005647 -0.023857 0.066750  0.999998 0.002165 0.000013  0.140273 0.830615 0
Material_0
0  0.005647 -0.019907 0.063883  0.999998 0.002205 -0.000000  0.140273 0.831186 0
0  0.005647 -0.015612 0.069254  0.999998 0.002205 0.000000  0.140273 0.831920 0
0  0.005647 -0.023857 0.066750  0.999998 0.002165 0.000013  0.140273 0.830615 0
Material_0
0  0.005647 -0.023857 0.066750  0.999998 0.002165 0.000013  0.140273 0.830615 0
0  0.005647 -0.015612 0.069254  0.999998 0.002205 0.000000  0.140273 0.831920 0
0  0.005647 -0.018716 0.075075  0.999998 0.002196 -0.000046  0.140273 0.831431 0
Material_0
0  0.005647 -0.018716 0.075075  0.999998 0.002196 -0.000046  0.140273 0.831431 0
0  0.005647 -0.015612 0.069254  0.999998 0.002205 0.000000  0.140273 0.831920 0
0  0.005647 -0.015906 0.076796  0.999997 0.002210 0.000013  0.140273 0.831838 0
Material_0
0  0.005647 -0.015612 0.069254  0.999998 0.002205 0.000000  0.140273 0.831920 0
0  0.005647 -0.008802 0.070812  0.999998 0.002205 -0.000000  0.140273 0.832979 0
0  0.005647 -0.015906 0.076796  0.999997 0.002210 0.000013  0.140273 0.831838 0
Material_0
0  0.005647 -0.015906 0.076796  0.999997 0.002210 0.000013  0.140273 0.831838 0
0  0.005647 -0.008802 0.070812  0.999998 0.002205 -0.000000  0.140273 0.832979 0
0  0.005647 -0.008802 0.076987  0.999998 0.002139 0.000007  0.140273 0.832979 0
Material_0
0  0.005647 -0.008802 0.076987  0.999998 0.002139 0.000007  0.140273 0.832979 0
0  0.005647 -0.008802 0.070812  0.999998 0.002205 -0.000000  0.140273 0.832979 0
0  0.005647 -0.001395 0.078048  0.999998 0.002203 0.000010  0.140273 0.834120 0
Material_0
0  0.005647 -0.008802 0.070812  0.999998 0.002205 -0.000000  0.140273 0.832979 0
0  0.005647 -0.000682 0.069857  0.999998 0.002205 -0.000000  0.140273 0.834202 0
0  0.005647 -0.001395 0.078048  0.999998 0.002203 0.000010  0.140273 0.834120 0
Material_0
0  0.005647 -0.001395 0.078048  0.999998 0.002203 0.000010  0.140273 0.834120 0
0  0.005647 -0.000682 0.069857  0.999998 0.002205 -0.000000  0.140273 0.834202 0
0  0.005647 0.005011 0.084442  0.999997 0.002352 -0.000105  0.140273 0.835098 0
Material_0
0  0.005647 -0.000682 0.069857  0.999998 0.002205 -0.000000  0.140273 0.834202 0
0  0.005647 0.003319 0.066827  0.999998 0.002205 -0.000000  0.140273 0.834854 0
0  0.005647 0.005011 0.084442  0.999997 0.002352 -0.000105  0.140273 0.835098 0
Material_0
0  -0.004656 0.003319 0.066827  -0.999998 0.002205 0.000000  0.145518 0.834854 0
0  -0.004656 -0.000682 0.069857  -0.999998 0.002205 0.000000  0.145518 0.834202 0
0  -0.004656 0.005011 0.084442  -0.999997 0.002333 -0.000152  0.145518 0.835098 0
Material_0
0  -0.004656 -0.000682 0.069857  -0.999998 0.002205 0.000000  0.145518 0.834202 0
0  -0.004656 -0.001395 0.078048  -0.999998 0.002177 -0.000001  0.145518 0.834120 0
0  -0.004656 0.005011 0.084442  -0.999997 0.002333 -0.000152  0.145518 0.835098 0
Material_0
0  -0.004656 -0.001395 0.078048  -0.999998 0.002177 -0.000001  0.145518 0.834120 0
0  -0.002336 -0.001513 0.079415  -0.000169 -0.433064 0.901363  0.144314 0.834120 0
0  -0.004656 0.005011 0.084442  -0.999997 0.002333 -0.000152  0.145518 0.835098 0
Material_0
0  -0.004656 0.005011 0.084442  -0.999997 0.002333 -0.000152  0.145518 0.835098 0
0  -0.002336 -0.001513 0.079415  -0.000169 -0.433064 0.901363  0.144314 0.834120 0
0  -0.002316 0.005268 0.086985  -0.000222 -0.721654 0.692254  0.144314 0.835180 0
Material_0
0  -0.002336 -0.001513 0.079415  -0.000169 -0.433064 0.901363  0.144314 0.834120 0
0  0.003327 -0.001513 0.079415  0.000176 -0.433070 0.901360  0.141477 0.834120 0
0  -0.002316 0.005268 0.086985  -0.000222 -0.721654 0.692254  0.144314 0.835180 0
Material_0
0  -0.002316 0.005268 0.086985  -0.000222 -0.721654 0.692254  0.144314 0.835180 0
0  0.003327 -0.001513 0.079415  0.000176 -0.433070 0.901360  0.141477 0.834120 0
0  0.003306 0.005239 0.086985  0.000186 -0.721665 0.692242  0.141477 0.835180 0
Material_0
0  0.003306 0.005239 0.086985  0.000186 -0.721665 0.692242  0.141477 0.835180 0
0  0.003327 -0.001513 0.079415  0.000176 -0.433070 0.901360  0.141477 0.834120 0
0  0.005647 0.005011 0.084442  0.999997 0.002352 -0.000105  0.140273 0.835098 0
Material_0
0  0.005647 0.005011 0.084442  0.999997 0.002352 -0.000105  0.140273 0.835098 0
0  0.003327 -0.001513 0.079415  0.000176 -0.433070 0.901360  0.141477 0.834120 0
0  0.005647 -0.001395 0.078048  0.999998 0.002203 0.000010  0.140273 0.834120 0
Material_0
0  0.003327 -0.001513 0.079415  0.000176 -0.433070 0.901360  0.141477 0.834120 0
0  0.003327 -0.008802 0.078459  0.000212 -0.072048 0.997401  0.141477 0.832979 0
0  0.005647 -0.001395 0.078048  0.999998 0.002203 0.000010  0.140273 0.834120 0
Material_0
0  0.005647 -0.001395 0.078048  0.999998 0.002203 0.000010  0.140273 0.834120 0
0  0.003327 -0.008802 0.078459  0.000212 -0.072048 0.997401  0.141477 0.832979 0
0  0.005647 -0.008802 0.076987  0.999998 0.002139 0.000007  0.140273 0.832979 0
Material_0
0  0.003327 -0.008802 0.078459  0.000212 -0.072048 0.997401  0.141477 0.832979 0
0  0.003327 -0.015965 0.078459  0.000200 -0.257051 0.966398  0.141477 0.831838 0
0  0.005647 -0.008802 0.076987  0.999998 0.002139 0.000007  0.140273 0.832979 0
Material_0
0  0.005647 -0.008802 0.076987  0.999998 0.002139 0.000007  0.140273 0.832979 0
0  0.003327 -0.015965 0.078459  0.000200 -0.257051 0.966398  0.141477 0.831838 0
0  0.005647 -0.015906 0.076796  0.999997 0.002210 0.000013  0.140273 0.831838 0
Material_0
0  0.003327 -0.015965 0.078459  0.000200 -0.257051 0.966398  0.141477 0.831838 0
0  0.003327 -0.019429 0.076423  0.000204 -0.684338 0.729165  0.141477 0.831268 0
0  0.005647 -0.015906 0.076796  0.999997 0.002210 0.000013  0.140273 0.831838 0
Material_0
0  0.005647 -0.015906 0.076796  0.999997 0.002210 0.000013  0.140273 0.831838 0
0  0.003327 -0.019429 0.076423  0.000204 -0.684338 0.729165  0.141477 0.831268 0
0  0.005647 -0.018716 0.075075  0.999998 0.002196 -0.000046  0.140273 0.831431 0
Material_0
0  0.003327 -0.019429 0.076423  0.000204 -0.684338 0.729165  0.141477 0.831268 0
0  0.003327 -0.025166 0.067706  0.000206 -0.911529 0.411235  0.141477 0.830371 0
0  0.005647 -0.018716 0.075075  0.999998 0.002196 -0.000046  0.140273 0.831431 0
Material_0
0  0.005647 -0.018716 0.075075  0.999998 0.002196 -0.000046  0.140273 0.831431 0
0  0.003327 -0.025166 0.067706  0.000206 -0.911529 0.411235  0.141477 0.830371 0
0  0.005647 -0.023857 0.066750  0.999998 0.002165 0.000013  0.140273 0.830615 0
Material_0
0  0.003327 -0.025166 0.067706  0.000206 -0.911529 0.411235  0.141477 0.830371 0
0  0.003327 -0.030961 0.045665  0.000218 -1.000000 -0.000036  0.141477 0.829474 0
0  0.005647 -0.023857 0.066750  0.999998 0.002165 0.000013  0.140273 0.830615 0
Material_0
0  0.005647 -0.023857 0.066750  0.999998 0.002165 0.000013  0.140273 0.830615 0
0  0.003327 -0.030961 0.045665  0.000218 -1.000000 -0.000036  0.141477 0.829474 0
0  0.005647 -0.029226 0.045837  0.999998 0.002184 -0.000026  0.140273 0.829800 0
Material_0
0  0.003327 -0.030961 0.045665  0.000218 -1.000000 -0.000036  0.141477 0.829474 0
0  0.003327 -0.026004 0.030075  0.000243 -0.776532 -0.630078  0.141477 0.830289 0
0  0.005647 -0.029226 0.045837  0.999998 0.002184 -0.000026  0.140273 0.829800 0
Material_0
0  0.005647 -0.029226 0.045837  0.999998 0.002184 -0.000026  0.140273 0.829800 0
0  0.003327 -0.026004 0.030075  0.000243 -0.776532 -0.630078  0.141477 0.830289 0
0  0.005647 -0.024776 0.031595  0.999998 0.002158 0.000011  0.140273 0.830452 0
Material_0
0  0.003327 -0.026004 0.030075  0.000243 -0.776532 -0.630078  0.141477 0.830289 0
0  0.003327 -0.017877 0.025182  0.000174 -0.498717 -0.866765  0.141477 0.831512 0
0  0.005647 -0.024776 0.031595  0.999998 0.002158 0.000011  0.140273 0.830452 0
Material_0
0  0.005647 -0.024776 0.031595  0.999998 0.002158 0.000011  0.140273 0.830452 0
0  0.003327 -0.017877 0.025182  0.000174 -0.498717 -0.866765  0.141477 0.831512 0
0  0.005647 -0.017120 0.027150  0.999998 0.002183 -0.000022  0.140273 0.831675 0
Material_0
0  0.003327 -0.017877 0.025182  0.000174 -0.498717 -0.866765  0.141477 0.831512 0
0  0.003327 -0.011552 0.021597  0.000163 -0.745396 -0.666622  0.141477 0.832572 0
0  0.005647 -0.017120 0.027150  0.999998 0.002183 -0.000022  0.140273 0.831675 0
Material_0
0  0.005647 -0.017120 0.027150  0.999998 0.002183 -0.000022  0.140273 0.831675 0
0  0.003327 -0.011552 0.021597  0.000163 -0.745396 -0.666622  0.141477 0.832572 0
0  0.005647 -0.011074 0.023968  0.999998 0.002039 -0.000132  0.140273 0.832572 0
Material_0
0  0.005647 -0.011074 0.023968  0.999998 0.002039 -0.000132  0.140273 0.832572 0
0  0.003327 -0.011552 0.021597  0.000163 -0.745396 -0.666622  0.141477 0.832572 0
0  0.003327 -0.009765 0.017564  0.000213 -0.896585 -0.442872  0.141477 0.832816 0
Material_0
0  0.003327 -0.009765 0.017564  0.000213 -0.896585 -0.442872  0.141477 0.832816 0
0  0.003327 -0.011552 0.021597  0.000163 -0.745396 -0.666622  0.141477 0.832572 0
0  -0.002336 -0.009765 0.017564  -0.000210 -0.896582 -0.442878  0.144314 0.832816 0
Material_0
0  -0.002336 -0.009765 0.017564  -0.000210 -0.896582 -0.442878  0.144314 0.832816 0
0  0.003327 -0.011552 0.021597  0.000163 -0.745396 -0.666622  0.141477 0.832572 0
0  -0.002336 -0.011552 0.021597  -0.000191 -0.745412 -0.666604  0.144314 0.832572 0
Material_0
0  0.003327 -0.011552 0.021597  0.000163 -0.745396 -0.666622  0.141477 0.832572 0
0  0.003327 -0.017877 0.025182  0.000174 -0.498717 -0.866765  0.141477 0.831512 0
0  -0.002336 -0.011552 0.021597  -0.000191 -0.745412 -0.666604  0.144314 0.832572 0
Material_0
0  -0.004656 -0.000682 0.069857  -0.999998 0.002205 0.000000  0.145518 0.834202 0
0  -0.004656 -0.008802 0.070812  -0.999998 0.002205 0.000000  0.145518 0.832979 0
0  -0.004656 -0.001395 0.078048  -0.999998 0.002177 -0.000001  0.145518 0.834120 0
Material_0
0  -0.004656 -0.008802 0.070812  -0.999998 0.002205 0.000000  0.145518 0.832979 0
0  -0.004656 -0.008802 0.076987  -0.999998 0.002160 0.000009  0.145518 0.832979 0
0  -0.004656 -0.001395 0.078048  -0.999998 0.002177 -0.000001  0.145518 0.834120 0
Material_0
0  -0.004656 -0.008802 0.076987  -0.999998 0.002160 0.000009  0.145518 0.832979 0
0  -0.002336 -0.008802 0.078459  -0.000177 -0.072050 0.997401  0.144314 0.832979 0
0  -0.004656 -0.001395 0.078048  -0.999998 0.002177 -0.000001  0.145518 0.834120 0
Material_0
0  -0.004656 -0.001395 0.078048  -0.999998 0.002177 -0.000001  0.145518 0.834120 0
0  -0.002336 -0.008802 0.078459  -0.000177 -0.072050 0.997401  0.144314 0.832979 0
0  -0.002336 -0.001513 0.079415  -0.000169 -0.433064 0.901363  0.144314 0.834120 0
Material_0
0  -0.002336 -0.001513 0.079415  -0.000169 -0.433064 0.901363  0.144314 0.834120 0
0  -0.002336 -0.008802 0.078459  -0.000177 -0.072050 0.997401  0.144314 0.832979 0
0  0.003327 -0.001513 0.079415  0.000176 -0.433070 0.901360  0.141477 0.834120 0
Material_0
0  -0.002336 -0.008802 0.078459  -0.000177 -0.072050 0.997401  0.144314 0.832979 0
0  0.003327 -0.008802 0.078459  0.000212 -0.072048 0.997401  0.141477 0.832979 0
0  0.003327 -0.001513 0.079415  0.000176 -0.433070 0.901360  0.141477 0.834120 0
Material_0
0  -0.004656 -0.003903 0.032589  -0.999998 0.002205 0.000000  0.145518 0.833713 0
0  -0.004656 -0.007426 0.018481  -0.999998 0.002152 -0.000008  0.145518 0.833142 0
0  -0.004656 -0.009758 0.030553  -0.999998 0.002205 0.000000  0.145518 0.832816 0
Material_0
0  -0.004656 -0.007426 0.018481  -0.999998 0.002152 -0.000008  0.145518 0.833142 0
0  -0.004656 -0.011074 0.023968  -0.999998 0.002071 -0.000161  0.145518 0.832572 0
0  -0.004656 -0.009758 0.030553  -0.999998 0.002205 0.000000  0.145518 0.832816 0
Material_0
0  -0.004656 -0.009758 0.030553  -0.999998 0.002205 0.000000  0.145518 0.832816 0
0  -0.004656 -0.011074 0.023968  -0.999998 0.002071 -0.000161  0.145518 0.832572 0
0  -0.004656 -0.017120 0.027150  -0.999998 0.002134 0.000006  0.145518 0.831675 0
Material_0
0  -0.004656 -0.011074 0.023968  -0.999998 0.002071 -0.000161  0.145518 0.832572 0
0  -0.002336 -0.011552 0.021597  -0.000191 -0.745412 -0.666604  0.144314 0.832572 0
0  -0.004656 -0.017120 0.027150  -0.999998 0.002134 0.000006  0.145518 0.831675 0
Material_0
0  -0.004656 -0.017120 0.027150  -0.999998 0.002134 0.000006  0.145518 0.831675 0
0  -0.002336 -0.011552 0.021597  -0.000191 -0.745412 -0.666604  0.144314 0.832572 0
0  -0.002336 -0.017877 0.025182  -0.000204 -0.498750 -0.866746  0.144314 0.831512 0
Material_0
0  -0.002336 -0.011552 0.021597  -0.000191 -0.745412 -0.666604  0.144314 0.832572 0
0  0.003327 -0.017877 0.025182  0.000174 -0.498717 -0.866765  0.141477 0.831512 0
0  -0.002336 -0.017877 0.025182  -0.000204 -0.498750 -0.866746  0.144314 0.831512 0
Material_0
0  0.003327 -0.017877 0.025182  0.000174 -0.498717 -0.866765  0.141477 0.831512 0
0  0.003327 -0.026004 0.030075  0.000243 -0.776532 -0.630078  0.141477 0.830289 0
0  -0.002336 -0.017877 0.025182  -0.000204 -0.498750 -0.866746  0.144314 0.831512 0
Material_0
0  0.003327 -0.026004 0.030075  0.000243 -0.776532 -0.630078  0.141477 0.830289 0
0  -0.002336 -0.026004 0.030075  -0.000202 -0.776546 -0.630060  0.144314 0.830289 0
0  -0.002336 -0.017877 0.025182  -0.000204 -0.498750 -0.866746  0.144314 0.831512 0
Material_0
0  -0.002336 -0.026004 0.030075  -0.000202 -0.776546 -0.630060  0.144314 0.830289 0
0  -0.004656 -0.024776 0.031595  -0.999998 0.002186 -0.000029  0.145518 0.830452 0
0  -0.002336 -0.017877 0.025182  -0.000204 -0.498750 -0.866746  0.144314 0.831512 0
Material_0
0  -0.002336 -0.017877 0.025182  -0.000204 -0.498750 -0.866746  0.144314 0.831512 0
0  -0.004656 -0.024776 0.031595  -0.999998 0.002186 -0.000029  0.145518 0.830452 0
0  -0.004656 -0.017120 0.027150  -0.999998 0.002134 0.000006  0.145518 0.831675 0
Material_0
0  -0.004656 -0.024776 0.031595  -0.999998 0.002186 -0.000029  0.145518 0.830452 0
0  -0.004656 -0.015494 0.031394  -0.999998 0.002205 -0.000000  0.145518 0.831920 0
0  -0.004656 -0.017120 0.027150  -0.999998 0.002134 0.000006  0.145518 0.831675 0
Material_0
0  -0.004656 -0.017120 0.027150  -0.999998 0.002134 0.000006  0.145518 0.831675 0
0  -0.004656 -0.015494 0.031394  -0.999998 0.002205 -0.000000  0.145518 0.831920 0
0  -0.004656 -0.009758 0.030553  -0.999998 0.002205 0.000000  0.145518 0.832816 0
Material_0
0  -0.002336 -0.011552 0.021597  -0.000191 -0.745412 -0.666604  0.144314 0.832572 0
0  -0.004656 -0.011074 0.023968  -0.999998 0.002071 -0.000161  0.145518 0.832572 0
0  -0.002336 -0.009765 0.017564  -0.000210 -0.896582 -0.442878  0.144314 0.832816 0
Material_0
0  -0.002336 -0.009765 0.017564  -0.000210 -0.896582 -0.442878  0.144314 0.832816 0
0  -0.004656 -0.011074 0.023968  -0.999998 0.002071 -0.000161  0.145518 0.832572 0
0  -0.004656 -0.007426 0.018481  -0.999998 0.002152 -0.000008  0.145518 0.833142 0
Material_0
0  -0.004656 -0.015494 0.031394  -0.999998 0.002205 -0.000000  0.145518 0.831920 0
0  -0.004656 -0.024776 0.031595  -0.999998 0.002186 -0.000029  0.145518 0.830452 0
0  -0.004656 -0.021341 0.035810  -0.999998 0.002205 0.000000  0.145518 0.831023 0
Material_0
0  -0.004656 -0.021341 0.035810  -0.999998 0.002205 0.000000  0.145518 0.831023 0
0  -0.004656 -0.024776 0.031595  -0.999998 0.002186 -0.000029  0.145518 0.830452 0
0  -0.004656 -0.029226 0.045837  -0.999998 0.002183 0.000039  0.145518 0.829800 0
Material_0
0  -0.004656 -0.024776 0.031595  -0.999998 0.002186 -0.000029  0.145518 0.830452 0
0  -0.002336 -0.026004 0.030075  -0.000202 -0.776546 -0.630060  0.144314 0.830289 0
0  -0.004656 -0.029226 0.045837  -0.999998 0.002183 0.000039  0.145518 0.829800 0
Material_0
0  -0.004656 -0.021341 0.035810  -0.999998 0.002205 0.000000  0.145518 0.831023 0
0  -0.004656 -0.029226 0.045837  -0.999998 0.002183 0.000039  0.145518 0.829800 0
0  -0.004656 -0.024452 0.046382  -0.999998 0.002205 0.000000  0.145518 0.830534 0
Material_0
0  -0.004656 -0.029226 0.045837  -0.999998 0.002183 0.000039  0.145518 0.829800 0
0  -0.004656 -0.023857 0.066750  -0.999998 0.002163 0.000010  0.145518 0.830615 0
0  -0.004656 -0.024452 0.046382  -0.999998 0.002205 0.000000  0.145518 0.830534 0
Material_0
0  -0.004656 -0.024452 0.046382  -0.999998 0.002205 0.000000  0.145518 0.830534 0
0  -0.004656 -0.023857 0.066750  -0.999998 0.002163 0.000010  0.145518 0.830615 0
0  -0.004656 -0.019907 0.063883  -0.999998 0.002205 0.000000  0.145518 0.831186 0
Material_0
0  -0.004656 -0.019907 0.063883  -0.999998 0.002205 0.000000  0.145518 0.831186 0
0  -0.004656 -0.023857 0.066750  -0.999998 0.002163 0.000010  0.145518 0.830615 0
0  -0.004656 -0.015612 0.069254  -0.999998 0.002205 0.000000  0.145518 0.831920 0
Material_0
0  -0.004656 -0.023857 0.066750  -0.999998 0.002163 0.000010  0.145518 0.830615 0
0  -0.004656 -0.018716 0.075075  -0.999998 0.002203 -0.000040  0.145518 0.831431 0
0  -0.004656 -0.015612 0.069254  -0.999998 0.002205 0.000000  0.145518 0.831920 0
Material_0
0  -0.004656 -0.018716 0.075075  -0.999998 0.002203 -0.000040  0.145518 0.831431 0
0  -0.004656 -0.015906 0.076796  -0.999998 0.002153 -0.000005  0.145518 0.831838 0
0  -0.004656 -0.015612 0.069254  -0.999998 0.002205 0.000000  0.145518 0.831920 0
Material_0
0  -0.004656 -0.015612 0.069254  -0.999998 0.002205 0.000000  0.145518 0.831920 0
0  -0.004656 -0.015906 0.076796  -0.999998 0.002153 -0.000005  0.145518 0.831838 0
0  -0.004656 -0.008802 0.070812  -0.999998 0.002205 0.000000  0.145518 0.832979 0
Material_0
0  -0.004656 -0.008802 0.070812  -0.999998 0.002205 0.000000  0.145518 0.832979 0
0  -0.004656 -0.015906 0.076796  -0.999998 0.002153 -0.000005  0.145518 0.831838 0
0  -0.004656 -0.008802 0.076987  -0.999998 0.002160 0.000009  0.145518 0.832979 0
Material_0
0  -0.004656 -0.015906 0.076796  -0.999998 0.002153 -0.000005  0.145518 0.831838 0
0  -0.002336 -0.015965 0.078459  -0.000218 -0.257046 0.966399  0.144314 0.831838 0
0  -0.004656 -0.008802 0.076987  -0.999998 0.002160 0.000009  0.145518 0.832979 0
Material_0
0  -0.004656 -0.008802 0.076987  -0.999998 0.002160 0.000009  0.145518 0.832979 0
0  -0.002336 -0.015965 0.078459  -0.000218 -0.257046 0.966399  0.144314 0.831838 0
0  -0.002336 -0.008802 0.078459  -0.000177 -0.072050 0.997401  0.144314 0.832979 0
Material_0
0  -0.002336 -0.008802 0.078459  -0.000177 -0.072050 0.997401  0.144314 0.832979 0
0  -0.002336 -0.015965 0.078459  -0.000218 -0.257046 0.966399  0.144314 0.831838 0
0  0.003327 -0.008802 0.078459  0.000212 -0.072048 0.997401  0.141477 0.832979 0
Material_0
0  0.003327 -0.008802 0.078459  0.000212 -0.072048 0.997401  0.141477 0.832979 0
0  -0.002336 -0.015965 0.078459  -0.000218 -0.257046 0.966399  0.144314 0.831838 0
0  0.003327 -0.015965 0.078459  0.000200 -0.257051 0.966398  0.141477 0.831838 0
Material_0
0  -0.002336 -0.015965 0.078459  -0.000218 -0.257046 0.966399  0.144314 0.831838 0
0  -0.002336 -0.019429 0.076423  -0.000238 -0.684369 0.729135  0.144314 0.831268 0
0  0.003327 -0.015965 0.078459  0.000200 -0.257051 0.966398  0.141477 0.831838 0
Material_0
0  0.003327 -0.015965 0.078459  0.000200 -0.257051 0.966398  0.141477 0.831838 0
0  -0.002336 -0.019429 0.076423  -0.000238 -0.684369 0.729135  0.144314 0.831268 0
0  0.003327 -0.019429 0.076423  0.000204 -0.684338 0.729165  0.141477 0.831268 0
Material_0
0  -0.002336 -0.019429 0.076423  -0.000238 -0.684369 0.729135  0.144314 0.831268 0
0  -0.002336 -0.025166 0.067706  -0.000230 -0.911528 0.411237  0.144314 0.830371 0
0  0.003327 -0.019429 0.076423  0.000204 -0.684338 0.729165  0.141477 0.831268 0
Material_0
0  0.003327 -0.019429 0.076423  0.000204 -0.684338 0.729165  0.141477 0.831268 0
0  -0.002336 -0.025166 0.067706  -0.000230 -0.911528 0.411237  0.144314 0.830371 0
0  0.003327 -0.025166 0.067706  0.000206 -0.911529 0.411235  0.141477 0.830371 0
Material_0
0  -0.002336 -0.025166 0.067706  -0.000230 -0.911528 0.411237  0.144314 0.830371 0
0  -0.002336 -0.030961 0.045665  -0.000240 -1.000000 -0.000010  0.144314 0.829474 0
0  0.003327 -0.025166 0.067706  0.000206 -0.911529 0.411235  0.141477 0.830371 0
Material_0
0  0.003327 -0.025166 0.067706  0.000206 -0.911529 0.411235  0.141477 0.830371 0
0  -0.002336 -0.030961 0.045665  -0.000240 -1.000000 -0.000010  0.144314 0.829474 0
0  0.003327 -0.030961 0.045665  0.000218 -1.000000 -0.000036  0.141477 0.829474 0
Material_0
0  0.003327 -0.030961 0.045665  0.000218 -1.000000 -0.000036  0.141477 0.829474 0
0  -0.002336 -0.030961 0.045665  -0.000240 -1.000000 -0.000010  0.144314 0.829474 0
0  0.003327 -0.026004 0.030075  0.000243 -0.776532 -0.630078  0.141477 0.830289 0
Material_0
0  0.003327 -0.026004 0.030075  0.000243 -0.776532 -0.630078  0.141477 0.830289 0
0  -0.002336 -0.030961 0.045665  -0.000240 -1.000000 -0.000010  0.144314 0.829474 0
0  -0.002336 -0.026004 0.030075  -0.000202 -0.776546 -0.630060  0.144314 0.830289 0
Material_0
0  -0.002336 -0.026004 0.030075  -0.000202 -0.776546 -0.630060  0.144314 0.830289 0
0  -0.002336 -0.030961 0.045665  -0.000240 -1.000000 -0.000010  0.144314 0.829474 0
0  -0.004656 -0.029226 0.045837  -0.999998 0.002183 0.000039  0.145518 0.829800 0
Material_0
0  -0.004656 -0.029226 0.045837  -0.999998 0.002183 0.000039  0.145518 0.829800 0
0  -0.002336 -0.030961 0.045665  -0.000240 -1.000000 -0.000010  0.144314 0.829474 0
0  -0.004656 -0.023857 0.066750  -0.999998 0.002163 0.000010  0.145518 0.830615 0
Material_0
0  -0.002336 -0.030961 0.045665  -0.000240 -1.000000 -0.000010  0.144314 0.829474 0
0  -0.002336 -0.025166 0.067706  -0.000230 -0.911528 0.411237  0.144314 0.830371 0
0  -0.004656 -0.023857 0.066750  -0.999998 0.002163 0.000010  0.145518 0.830615 0
Material_0
0  -0.004656 -0.023857 0.066750  -0.999998 0.002163 0.000010  0.145518 0.830615 0
0  -0.002336 -0.025166 0.067706  -0.000230 -0.911528 0.411237  0.144314 0.830371 0
0  -0.004656 -0.018716 0.075075  -0.999998 0.002203 -0.000040  0.145518 0.831431 0
Material_0
0  -0.002336 -0.025166 0.067706  -0.000230 -0.911528 0.411237  0.144314 0.830371 0
0  -0.002336 -0.019429 0.076423  -0.000238 -0.684369 0.729135  0.144314 0.831268 0
0  -0.004656 -0.018716 0.075075  -0.999998 0.002203 -0.000040  0.145518 0.831431 0
Material_0
0  -0.004656 -0.018716 0.075075  -0.999998 0.002203 -0.000040  0.145518 0.831431 0
0  -0.002336 -0.019429 0.076423  -0.000238 -0.684369 0.729135  0.144314 0.831268 0
0  -0.004656 -0.015906 0.076796  -0.999998 0.002153 -0.000005  0.145518 0.831838 0
Material_0
0  -0.002336 -0.019429 0.076423  -0.000238 -0.684369 0.729135  0.144314 0.831268 0
0  -0.002336 -0.015965 0.078459  -0.000218 -0.257046 0.966399  0.144314 0.831838 0
0  -0.004656 -0.015906 0.076796  -0.999998 0.002153 -0.000005  0.145518 0.831838 0
Material_0
0  0.006644 -0.074766 -0.037520  -0.000004 -0.991989 -0.126326  0.139843 0.823687 0
0  0.009193 -0.075509 -0.031413  -0.000001 -0.991984 -0.126362  0.138554 0.823524 0
0  0.000495 -0.074457 -0.040053  -0.000000 -0.991987 -0.126339  0.142853 0.823687 0
Material_0
0  0.009193 -0.075509 -0.031413  -0.000001 -0.991984 -0.126362  0.138554 0.823524 0
0  -0.008204 -0.075509 -0.031413  0.000001 -0.991984 -0.126361  0.147237 0.823524 0
0  0.000495 -0.074457 -0.040053  -0.000000 -0.991987 -0.126339  0.142853 0.823687 0
Material_0
0  0.000495 -0.074457 -0.040053  -0.000000 -0.991987 -0.126339  0.142853 0.823687 0
0  -0.008204 -0.075509 -0.031413  0.000001 -0.991984 -0.126361  0.147237 0.823524 0
0  -0.005655 -0.074766 -0.037520  0.000004 -0.991990 -0.126319  0.145948 0.823687 0
Material_0
0  -0.005655 -0.076259 -0.025314  0.000039 -0.991991 -0.126308  0.145948 0.823443 0
0  -0.008204 -0.075509 -0.031413  0.000001 -0.991984 -0.126361  0.147237 0.823524 0
0  0.000495 -0.076561 -0.022782  -0.000001 -0.991984 -0.126359  0.142853 0.823361 0
Material_0
0  -0.008204 -0.075509 -0.031413  0.000001 -0.991984 -0.126361  0.147237 0.823524 0
0  0.009193 -0.075509 -0.031413  -0.000001 -0.991984 -0.126362  0.138554 0.823524 0
0  0.000495 -0.076561 -0.022782  -0.000001 -0.991984 -0.126359  0.142853 0.823361 0
Material_0
0  0.000495 -0.076561 -0.022782  -0.000001 -0.991984 -0.126359  0.142853 0.823361 0
0  0.009193 -0.075509 -0.031413  -0.000001 -0.991984 -0.126362  0.138554 0.823524 0
0  0.006644 -0.076259 -0.025314  -0.000039 -0.991991 -0.126309  0.139843 0.823443 0
Material_0
0  0.003377 -0.079723 -0.034834  -0.000012 -0.991982 -0.126376  0.141563 0.533363 0
0  0.004572 -0.080076 -0.031967  0.000004 -0.991987 -0.126344  0.139156 0.532956 0
0  0.000495 -0.079584 -0.036020  -0.000000 -0.991991 -0.126310  0.147581 0.533526 0
Material_0
0  0.000495 -0.079584 -0.036020  -0.000000 -0.991991 -0.126310  0.147581 0.533526 0
0  0.004572 -0.080076 -0.031967  0.000004 -0.991987 -0.126344  0.139156 0.532956 0
0  -0.003581 -0.080076 -0.031967  -0.000003 -0.991987 -0.126343  0.156007 0.532956 0
Material_0
0  0.004572 -0.080076 -0.031967  0.000004 -0.991987 -0.126344  0.139156 0.532956 0
0  0.000495 -0.080569 -0.027924  -0.000000 -0.991983 -0.126371  0.147581 0.532385 0
0  -0.003581 -0.080076 -0.031967  -0.000003 -0.991987 -0.126343  0.156007 0.532956 0
Material_0
0  -0.003581 -0.080076 -0.031967  -0.000003 -0.991987 -0.126343  0.156007 0.532956 0
0  0.000495 -0.080569 -0.027924  -0.000000 -0.991983 -0.126371  0.147581 0.532385 0
0  -0.002388 -0.080422 -0.029109  -0.000006 -0.991984 -0.126361  0.153514 0.532548 0
Material_0
0  0.000495 -0.079584 -0.036020  -0.000000 -0.991991 -0.126310  0.147581 0.533526 0
0  -0.003581 -0.080076 -0.031967  -0.000003 -0.991987 -0.126343  0.156007 0.532956 0
0  -0.002388 -0.079723 -0.034834  -0.000018 -0.991989 -0.126328  0.153514 0.533363 0
Material_0
0  0.003377 -0.080422 -0.029109  0.000013 -0.991985 -0.126359  0.141563 0.532548 0
0  0.000495 -0.080569 -0.027924  -0.000000 -0.991983 -0.126371  0.147581 0.532385 0
0  0.004572 -0.080076 -0.031967  0.000004 -0.991987 -0.126344  0.139156 0.532956 0
Material_0
0  0.011784 0.050397 0.041994  -0.000124 0.002276 -0.999997  0.791981 0.842189 0
0  0.009764 0.045940 0.042635  0.974334 -0.223321 -0.028317  0.792927 0.841537 0
0  0.008667 0.045991 0.041994  -0.000008 0.002182 -0.999998  0.793529 0.841537 0
Material_0
0  0.008667 0.045991 0.041994  -0.000008 0.002182 -0.999998  0.793529 0.841537 0
0  0.009764 0.045940 0.042635  0.974334 -0.223321 -0.028317  0.792927 0.841537 0
0  0.009749 0.040872 0.041994  -0.000096 0.002096 -0.999998  0.792927 0.840722 0
Material_0
0  0.009764 0.045940 0.042635  0.974334 -0.223321 -0.028317  0.792927 0.841537 0
0  0.010589 0.041270 0.042635  0.831733 0.554250 -0.032043  0.792583 0.840804 0
0  0.009749 0.040872 0.041994  -0.000096 0.002096 -0.999998  0.792927 0.840722 0
Material_0
0  0.010589 0.041270 0.042635  0.831733 0.554250 -0.032043  0.792583 0.840804 0
0  0.014477 0.038548 0.042635  0.216905 0.976186 -0.003576  0.790605 0.840396 0
0  0.009749 0.040872 0.041994  -0.000096 0.002096 -0.999998  0.792927 0.840722 0
Material_0
0  0.009749 0.040872 0.041994  -0.000096 0.002096 -0.999998  0.792927 0.840722 0
0  0.014477 0.038548 0.042635  0.216905 0.976186 -0.003576  0.790605 0.840396 0
0  0.014216 0.037842 0.041994  -0.000038 0.002020 -0.999998  0.790691 0.840233 0
Material_0
0  0.014477 0.038548 0.042635  0.216905 0.976186 -0.003576  0.790605 0.840396 0
0  0.019151 0.039372 0.042635  -0.545281 0.838251 0.002028  0.788284 0.840478 0
0  0.014216 0.037842 0.041994  -0.000038 0.002020 -0.999998  0.790691 0.840233 0
Material_0
0  0.014216 0.037842 0.041994  -0.000038 0.002020 -0.999998  0.790691 0.840233 0
0  0.019151 0.039372 0.042635  -0.545281 0.838251 0.002028  0.788284 0.840478 0
0  0.019485 0.038651 0.041994  0.000116 0.002056 -0.999998  0.788112 0.840396 0
Material_0
0  0.019151 0.039372 0.042635  -0.545281 0.838251 0.002028  0.788284 0.840478 0
0  0.021873 0.043255 0.042635  -0.974704 0.218903 -0.045104  0.786909 0.841130 0
0  0.019485 0.038651 0.041994  0.000116 0.002056 -0.999998  0.788112 0.840396 0
Material_0
0  0.019485 0.038651 0.041994  0.000116 0.002056 -0.999998  0.788112 0.840396 0
0  0.021873 0.043255 0.042635  -0.974704 0.218903 -0.045104  0.786909 0.841130 0
0  0.022604 0.043094 0.041994  0.000163 0.002141 -0.999998  0.786479 0.841048 0
Material_0
0  0.021873 0.043255 0.042635  -0.974704 0.218903 -0.045104  0.786909 0.841130 0
0  0.021048 0.047933 0.042635  -0.844233 -0.535964 -0.003635  0.787338 0.841863 0
0  0.022604 0.043094 0.041994  0.000163 0.002141 -0.999998  0.786479 0.841048 0
Material_0
0  0.022604 0.043094 0.041994  0.000163 0.002141 -0.999998  0.786479 0.841048 0
0  0.021048 0.047933 0.042635  -0.844233 -0.535964 -0.003635  0.787338 0.841863 0
0  0.021757 0.048374 0.041994  0.000108 0.002324 -0.999997  0.786909 0.841945 0
Material_0
0  0.021048 0.047933 0.042635  -0.844233 -0.535964 -0.003635  0.787338 0.841863 0
0  0.017162 0.050654 0.042635  -0.213673 -0.976187 -0.037464  0.789230 0.842271 0
0  0.021757 0.048374 0.041994  0.000108 0.002324 -0.999997  0.786909 0.841945 0
Material_0
0  0.021757 0.048374 0.041994  0.000108 0.002324 -0.999997  0.786909 0.841945 0
0  0.017162 0.050654 0.042635  -0.213673 -0.976187 -0.037464  0.789230 0.842271 0
0  0.017387 0.051500 0.041994  0.000045 0.002349 -0.999997  0.789144 0.842352 0
Material_0
0  0.017162 0.050654 0.042635  -0.213673 -0.976187 -0.037464  0.789230 0.842271 0
0  0.012485 0.049830 0.042635  0.518365 -0.854632 -0.030023  0.791551 0.842108 0
0  0.017387 0.051500 0.041994  0.000045 0.002349 -0.999997  0.789144 0.842352 0
Material_0
0  0.017387 0.051500 0.041994  0.000045 0.002349 -0.999997  0.789144 0.842352 0
0  0.012485 0.049830 0.042635  0.518365 -0.854632 -0.030023  0.791551 0.842108 0
0  0.011784 0.050397 0.041994  -0.000124 0.002276 -0.999997  0.791981 0.842189 0
Material_0
0  0.012485 0.049830 0.042635  0.518365 -0.854632 -0.030023  0.791551 0.842108 0
0  0.009764 0.045940 0.042635  0.974334 -0.223321 -0.028317  0.792927 0.841537 0
0  0.011784 0.050397 0.041994  -0.000124 0.002276 -0.999997  0.791981 0.842189 0
Material_0
0  -0.003594 0.039431 0.042635  -0.430918 -0.902320 0.011338  0.144916 0.840478 0
0  -0.008332 0.039674 0.091716  0.340601 -0.939526 0.035799  0.147323 0.840559 0
0  -0.008332 0.039674 0.042635  0.340597 -0.939529 0.035773  0.147323 0.840559 0
Material_0
0  -0.008332 0.039674 0.042635  0.340597 -0.939529 0.035773  0.147323 0.840559 0
0  -0.008332 0.039674 0.091716  0.340601 -0.939526 0.035799  0.147323 0.840559 0
0  -0.011860 0.036504 0.042635  0.901373 -0.433028 -0.003756  0.149129 0.840070 0
Material_0
0  -0.008332 0.039674 0.091716  0.340601 -0.939526 0.035799  0.147323 0.840559 0
0  -0.011860 0.036504 0.091716  0.901401 -0.432969 -0.003647  0.149129 0.840070 0
0  -0.011860 0.036504 0.042635  0.901373 -0.433028 -0.003756  0.149129 0.840070 0
Material_0
0  -0.011860 0.036504 0.042635  0.901373 -0.433028 -0.003756  0.149129 0.840070 0
0  -0.011860 0.036504 0.091716  0.901401 -0.432969 -0.003647  0.149129 0.840070 0
0  -0.012108 0.031760 0.042635  0.943180 0.332277 -0.001805  0.149215 0.839337 0
Material_0
0  -0.011860 0.036504 0.091716  0.901401 -0.432969 -0.003647  0.149129 0.840070 0
0  -0.012108 0.031760 0.091716  0.943179 0.332279 -0.001802  0.149215 0.839337 0
0  -0.012108 0.031760 0.042635  0.943180 0.332277 -0.001805  0.149215 0.839337 0
Material_0
0  -0.012108 0.031760 0.042635  0.943180 0.332277 -0.001805  0.149215 0.839337 0
0  -0.012108 0.031760 0.091716  0.943179 0.332279 -0.001802  0.149215 0.839337 0
0  -0.008932 0.028237 0.042635  0.431003 0.902319 -0.007511  0.147667 0.838766 0
Material_0
0  -0.012108 0.031760 0.091716  0.943179 0.332279 -0.001802  0.149215 0.839337 0
0  -0.008932 0.028237 0.091716  0.431000 0.902321 -0.007510  0.147667 0.838766 0
0  -0.008932 0.028237 0.042635  0.431003 0.902319 -0.007511  0.147667 0.838766 0
Material_0
0  -0.008932 0.028237 0.042635  0.431003 0.902319 -0.007511  0.147667 0.838766 0
0  -0.008932 0.028237 0.091716  0.431000 0.902321 -0.007510  0.147667 0.838766 0
0  -0.004193 0.027987 0.042635  -0.334234 0.942488 0.001822  0.145260 0.838685 0
Material_0
0  -0.008932 0.028237 0.091716  0.431000 0.902321 -0.007510  0.147667 0.838766 0
0  -0.004193 0.027987 0.091716  -0.334233 0.942489 0.001821  0.145260 0.838685 0
0  -0.004193 0.027987 0.042635  -0.334234 0.942488 0.001822  0.145260 0.838685 0
Material_0
0  -0.004193 0.027987 0.091716  -0.334233 0.942489 0.001821  0.145260 0.838685 0
0  -0.000667 0.031164 0.091716  -0.903076 0.429480 0.000000  0.143454 0.839174 0
0  -0.004193 0.027987 0.042635  -0.334234 0.942488 0.001822  0.145260 0.838685 0
Material_0
0  -0.004193 0.027987 0.042635  -0.334234 0.942488 0.001822  0.145260 0.838685 0
0  -0.000667 0.031164 0.091716  -0.903076 0.429480 0.000000  0.143454 0.839174 0
0  -0.000667 0.031164 0.042635  -0.903186 0.429250 0.000000  0.143454 0.839174 0
Material_0
0  -0.000667 0.031164 0.091716  -0.903076 0.429480 0.000000  0.143454 0.839174 0
0  -0.000418 0.035901 0.091716  -0.943743 -0.328064 0.041500  0.143368 0.839989 0
0  -0.000667 0.031164 0.042635  -0.903186 0.429250 0.000000  0.143454 0.839174 0
Material_0
0  -0.000667 0.031164 0.042635  -0.903186 0.429250 0.000000  0.143454 0.839174 0
0  -0.000418 0.035901 0.091716  -0.943743 -0.328064 0.041500  0.143368 0.839989 0
0  -0.000418 0.035901 0.042635  -0.943744 -0.328063 0.041498  0.143368 0.839989 0
Material_0
0  -0.000418 0.035901 0.091716  -0.943743 -0.328064 0.041500  0.143368 0.839989 0
0  -0.003594 0.039431 0.091716  -0.430923 -0.902317 0.011337  0.144916 0.840478 0
0  -0.000418 0.035901 0.042635  -0.943744 -0.328063 0.041498  0.143368 0.839989 0
Material_0
0  -0.000418 0.035901 0.042635  -0.943744 -0.328063 0.041498  0.143368 0.839989 0
0  -0.003594 0.039431 0.091716  -0.430923 -0.902317 0.011337  0.144916 0.840478 0
0  -0.003594 0.039431 0.042635  -0.430918 -0.902320 0.011338  0.144916 0.840478 0
Material_0
0  -0.003594 0.039431 0.091716  -0.430923 -0.902317 0.011337  0.144916 0.840478 0
0  -0.008332 0.039674 0.091716  0.340601 -0.939526 0.035799  0.147323 0.840559 0
0  -0.003594 0.039431 0.042635  -0.430918 -0.902320 0.011338  0.144916 0.840478 0
Material_0
0  0.001801 0.031171 0.042635  0.898238 0.436974 -0.047145  0.142251 0.839255 0
0  0.001512 0.035908 0.042635  0.947211 -0.319810 -0.022645  0.142423 0.839989 0
0  0.001512 0.035908 0.091716  0.947214 -0.319802 -0.022636  0.142423 0.839989 0
Material_0
0  0.001512 0.035908 0.042635  0.947211 -0.319810 -0.022645  0.142423 0.839989 0
0  0.004656 0.039460 0.042635  0.446753 -0.894655 0.001887  0.140789 0.840478 0
0  0.001512 0.035908 0.091716  0.947214 -0.319802 -0.022636  0.142423 0.839989 0
Material_0
0  0.001512 0.035908 0.091716  0.947214 -0.319802 -0.022636  0.142423 0.839989 0
0  0.004656 0.039460 0.042635  0.446753 -0.894655 0.001887  0.140789 0.840478 0
0  0.004656 0.039460 0.091716  0.446748 -0.894658 0.001886  0.140789 0.840478 0
Material_0
0  0.004656 0.039460 0.042635  0.446753 -0.894655 0.001887  0.140789 0.840478 0
0  0.009394 0.039754 0.042635  -0.336034 -0.941017 -0.039608  0.138468 0.840559 0
0  0.004656 0.039460 0.091716  0.446748 -0.894658 0.001886  0.140789 0.840478 0
Material_0
0  0.004656 0.039460 0.091716  0.446748 -0.894658 0.001886  0.140789 0.840478 0
0  0.009394 0.039754 0.042635  -0.336034 -0.941017 -0.039608  0.138468 0.840559 0
0  0.009394 0.039754 0.091716  -0.336029 -0.941018 -0.039611  0.138468 0.840559 0
Material_0
0  0.009394 0.039754 0.042635  -0.336034 -0.941017 -0.039608  0.138468 0.840559 0
0  0.012948 0.036607 0.042635  -0.901321 -0.433137 -0.003706  0.136662 0.840070 0
0  0.009394 0.039754 0.091716  -0.336029 -0.941018 -0.039611  0.138468 0.840559 0
Material_0
0  0.009394 0.039754 0.091716  -0.336029 -0.941018 -0.039611  0.138468 0.840559 0
0  0.012948 0.036607 0.042635  -0.901321 -0.433137 -0.003706  0.136662 0.840070 0
0  0.012948 0.036607 0.091716  -0.901338 -0.433101 -0.003731  0.136662 0.840070 0
Material_0
0  0.012948 0.036607 0.042635  -0.901321 -0.433137 -0.003706  0.136662 0.840070 0
0  0.013239 0.031870 0.042635  -0.944674 0.328005 0.001837  0.136490 0.839337 0
0  0.012948 0.036607 0.091716  -0.901338 -0.433101 -0.003731  0.136662 0.840070 0
Material_0
0  0.012948 0.036607 0.091716  -0.901338 -0.433101 -0.003731  0.136662 0.840070 0
0  0.013239 0.031870 0.042635  -0.944674 0.328005 0.001837  0.136490 0.839337 0
0  0.013239 0.031870 0.091716  -0.944653 0.328065 0.001883  0.136490 0.839337 0
Material_0
0  0.013239 0.031870 0.091716  -0.944653 0.328065 0.001883  0.136490 0.839337 0
0  0.013239 0.031870 0.042635  -0.944674 0.328005 0.001837  0.136490 0.839337 0
0  0.010094 0.028318 0.091716  -0.438535 0.898517 -0.018835  0.138124 0.838766 0
Material_0
0  0.013239 0.031870 0.042635  -0.944674 0.328005 0.001837  0.136490 0.839337 0
0  0.010094 0.028318 0.042635  -0.438533 0.898518 -0.018835  0.138124 0.838766 0
0  0.010094 0.028318 0.091716  -0.438535 0.898517 -0.018835  0.138124 0.838766 0
Material_0
0  0.010094 0.028318 0.091716  -0.438535 0.898517 -0.018835  0.138124 0.838766 0
0  0.010094 0.028318 0.042635  -0.438533 0.898518 -0.018835  0.138124 0.838766 0
0  0.005355 0.028024 0.091716  0.325093 0.945368 -0.024364  0.140445 0.838685 0
Material_0
0  0.010094 0.028318 0.042635  -0.438533 0.898518 -0.018835  0.138124 0.838766 0
0  0.005355 0.028024 0.042635  0.325093 0.945368 -0.024364  0.140445 0.838685 0
0  0.005355 0.028024 0.091716  0.325093 0.945368 -0.024364  0.140445 0.838685 0
Material_0
0  0.005355 0.028024 0.091716  0.325093 0.945368 -0.024364  0.140445 0.838685 0
0  0.005355 0.028024 0.042635  0.325093 0.945368 -0.024364  0.140445 0.838685 0
0  0.001801 0.031171 0.091716  0.898239 0.436976 -0.047103  0.142251 0.839255 0
Material_0
0  0.005355 0.028024 0.042635  0.325093 0.945368 -0.024364  0.140445 0.838685 0
0  0.001801 0.031171 0.042635  0.898238 0.436974 -0.047145  0.142251 0.839255 0
0  0.001801 0.031171 0.091716  0.898239 0.436976 -0.047103  0.142251 0.839255 0
Material_0
0  0.001801 0.031171 0.091716  0.898239 0.436976 -0.047103  0.142251 0.839255 0
0  0.001801 0.031171 0.042635  0.898238 0.436974 -0.047145  0.142251 0.839255 0
0  0.001512 0.035908 0.091716  0.947214 -0.319802 -0.022636  0.142423 0.839989 0
Material_0
0  -0.013803 0.068489 0.083066  0.169640 0.954905 -0.243676  0.150075 0.845042 0
0  -0.011577 0.069556 0.084729  -0.171675 0.721566 -0.670724  0.148957 0.845205 0
0  -0.011367 0.068056 0.083066  -0.132231 0.931811 -0.337998  0.148871 0.844961 0
Material_0
0  -0.011577 0.069556 0.084729  -0.171675 0.721566 -0.670724  0.148957 0.845205 0
0  -0.009057 0.070777 0.084720  -0.460828 0.583164 -0.668997  0.147667 0.845450 0
0  -0.011367 0.068056 0.083066  -0.132231 0.931811 -0.337998  0.148871 0.844961 0
Material_0
0  -0.011367 0.068056 0.083066  -0.132231 0.931811 -0.337998  0.148871 0.844961 0
0  -0.009057 0.070777 0.084720  -0.460828 0.583164 -0.668997  0.147667 0.845450 0
0  -0.008015 0.069696 0.083066  -0.654032 0.677937 -0.335623  0.147151 0.845287 0
Material_0
0  -0.009057 0.070777 0.084720  -0.460828 0.583164 -0.668997  0.147667 0.845450 0
0  -0.006883 0.071821 0.083066  -0.856651 0.456512 -0.240303  0.146636 0.845613 0
0  -0.008015 0.069696 0.083066  -0.654032 0.677937 -0.335623  0.147151 0.845287 0
Material_0
0  -0.006883 0.071821 0.083066  -0.856651 0.456512 -0.240303  0.146636 0.845613 0
0  -0.006883 0.071821 0.056790  -0.859645 0.456551 0.229286  0.146636 0.845613 0
0  -0.008015 0.069696 0.083066  -0.654032 0.677937 -0.335623  0.147151 0.845287 0
Material_0
0  -0.008015 0.069696 0.083066  -0.654032 0.677937 -0.335623  0.147151 0.845287 0
0  -0.006883 0.071821 0.056790  -0.859645 0.456551 0.229286  0.146636 0.845613 0
0  -0.008015 0.069696 0.056790  -0.661446 0.684338 0.306872  0.147151 0.845287 0
Material_0
0  -0.006883 0.071821 0.056790  -0.859645 0.456551 0.229286  0.146636 0.845613 0
0  -0.009057 0.070777 0.054869  -0.482924 0.624974 0.613344  0.147667 0.845450 0
0  -0.008015 0.069696 0.056790  -0.661446 0.684338 0.306872  0.147151 0.845287 0
Material_0
0  -0.008015 0.069696 0.056790  -0.661446 0.684338 0.306872  0.147151 0.845287 0
0  -0.009057 0.070777 0.054869  -0.482924 0.624974 0.613344  0.147667 0.845450 0
0  -0.011367 0.068056 0.056790  -0.135025 0.941044 0.310168  0.148871 0.844961 0
Material_0
0  -0.009057 0.070777 0.054869  -0.482924 0.624974 0.613344  0.147667 0.845450 0
0  -0.011577 0.069556 0.054860  -0.189496 0.762629 0.618457  0.148957 0.845205 0
0  -0.011367 0.068056 0.056790  -0.135025 0.941044 0.310168  0.148871 0.844961 0
Material_0
0  -0.011577 0.069556 0.054860  -0.189496 0.762629 0.618457  0.148957 0.845205 0
0  -0.013803 0.068489 0.056790  0.168382 0.958707 0.229192  0.150075 0.845042 0
0  -0.011367 0.068056 0.056790  -0.135025 0.941044 0.310168  0.148871 0.844961 0
Material_0
0  -0.013803 0.068489 0.056790  0.168382 0.958707 0.229192  0.150075 0.845042 0
0  -0.013803 0.068489 0.083066  0.169640 0.954905 -0.243676  0.150075 0.845042 0
0  -0.011367 0.068056 0.056790  -0.135025 0.941044 0.310168  0.148871 0.844961 0
Material_0
0  -0.013803 0.068489 0.083066  0.169640 0.954905 -0.243676  0.150075 0.845042 0
0  -0.011367 0.068056 0.083066  -0.132231 0.931811 -0.337998  0.148871 0.844961 0
0  -0.011367 0.068056 0.056790  -0.135025 0.941044 0.310168  0.148871 0.844961 0
Material_0
0  -0.011367 0.068056 0.056790  -0.135025 0.941044 0.310168  0.148871 0.844961 0
0  -0.011367 0.068056 0.083066  -0.132231 0.931811 -0.337998  0.148871 0.844961 0
0  -0.008015 0.069696 0.056790  -0.661446 0.684338 0.306872  0.147151 0.845287 0
Material_0
0  -0.011367 0.068056 0.083066  -0.132231 0.931811 -0.337998  0.148871 0.844961 0
0  -0.008015 0.069696 0.083066  -0.654032 0.677937 -0.335623  0.147151 0.845287 0
0  -0.008015 0.069696 0.056790  -0.661446 0.684338 0.306872  0.147151 0.845287 0
Material_0
0  -0.022740 0.057045 0.083066  -0.891354 -0.385241 -0.238908  0.154545 0.843249 0
0  -0.022740 0.057045 0.056790  -0.892498 -0.389209 0.227954  0.154545 0.843249 0
0  -0.021783 0.054846 0.056790  -0.946560 -0.089504 0.309859  0.154030 0.842923 0
Material_0
0  -0.022740 0.057045 0.056790  -0.892498 -0.389209 0.227954  0.154545 0.843249 0
0  -0.023276 0.054699 0.054869  -0.787134 0.010924 0.616686  0.154803 0.842923 0
0  -0.021783 0.054846 0.056790  -0.946560 -0.089504 0.309859  0.154030 0.842923 0
Material_0
0  -0.023276 0.054699 0.054869  -0.787134 0.010924 0.616686  0.154803 0.842923 0
0  -0.023898 0.051971 0.054860  -0.717692 0.323975 0.616407  0.155147 0.842434 0
0  -0.021783 0.054846 0.056790  -0.946560 -0.089504 0.309859  0.154030 0.842923 0
Material_0
0  -0.021783 0.054846 0.056790  -0.946560 -0.089504 0.309859  0.154030 0.842923 0
0  -0.023898 0.051971 0.054860  -0.717692 0.323975 0.616407  0.155147 0.842434 0
0  -0.022591 0.051206 0.056790  -0.819338 0.483403 0.308232  0.154459 0.842352 0
Material_0
0  -0.023898 0.051971 0.054860  -0.717692 0.323975 0.616407  0.155147 0.842434 0
0  -0.024449 0.049558 0.056790  -0.646251 0.730639 0.220286  0.155405 0.842108 0
0  -0.022591 0.051206 0.056790  -0.819338 0.483403 0.308232  0.154459 0.842352 0
Material_0
0  -0.024449 0.049558 0.056790  -0.646251 0.730639 0.220286  0.155405 0.842108 0
0  -0.024449 0.049558 0.083066  -0.644005 0.727637 -0.236225  0.155405 0.842108 0
0  -0.022591 0.051206 0.056790  -0.819338 0.483403 0.308232  0.154459 0.842352 0
Material_0
0  -0.022591 0.051206 0.056790  -0.819338 0.483403 0.308232  0.154459 0.842352 0
0  -0.024449 0.049558 0.083066  -0.644005 0.727637 -0.236225  0.155405 0.842108 0
0  -0.022591 0.051206 0.083066  -0.810470 0.479682 -0.336220  0.154459 0.842352 0
Material_0
0  -0.024449 0.049558 0.083066  -0.644005 0.727637 -0.236225  0.155405 0.842108 0
0  -0.023898 0.051971 0.084729  -0.672323 0.315734 -0.669547  0.155147 0.842434 0
0  -0.022591 0.051206 0.083066  -0.810470 0.479682 -0.336220  0.154459 0.842352 0
Material_0
0  -0.023898 0.051971 0.084729  -0.672323 0.315734 -0.669547  0.155147 0.842434 0
0  -0.023276 0.054699 0.084720  -0.743458 0.006543 -0.668751  0.154803 0.842923 0
0  -0.022591 0.051206 0.083066  -0.810470 0.479682 -0.336220  0.154459 0.842352 0
Material_0
0  -0.022591 0.051206 0.083066  -0.810470 0.479682 -0.336220  0.154459 0.842352 0
0  -0.023276 0.054699 0.084720  -0.743458 0.006543 -0.668751  0.154803 0.842923 0
0  -0.021783 0.054846 0.083066  -0.937964 -0.089471 -0.334990  0.154030 0.842923 0
Material_0
0  -0.023276 0.054699 0.084720  -0.743458 0.006543 -0.668751  0.154803 0.842923 0
0  -0.022740 0.057045 0.083066  -0.891354 -0.385241 -0.238908  0.154545 0.843249 0
0  -0.021783 0.054846 0.083066  -0.937964 -0.089471 -0.334990  0.154030 0.842923 0
Material_0
0  -0.022740 0.057045 0.083066  -0.891354 -0.385241 -0.238908  0.154545 0.843249 0
0  -0.021783 0.054846 0.056790  -0.946560 -0.089504 0.309859  0.154030 0.842923 0
0  -0.021783 0.054846 0.083066  -0.937964 -0.089471 -0.334990  0.154030 0.842923 0
Material_0
0  -0.021783 0.054846 0.083066  -0.937964 -0.089471 -0.334990  0.154030 0.842923 0
0  -0.021783 0.054846 0.056790  -0.946560 -0.089504 0.309859  0.154030 0.842923 0
0  -0.022591 0.051206 0.083066  -0.810470 0.479682 -0.336220  0.154459 0.842352 0
Material_0
0  -0.021783 0.054846 0.056790  -0.946560 -0.089504 0.309859  0.154030 0.842923 0
0  -0.022591 0.051206 0.056790  -0.819338 0.483403 0.308232  0.154459 0.842352 0
0  -0.022591 0.051206 0.083066  -0.810470 0.479682 -0.336220  0.154459 0.842352 0
Material_0
0  -0.021046 0.035445 0.083066  -0.250357 -0.938016 -0.239683  0.153686 0.839907 0
0  -0.021046 0.035445 0.056790  -0.251495 -0.940993 0.226456  0.153686 0.839907 0
0  -0.018734 0.034827 0.056790  -0.517943 -0.798369 0.307151  0.152568 0.839826 0
Material_0
0  -0.021046 0.035445 0.056790  -0.251495 -0.940993 0.226456  0.153686 0.839907 0
0  -0.019551 0.033569 0.054869  -0.502272 -0.611211 0.611673  0.152912 0.839581 0
0  -0.018734 0.034827 0.056790  -0.517943 -0.798369 0.307151  0.152568 0.839826 0
Material_0
0  -0.018734 0.034827 0.056790  -0.517943 -0.798369 0.307151  0.152568 0.839826 0
0  -0.018734 0.034827 0.083066  -0.511030 -0.790087 -0.338543  0.152568 0.839826 0
0  -0.021046 0.035445 0.083066  -0.250357 -0.938016 -0.239683  0.153686 0.839907 0
Material_0
0  -0.021046 0.035445 0.083066  -0.250357 -0.938016 -0.239683  0.153686 0.839907 0
0  -0.018734 0.034827 0.083066  -0.511030 -0.790087 -0.338543  0.152568 0.839826 0
0  -0.019551 0.033569 0.084720  -0.468060 -0.576118 -0.670080  0.152912 0.839581 0
Material_0
0  -0.018734 0.034827 0.083066  -0.511030 -0.790087 -0.338543  0.152568 0.839826 0
0  -0.016386 0.031929 0.083066  -0.878308 -0.336699 -0.339424  0.151364 0.839337 0
0  -0.019551 0.033569 0.084720  -0.468060 -0.576118 -0.670080  0.152912 0.839581 0
Material_0
0  -0.019551 0.033569 0.084720  -0.468060 -0.576118 -0.670080  0.152912 0.839581 0
0  -0.016386 0.031929 0.083066  -0.878308 -0.336699 -0.339424  0.151364 0.839337 0
0  -0.017805 0.031385 0.084729  -0.666624 -0.328073 -0.669313  0.152052 0.839255 0
Material_0
0  -0.017805 0.031385 0.084729  -0.666624 -0.328073 -0.669313  0.152052 0.839255 0
0  -0.016386 0.031929 0.083066  -0.878308 -0.336699 -0.339424  0.151364 0.839337 0
0  -0.016257 0.029436 0.083066  -0.968278 -0.050226 -0.244774  0.151278 0.838929 0
Material_0
0  -0.016386 0.031929 0.083066  -0.878308 -0.336699 -0.339424  0.151364 0.839337 0
0  -0.016386 0.031929 0.056790  -0.888212 -0.340452 0.308499  0.151364 0.839337 0
0  -0.016257 0.029436 0.083066  -0.968278 -0.050226 -0.244774  0.151278 0.838929 0
Material_0
0  -0.016257 0.029436 0.083066  -0.968278 -0.050226 -0.244774  0.151278 0.838929 0
0  -0.016386 0.031929 0.056790  -0.888212 -0.340452 0.308499  0.151364 0.839337 0
0  -0.016257 0.029436 0.056790  -0.972743 -0.050235 0.226379  0.151278 0.838929 0
Material_0
0  -0.016257 0.029436 0.056790  -0.972743 -0.050235 0.226379  0.151278 0.838929 0
0  -0.016386 0.031929 0.056790  -0.888212 -0.340452 0.308499  0.151364 0.839337 0
0  -0.017805 0.031385 0.054860  -0.698762 -0.356805 0.620018  0.152052 0.839255 0
Material_0
0  -0.017805 0.031385 0.054860  -0.698762 -0.356805 0.620018  0.152052 0.839255 0
0  -0.016386 0.031929 0.056790  -0.888212 -0.340452 0.308499  0.151364 0.839337 0
0  -0.019551 0.033569 0.054869  -0.502272 -0.611211 0.611673  0.152912 0.839581 0
Material_0
0  -0.019551 0.033569 0.054869  -0.502272 -0.611211 0.611673  0.152912 0.839581 0
0  -0.016386 0.031929 0.056790  -0.888212 -0.340452 0.308499  0.151364 0.839337 0
0  -0.018734 0.034827 0.056790  -0.517943 -0.798369 0.307151  0.152568 0.839826 0
Material_0
0  -0.018734 0.034827 0.056790  -0.517943 -0.798369 0.307151  0.152568 0.839826 0
0  -0.016386 0.031929 0.056790  -0.888212 -0.340452 0.308499  0.151364 0.839337 0
0  -0.018734 0.034827 0.083066  -0.511030 -0.790087 -0.338543  0.152568 0.839826 0
Material_0
0  -0.016386 0.031929 0.056790  -0.888212 -0.340452 0.308499  0.151364 0.839337 0
0  -0.016386 0.031929 0.083066  -0.878308 -0.336699 -0.339424  0.151364 0.839337 0
0  -0.018734 0.034827 0.083066  -0.511030 -0.790087 -0.338543  0.152568 0.839826 0
Material_0
0  -0.003347 0.023331 0.083066  0.570879 -0.784836 -0.241102  0.144830 0.837951 0
0  -0.003347 0.023331 0.056790  0.570192 -0.790116 0.224939  0.144830 0.837951 0
0  -0.001372 0.024766 0.056790  0.291870 -0.904207 0.311805  0.143798 0.838196 0
Material_0
0  -0.003347 0.023331 0.056790  0.570192 -0.790116 0.224939  0.144830 0.837951 0
0  -0.000904 0.023331 0.054860  0.160860 -0.771009 0.616173  0.143626 0.837951 0
0  -0.001372 0.024766 0.056790  0.291870 -0.904207 0.311805  0.143798 0.838196 0
Material_0
0  -0.000904 0.023331 0.054860  0.160860 -0.771009 0.616173  0.143626 0.837951 0
0  0.001892 0.023331 0.054860  -0.160866 -0.771036 0.616138  0.142165 0.837951 0
0  -0.001372 0.024766 0.056790  0.291870 -0.904207 0.311805  0.143798 0.838196 0
Material_0
0  -0.001372 0.024766 0.056790  0.291870 -0.904207 0.311805  0.143798 0.838196 0
0  0.001892 0.023331 0.054860  -0.160866 -0.771036 0.616138  0.142165 0.837951 0
0  0.002360 0.024766 0.056790  -0.291866 -0.904203 0.311818  0.141993 0.838196 0
Material_0
0  0.001892 0.023331 0.054860  -0.160866 -0.771036 0.616138  0.142165 0.837951 0
0  0.004333 0.023331 0.056790  -0.570189 -0.790118 0.224938  0.140961 0.837951 0
0  0.002360 0.024766 0.056790  -0.291866 -0.904203 0.311818  0.141993 0.838196 0
Material_0
0  0.002360 0.024766 0.056790  -0.291866 -0.904203 0.311818  0.141993 0.838196 0
0  0.004333 0.023331 0.056790  -0.570189 -0.790118 0.224938  0.140961 0.837951 0
0  0.002360 0.024766 0.083066  -0.290946 -0.894949 -0.338256  0.141993 0.838196 0
Material_0
0  0.004333 0.023331 0.056790  -0.570189 -0.790118 0.224938  0.140961 0.837951 0
0  0.004333 0.023331 0.083066  -0.570627 -0.785024 -0.241087  0.140961 0.837951 0
0  0.002360 0.024766 0.083066  -0.290946 -0.894949 -0.338256  0.141993 0.838196 0
Material_0
0  0.004333 0.023331 0.083066  -0.570627 -0.785024 -0.241087  0.140961 0.837951 0
0  0.001892 0.023331 0.084729  -0.157373 -0.727649 -0.667653  0.142165 0.837951 0
0  0.002360 0.024766 0.083066  -0.290946 -0.894949 -0.338256  0.141993 0.838196 0
Material_0
0  0.001892 0.023331 0.084729  -0.157373 -0.727649 -0.667653  0.142165 0.837951 0
0  -0.000904 0.023331 0.084729  0.157386 -0.727572 -0.667734  0.143626 0.837951 0
0  0.002360 0.024766 0.083066  -0.290946 -0.894949 -0.338256  0.141993 0.838196 0
Material_0
0  0.002360 0.024766 0.083066  -0.290946 -0.894949 -0.338256  0.141993 0.838196 0
0  -0.000904 0.023331 0.084729  0.157386 -0.727572 -0.667734  0.143626 0.837951 0
0  -0.001372 0.024766 0.083066  0.291393 -0.894755 -0.338384  0.143798 0.838196 0
Material_0
0  -0.000904 0.023331 0.084729  0.157386 -0.727572 -0.667734  0.143626 0.837951 0
0  -0.003347 0.023331 0.083066  0.570879 -0.784836 -0.241102  0.144830 0.837951 0
0  -0.001372 0.024766 0.083066  0.291393 -0.894755 -0.338384  0.143798 0.838196 0
Material_0
0  -0.003347 0.023331 0.083066  0.570879 -0.784836 -0.241102  0.144830 0.837951 0
0  -0.001372 0.024766 0.056790  0.291870 -0.904207 0.311805  0.143798 0.838196 0
0  -0.001372 0.024766 0.083066  0.291393 -0.894755 -0.338384  0.143798 0.838196 0
Material_0
0  -0.001372 0.024766 0.056790  0.291870 -0.904207 0.311805  0.143798 0.838196 0
0  0.002360 0.024766 0.056790  -0.291866 -0.904203 0.311818  0.141993 0.838196 0
0  -0.001372 0.024766 0.083066  0.291393 -0.894755 -0.338384  0.143798 0.838196 0
Material_0
0  -0.001372 0.024766 0.083066  0.291393 -0.894755 -0.338384  0.143798 0.838196 0
0  0.002360 0.024766 0.056790  -0.291866 -0.904203 0.311818  0.141993 0.838196 0
0  0.002360 0.024766 0.083066  -0.290946 -0.894949 -0.338256  0.141993 0.838196 0
Material_0
0  0.017407 0.029642 0.083066  0.968267 -0.041495 -0.246451  0.134427 0.839011 0
0  0.017407 0.029642 0.056790  0.971879 -0.041494 0.231798  0.134427 0.839011 0
0  0.017513 0.032076 0.056790  0.891060 -0.332273 0.309202  0.134341 0.839337 0
Material_0
0  0.017407 0.029642 0.056790  0.971879 -0.041494 0.231798  0.134427 0.839011 0
0  0.018924 0.031547 0.054860  0.703900 -0.356691 0.614244  0.133653 0.839255 0
0  0.017513 0.032076 0.056790  0.891060 -0.332273 0.309202  0.134341 0.839337 0
Material_0
0  0.018924 0.031547 0.054860  0.703900 -0.356691 0.614244  0.133653 0.839255 0
0  0.020670 0.033738 0.054860  0.502679 -0.607748 0.614782  0.132793 0.839581 0
0  0.017513 0.032076 0.056790  0.891060 -0.332273 0.309202  0.134341 0.839337 0
Material_0
0  0.017513 0.032076 0.056790  0.891060 -0.332273 0.309202  0.134341 0.839337 0
0  0.020670 0.033738 0.054860  0.502679 -0.607748 0.614782  0.132793 0.839581 0
0  0.019835 0.034996 0.056790  0.524009 -0.792796 0.311270  0.133223 0.839826 0
Material_0
0  0.020670 0.033738 0.054860  0.502679 -0.607748 0.614782  0.132793 0.839581 0
0  0.022196 0.035651 0.056790  0.261933 -0.939520 0.220666  0.132019 0.839907 0
0  0.019835 0.034996 0.056790  0.524009 -0.792796 0.311270  0.133223 0.839826 0
Material_0
0  0.022196 0.035651 0.056790  0.261933 -0.939520 0.220666  0.132019 0.839907 0
0  0.022196 0.035651 0.083066  0.261863 -0.934969 -0.239292  0.132019 0.839907 0
0  0.019835 0.034996 0.056790  0.524009 -0.792796 0.311270  0.133223 0.839826 0
Material_0
0  0.019835 0.034996 0.056790  0.524009 -0.792796 0.311270  0.133223 0.839826 0
0  0.022196 0.035651 0.083066  0.261863 -0.934969 -0.239292  0.132019 0.839907 0
0  0.019835 0.034996 0.083066  0.517628 -0.784741 -0.340944  0.133223 0.839826 0
Material_0
0  0.022196 0.035651 0.083066  0.261863 -0.934969 -0.239292  0.132019 0.839907 0
0  0.020670 0.033738 0.084729  0.468328 -0.575809 -0.670159  0.132793 0.839581 0
0  0.019835 0.034996 0.083066  0.517628 -0.784741 -0.340944  0.133223 0.839826 0
Material_0
0  0.020670 0.033738 0.084729  0.468328 -0.575809 -0.670159  0.132793 0.839581 0
0  0.018924 0.031547 0.084729  0.666206 -0.327995 -0.669768  0.133653 0.839255 0
0  0.019835 0.034996 0.083066  0.517628 -0.784741 -0.340944  0.133223 0.839826 0
Material_0
0  0.019835 0.034996 0.083066  0.517628 -0.784741 -0.340944  0.133223 0.839826 0
0  0.018924 0.031547 0.084729  0.666206 -0.327995 -0.669768  0.133653 0.839255 0
0  0.017513 0.032076 0.083066  0.880140 -0.328069 -0.343111  0.134341 0.839337 0
Material_0
0  0.018924 0.031547 0.084729  0.666206 -0.327995 -0.669768  0.133653 0.839255 0
0  0.017407 0.029642 0.083066  0.968267 -0.041495 -0.246451  0.134427 0.839011 0
0  0.017513 0.032076 0.083066  0.880140 -0.328069 -0.343111  0.134341 0.839337 0
Material_0
0  0.017407 0.029642 0.083066  0.968267 -0.041495 -0.246451  0.134427 0.839011 0
0  0.017513 0.032076 0.056790  0.891060 -0.332273 0.309202  0.134341 0.839337 0
0  0.017513 0.032076 0.083066  0.880140 -0.328069 -0.343111  0.134341 0.839337 0
Material_0
0  0.017513 0.032076 0.056790  0.891060 -0.332273 0.309202  0.134341 0.839337 0
0  0.019835 0.034996 0.056790  0.524009 -0.792796 0.311270  0.133223 0.839826 0
0  0.017513 0.032076 0.083066  0.880140 -0.328069 -0.343111  0.134341 0.839337 0
Material_0
0  0.017513 0.032076 0.083066  0.880140 -0.328069 -0.343111  0.134341 0.839337 0
0  0.019835 0.034996 0.056790  0.524009 -0.792796 0.311270  0.133223 0.839826 0
0  0.019835 0.034996 0.083066  0.517628 -0.784741 -0.340944  0.133223 0.839826 0
Material_0
0  0.024840 0.052177 0.084729  0.672258 0.315571 -0.669689  0.130644 0.842515 0
0  0.025379 0.049816 0.083066  0.635865 0.733500 -0.240112  0.130386 0.842108 0
0  0.023549 0.051404 0.083066  0.806709 0.483548 -0.339709  0.131332 0.842352 0
Material_0
0  0.025379 0.049816 0.083066  0.635865 0.733500 -0.240112  0.130386 0.842108 0
0  0.025379 0.049816 0.056790  0.638914 0.736548 0.222004  0.130386 0.842108 0
0  0.023549 0.051404 0.083066  0.806709 0.483548 -0.339709  0.131332 0.842352 0
Material_0
0  0.023549 0.051404 0.083066  0.806709 0.483548 -0.339709  0.131332 0.842352 0
0  0.025379 0.049816 0.056790  0.638914 0.736548 0.222004  0.130386 0.842108 0
0  0.023549 0.051404 0.056790  0.814774 0.491026 0.308280  0.131332 0.842352 0
Material_0
0  0.025379 0.049816 0.056790  0.638914 0.736548 0.222004  0.130386 0.842108 0
0  0.024840 0.052177 0.054869  0.714836 0.328097 0.617545  0.130644 0.842515 0
0  0.023549 0.051404 0.056790  0.814774 0.491026 0.308280  0.131332 0.842352 0
Material_0
0  0.023549 0.051404 0.056790  0.814774 0.491026 0.308280  0.131332 0.842352 0
0  0.024840 0.052177 0.054869  0.714836 0.328097 0.617545  0.130644 0.842515 0
0  0.022711 0.055038 0.056790  0.946963 -0.084946 0.309913  0.131761 0.842923 0
Material_0
0  0.024840 0.052177 0.054869  0.714836 0.328097 0.617545  0.130644 0.842515 0
0  0.024216 0.054905 0.054860  0.787181 0.015340 0.616531  0.130988 0.842923 0
0  0.022711 0.055038 0.056790  0.946963 -0.084946 0.309913  0.131761 0.842923 0
Material_0
0  0.024216 0.054905 0.054860  0.787181 0.015340 0.616531  0.130988 0.842923 0
0  0.023670 0.057303 0.056790  0.895485 -0.381164 0.229827  0.131246 0.843330 0
0  0.022711 0.055038 0.056790  0.946963 -0.084946 0.309913  0.131761 0.842923 0
Material_0
0  0.023670 0.057303 0.056790  0.895485 -0.381164 0.229827  0.131246 0.843330 0
0  0.023670 0.057303 0.083066  0.895323 -0.377134 -0.236994  0.131246 0.843330 0
0  0.022711 0.055038 0.056790  0.946963 -0.084946 0.309913  0.131761 0.842923 0
Material_0
0  0.022711 0.055038 0.056790  0.946963 -0.084946 0.309913  0.131761 0.842923 0
0  0.023670 0.057303 0.083066  0.895323 -0.377134 -0.236994  0.131246 0.843330 0
0  0.022711 0.055038 0.083066  0.938682 -0.080750 -0.335194  0.131761 0.842923 0
Material_0
0  0.023670 0.057303 0.083066  0.895323 -0.377134 -0.236994  0.131246 0.843330 0
0  0.024216 0.054905 0.084729  0.743410 0.010875 -0.668747  0.130988 0.842923 0
0  0.022711 0.055038 0.083066  0.938682 -0.080750 -0.335194  0.131761 0.842923 0
Material_0
0  0.022711 0.055038 0.083066  0.938682 -0.080750 -0.335194  0.131761 0.842923 0
0  0.024216 0.054905 0.084729  0.743410 0.010875 -0.668747  0.130988 0.842923 0
0  0.023549 0.051404 0.083066  0.806709 0.483548 -0.339709  0.131332 0.842352 0
Material_0
0  0.024216 0.054905 0.084729  0.743410 0.010875 -0.668747  0.130988 0.842923 0
0  0.024840 0.052177 0.084729  0.672258 0.315571 -0.669689  0.130644 0.842515 0
0  0.023549 0.051404 0.083066  0.806709 0.483548 -0.339709  0.131332 0.842352 0
Material_0
0  0.023549 0.051404 0.056790  0.814774 0.491026 0.308280  0.131332 0.842352 0
0  0.022711 0.055038 0.056790  0.946963 -0.084946 0.309913  0.131761 0.842923 0
0  0.023549 0.051404 0.083066  0.806709 0.483548 -0.339709  0.131332 0.842352 0
Material_0
0  0.022711 0.055038 0.056790  0.946963 -0.084946 0.309913  0.131761 0.842923 0
0  0.022711 0.055038 0.083066  0.938682 -0.080750 -0.335194  0.131761 0.842923 0
0  0.023549 0.051404 0.083066  0.806709 0.483548 -0.339709  0.131332 0.842352 0
Material_0
0  0.007635 0.071931 0.083066  0.853522 0.460388 -0.244015  0.139327 0.845613 0
0  0.009854 0.070865 0.084729  0.454451 0.586636 -0.670323  0.138210 0.845450 0
0  0.008812 0.069769 0.083066  0.648299 0.684334 -0.333761  0.138726 0.845287 0
Material_0
0  0.009854 0.070865 0.084729  0.454451 0.586636 -0.670323  0.138210 0.845450 0
0  0.012374 0.069652 0.084729  0.171508 0.721961 -0.670341  0.136920 0.845205 0
0  0.008812 0.069769 0.083066  0.648299 0.684334 -0.333761  0.138726 0.845287 0
Material_0
0  0.008812 0.069769 0.083066  0.648299 0.684334 -0.333761  0.138726 0.845287 0
0  0.012374 0.069652 0.084729  0.171508 0.721961 -0.670341  0.136920 0.845205 0
0  0.012179 0.068158 0.083066  0.125075 0.933396 -0.336345  0.137006 0.845042 0
Material_0
0  0.012374 0.069652 0.084729  0.171508 0.721961 -0.670341  0.136920 0.845205 0
0  0.014555 0.068600 0.083066  -0.175806 0.954863 -0.239433  0.135888 0.845042 0
0  0.012179 0.068158 0.083066  0.125075 0.933396 -0.336345  0.137006 0.845042 0
Material_0
0  0.012179 0.068158 0.083066  0.125075 0.933396 -0.336345  0.137006 0.845042 0
0  0.014555 0.068600 0.083066  -0.175806 0.954863 -0.239433  0.135888 0.845042 0
0  0.012178 0.068158 0.056790  0.124593 0.943876 0.305899  0.137006 0.845042 0
Material_0
0  0.014555 0.068600 0.083066  -0.175806 0.954863 -0.239433  0.135888 0.845042 0
0  0.014555 0.068600 0.056790  -0.177996 0.957496 0.226977  0.135888 0.845042 0
0  0.012178 0.068158 0.056790  0.124593 0.943876 0.305899  0.137006 0.845042 0
Material_0
0  0.014555 0.068600 0.056790  -0.177996 0.957496 0.226977  0.135888 0.845042 0
0  0.012374 0.069652 0.054869  0.186031 0.765458 0.616009  0.136920 0.845205 0
0  0.012178 0.068158 0.056790  0.124593 0.943876 0.305899  0.137006 0.845042 0
Material_0
0  0.012178 0.068158 0.056790  0.124593 0.943876 0.305899  0.137006 0.845042 0
0  0.012374 0.069652 0.054869  0.186031 0.765458 0.616009  0.136920 0.845205 0
0  0.008812 0.069769 0.056790  0.654389 0.690535 0.308118  0.138726 0.845287 0
Material_0
0  0.012374 0.069652 0.054869  0.186031 0.765458 0.616009  0.136920 0.845205 0
0  0.009854 0.070865 0.054860  0.476989 0.624960 0.617986  0.138210 0.845450 0
0  0.008812 0.069769 0.056790  0.654389 0.690535 0.308118  0.138726 0.845287 0
Material_0
0  0.009854 0.070865 0.054860  0.476989 0.624960 0.617986  0.138210 0.845450 0
0  0.007635 0.071931 0.056790  0.855998 0.464263 0.227437  0.139327 0.845613 0
0  0.008812 0.069769 0.056790  0.654389 0.690535 0.308118  0.138726 0.845287 0
Material_0
0  0.007635 0.071931 0.056790  0.855998 0.464263 0.227437  0.139327 0.845613 0
0  0.007635 0.071931 0.083066  0.853522 0.460388 -0.244015  0.139327 0.845613 0
0  0.008812 0.069769 0.056790  0.654389 0.690535 0.308118  0.138726 0.845287 0
Material_0
0  0.007635 0.071931 0.083066  0.853522 0.460388 -0.244015  0.139327 0.845613 0
0  0.008812 0.069769 0.083066  0.648299 0.684334 -0.333761  0.138726 0.845287 0
0  0.008812 0.069769 0.056790  0.654389 0.690535 0.308118  0.138726 0.845287 0
Material_0
0  0.008812 0.069769 0.056790  0.654389 0.690535 0.308118  0.138726 0.845287 0
0  0.008812 0.069769 0.083066  0.648299 0.684334 -0.333761  0.138726 0.845287 0
0  0.012178 0.068158 0.056790  0.124593 0.943876 0.305899  0.137006 0.845042 0
Material_0
0  0.008812 0.069769 0.083066  0.648299 0.684334 -0.333761  0.138726 0.845287 0
0  0.012179 0.068158 0.083066  0.125075 0.933396 -0.336345  0.137006 0.845042 0
0  0.012178 0.068158 0.056790  0.124593 0.943876 0.305899  0.137006 0.845042 0
Material_0
0  0.004879 0.059311 0.091716  -0.720107 0.693863 0.000009  0.140703 0.843656 0
0  0.006696 0.063694 0.091716  -0.999998 -0.002197 0.000000  0.139757 0.844308 0
0  0.006696 0.063694 0.042635  -0.999998 -0.002178 0.000000  0.139757 0.844308 0
Material_0
0  0.006696 0.063694 0.091716  -0.999998 -0.002197 0.000000  0.139757 0.844308 0
0  0.004879 0.068078 0.091716  -0.707146 -0.706339 -0.032072  0.140703 0.844961 0
0  0.006696 0.063694 0.042635  -0.999998 -0.002178 0.000000  0.139757 0.844308 0
Material_0
0  0.006696 0.063694 0.042635  -0.999998 -0.002178 0.000000  0.139757 0.844308 0
0  0.004879 0.068078 0.091716  -0.707146 -0.706339 -0.032072  0.140703 0.844961 0
0  0.004879 0.068078 0.042635  -0.707152 -0.706334 -0.032072  0.140703 0.844961 0
Material_0
0  0.004879 0.068078 0.091716  -0.707146 -0.706339 -0.032072  0.140703 0.844961 0
0  0.000495 0.069894 0.091716  -0.000069 -1.000000 0.000000  0.142853 0.845287 0
0  0.004879 0.068078 0.042635  -0.707152 -0.706334 -0.032072  0.140703 0.844961 0
Material_0
0  0.004879 0.068078 0.042635  -0.707152 -0.706334 -0.032072  0.140703 0.844961 0
0  0.000495 0.069894 0.091716  -0.000069 -1.000000 0.000000  0.142853 0.845287 0
0  0.000495 0.069894 0.042635  -0.000064 -1.000000 -0.000000  0.142853 0.845287 0
Material_0
0  0.000495 0.069894 0.091716  -0.000069 -1.000000 0.000000  0.142853 0.845287 0
0  -0.003891 0.068078 0.091716  0.707151 -0.706334 -0.032096  0.145088 0.844961 0
0  0.000495 0.069894 0.042635  -0.000064 -1.000000 -0.000000  0.142853 0.845287 0
Material_0
0  0.000495 0.069894 0.042635  -0.000064 -1.000000 -0.000000  0.142853 0.845287 0
0  -0.003891 0.068078 0.091716  0.707151 -0.706334 -0.032096  0.145088 0.844961 0
0  -0.003891 0.068078 0.042635  0.707157 -0.706329 -0.032067  0.145088 0.844961 0
Material_0
0  -0.003891 0.068078 0.042635  0.707157 -0.706329 -0.032067  0.145088 0.844961 0
0  -0.003891 0.068078 0.091716  0.707151 -0.706334 -0.032096  0.145088 0.844961 0
0  -0.005707 0.063694 0.042635  0.999998 -0.002086 -0.000000  0.146034 0.844308 0
Material_0
0  -0.003891 0.068078 0.091716  0.707151 -0.706334 -0.032096  0.145088 0.844961 0
0  -0.005706 0.063694 0.091716  0.999998 -0.002081 -0.000000  0.146034 0.844308 0
0  -0.005707 0.063694 0.042635  0.999998 -0.002086 -0.000000  0.146034 0.844308 0
Material_0
0  -0.005707 0.063694 0.042635  0.999998 -0.002086 -0.000000  0.146034 0.844308 0
0  -0.005706 0.063694 0.091716  0.999998 -0.002081 -0.000000  0.146034 0.844308 0
0  -0.003891 0.059311 0.042635  0.720114 0.693856 -0.000000  0.145088 0.843656 0
Material_0
0  -0.005706 0.063694 0.091716  0.999998 -0.002081 -0.000000  0.146034 0.844308 0
0  -0.003891 0.059311 0.091716  0.720110 0.693859 -0.000000  0.145088 0.843656 0
0  -0.003891 0.059311 0.042635  0.720114 0.693856 -0.000000  0.145088 0.843656 0
Material_0
0  -0.003891 0.059311 0.042635  0.720114 0.693856 -0.000000  0.145088 0.843656 0
0  -0.003891 0.059311 0.091716  0.720110 0.693859 -0.000000  0.145088 0.843656 0
0  0.000495 0.057494 0.042635  -0.000065 1.000000 0.000000  0.142853 0.843330 0
Material_0
0  -0.003891 0.059311 0.091716  0.720110 0.693859 -0.000000  0.145088 0.843656 0
0  0.000495 0.057494 0.091716  -0.000070 1.000000 0.000000  0.142853 0.843330 0
0  0.000495 0.057494 0.042635  -0.000065 1.000000 0.000000  0.142853 0.843330 0
Material_0
0  0.000495 0.057494 0.042635  -0.000065 1.000000 0.000000  0.142853 0.843330 0
0  0.000495 0.057494 0.091716  -0.000070 1.000000 0.000000  0.142853 0.843330 0
0  0.004879 0.059311 0.042635  -0.720104 0.693866 0.000000  0.140703 0.843656 0
Material_0
0  0.000495 0.057494 0.091716  -0.000070 1.000000 0.000000  0.142853 0.843330 0
0  0.004879 0.059311 0.091716  -0.720107 0.693863 0.000009  0.140703 0.843656 0
0  0.004879 0.059311 0.042635  -0.720104 0.693866 0.000000  0.140703 0.843656 0
Material_0
0  0.004879 0.059311 0.042635  -0.720104 0.693866 0.000000  0.140703 0.843656 0
0  0.004879 0.059311 0.091716  -0.720107 0.693863 0.000009  0.140703 0.843656 0
0  0.006696 0.063694 0.042635  -0.999998 -0.002178 0.000000  0.139757 0.844308 0
Material_0
0  -0.006936 0.053905 0.091716  -0.781968 0.621538 -0.047083  0.146636 0.842760 0
0  -0.005628 0.058472 0.091716  -0.991704 -0.128528 -0.001884  0.145948 0.843493 0
0  -0.005629 0.058472 0.042635  -0.991704 -0.128533 -0.001887  0.145948 0.843493 0
Material_0
0  -0.005628 0.058472 0.091716  -0.991704 -0.128528 -0.001884  0.145948 0.843493 0
0  -0.007930 0.062620 0.091716  -0.621319 -0.782020 -0.049071  0.147151 0.844145 0
0  -0.005629 0.058472 0.042635  -0.991704 -0.128533 -0.001887  0.145948 0.843493 0
Material_0
0  -0.005629 0.058472 0.042635  -0.991704 -0.128533 -0.001887  0.145948 0.843493 0
0  -0.007930 0.062620 0.091716  -0.621319 -0.782020 -0.049071  0.147151 0.844145 0
0  -0.007928 0.062620 0.042635  -0.621309 -0.782027 -0.049076  0.147151 0.844145 0
Material_0
0  -0.007930 0.062620 0.091716  -0.621319 -0.782020 -0.049071  0.147151 0.844145 0
0  -0.012492 0.063930 0.091716  0.113298 -0.993554 -0.003795  0.149387 0.844308 0
0  -0.007928 0.062620 0.042635  -0.621309 -0.782027 -0.049076  0.147151 0.844145 0
Material_0
0  -0.007928 0.062620 0.042635  -0.621309 -0.782027 -0.049076  0.147151 0.844145 0
0  -0.012492 0.063930 0.091716  0.113298 -0.993554 -0.003795  0.149387 0.844308 0
0  -0.012492 0.063930 0.042635  0.113297 -0.993554 -0.003750  0.149387 0.844308 0
Material_0
0  -0.012492 0.063930 0.091716  0.113298 -0.993554 -0.003795  0.149387 0.844308 0
0  -0.016642 0.061627 0.091716  0.783444 -0.621463 -0.000000  0.151450 0.843982 0
0  -0.012492 0.063930 0.042635  0.113297 -0.993554 -0.003750  0.149387 0.844308 0
Material_0
0  -0.012492 0.063930 0.042635  0.113297 -0.993554 -0.003750  0.149387 0.844308 0
0  -0.016642 0.061627 0.091716  0.783444 -0.621463 -0.000000  0.151450 0.843982 0
0  -0.016642 0.061627 0.042635  0.783342 -0.621591 -0.000000  0.151450 0.843982 0
Material_0
0  -0.016642 0.061627 0.091716  0.783444 -0.621463 -0.000000  0.151450 0.843982 0
0  -0.017951 0.057068 0.091716  0.993797 0.111192 0.001886  0.152138 0.843249 0
0  -0.016642 0.061627 0.042635  0.783342 -0.621591 -0.000000  0.151450 0.843982 0
Material_0
0  -0.016642 0.061627 0.042635  0.783342 -0.621591 -0.000000  0.151450 0.843982 0
0  -0.017951 0.057068 0.091716  0.993797 0.111192 0.001886  0.152138 0.843249 0
0  -0.017951 0.057068 0.042635  0.993792 0.111239 0.001831  0.152138 0.843249 0
Material_0
0  -0.017951 0.057068 0.091716  0.993797 0.111192 0.001886  0.152138 0.843249 0
0  -0.015650 0.052919 0.091716  0.618999 0.784740 -0.031993  0.151020 0.842597 0
0  -0.017951 0.057068 0.042635  0.993792 0.111239 0.001831  0.152138 0.843249 0
Material_0
0  -0.017951 0.057068 0.042635  0.993792 0.111239 0.001831  0.152138 0.843249 0
0  -0.015650 0.052919 0.091716  0.618999 0.784740 -0.031993  0.151020 0.842597 0
0  -0.015650 0.052912 0.042635  0.618997 0.784742 -0.031975  0.151020 0.842597 0
Material_0
0  -0.015650 0.052912 0.042635  0.618997 0.784742 -0.031975  0.151020 0.842597 0
0  -0.015650 0.052919 0.091716  0.618999 0.784740 -0.031993  0.151020 0.842597 0
0  -0.011088 0.051610 0.042635  -0.095975 0.995382 -0.001860  0.148699 0.842434 0
Material_0
0  -0.015650 0.052919 0.091716  0.618999 0.784740 -0.031993  0.151020 0.842597 0
0  -0.011088 0.051610 0.091716  -0.095964 0.995383 -0.001861  0.148699 0.842434 0
0  -0.011088 0.051610 0.042635  -0.095975 0.995382 -0.001860  0.148699 0.842434 0
Material_0
0  -0.011088 0.051610 0.042635  -0.095975 0.995382 -0.001860  0.148699 0.842434 0
0  -0.011088 0.051610 0.091716  -0.095964 0.995383 -0.001861  0.148699 0.842434 0
0  -0.006936 0.053905 0.042635  -0.781970 0.621535 -0.047084  0.146636 0.842760 0
Material_0
0  -0.011088 0.051610 0.091716  -0.095964 0.995383 -0.001861  0.148699 0.842434 0
0  -0.006936 0.053905 0.091716  -0.781968 0.621538 -0.047083  0.146636 0.842760 0
0  -0.006936 0.053905 0.042635  -0.781970 0.621535 -0.047084  0.146636 0.842760 0
Material_0
0  -0.006936 0.053905 0.042635  -0.781970 0.621535 -0.047084  0.146636 0.842760 0
0  -0.006936 0.053905 0.091716  -0.781968 0.621538 -0.047083  0.146636 0.842760 0
0  -0.005629 0.058472 0.042635  -0.991704 -0.128533 -0.001887  0.145948 0.843493 0
Material_0
0  0.019151 0.039372 0.091716  -0.545278 0.838253 0.001875  0.133567 0.840478 0
0  0.021873 0.043255 0.091716  -0.974703 0.218867 -0.045291  0.132191 0.841130 0
0  0.021873 0.043255 0.042635  -0.974702 0.218868 -0.045296  0.132191 0.841130 0
Material_0
0  0.021873 0.043255 0.091716  -0.974703 0.218867 -0.045291  0.132191 0.841130 0
0  0.021048 0.047933 0.091716  -0.844129 -0.536128 -0.003757  0.132621 0.841863 0
0  0.021873 0.043255 0.042635  -0.974702 0.218868 -0.045296  0.132191 0.841130 0
Material_0
0  0.021873 0.043255 0.042635  -0.974702 0.218868 -0.045296  0.132191 0.841130 0
0  0.021048 0.047933 0.091716  -0.844129 -0.536128 -0.003757  0.132621 0.841863 0
0  0.021048 0.047933 0.042635  -0.844128 -0.536128 -0.003755  0.132621 0.841863 0
Material_0
0  0.021048 0.047933 0.091716  -0.844129 -0.536128 -0.003757  0.132621 0.841863 0
0  0.017162 0.050654 0.091716  -0.213445 -0.976231 -0.037621  0.134513 0.842271 0
0  0.021048 0.047933 0.042635  -0.844128 -0.536128 -0.003755  0.132621 0.841863 0
Material_0
0  0.021048 0.047933 0.042635  -0.844128 -0.536128 -0.003755  0.132621 0.841863 0
0  0.017162 0.050654 0.091716  -0.213445 -0.976231 -0.037621  0.134513 0.842271 0
0  0.017162 0.050654 0.042635  -0.213441 -0.976231 -0.037621  0.134513 0.842271 0
Material_0
0  0.017162 0.050654 0.091716  -0.213445 -0.976231 -0.037621  0.134513 0.842271 0
0  0.012485 0.049830 0.091716  0.518555 -0.854511 -0.030184  0.136920 0.842108 0
0  0.017162 0.050654 0.042635  -0.213441 -0.976231 -0.037621  0.134513 0.842271 0
Material_0
0  0.017162 0.050654 0.042635  -0.213441 -0.976231 -0.037621  0.134513 0.842271 0
0  0.012485 0.049830 0.091716  0.518555 -0.854511 -0.030184  0.136920 0.842108 0
0  0.012485 0.049830 0.042635  0.518562 -0.854507 -0.030187  0.136920 0.842108 0
Material_0
0  0.012485 0.049830 0.091716  0.518555 -0.854511 -0.030184  0.136920 0.842108 0
0  0.009764 0.045940 0.091716  0.974379 -0.223121 -0.028314  0.138210 0.841537 0
0  0.012485 0.049830 0.042635  0.518562 -0.854507 -0.030187  0.136920 0.842108 0
Material_0
0  0.012485 0.049830 0.042635  0.518562 -0.854507 -0.030187  0.136920 0.842108 0
0  0.009764 0.045940 0.091716  0.974379 -0.223121 -0.028314  0.138210 0.841537 0
0  0.009764 0.045940 0.042635  0.974377 -0.223133 -0.028307  0.138210 0.841537 0
Material_0
0  0.009764 0.045940 0.042635  0.974377 -0.223133 -0.028307  0.138210 0.841537 0
0  0.009764 0.045940 0.091716  0.974379 -0.223121 -0.028314  0.138210 0.841537 0
0  0.010589 0.041270 0.042635  0.831614 0.554429 -0.032049  0.137866 0.840804 0
Material_0
0  0.009764 0.045940 0.091716  0.974379 -0.223121 -0.028314  0.138210 0.841537 0
0  0.010589 0.041270 0.091716  0.831612 0.554431 -0.032051  0.137866 0.840804 0
0  0.010589 0.041270 0.042635  0.831614 0.554429 -0.032049  0.137866 0.840804 0
Material_0
0  0.010589 0.041270 0.042635  0.831614 0.554429 -0.032049  0.137866 0.840804 0
0  0.010589 0.041270 0.091716  0.831612 0.554431 -0.032051  0.137866 0.840804 0
0  0.014477 0.038548 0.042635  0.216700 0.976231 -0.003695  0.135888 0.840396 0
Material_0
0  0.010589 0.041270 0.091716  0.831612 0.554431 -0.032051  0.137866 0.840804 0
0  0.014477 0.038548 0.091716  0.216703 0.976231 -0.003736  0.135888 0.840396 0
0  0.014477 0.038548 0.042635  0.216700 0.976231 -0.003695  0.135888 0.840396 0
Material_0
0  0.014477 0.038548 0.042635  0.216700 0.976231 -0.003695  0.135888 0.840396 0
0  0.014477 0.038548 0.091716  0.216703 0.976231 -0.003736  0.135888 0.840396 0
0  0.019151 0.039372 0.042635  -0.545307 0.838234 0.001882  0.133567 0.840478 0
Material_0
0  0.014477 0.038548 0.091716  0.216703 0.976231 -0.003736  0.135888 0.840396 0
0  0.019151 0.039372 0.091716  -0.545278 0.838253 0.001875  0.133567 0.840478 0
0  0.019151 0.039372 0.042635  -0.545307 0.838234 0.001882  0.133567 0.840478 0
Material_0
0  0.019151 0.039372 0.042635  -0.545307 0.838234 0.001882  0.133567 0.840478 0
0  0.019151 0.039372 0.091716  -0.545278 0.838253 0.001875  0.133567 0.840478 0
0  0.021873 0.043255 0.042635  -0.974702 0.218868 -0.045296  0.132191 0.841130 0
Material_0
0  0.012044 0.051706 0.091716  0.085339 0.996183 -0.018369  0.137092 0.842434 0
0  0.016596 0.053059 0.091716  -0.622109 0.782026 -0.037627  0.134857 0.842678 0
0  0.016596 0.053059 0.042635  -0.622115 0.782023 -0.037600  0.134857 0.842678 0
Material_0
0  0.016596 0.053059 0.091716  -0.622109 0.782026 -0.037627  0.134857 0.842678 0
0  0.018859 0.057229 0.091716  -0.994017 0.102503 -0.037738  0.133653 0.843330 0
0  0.016596 0.053059 0.042635  -0.622115 0.782023 -0.037600  0.134857 0.842678 0
Material_0
0  0.016596 0.053059 0.042635  -0.622115 0.782023 -0.037600  0.134857 0.842678 0
0  0.018859 0.057229 0.091716  -0.994017 0.102503 -0.037738  0.133653 0.843330 0
0  0.018859 0.057229 0.042635  -0.994017 0.102501 -0.037738  0.133653 0.843330 0
Material_0
0  0.018859 0.057229 0.091716  -0.994017 0.102503 -0.037738  0.133653 0.843330 0
0  0.017512 0.061775 0.091716  -0.777409 -0.628358 -0.028312  0.134341 0.843982 0
0  0.018859 0.057229 0.042635  -0.994017 0.102501 -0.037738  0.133653 0.843330 0
Material_0
0  0.018859 0.057229 0.042635  -0.994017 0.102501 -0.037738  0.133653 0.843330 0
0  0.017512 0.061775 0.091716  -0.777409 -0.628358 -0.028312  0.134341 0.843982 0
0  0.017512 0.061775 0.042635  -0.777409 -0.628358 -0.028312  0.134341 0.843982 0
Material_0
0  0.017512 0.061775 0.091716  -0.777409 -0.628358 -0.028312  0.134341 0.843982 0
0  0.013340 0.064040 0.091716  -0.105779 -0.994040 -0.026350  0.136490 0.844390 0
0  0.017512 0.061775 0.042635  -0.777409 -0.628358 -0.028312  0.134341 0.843982 0
Material_0
0  0.017512 0.061775 0.042635  -0.777409 -0.628358 -0.028312  0.134341 0.843982 0
0  0.013340 0.064040 0.091716  -0.105779 -0.994040 -0.026350  0.136490 0.844390 0
0  0.013340 0.064040 0.042635  -0.105778 -0.994041 -0.026350  0.136490 0.844390 0
Material_0
0  0.013340 0.064040 0.091716  -0.105779 -0.994040 -0.026350  0.136490 0.844390 0
0  0.008790 0.062694 0.091716  0.628924 -0.776551 -0.037730  0.138726 0.844145 0
0  0.013340 0.064040 0.042635  -0.105778 -0.994041 -0.026350  0.136490 0.844390 0
Material_0
0  0.013340 0.064040 0.042635  -0.105778 -0.994041 -0.026350  0.136490 0.844390 0
0  0.008790 0.062694 0.091716  0.628924 -0.776551 -0.037730  0.138726 0.844145 0
0  0.008790 0.062694 0.042635  0.628923 -0.776551 -0.037736  0.138726 0.844145 0
Material_0
0  0.008790 0.062694 0.042635  0.628923 -0.776551 -0.037736  0.138726 0.844145 0
0  0.008790 0.062694 0.091716  0.628924 -0.776551 -0.037730  0.138726 0.844145 0
0  0.006527 0.058524 0.042635  0.992249 -0.124208 -0.003773  0.139843 0.843493 0
Material_0
0  0.008790 0.062694 0.091716  0.628924 -0.776551 -0.037730  0.138726 0.844145 0
0  0.006527 0.058524 0.091716  0.992250 -0.124202 -0.003773  0.139843 0.843493 0
0  0.006527 0.058524 0.042635  0.992249 -0.124208 -0.003773  0.139843 0.843493 0
Material_0
0  0.006527 0.058524 0.042635  0.992249 -0.124208 -0.003773  0.139843 0.843493 0
0  0.006527 0.058524 0.091716  0.992250 -0.124202 -0.003773  0.139843 0.843493 0
0  0.007874 0.053971 0.042635  0.772262 0.635126 -0.015055  0.139156 0.842760 0
Material_0
0  0.006527 0.058524 0.091716  0.992250 -0.124202 -0.003773  0.139843 0.843493 0
0  0.007874 0.053971 0.091716  0.772261 0.635127 -0.015058  0.139156 0.842760 0
0  0.007874 0.053971 0.042635  0.772262 0.635126 -0.015055  0.139156 0.842760 0
Material_0
0  0.007874 0.053971 0.042635  0.772262 0.635126 -0.015055  0.139156 0.842760 0
0  0.007874 0.053971 0.091716  0.772261 0.635127 -0.015058  0.139156 0.842760 0
0  0.012044 0.051706 0.042635  0.085311 0.996185 -0.018395  0.137092 0.842434 0
Material_0
0  0.007874 0.053971 0.091716  0.772261 0.635127 -0.015058  0.139156 0.842760 0
0  0.012044 0.051706 0.091716  0.085339 0.996183 -0.018369  0.137092 0.842434 0
0  0.012044 0.051706 0.042635  0.085311 0.996185 -0.018395  0.137092 0.842434 0
Material_0
0  0.012044 0.051706 0.042635  0.085311 0.996185 -0.018395  0.137092 0.842434 0
0  0.012044 0.051706 0.091716  0.085339 0.996183 -0.018369  0.137092 0.842434 0
0  0.016596 0.053059 0.042635  -0.622115 0.782023 -0.037600  0.134857 0.842678 0
Material_0
0  -0.010535 0.072101 0.043571  0.000000 0.865642 0.500663  0.148441 0.845613 0
0  -0.013068 0.070887 0.046525  0.000000 1.000000 -0.000261  0.149731 0.845450 0
0  -0.007839 0.070887 0.046525  -0.630073 0.776534 -0.001833  0.147065 0.845450 0
Material_0
0  -0.013068 0.070887 0.046525  0.000000 1.000000 -0.000261  0.149731 0.845450 0
0  -0.010535 0.072101 0.049469  -0.000000 0.865765 -0.500451  0.148441 0.845613 0
0  -0.007839 0.070887 0.046525  -0.630073 0.776534 -0.001833  0.147065 0.845450 0
Material_0
0  -0.007839 0.070887 0.046525  -0.630073 0.776534 -0.001833  0.147065 0.845450 0
0  -0.010535 0.072101 0.049469  -0.000000 0.865765 -0.500451  0.148441 0.845613 0
0  -0.007839 0.072101 0.049469  -0.632354 0.547148 -0.548413  0.147065 0.845613 0
Material_0
0  -0.010535 0.072101 0.049469  -0.000000 0.865765 -0.500451  0.148441 0.845613 0
0  -0.007839 0.073402 0.050004  -0.736353 0.257069 -0.625860  0.147065 0.845857 0
0  -0.007839 0.072101 0.049469  -0.632354 0.547148 -0.548413  0.147065 0.845613 0
Material_0
0  -0.007839 0.072101 0.049469  -0.632354 0.547148 -0.548413  0.147065 0.845613 0
0  -0.007839 0.073402 0.050004  -0.736353 0.257069 -0.625860  0.147065 0.845857 0
0  -0.007839 0.072101 0.043571  -0.629889 0.547190 0.551201  0.147065 0.845613 0
Material_0
0  -0.007839 0.073402 0.050004  -0.736353 0.257069 -0.625860  0.147065 0.845857 0
0  -0.007839 0.073402 0.043036  -0.734000 0.257119 0.628596  0.147065 0.845857 0
0  -0.007839 0.072101 0.043571  -0.629889 0.547190 0.551201  0.147065 0.845613 0
Material_0
0  -0.007839 0.073402 0.043036  -0.734000 0.257119 0.628596  0.147065 0.845857 0
0  -0.010535 0.072101 0.043571  0.000000 0.865642 0.500663  0.148441 0.845613 0
0  -0.007839 0.072101 0.043571  -0.629889 0.547190 0.551201  0.147065 0.845613 0
Material_0
0  -0.010535 0.072101 0.043571  0.000000 0.865642 0.500663  0.148441 0.845613 0
0  -0.007839 0.070887 0.046525  -0.630073 0.776534 -0.001833  0.147065 0.845450 0
0  -0.007839 0.072101 0.043571  -0.629889 0.547190 0.551201  0.147065 0.845613 0
Material_0
0  -0.007839 0.072101 0.043571  -0.629889 0.547190 0.551201  0.147065 0.845613 0
0  -0.007839 0.070887 0.046525  -0.630073 0.776534 -0.001833  0.147065 0.845450 0
0  -0.007839 0.072101 0.049469  -0.632354 0.547148 -0.548413  0.147065 0.845613 0
Material_0
0  0.011000 0.072358 0.049469  0.649605 0.586565 -0.483688  0.137608 0.845694 0
0  0.013667 0.071071 0.049928  -0.278931 0.709406 -0.647257  0.136318 0.845450 0
0  0.012832 0.070321 0.049469  -0.015024 0.835809 -0.548815  0.136662 0.845368 0
Material_0
0  0.013667 0.071071 0.049928  -0.278931 0.709406 -0.647257  0.136318 0.845450 0
0  0.013667 0.071071 0.043113  -0.282223 0.709350 0.645889  0.136318 0.845450 0
0  0.012832 0.070321 0.049469  -0.015024 0.835809 -0.548815  0.136662 0.845368 0
Material_0
0  0.012832 0.070321 0.049469  -0.015024 0.835809 -0.548815  0.136662 0.845368 0
0  0.013667 0.071071 0.043113  -0.282223 0.709350 0.645889  0.136318 0.845450 0
0  0.012832 0.070321 0.043571  -0.014963 0.835788 0.548849  0.136662 0.845368 0
Material_0
0  0.013667 0.071071 0.043113  -0.282223 0.709350 0.645889  0.136318 0.845450 0
0  0.011000 0.072358 0.043571  0.647362 0.586697 0.486528  0.137608 0.845694 0
0  0.012832 0.070321 0.043571  -0.014963 0.835788 0.548849  0.136662 0.845368 0
Material_0
0  0.012832 0.070321 0.043571  -0.014963 0.835788 0.548849  0.136662 0.845368 0
0  0.011000 0.072358 0.043571  0.647362 0.586697 0.486528  0.137608 0.845694 0
0  0.011925 0.069504 0.046525  0.156650 0.987654 0.000002  0.137178 0.845205 0
Material_0
0  0.011000 0.072358 0.043571  0.647362 0.586697 0.486528  0.137608 0.845694 0
0  0.008103 0.073748 0.046525  0.743817 0.668383 -0.000030  0.139070 0.845857 0
0  0.011925 0.069504 0.046525  0.156650 0.987654 0.000002  0.137178 0.845205 0
Material_0
0  0.008103 0.073748 0.046525  0.743817 0.668383 -0.000030  0.139070 0.845857 0
0  0.011000 0.072358 0.049469  0.649605 0.586565 -0.483688  0.137608 0.845694 0
0  0.011925 0.069504 0.046525  0.156650 0.987654 0.000002  0.137178 0.845205 0
Material_0
0  0.011000 0.072358 0.049469  0.649605 0.586565 -0.483688  0.137608 0.845694 0
0  0.012832 0.070321 0.049469  -0.015024 0.835809 -0.548815  0.136662 0.845368 0
0  0.011925 0.069504 0.046525  0.156650 0.987654 0.000002  0.137178 0.845205 0
Material_0
0  0.011925 0.069504 0.046525  0.156650 0.987654 0.000002  0.137178 0.845205 0
0  0.012832 0.070321 0.049469  -0.015024 0.835809 -0.548815  0.136662 0.845368 0
0  0.012832 0.070321 0.043571  -0.014963 0.835788 0.548849  0.136662 0.845368 0
Material_0
0  -0.025287 0.054155 0.049469  -0.680978 0.536077 -0.498889  0.155835 0.842841 0
0  -0.024627 0.057045 0.049985  -0.655747 -0.417228 -0.629219  0.155491 0.843249 0
0  -0.023635 0.056273 0.049469  -0.819113 -0.158891 -0.551188  0.154975 0.843167 0
Material_0
0  -0.024627 0.057045 0.049985  -0.655747 -0.417228 -0.629219  0.155491 0.843249 0
0  -0.024627 0.057045 0.043055  -0.655769 -0.417222 0.629200  0.155491 0.843249 0
0  -0.023635 0.056273 0.049469  -0.819113 -0.158891 -0.551188  0.154975 0.843167 0
Material_0
0  -0.023635 0.056273 0.049469  -0.819113 -0.158891 -0.551188  0.154975 0.843167 0
0  -0.024627 0.057045 0.043055  -0.655769 -0.417222 0.629200  0.155491 0.843249 0
0  -0.023635 0.056273 0.043571  -0.819180 -0.158934 0.551076  0.154975 0.843167 0
Material_0
0  -0.024627 0.057045 0.043055  -0.655769 -0.417222 0.629200  0.155491 0.843249 0
0  -0.025287 0.054155 0.043571  -0.683218 0.535978 0.495924  0.155835 0.842841 0
0  -0.023635 0.056273 0.043571  -0.819180 -0.158934 0.551076  0.154975 0.843167 0
Material_0
0  -0.023635 0.056273 0.043571  -0.819180 -0.158934 0.551076  0.154975 0.843167 0
0  -0.025287 0.054155 0.043571  -0.683218 0.535978 0.495924  0.155835 0.842841 0
0  -0.022672 0.055523 0.046525  -0.999808 -0.019582 -0.000444  0.154545 0.843004 0
Material_0
0  -0.025287 0.054155 0.043571  -0.683218 0.535978 0.495924  0.155835 0.842841 0
0  -0.025926 0.051353 0.046525  -0.788736 0.614730 -0.001688  0.156179 0.842352 0
0  -0.022672 0.055523 0.046525  -0.999808 -0.019582 -0.000444  0.154545 0.843004 0
Material_0
0  -0.025926 0.051353 0.046525  -0.788736 0.614730 -0.001688  0.156179 0.842352 0
0  -0.025287 0.054155 0.049469  -0.680978 0.536077 -0.498889  0.155835 0.842841 0
0  -0.022672 0.055523 0.046525  -0.999808 -0.019582 -0.000444  0.154545 0.843004 0
Material_0
0  -0.025287 0.054155 0.049469  -0.680978 0.536077 -0.498889  0.155835 0.842841 0
0  -0.023635 0.056273 0.049469  -0.819113 -0.158891 -0.551188  0.154975 0.843167 0
0  -0.022672 0.055523 0.046525  -0.999808 -0.019582 -0.000444  0.154545 0.843004 0
Material_0
0  -0.022672 0.055523 0.046525  -0.999808 -0.019582 -0.000444  0.154545 0.843004 0
0  -0.023635 0.056273 0.049469  -0.819113 -0.158891 -0.551188  0.154975 0.843167 0
0  -0.023635 0.056273 0.043571  -0.819180 -0.158934 0.551076  0.154975 0.843167 0
Material_0
0  -0.020233 0.031473 0.049469  -0.844682 -0.210331 -0.492213  0.153256 0.839255 0
0  -0.022071 0.033782 0.049975  -0.082887 -0.768246 -0.634766  0.154202 0.839663 0
0  -0.020882 0.034077 0.049469  -0.383199 -0.742514 -0.549391  0.153600 0.839663 0
Material_0
0  -0.022071 0.033782 0.049975  -0.082887 -0.768246 -0.634766  0.154202 0.839663 0
0  -0.022071 0.033782 0.043065  -0.075463 -0.768236 0.635704  0.154202 0.839663 0
0  -0.020882 0.034077 0.049469  -0.383199 -0.742514 -0.549391  0.153600 0.839663 0
Material_0
0  -0.020882 0.034077 0.049469  -0.383199 -0.742514 -0.549391  0.153600 0.839663 0
0  -0.022071 0.033782 0.043065  -0.075463 -0.768236 0.635704  0.154202 0.839663 0
0  -0.020882 0.034077 0.043571  -0.377088 -0.745356 0.549771  0.153600 0.839663 0
Material_0
0  -0.022071 0.033782 0.043065  -0.075463 -0.768236 0.635704  0.154202 0.839663 0
0  -0.020233 0.031473 0.043571  -0.842836 -0.210331 0.495368  0.153256 0.839255 0
0  -0.020882 0.034077 0.043571  -0.377088 -0.745356 0.549771  0.153600 0.839663 0
Material_0
0  -0.020882 0.034077 0.043571  -0.377088 -0.745356 0.549771  0.153600 0.839663 0
0  -0.020233 0.031473 0.043571  -0.842836 -0.210331 0.495368  0.153256 0.839255 0
0  -0.019699 0.034371 0.046525  -0.602035 -0.798092 -0.024548  0.152998 0.839744 0
Material_0
0  -0.020233 0.031473 0.043571  -0.842836 -0.210331 0.495368  0.153256 0.839255 0
0  -0.018403 0.029178 0.046525  -0.970717 -0.240225 -0.000012  0.152396 0.838929 0
0  -0.019699 0.034371 0.046525  -0.602035 -0.798092 -0.024548  0.152998 0.839744 0
Material_0
0  -0.018403 0.029178 0.046525  -0.970717 -0.240225 -0.000012  0.152396 0.838929 0
0  -0.020233 0.031473 0.049469  -0.844682 -0.210331 -0.492213  0.153256 0.839255 0
0  -0.019699 0.034371 0.046525  -0.602035 -0.798092 -0.024548  0.152998 0.839744 0
Material_0
0  -0.020233 0.031473 0.049469  -0.844682 -0.210331 -0.492213  0.153256 0.839255 0
0  -0.020882 0.034077 0.049469  -0.383199 -0.742514 -0.549391  0.153600 0.839663 0
0  -0.019699 0.034371 0.046525  -0.602035 -0.798092 -0.024548  0.152998 0.839744 0
Material_0
0  -0.019699 0.034371 0.046525  -0.602035 -0.798092 -0.024548  0.152998 0.839744 0
0  -0.020882 0.034077 0.049469  -0.383199 -0.742514 -0.549391  0.153600 0.839663 0
0  -0.020882 0.034077 0.043571  -0.377088 -0.745356 0.549771  0.153600 0.839663 0
Material_0
0  -0.016194 0.050507 0.091716  0.225218 -0.974307 0.001747  0.151278 0.842271 0
0  -0.020059 0.047756 0.091716  0.846522 -0.532354 -0.000000  0.153170 0.841782 0
0  -0.020059 0.047756 0.042635  0.846501 -0.532388 -0.000000  0.153170 0.841782 0
Material_0
0  -0.020059 0.047756 0.091716  0.846522 -0.532354 -0.000000  0.153170 0.841782 0
0  -0.020842 0.043071 0.091716  0.973828 0.227280 0.001795  0.153600 0.841048 0
0  -0.020059 0.047756 0.042635  0.846501 -0.532388 -0.000000  0.153170 0.841782 0
Material_0
0  -0.020059 0.047756 0.042635  0.846501 -0.532388 -0.000000  0.153170 0.841782 0
0  -0.020842 0.043071 0.091716  0.973828 0.227280 0.001795  0.153600 0.841048 0
0  -0.020842 0.043071 0.042635  0.973805 0.227377 0.001877  0.153600 0.841048 0
Material_0
0  -0.020842 0.043071 0.091716  0.973828 0.227280 0.001795  0.153600 0.841048 0
0  -0.018086 0.039210 0.091716  0.530552 0.847650 0.001793  0.152224 0.840478 0
0  -0.020842 0.043071 0.042635  0.973805 0.227377 0.001877  0.153600 0.841048 0
Material_0
0  -0.020842 0.043071 0.042635  0.973805 0.227377 0.001877  0.153600 0.841048 0
0  -0.018086 0.039210 0.091716  0.530552 0.847650 0.001793  0.152224 0.840478 0
0  -0.018086 0.039210 0.042635  0.530552 0.847650 0.001792  0.152224 0.840478 0
Material_0
0  -0.018086 0.039210 0.091716  0.530552 0.847650 0.001793  0.152224 0.840478 0
0  -0.013404 0.038423 0.091716  -0.225198 0.974312 -0.001657  0.149903 0.840315 0
0  -0.018086 0.039210 0.042635  0.530552 0.847650 0.001792  0.152224 0.840478 0
Material_0
0  -0.018086 0.039210 0.042635  0.530552 0.847650 0.001792  0.152224 0.840478 0
0  -0.013404 0.038423 0.091716  -0.225198 0.974312 -0.001657  0.149903 0.840315 0
0  -0.013404 0.038423 0.042635  -0.225200 0.974311 -0.001658  0.149903 0.840315 0
Material_0
0  -0.013404 0.038423 0.091716  -0.225198 0.974312 -0.001657  0.149903 0.840315 0
0  -0.009541 0.041181 0.091716  -0.845870 0.532425 -0.032047  0.147925 0.840804 0
0  -0.013404 0.038423 0.042635  -0.225200 0.974311 -0.001658  0.149903 0.840315 0
Material_0
0  -0.013404 0.038423 0.042635  -0.225200 0.974311 -0.001658  0.149903 0.840315 0
0  -0.009541 0.041181 0.091716  -0.845870 0.532425 -0.032047  0.147925 0.840804 0
0  -0.009541 0.041181 0.042635  -0.845870 0.532425 -0.032052  0.147925 0.840804 0
Material_0
0  -0.009541 0.041181 0.042635  -0.845870 0.532425 -0.032052  0.147925 0.840804 0
0  -0.009541 0.041181 0.091716  -0.845870 0.532425 -0.032047  0.147925 0.840804 0
0  -0.008758 0.045859 0.042635  -0.976392 -0.214609 -0.024513  0.147581 0.841537 0
Material_0
0  -0.009541 0.041181 0.091716  -0.845870 0.532425 -0.032047  0.147925 0.840804 0
0  -0.008758 0.045859 0.091716  -0.976393 -0.214608 -0.024510  0.147581 0.841537 0
0  -0.008758 0.045859 0.042635  -0.976392 -0.214609 -0.024513  0.147581 0.841537 0
Material_0
0  -0.008758 0.045859 0.042635  -0.976392 -0.214609 -0.024513  0.147581 0.841537 0
0  -0.008758 0.045859 0.091716  -0.976393 -0.214608 -0.024510  0.147581 0.841537 0
0  -0.011513 0.049728 0.042635  -0.518553 -0.854513 -0.030182  0.148957 0.842108 0
Material_0
0  -0.008758 0.045859 0.091716  -0.976393 -0.214608 -0.024510  0.147581 0.841537 0
0  -0.011513 0.049728 0.091716  -0.518549 -0.854515 -0.030182  0.148957 0.842108 0
0  -0.011513 0.049728 0.042635  -0.518553 -0.854513 -0.030182  0.148957 0.842108 0
Material_0
0  -0.011513 0.049728 0.042635  -0.518553 -0.854513 -0.030182  0.148957 0.842108 0
0  -0.011513 0.049728 0.091716  -0.518549 -0.854515 -0.030182  0.148957 0.842108 0
0  -0.016194 0.050507 0.042635  0.225200 -0.974311 0.001665  0.151278 0.842271 0
Material_0
0  -0.011513 0.049728 0.091716  -0.518549 -0.854515 -0.030182  0.148957 0.842108 0
0  -0.016194 0.050507 0.091716  0.225218 -0.974307 0.001747  0.151278 0.842271 0
0  -0.016194 0.050507 0.042635  0.225200 -0.974311 0.001665  0.151278 0.842271 0
Material_0
0  -0.016194 0.050507 0.042635  0.225200 -0.974311 0.001665  0.151278 0.842271 0
0  -0.016194 0.050507 0.091716  0.225218 -0.974307 0.001747  0.151278 0.842271 0
0  -0.020059 0.047756 0.042635  0.846501 -0.532388 -0.000000  0.153170 0.841782 0
Material_0
0  0.014314 0.037813 0.092357  -0.000001 0.002205 0.999998  0.135974 0.840233 0
0  0.009993 0.040961 0.092357  0.000012 0.002205 0.999998  0.138124 0.840722 0
0  0.009588 0.040534 0.092357  0.000005 0.002205 0.999998  0.138296 0.840641 0
Material_0
0  0.009588 0.040534 0.092357  0.000005 0.002205 0.999998  0.138296 0.840641 0
0  0.009993 0.040961 0.092357  0.000012 0.002205 0.999998  0.138124 0.840722 0
0  0.008876 0.046124 0.092357  0.000000 0.002205 0.999998  0.138726 0.841537 0
Material_0
0  0.009588 0.040534 0.092357  0.000005 0.002205 0.999998  0.138296 0.840641 0
0  0.013624 0.036938 0.092357  -0.000001 0.002205 0.999998  0.136318 0.840152 0
0  0.014314 0.037813 0.092357  -0.000001 0.002205 0.999998  0.135974 0.840233 0
Material_0
0  0.013624 0.036938 0.092357  -0.000001 0.002205 0.999998  0.136318 0.840152 0
0  0.013899 0.031613 0.092357  0.000001 0.002205 0.999998  0.136146 0.839255 0
0  0.014314 0.037813 0.092357  -0.000001 0.002205 0.999998  0.135974 0.840233 0
Material_0
0  0.014314 0.037813 0.092357  -0.000001 0.002205 0.999998  0.135974 0.840233 0
0  0.013899 0.031613 0.092357  0.000001 0.002205 0.999998  0.136146 0.839255 0
0  0.019457 0.038651 0.092357  0.000003 0.002108 0.999998  0.133395 0.840396 0
Material_0
0  0.013899 0.031613 0.092357  0.000001 0.002205 0.999998  0.136146 0.839255 0
0  0.021702 0.037923 0.092357  0.000003 0.002204 0.999998  0.132277 0.840233 0
0  0.019457 0.038651 0.092357  0.000003 0.002108 0.999998  0.133395 0.840396 0
Material_0
0  0.019457 0.038651 0.092357  0.000003 0.002108 0.999998  0.133395 0.840396 0
0  0.021702 0.037923 0.092357  0.000003 0.002204 0.999998  0.132277 0.840233 0
0  0.022605 0.043094 0.092357  0.000019 0.002205 0.999998  0.131847 0.841048 0
Material_0
0  0.021702 0.037923 0.092357  0.000003 0.002204 0.999998  0.132277 0.840233 0
0  0.023922 0.047999 0.092357  0.000002 0.002205 0.999998  0.131160 0.841863 0
0  0.022605 0.043094 0.092357  0.000019 0.002205 0.999998  0.131847 0.841048 0
Material_0
0  0.022605 0.043094 0.092357  0.000019 0.002205 0.999998  0.131847 0.841048 0
0  0.023922 0.047999 0.092357  0.000002 0.002205 0.999998  0.131160 0.841863 0
0  0.021682 0.048337 0.092357  0.000002 0.002205 0.999998  0.132277 0.841863 0
Material_0
0  0.023922 0.047999 0.092357  0.000002 0.002205 0.999998  0.131160 0.841863 0
0  0.021602 0.058163 0.092357  -0.000001 0.002206 0.999998  0.132277 0.843412 0
0  0.021682 0.048337 0.092357  0.000002 0.002205 0.999998  0.132277 0.841863 0
Material_0
0  0.021682 0.048337 0.092357  0.000002 0.002205 0.999998  0.132277 0.841863 0
0  0.021602 0.058163 0.092357  -0.000001 0.002206 0.999998  0.132277 0.843412 0
0  0.019606 0.057148 0.092357  -0.000002 0.002205 0.999998  0.133309 0.843249 0
Material_0
0  0.021602 0.058163 0.092357  -0.000001 0.002206 0.999998  0.132277 0.843412 0
0  0.018094 0.062253 0.092357  0.000023 0.002214 0.999998  0.134083 0.844064 0
0  0.019606 0.057148 0.092357  -0.000002 0.002205 0.999998  0.133309 0.843249 0
Material_0
0  0.015104 0.029620 0.092357  0.000002 0.002205 0.999998  0.135544 0.839011 0
0  0.021702 0.037923 0.092357  0.000003 0.002204 0.999998  0.132277 0.840233 0
0  0.013899 0.031613 0.092357  0.000001 0.002205 0.999998  0.136146 0.839255 0
Material_0
0  0.021682 0.048337 0.092357  0.000002 0.002205 0.999998  0.132277 0.841863 0
0  0.019606 0.057148 0.092357  -0.000002 0.002205 0.999998  0.133309 0.843249 0
0  0.017324 0.051390 0.092357  -0.000000 0.002205 0.999998  0.134427 0.842352 0
Material_0
0  0.019606 0.057148 0.092357  -0.000002 0.002205 0.999998  0.133309 0.843249 0
0  0.017067 0.052471 0.092357  -0.000006 0.002205 0.999998  0.134599 0.842515 0
0  0.017324 0.051390 0.092357  -0.000000 0.002205 0.999998  0.134427 0.842352 0
Material_0
0  0.017324 0.051390 0.092357  -0.000000 0.002205 0.999998  0.134427 0.842352 0
0  0.017067 0.052471 0.092357  -0.000006 0.002205 0.999998  0.134599 0.842515 0
0  0.012028 0.050441 0.092357  0.000003 0.002205 0.999998  0.137092 0.842189 0
Material_0
0  0.017067 0.052471 0.092357  -0.000006 0.002205 0.999998  0.134599 0.842515 0
0  0.011925 0.051103 0.092357  0.000004 0.002205 0.999998  0.137178 0.842352 0
0  0.012028 0.050441 0.092357  0.000003 0.002205 0.999998  0.137092 0.842189 0
Material_0
0  0.012028 0.050441 0.092357  0.000003 0.002205 0.999998  0.137092 0.842189 0
0  0.011925 0.051103 0.092357  0.000004 0.002205 0.999998  0.137178 0.842352 0
0  0.008876 0.046124 0.092357  0.000000 0.002205 0.999998  0.138726 0.841537 0
Material_0
0  0.011925 0.051103 0.092357  0.000004 0.002205 0.999998  0.137178 0.842352 0
0  0.007222 0.053456 0.092357  -0.000001 0.002205 0.999998  0.139499 0.842678 0
0  0.008876 0.046124 0.092357  0.000000 0.002205 0.999998  0.138726 0.841537 0
Material_0
0  0.008876 0.046124 0.092357  0.000000 0.002205 0.999998  0.138726 0.841537 0
0  0.007222 0.053456 0.092357  -0.000001 0.002205 0.999998  0.139499 0.842678 0
0  0.000496 0.056678 0.092357  -0.000001 0.002205 0.999998  0.142853 0.843167 0
Material_0
0  0.000496 0.056678 0.092357  -0.000001 0.002205 0.999998  0.142853 0.843167 0
0  0.007222 0.053456 0.092357  -0.000001 0.002205 0.999998  0.139499 0.842678 0
0  0.005410 0.058744 0.092357  -0.000002 0.002205 0.999998  0.140445 0.843493 0
Material_0
0  0.007222 0.053456 0.092357  -0.000001 0.002205 0.999998  0.139499 0.842678 0
0  0.005806 0.058553 0.092357  -0.000008 0.002205 0.999998  0.140187 0.843493 0
0  0.005410 0.058744 0.092357  -0.000002 0.002205 0.999998  0.140445 0.843493 0
Material_0
0  0.005410 0.058744 0.092357  -0.000002 0.002205 0.999998  0.140445 0.843493 0
0  0.005806 0.058553 0.092357  -0.000008 0.002205 0.999998  0.140187 0.843493 0
0  0.007446 0.063694 0.092357  -0.000003 0.002205 0.999998  0.139413 0.844308 0
Material_0
0  0.005806 0.058553 0.092357  -0.000008 0.002205 0.999998  0.140187 0.843493 0
0  0.008319 0.063275 0.092357  -0.000003 0.002205 0.999998  0.138984 0.844227 0
0  0.007446 0.063694 0.092357  -0.000003 0.002205 0.999998  0.139413 0.844308 0
Material_0
0  0.007446 0.063694 0.092357  -0.000003 0.002205 0.999998  0.139413 0.844308 0
0  0.008319 0.063275 0.092357  -0.000003 0.002205 0.999998  0.138984 0.844227 0
0  0.005410 0.068607 0.092357  0.000001 0.002205 0.999998  0.140445 0.845042 0
Material_0
0  0.008319 0.063275 0.092357  -0.000003 0.002205 0.999998  0.138984 0.844227 0
0  0.013420 0.064790 0.092357  -0.000001 0.002205 0.999998  0.136404 0.844472 0
0  0.005410 0.068607 0.092357  0.000001 0.002205 0.999998  0.140445 0.845042 0
Material_0
0  0.005410 0.068607 0.092357  0.000001 0.002205 0.999998  0.140445 0.845042 0
0  0.013420 0.064790 0.092357  -0.000001 0.002205 0.999998  0.136404 0.844472 0
0  0.015101 0.066312 0.092357  -0.000000 0.002205 0.999998  0.135544 0.844716 0
Material_0
0  0.013420 0.064790 0.092357  -0.000001 0.002205 0.999998  0.136404 0.844472 0
0  0.018094 0.062253 0.092357  0.000023 0.002214 0.999998  0.134083 0.844064 0
0  0.015101 0.066312 0.092357  -0.000000 0.002205 0.999998  0.135544 0.844716 0
Material_0
0  0.015101 0.066312 0.092357  -0.000000 0.002205 0.999998  0.135544 0.844716 0
0  0.018094 0.062253 0.092357  0.000023 0.002214 0.999998  0.134083 0.844064 0
0  0.021602 0.058163 0.092357  -0.000001 0.002206 0.999998  0.132277 0.843412 0
Material_0
0  0.015101 0.066312 0.092357  -0.000000 0.002205 0.999998  0.135544 0.844716 0
0  0.005707 0.070836 0.092357  0.000001 0.002205 0.999998  0.140273 0.845450 0
0  0.005410 0.068607 0.092357  0.000001 0.002205 0.999998  0.140445 0.845042 0
Material_0
0  0.005410 0.068607 0.092357  0.000001 0.002205 0.999998  0.140445 0.845042 0
0  0.005707 0.070836 0.092357  0.000001 0.002205 0.999998  0.140273 0.845450 0
0  0.000495 0.070644 0.092357  -0.000000 0.002205 0.999998  0.142853 0.845368 0
Material_0
0  0.005707 0.070836 0.092357  0.000001 0.002205 0.999998  0.140273 0.845450 0
0  -0.004656 0.070902 0.092357  0.000001 0.002205 0.999998  0.145518 0.845450 0
0  0.000495 0.070644 0.092357  -0.000000 0.002205 0.999998  0.142853 0.845368 0
Material_0
0  0.000495 0.070644 0.092357  -0.000000 0.002205 0.999998  0.142853 0.845368 0
0  -0.004656 0.070902 0.092357  0.000001 0.002205 0.999998  0.145518 0.845450 0
0  -0.004407 0.068585 0.092357  0.000001 0.002205 0.999998  0.145346 0.845042 0
Material_0
0  -0.004656 0.070902 0.092357  0.000001 0.002205 0.999998  0.145518 0.845450 0
0  -0.014113 0.066312 0.092357  -0.000002 0.002205 0.999998  0.150247 0.844716 0
0  -0.004407 0.068585 0.092357  0.000001 0.002205 0.999998  0.145346 0.845042 0
Material_0
0  -0.004407 0.068585 0.092357  0.000001 0.002205 0.999998  0.145346 0.845042 0
0  -0.014113 0.066312 0.092357  -0.000002 0.002205 0.999998  0.150247 0.844716 0
0  -0.012576 0.064672 0.092357  -0.000002 0.002205 0.999998  0.149473 0.844472 0
Material_0
0  -0.012576 0.064672 0.092357  -0.000002 0.002205 0.999998  0.149473 0.844472 0
0  -0.014113 0.066312 0.092357  -0.000002 0.002205 0.999998  0.150247 0.844716 0
0  -0.017229 0.062098 0.092357  0.000023 0.002100 0.999998  0.151794 0.844064 0
Material_0
0  -0.014113 0.066312 0.092357  -0.000002 0.002205 0.999998  0.150247 0.844716 0
0  -0.020615 0.058163 0.092357  0.000005 0.002204 0.999998  0.153514 0.843412 0
0  -0.017229 0.062098 0.092357  0.000023 0.002100 0.999998  0.151794 0.844064 0
Material_0
0  -0.017229 0.062098 0.092357  0.000023 0.002100 0.999998  0.151794 0.844064 0
0  -0.020615 0.058163 0.092357  0.000005 0.002204 0.999998  0.153514 0.843412 0
0  -0.018696 0.056979 0.092357  0.000004 0.002205 0.999998  0.152482 0.843249 0
Material_0
0  -0.020615 0.058163 0.092357  0.000005 0.002204 0.999998  0.153514 0.843412 0
0  -0.022934 0.047999 0.092357  -0.000001 0.002205 0.999998  0.154631 0.841863 0
0  -0.018696 0.056979 0.092357  0.000004 0.002205 0.999998  0.152482 0.843249 0
Material_0
0  -0.018696 0.056979 0.092357  0.000004 0.002205 0.999998  0.152482 0.843249 0
0  -0.022934 0.047999 0.092357  -0.000001 0.002205 0.999998  0.154631 0.841863 0
0  -0.020694 0.048154 0.092357  -0.000001 0.002206 0.999998  0.153514 0.841863 0
Material_0
0  -0.022934 0.047999 0.092357  -0.000001 0.002205 0.999998  0.154631 0.841863 0
0  -0.021572 0.042902 0.092357  0.000000 0.002205 0.999998  0.153944 0.841048 0
0  -0.020694 0.048154 0.092357  -0.000001 0.002206 0.999998  0.153514 0.841863 0
Material_0
0  -0.012576 0.064672 0.092357  -0.000002 0.002205 0.999998  0.149473 0.844472 0
0  -0.007462 0.063209 0.092357  0.000002 0.002205 0.999998  0.146893 0.844227 0
0  -0.004407 0.068585 0.092357  0.000001 0.002205 0.999998  0.145346 0.845042 0
Material_0
0  -0.018696 0.056979 0.092357  0.000004 0.002205 0.999998  0.152482 0.843249 0
0  -0.020694 0.048154 0.092357  -0.000001 0.002206 0.999998  0.153514 0.841863 0
0  -0.016116 0.052331 0.092357  0.000003 0.002205 0.999998  0.151192 0.842515 0
Material_0
0  -0.020694 0.048154 0.092357  -0.000001 0.002206 0.999998  0.153514 0.841863 0
0  -0.016363 0.051243 0.092357  0.000007 0.002205 0.999998  0.151364 0.842352 0
0  -0.016116 0.052331 0.092357  0.000003 0.002205 0.999998  0.151192 0.842515 0
Material_0
0  -0.016116 0.052331 0.092357  0.000003 0.002205 0.999998  0.151192 0.842515 0
0  -0.016363 0.051243 0.092357  0.000007 0.002205 0.999998  0.151364 0.842352 0
0  -0.010957 0.050912 0.092357  0.000005 0.002205 0.999998  0.148613 0.842271 0
Material_0
0  -0.016363 0.051243 0.092357  0.000007 0.002205 0.999998  0.151364 0.842352 0
0  -0.011076 0.050382 0.092357  0.000016 0.002205 0.999998  0.148699 0.842189 0
0  -0.010957 0.050912 0.092357  0.000005 0.002205 0.999998  0.148613 0.842271 0
Material_0
0  -0.011076 0.050382 0.092357  0.000016 0.002205 0.999998  0.148699 0.842189 0
0  -0.008076 0.046087 0.092357  0.000001 0.002205 0.999998  0.147237 0.841537 0
0  -0.010957 0.050912 0.092357  0.000005 0.002205 0.999998  0.148613 0.842271 0
Material_0
0  -0.010957 0.050912 0.092357  0.000005 0.002205 0.999998  0.148613 0.842271 0
0  -0.008076 0.046087 0.092357  0.000001 0.002205 0.999998  0.147237 0.841537 0
0  -0.006398 0.053500 0.092357  0.000001 0.002205 0.999998  0.146378 0.842678 0
Material_0
0  -0.008076 0.046087 0.092357  0.000001 0.002205 0.999998  0.147237 0.841537 0
0  0.000496 0.056678 0.092357  -0.000001 0.002205 0.999998  0.142853 0.843167 0
0  -0.006398 0.053500 0.092357  0.000001 0.002205 0.999998  0.146378 0.842678 0
Material_0
0  0.000496 0.056678 0.092357  -0.000001 0.002205 0.999998  0.142853 0.843167 0
0  -0.004404 0.058766 0.092357  0.000011 0.002205 0.999998  0.145346 0.843493 0
0  -0.006398 0.053500 0.092357  0.000001 0.002205 0.999998  0.146378 0.842678 0
Material_0
0  -0.006398 0.053500 0.092357  0.000001 0.002205 0.999998  0.146378 0.842678 0
0  -0.004404 0.058766 0.092357  0.000011 0.002205 0.999998  0.145346 0.843493 0
0  -0.004893 0.058531 0.092357  0.000014 0.002205 0.999998  0.145604 0.843493 0
Material_0
0  -0.004404 0.058766 0.092357  0.000011 0.002205 0.999998  0.145346 0.843493 0
0  -0.006457 0.063694 0.092357  0.000018 0.002205 0.999998  0.146378 0.844308 0
0  -0.004893 0.058531 0.092357  0.000014 0.002205 0.999998  0.145604 0.843493 0
Material_0
0  -0.004893 0.058531 0.092357  0.000014 0.002205 0.999998  0.145604 0.843493 0
0  -0.006457 0.063694 0.092357  0.000018 0.002205 0.999998  0.146378 0.844308 0
0  -0.007462 0.063209 0.092357  0.000002 0.002205 0.999998  0.146893 0.844227 0
Material_0
0  -0.006457 0.063694 0.092357  0.000018 0.002205 0.999998  0.146378 0.844308 0
0  -0.004407 0.068585 0.092357  0.000001 0.002205 0.999998  0.145346 0.845042 0
0  -0.007462 0.063209 0.092357  0.000002 0.002205 0.999998  0.146893 0.844227 0
Material_0
0  0.000496 0.056678 0.092357  -0.000001 0.002205 0.999998  0.142853 0.843167 0
0  -0.008076 0.046087 0.092357  0.000001 0.002205 0.999998  0.147237 0.841537 0
0  0.008876 0.046124 0.092357  0.000000 0.002205 0.999998  0.138726 0.841537 0
Material_0
0  0.008876 0.046124 0.092357  0.000000 0.002205 0.999998  0.138726 0.841537 0
0  -0.008076 0.046087 0.092357  0.000001 0.002205 0.999998  0.147237 0.841537 0
0  -0.003270 0.040108 0.092357  0.000000 0.002205 0.999998  0.144744 0.840641 0
Material_0
0  -0.008076 0.046087 0.092357  0.000001 0.002205 0.999998  0.147237 0.841537 0
0  -0.008894 0.040821 0.092357  -0.000001 0.002205 0.999998  0.147581 0.840722 0
0  -0.003270 0.040108 0.092357  0.000000 0.002205 0.999998  0.144744 0.840641 0
Material_0
0  -0.003270 0.040108 0.092357  0.000000 0.002205 0.999998  0.144744 0.840641 0
0  -0.008894 0.040821 0.092357  -0.000001 0.002205 0.999998  0.147581 0.840722 0
0  -0.008508 0.040380 0.092357  -0.000002 0.002205 0.999998  0.147409 0.840641 0
Material_0
0  -0.008508 0.040380 0.092357  -0.000002 0.002205 0.999998  0.147409 0.840641 0
0  -0.008894 0.040821 0.092357  -0.000001 0.002205 0.999998  0.147581 0.840722 0
0  -0.012537 0.036827 0.092357  -0.000002 0.002205 0.999998  0.149473 0.840070 0
Material_0
0  -0.008894 0.040821 0.092357  -0.000001 0.002205 0.999998  0.147581 0.840722 0
0  -0.013235 0.037695 0.092357  -0.000003 0.002205 0.999998  0.149817 0.840233 0
0  -0.012537 0.036827 0.092357  -0.000002 0.002205 0.999998  0.149473 0.840070 0
Material_0
0  -0.012537 0.036827 0.092357  -0.000002 0.002205 0.999998  0.149473 0.840070 0
0  -0.013235 0.037695 0.092357  -0.000003 0.002205 0.999998  0.149817 0.840233 0
0  -0.012815 0.031510 0.092357  -0.000001 0.002205 0.999998  0.149559 0.839255 0
Material_0
0  -0.013235 0.037695 0.092357  -0.000003 0.002205 0.999998  0.149817 0.840233 0
0  -0.018482 0.038570 0.092357  0.000002 0.002206 0.999998  0.152396 0.840396 0
0  -0.012815 0.031510 0.092357  -0.000001 0.002205 0.999998  0.149559 0.839255 0
Material_0
0  -0.012815 0.031510 0.092357  -0.000001 0.002205 0.999998  0.149559 0.839255 0
0  -0.018482 0.038570 0.092357  0.000002 0.002206 0.999998  0.152396 0.840396 0
0  -0.014113 0.029678 0.092357  0.000000 0.002205 0.999998  0.150247 0.839011 0
Material_0
0  -0.014113 0.029678 0.092357  0.000000 0.002205 0.999998  0.150247 0.839011 0
0  -0.018482 0.038570 0.092357  0.000002 0.002206 0.999998  0.152396 0.840396 0
0  -0.020615 0.037828 0.092357  0.000003 0.002206 0.999998  0.153514 0.840233 0
Material_0
0  -0.018482 0.038570 0.092357  0.000002 0.002206 0.999998  0.152396 0.840396 0
0  -0.021572 0.042902 0.092357  0.000000 0.002205 0.999998  0.153944 0.841048 0
0  -0.020615 0.037828 0.092357  0.000003 0.002206 0.999998  0.153514 0.840233 0
Material_0
0  -0.020615 0.037828 0.092357  0.000003 0.002206 0.999998  0.153514 0.840233 0
0  -0.021572 0.042902 0.092357  0.000000 0.002205 0.999998  0.153944 0.841048 0
0  -0.022934 0.047999 0.092357  -0.000001 0.002205 0.999998  0.154631 0.841863 0
Material_0
0  -0.012815 0.031510 0.092357  -0.000001 0.002205 0.999998  0.149559 0.839255 0
0  -0.014113 0.029678 0.092357  0.000000 0.002205 0.999998  0.150247 0.839011 0
0  -0.009256 0.027553 0.092357  -0.000022 0.002082 0.999998  0.147753 0.838685 0
Material_0
0  -0.014113 0.029678 0.092357  0.000000 0.002205 0.999998  0.150247 0.839011 0
0  -0.004719 0.025155 0.092357  -0.000000 0.002105 0.999998  0.145518 0.838277 0
0  -0.009256 0.027553 0.092357  -0.000022 0.002082 0.999998  0.147753 0.838685 0
Material_0
0  -0.009256 0.027553 0.092357  -0.000022 0.002082 0.999998  0.147753 0.838685 0
0  -0.004719 0.025155 0.092357  -0.000000 0.002105 0.999998  0.145518 0.838277 0
0  -0.003943 0.027281 0.092357  0.000001 0.002203 0.999998  0.145088 0.838603 0
Material_0
0  -0.004719 0.025155 0.092357  -0.000000 0.002105 0.999998  0.145518 0.838277 0
0  0.005707 0.025155 0.092357  0.000001 0.002153 0.999998  0.140273 0.838277 0
0  -0.003943 0.027281 0.092357  0.000001 0.002203 0.999998  0.145088 0.838603 0
Material_0
0  -0.003943 0.027281 0.092357  0.000001 0.002203 0.999998  0.145088 0.838603 0
0  0.005707 0.025155 0.092357  0.000001 0.002153 0.999998  0.140273 0.838277 0
0  0.005113 0.027318 0.092357  0.000001 0.002203 0.999998  0.140617 0.838603 0
Material_0
0  0.005113 0.027318 0.092357  0.000001 0.002203 0.999998  0.140617 0.838603 0
0  0.005707 0.025155 0.092357  0.000001 0.002153 0.999998  0.140273 0.838277 0
0  0.010423 0.027641 0.092357  0.000029 0.002181 0.999998  0.137952 0.838685 0
Material_0
0  0.005707 0.025155 0.092357  0.000001 0.002153 0.999998  0.140273 0.838277 0
0  0.015104 0.029620 0.092357  0.000002 0.002205 0.999998  0.135544 0.839011 0
0  0.010423 0.027641 0.092357  0.000029 0.002181 0.999998  0.137952 0.838685 0
Material_0
0  0.010423 0.027641 0.092357  0.000029 0.002181 0.999998  0.137952 0.838685 0
0  0.015104 0.029620 0.092357  0.000002 0.002205 0.999998  0.135544 0.839011 0
0  0.013899 0.031613 0.092357  0.000001 0.002205 0.999998  0.136146 0.839255 0
Material_0
0  0.005113 0.027318 0.092357  0.000001 0.002203 0.999998  0.140617 0.838603 0
0  0.001127 0.030841 0.092357  -0.000000 0.002206 0.999998  0.142595 0.839174 0
0  -0.003943 0.027281 0.092357  0.000001 0.002203 0.999998  0.145088 0.838603 0
Material_0
0  -0.003943 0.027281 0.092357  0.000001 0.002203 0.999998  0.145088 0.838603 0
0  0.001127 0.030841 0.092357  -0.000000 0.002206 0.999998  0.142595 0.839174 0
0  0.000010 0.030841 0.092357  -0.000001 0.002206 0.999998  0.143110 0.839174 0
Material_0
0  0.000010 0.030841 0.092357  -0.000001 0.002206 0.999998  0.143110 0.839174 0
0  0.001127 0.030841 0.092357  -0.000000 0.002206 0.999998  0.142595 0.839174 0
0  0.000274 0.036158 0.092357  -0.000001 0.002205 0.999998  0.143024 0.839989 0
Material_0
0  0.001127 0.030841 0.092357  -0.000000 0.002206 0.999998  0.142595 0.839174 0
0  0.000818 0.036165 0.092357  -0.000001 0.002205 0.999998  0.142767 0.839989 0
0  0.000274 0.036158 0.092357  -0.000001 0.002205 0.999998  0.143024 0.839989 0
Material_0
0  0.000274 0.036158 0.092357  -0.000001 0.002205 0.999998  0.143024 0.839989 0
0  0.000818 0.036165 0.092357  -0.000001 0.002205 0.999998  0.142767 0.839989 0
0  -0.003270 0.040108 0.092357  0.000000 0.002205 0.999998  0.144744 0.840641 0
Material_0
0  0.000818 0.036165 0.092357  -0.000001 0.002205 0.999998  0.142767 0.839989 0
0  0.004326 0.040255 0.092357  -0.000002 0.002205 0.999998  0.140961 0.840641 0
0  -0.003270 0.040108 0.092357  0.000000 0.002205 0.999998  0.144744 0.840641 0
Material_0
0  -0.003270 0.040108 0.092357  0.000000 0.002205 0.999998  0.144744 0.840641 0
0  0.004326 0.040255 0.092357  -0.000002 0.002205 0.999998  0.140961 0.840641 0
0  0.008876 0.046124 0.092357  0.000000 0.002205 0.999998  0.138726 0.841537 0
Material_0
0  0.004326 0.040255 0.092357  -0.000002 0.002205 0.999998  0.140961 0.840641 0
0  0.009588 0.040534 0.092357  0.000005 0.002205 0.999998  0.138296 0.840641 0
0  0.008876 0.046124 0.092357  0.000000 0.002205 0.999998  0.138726 0.841537 0
Material_0
0  0.007916 0.057340 0.136429  0.809073 -0.586727 0.033944  0.139156 0.843330 0
0  0.003329 0.054008 0.190213  0.309420 -0.950923 -0.001891  0.141477 0.842760 0
0  0.003329 0.054008 0.136429  0.309428 -0.950921 -0.001897  0.141477 0.842760 0
Material_0
0  0.003329 0.054008 0.136429  0.309428 -0.950921 -0.001897  0.141477 0.842760 0
0  0.003329 0.054008 0.190213  0.309420 -0.950923 -0.001891  0.141477 0.842760 0
0  -0.002340 0.054008 0.136429  -0.309416 -0.950925 -0.001849  0.144314 0.842760 0
Material_0
0  0.003329 0.054008 0.190213  0.309420 -0.950923 -0.001891  0.141477 0.842760 0
0  -0.002340 0.054008 0.190213  -0.309412 -0.950926 -0.001892  0.144314 0.842760 0
0  -0.002340 0.054008 0.136429  -0.309416 -0.950925 -0.001849  0.144314 0.842760 0
Material_0
0  -0.002340 0.054008 0.136429  -0.309416 -0.950925 -0.001849  0.144314 0.842760 0
0  -0.002340 0.054008 0.190213  -0.309412 -0.950926 -0.001892  0.144314 0.842760 0
0  -0.006926 0.057340 0.136429  -0.809070 -0.586732 -0.033939  0.146636 0.843330 0
Material_0
0  -0.002340 0.054008 0.190213  -0.309412 -0.950926 -0.001892  0.144314 0.842760 0
0  -0.006926 0.057340 0.193090  -0.809173 -0.586590 -0.033915  0.146636 0.843330 0
0  -0.006926 0.057340 0.136429  -0.809070 -0.586732 -0.033939  0.146636 0.843330 0
Material_0
0  -0.006926 0.057340 0.136429  -0.809070 -0.586732 -0.033939  0.146636 0.843330 0
0  -0.006926 0.057340 0.193090  -0.809173 -0.586590 -0.033915  0.146636 0.843330 0
0  -0.008678 0.062731 0.136429  -0.999998 0.002117 0.000000  0.147495 0.844145 0
Material_0
0  -0.006926 0.057340 0.193090  -0.809173 -0.586590 -0.033915  0.146636 0.843330 0
0  -0.008678 0.062731 0.197755  -0.999997 0.002378 0.000001  0.147495 0.844145 0
0  -0.008678 0.062731 0.136429  -0.999998 0.002117 0.000000  0.147495 0.844145 0
Material_0
0  -0.008678 0.062731 0.136429  -0.999998 0.002117 0.000000  0.147495 0.844145 0
0  -0.008678 0.062731 0.197755  -0.999997 0.002378 0.000001  0.147495 0.844145 0
0  -0.006926 0.068122 0.136429  -0.808992 0.586730 -0.035774  0.146636 0.844961 0
Material_0
0  -0.008678 0.062731 0.197755  -0.999997 0.002378 0.000001  0.147495 0.844145 0
0  -0.006926 0.068122 0.202410  -0.808884 0.586881 -0.035746  0.146636 0.844961 0
0  -0.006926 0.068122 0.136429  -0.808992 0.586730 -0.035774  0.146636 0.844961 0
Material_0
0  -0.006926 0.068122 0.136429  -0.808992 0.586730 -0.035774  0.146636 0.844961 0
0  -0.006926 0.068122 0.202410  -0.808884 0.586881 -0.035746  0.146636 0.844961 0
0  -0.002340 0.071453 0.136429  -0.309383 0.950936 0.001693  0.144314 0.845531 0
Material_0
0  -0.006926 0.068122 0.202410  -0.808884 0.586881 -0.035746  0.146636 0.844961 0
0  -0.002340 0.071453 0.205296  -0.309405 0.950928 0.001873  0.144314 0.845531 0
0  -0.002340 0.071453 0.136429  -0.309383 0.950936 0.001693  0.144314 0.845531 0
Material_0
0  -0.002340 0.071453 0.136429  -0.309383 0.950936 0.001693  0.144314 0.845531 0
0  -0.002340 0.071453 0.205296  -0.309405 0.950928 0.001873  0.144314 0.845531 0
0  0.003329 0.071453 0.136429  0.309376 0.950938 0.001665  0.141477 0.845531 0
Material_0
0  -0.002340 0.071453 0.205296  -0.309405 0.950928 0.001873  0.144314 0.845531 0
0  0.003329 0.071453 0.205296  0.309415 0.950925 0.001873  0.141477 0.845531 0
0  0.003329 0.071453 0.136429  0.309376 0.950938 0.001665  0.141477 0.845531 0
Material_0
0  0.003329 0.071453 0.205296  0.309415 0.950925 0.001873  0.141477 0.845531 0
0  0.007916 0.068122 0.202410  0.808711 0.586878 0.039504  0.139156 0.844961 0
0  0.003329 0.071453 0.136429  0.309376 0.950938 0.001665  0.141477 0.845531 0
Material_0
0  0.003329 0.071453 0.136429  0.309376 0.950938 0.001665  0.141477 0.845531 0
0  0.007916 0.068122 0.202410  0.808711 0.586878 0.039504  0.139156 0.844961 0
0  0.007916 0.068122 0.136429  0.808824 0.586719 0.039538  0.139156 0.844961 0
Material_0
0  0.007916 0.068122 0.202410  0.808711 0.586878 0.039504  0.139156 0.844961 0
0  0.009666 0.062731 0.197755  0.999998 -0.001976 0.000004  0.138296 0.844145 0
0  0.007916 0.068122 0.136429  0.808824 0.586719 0.039538  0.139156 0.844961 0
Material_0
0  0.007916 0.068122 0.136429  0.808824 0.586719 0.039538  0.139156 0.844961 0
0  0.009666 0.062731 0.197755  0.999998 -0.001976 0.000004  0.138296 0.844145 0
0  0.009666 0.062731 0.136429  0.999998 0.002010 -0.000000  0.138296 0.844145 0
Material_0
0  0.009666 0.062731 0.197755  0.999998 -0.001976 0.000004  0.138296 0.844145 0
0  0.007916 0.057340 0.193090  0.809187 -0.586572 -0.033903  0.139156 0.843330 0
0  0.009666 0.062731 0.136429  0.999998 0.002010 -0.000000  0.138296 0.844145 0
Material_0
0  0.009666 0.062731 0.136429  0.999998 0.002010 -0.000000  0.138296 0.844145 0
0  0.007916 0.057340 0.193090  0.809187 -0.586572 -0.033903  0.139156 0.843330 0
0  0.007916 0.057340 0.136429  0.809073 -0.586727 0.033944  0.139156 0.843330 0
Material_0
0  0.007916 0.057340 0.193090  0.809187 -0.586572 -0.033903  0.139156 0.843330 0
0  0.003329 0.054008 0.190213  0.309420 -0.950923 -0.001891  0.141477 0.842760 0
0  0.007916 0.057340 0.136429  0.809073 -0.586727 0.033944  0.139156 0.843330 0
Material_0
0  -0.002340 0.071453 0.212799  -0.309392 0.950933 0.001873  0.624583 0.841619 0
0  0.003329 0.071453 0.212799  0.309415 0.950925 0.001874  0.619855 0.841619 0
0  0.003329 0.071453 0.205296  0.309445 0.950916 0.001877  0.619855 0.841619 0
Material_0
0  0.003329 0.071453 0.212799  0.309415 0.950925 0.001874  0.619855 0.841619 0
0  0.007916 0.068122 0.209913  0.808715 0.586873 0.039494  0.615986 0.840967 0
0  0.003329 0.071453 0.205296  0.309445 0.950916 0.001877  0.619855 0.841619 0
Material_0
0  0.003329 0.071453 0.205296  0.309445 0.950916 0.001877  0.619855 0.841619 0
0  0.007916 0.068122 0.209913  0.808715 0.586873 0.039494  0.615986 0.840967 0
0  0.007916 0.068122 0.202410  0.808917 0.586594 0.039502  0.615986 0.840967 0
Material_0
0  0.007916 0.068122 0.209913  0.808715 0.586873 0.039494  0.615986 0.840967 0
0  0.009666 0.062731 0.205248  0.999997 0.002389 0.000001  0.614524 0.839907 0
0  0.007916 0.068122 0.202410  0.808917 0.586594 0.039502  0.615986 0.840967 0
Material_0
0  0.007916 0.068122 0.202410  0.808917 0.586594 0.039502  0.615986 0.840967 0
0  0.009666 0.062731 0.205248  0.999997 0.002389 0.000001  0.614524 0.839907 0
0  0.009666 0.062731 0.197755  0.999997 -0.002389 -0.000001  0.614524 0.839907 0
Material_0
0  0.009666 0.062731 0.205248  0.999997 0.002389 0.000001  0.614524 0.839907 0
0  0.007916 0.057340 0.200594  0.809187 -0.586573 0.033905  0.615986 0.838848 0
0  0.009666 0.062731 0.197755  0.999997 -0.002389 -0.000001  0.614524 0.839907 0
Material_0
0  0.009666 0.062731 0.197755  0.999997 -0.002389 -0.000001  0.614524 0.839907 0
0  0.007916 0.057340 0.200594  0.809187 -0.586573 0.033905  0.615986 0.838848 0
0  0.007916 0.057340 0.193090  0.808962 -0.586882 -0.033908  0.615986 0.838848 0
Material_0
0  0.007916 0.057340 0.200594  0.809187 -0.586573 0.033905  0.615986 0.838848 0
0  0.003329 0.054008 0.197707  0.309445 -0.950916 -0.001890  0.619855 0.838196 0
0  0.007916 0.057340 0.193090  0.808962 -0.586882 -0.033908  0.615986 0.838848 0
Material_0
0  0.007916 0.057340 0.193090  0.808962 -0.586882 -0.033908  0.615986 0.838848 0
0  0.003329 0.054008 0.197707  0.309445 -0.950916 -0.001890  0.619855 0.838196 0
0  0.003329 0.054008 0.190213  0.309394 -0.950932 -0.001892  0.619855 0.838196 0
Material_0
0  0.003329 0.054008 0.190213  0.309394 -0.950932 -0.001892  0.619855 0.838196 0
0  0.003329 0.054008 0.197707  0.309445 -0.950916 -0.001890  0.619855 0.838196 0
0  -0.002340 0.054008 0.190213  -0.309423 -0.950923 -0.001894  0.624583 0.838196 0
Material_0
0  0.003329 0.054008 0.197707  0.309445 -0.950916 -0.001890  0.619855 0.838196 0
0  -0.002340 0.054008 0.197707  -0.309443 -0.950916 -0.001891  0.624583 0.838196 0
0  -0.002340 0.054008 0.190213  -0.309423 -0.950923 -0.001894  0.624583 0.838196 0
Material_0
0  -0.002340 0.054008 0.190213  -0.309423 -0.950923 -0.001894  0.624583 0.838196 0
0  -0.002340 0.054008 0.197707  -0.309443 -0.950916 -0.001891  0.624583 0.838196 0
0  -0.006926 0.057340 0.193090  -0.808978 -0.586859 -0.033921  0.628452 0.838848 0
Material_0
0  -0.002340 0.054008 0.197707  -0.309443 -0.950916 -0.001891  0.624583 0.838196 0
0  -0.006926 0.057340 0.200594  -0.809176 -0.586587 -0.033914  0.628452 0.838848 0
0  -0.006926 0.057340 0.193090  -0.808978 -0.586859 -0.033921  0.628452 0.838848 0
Material_0
0  -0.006926 0.057340 0.193090  -0.808978 -0.586859 -0.033921  0.628452 0.838848 0
0  -0.006926 0.057340 0.200594  -0.809176 -0.586587 -0.033914  0.628452 0.838848 0
0  -0.008678 0.062731 0.197755  -0.999998 0.001987 -0.000012  0.629914 0.839907 0
Material_0
0  -0.006926 0.057340 0.200594  -0.809176 -0.586587 -0.033914  0.628452 0.838848 0
0  -0.008678 0.062731 0.205248  -0.999998 -0.001986 0.000012  0.629914 0.839907 0
0  -0.008678 0.062731 0.197755  -0.999998 0.001987 -0.000012  0.629914 0.839907 0
Material_0
0  -0.008678 0.062731 0.197755  -0.999998 0.001987 -0.000012  0.629914 0.839907 0
0  -0.008678 0.062731 0.205248  -0.999998 -0.001986 0.000012  0.629914 0.839907 0
0  -0.006926 0.068122 0.202410  -0.809098 0.586587 -0.035731  0.628452 0.840967 0
Material_0
0  -0.008678 0.062731 0.205248  -0.999998 -0.001986 0.000012  0.629914 0.839907 0
0  -0.006926 0.068122 0.209913  -0.808876 0.586893 -0.035736  0.628452 0.840967 0
0  -0.006926 0.068122 0.202410  -0.809098 0.586587 -0.035731  0.628452 0.840967 0
Material_0
0  -0.006926 0.068122 0.202410  -0.809098 0.586587 -0.035731  0.628452 0.840967 0
0  -0.006926 0.068122 0.209913  -0.808876 0.586893 -0.035736  0.628452 0.840967 0
0  -0.002340 0.071453 0.205296  -0.309443 0.950916 0.001877  0.624583 0.841619 0
Material_0
0  -0.006926 0.068122 0.209913  -0.808876 0.586893 -0.035736  0.628452 0.840967 0
0  -0.002340 0.071453 0.212799  -0.309392 0.950933 0.001873  0.624583 0.841619 0
0  -0.002340 0.071453 0.205296  -0.309443 0.950916 0.001877  0.624583 0.841619 0
Material_0
0  -0.002340 0.071453 0.205296  -0.309443 0.950916 0.001877  0.624583 0.841619 0
0  -0.002340 0.071453 0.212799  -0.309392 0.950933 0.001873  0.624583 0.841619 0
0  0.003329 0.071453 0.205296  0.309445 0.950916 0.001877  0.619855 0.841619 0
Material_0
0  0.003329 0.054008 0.208947  0.309407 -0.950928 -0.001893  0.619855 0.838196 0
0  -0.002340 0.054008 0.251768  -0.309423 -0.950923 -0.001875  0.624583 0.838196 0
0  -0.002340 0.054008 0.208947  -0.309414 -0.950925 -0.001893  0.624583 0.838196 0
Material_0
0  -0.002340 0.054008 0.208947  -0.309414 -0.950925 -0.001893  0.624583 0.838196 0
0  -0.002340 0.054008 0.251768  -0.309423 -0.950923 -0.001875  0.624583 0.838196 0
0  -0.006926 0.057340 0.211834  -0.808967 -0.586875 -0.033917  0.628452 0.838848 0
Material_0
0  -0.002340 0.054008 0.251768  -0.309423 -0.950923 -0.001875  0.624583 0.838196 0
0  -0.006926 0.057340 0.251768  -0.809074 -0.586725 -0.033967  0.628452 0.838848 0
0  -0.006926 0.057340 0.211834  -0.808967 -0.586875 -0.033917  0.628452 0.838848 0
Material_0
0  -0.006926 0.057340 0.211834  -0.808967 -0.586875 -0.033917  0.628452 0.838848 0
0  -0.006926 0.057340 0.251768  -0.809074 -0.586725 -0.033967  0.628452 0.838848 0
0  -0.008678 0.062731 0.216489  -0.999998 0.002000 -0.000001  0.629914 0.839907 0
Material_0
0  -0.006926 0.057340 0.251768  -0.809074 -0.586725 -0.033967  0.628452 0.838848 0
0  -0.008678 0.062731 0.251768  -0.999998 0.002177 0.000000  0.629914 0.839907 0
0  -0.008678 0.062731 0.216489  -0.999998 0.002000 -0.000001  0.629914 0.839907 0
Material_0
0  -0.008678 0.062731 0.216489  -0.999998 0.002000 -0.000001  0.629914 0.839907 0
0  -0.008678 0.062731 0.251768  -0.999998 0.002177 0.000000  0.629914 0.839907 0
0  -0.006926 0.068122 0.221153  -0.809093 0.586593 -0.035736  0.628452 0.840967 0
Material_0
0  -0.008678 0.062731 0.251768  -0.999998 0.002177 0.000000  0.629914 0.839907 0
0  -0.006926 0.068122 0.251768  -0.808994 0.586726 -0.035787  0.628452 0.840967 0
0  -0.006926 0.068122 0.221153  -0.809093 0.586593 -0.035736  0.628452 0.840967 0
Material_0
0  -0.006926 0.068122 0.221153  -0.809093 0.586593 -0.035736  0.628452 0.840967 0
0  -0.006926 0.068122 0.251768  -0.808994 0.586726 -0.035787  0.628452 0.840967 0
0  -0.002340 0.071453 0.224030  -0.309446 0.950915 0.001876  0.624583 0.841619 0
Material_0
0  -0.006926 0.068122 0.251768  -0.808994 0.586726 -0.035787  0.628452 0.840967 0
0  -0.002340 0.071453 0.251768  -0.309432 0.950920 0.001895  0.624583 0.841619 0
0  -0.002340 0.071453 0.224030  -0.309446 0.950915 0.001876  0.624583 0.841619 0
Material_0
0  -0.002340 0.071453 0.251768  -0.309432 0.950920 0.001895  0.624583 0.841619 0
0  0.003329 0.071453 0.251768  0.309398 0.950931 0.001754  0.619855 0.841619 0
0  -0.002340 0.071453 0.224030  -0.309446 0.950915 0.001876  0.624583 0.841619 0
Material_0
0  -0.002340 0.071453 0.224030  -0.309446 0.950915 0.001876  0.624583 0.841619 0
0  0.003329 0.071453 0.251768  0.309398 0.950931 0.001754  0.619855 0.841619 0
0  0.003329 0.071453 0.224030  0.309413 0.950926 0.001877  0.619855 0.841619 0
Material_0
0  0.003329 0.071453 0.251768  0.309398 0.950931 0.001754  0.619855 0.841619 0
0  0.007916 0.068122 0.251768  0.808995 0.586724 -0.035792  0.615986 0.840967 0
0  0.003329 0.071453 0.224030  0.309413 0.950926 0.001877  0.619855 0.841619 0
Material_0
0  0.003329 0.071453 0.224030  0.309413 0.950926 0.001877  0.619855 0.841619 0
0  0.007916 0.068122 0.251768  0.808995 0.586724 -0.035792  0.615986 0.840967 0
0  0.007916 0.068122 0.221153  0.809108 0.586573 -0.035736  0.615986 0.840967 0
Material_0
0  0.007916 0.068122 0.251768  0.808995 0.586724 -0.035792  0.615986 0.840967 0
0  0.009666 0.062731 0.251768  0.999998 0.002177 -0.000000  0.614524 0.839907 0
0  0.007916 0.068122 0.221153  0.809108 0.586573 -0.035736  0.615986 0.840967 0
Material_0
0  0.007916 0.068122 0.221153  0.809108 0.586573 -0.035736  0.615986 0.840967 0
0  0.009666 0.062731 0.251768  0.999998 0.002177 -0.000000  0.614524 0.839907 0
0  0.009666 0.062731 0.216489  0.999997 -0.002393 -0.000004  0.614524 0.839907 0
Material_0
0  0.009666 0.062731 0.251768  0.999998 0.002177 -0.000000  0.614524 0.839907 0
0  0.007916 0.057340 0.251768  0.809073 -0.586725 -0.033973  0.615986 0.838848 0
0  0.009666 0.062731 0.216489  0.999997 -0.002393 -0.000004  0.614524 0.839907 0
Material_0
0  0.009666 0.062731 0.216489  0.999997 -0.002393 -0.000004  0.614524 0.839907 0
0  0.007916 0.057340 0.251768  0.809073 -0.586725 -0.033973  0.615986 0.838848 0
0  0.007916 0.057340 0.211834  0.808981 -0.586856 -0.033917  0.615986 0.838848 0
Material_0
0  0.007916 0.057340 0.251768  0.809073 -0.586725 -0.033973  0.615986 0.838848 0
0  0.003329 0.054008 0.251768  0.309430 -0.950920 -0.001904  0.619855 0.838196 0
0  0.007916 0.057340 0.211834  0.808981 -0.586856 -0.033917  0.615986 0.838848 0
Material_0
0  0.007916 0.057340 0.211834  0.808981 -0.586856 -0.033917  0.615986 0.838848 0
0  0.003329 0.054008 0.251768  0.309430 -0.950920 -0.001904  0.619855 0.838196 0
0  0.003329 0.054008 0.208947  0.309407 -0.950928 -0.001893  0.619855 0.838196 0
Material_0
0  0.003329 0.054008 0.251768  0.309430 -0.950920 -0.001904  0.619855 0.838196 0
0  -0.002340 0.054008 0.251768  -0.309423 -0.950923 -0.001875  0.624583 0.838196 0
0  0.003329 0.054008 0.208947  0.309407 -0.950928 -0.001893  0.619855 0.838196 0
Material_0
0  -0.004264 0.066187 0.252734  0.711013 -0.513864 0.480004  0.145260 0.844716 0
0  -0.005388 0.062731 0.252734  0.878404 0.002180 0.477914  0.145862 0.844145 0
0  0.000495 0.062731 0.198261  -0.000107 -0.002129 0.999998  0.142853 0.844145 0
Material_0
0  -0.005388 0.062731 0.252734  0.878404 0.002180 0.477914  0.145862 0.844145 0
0  -0.004264 0.059274 0.252734  0.708253 0.513843 0.484090  0.145260 0.843575 0
0  0.000495 0.062731 0.198261  -0.000107 -0.002129 0.999998  0.142853 0.844145 0
Material_0
0  -0.004264 0.059274 0.252734  0.708253 0.513843 0.484090  0.145260 0.843575 0
0  -0.001324 0.057134 0.252734  0.270356 0.833489 0.481874  0.143798 0.843249 0
0  0.000495 0.062731 0.198261  -0.000107 -0.002129 0.999998  0.142853 0.844145 0
Material_0
0  -0.001324 0.057134 0.252734  0.270356 0.833489 0.481874  0.143798 0.843249 0
0  0.002312 0.057134 0.252734  -0.270311 0.833517 0.481853  0.141993 0.843249 0
0  0.000495 0.062731 0.198261  -0.000107 -0.002129 0.999998  0.142853 0.844145 0
Material_0
0  0.002312 0.057134 0.252734  -0.270311 0.833517 0.481853  0.141993 0.843249 0
0  0.005254 0.059274 0.252734  -0.708220 0.513875 0.484104  0.140531 0.843575 0
0  0.000495 0.062731 0.198261  -0.000107 -0.002129 0.999998  0.142853 0.844145 0
Material_0
0  0.005254 0.059274 0.252734  -0.708220 0.513875 0.484104  0.140531 0.843575 0
0  0.006377 0.062731 0.252734  -0.878404 0.002186 0.477915  0.139929 0.844145 0
0  0.000495 0.062731 0.198261  -0.000107 -0.002129 0.999998  0.142853 0.844145 0
Material_0
0  0.006377 0.062731 0.252734  -0.878404 0.002186 0.477915  0.139929 0.844145 0
0  0.005254 0.066187 0.252734  -0.711010 -0.513856 0.480018  0.140531 0.844716 0
0  0.000495 0.062731 0.198261  -0.000107 -0.002129 0.999998  0.142853 0.844145 0
Material_0
0  0.005254 0.066187 0.252734  -0.711010 -0.513856 0.480018  0.140531 0.844716 0
0  0.002312 0.068328 0.252734  -0.271421 -0.833493 0.481270  0.141993 0.845042 0
0  0.000495 0.062731 0.198261  -0.000107 -0.002129 0.999998  0.142853 0.844145 0
Material_0
0  0.002312 0.068328 0.252734  -0.271421 -0.833493 0.481270  0.141993 0.845042 0
0  -0.001324 0.068328 0.252734  0.271387 -0.833512 0.481256  0.143798 0.845042 0
0  0.000495 0.062731 0.198261  -0.000107 -0.002129 0.999998  0.142853 0.844145 0
Material_0
0  0.000495 0.062731 0.198261  -0.000107 -0.002129 0.999998  0.142853 0.844145 0
0  -0.001324 0.068328 0.252734  0.271387 -0.833512 0.481256  0.143798 0.845042 0
0  -0.004264 0.066187 0.252734  0.711013 -0.513864 0.480004  0.145260 0.844716 0
Material_0
0  -0.026693 0.047999 0.050826  -0.052838 0.002184 0.998601  0.609279 0.841863 0
0  -0.022300 0.058972 0.050922  -0.045302 0.023912 0.998687  0.607044 0.843575 0
0  -0.024001 0.059789 0.050826  -0.045277 0.024084 0.998684  0.607904 0.843738 0
Material_0
0  -0.024001 0.059789 0.050826  -0.045277 0.024084 0.998684  0.607904 0.843738 0
0  -0.022300 0.058972 0.050922  -0.045302 0.023912 0.998687  0.607044 0.843575 0
0  -0.016458 0.069254 0.050826  -0.037729 0.041501 0.998426  0.604121 0.845205 0
Material_0
0  -0.022300 0.058972 0.050922  -0.045302 0.023912 0.998687  0.607044 0.843575 0
0  -0.015281 0.067776 0.050922  -0.037737 0.041504 0.998425  0.603605 0.844961 0
0  -0.016458 0.069254 0.050826  -0.037729 0.041501 0.998426  0.604121 0.845205 0
Material_0
0  -0.016458 0.069254 0.050826  -0.037729 0.041501 0.998426  0.604121 0.845205 0
0  -0.015281 0.067776 0.050922  -0.037737 0.041504 0.998425  0.603605 0.844961 0
0  -0.005555 0.074498 0.050826  -0.011255 0.049348 0.998718  0.598704 0.846020 0
Material_0
0  -0.015281 0.067776 0.050922  -0.037737 0.041504 0.998425  0.603605 0.844961 0
0  -0.005137 0.072660 0.050922  -0.011301 0.049831 0.998694  0.598446 0.845694 0
0  -0.005555 0.074498 0.050826  -0.011255 0.049348 0.998718  0.598704 0.846020 0
Material_0
0  -0.005137 0.072660 0.050922  -0.011301 0.049831 0.998694  0.598446 0.845694 0
0  0.006123 0.072660 0.050922  0.011311 0.050015 0.998684  0.592858 0.845694 0
0  -0.005555 0.074498 0.050826  -0.011255 0.049348 0.998718  0.598704 0.846020 0
Material_0
0  -0.005555 0.074498 0.050826  -0.011255 0.049348 0.998718  0.598704 0.846020 0
0  0.006123 0.072660 0.050922  0.011311 0.050015 0.998684  0.592858 0.845694 0
0  0.006543 0.074498 0.050826  0.011295 0.049818 0.998694  0.592600 0.846020 0
Material_0
0  0.006123 0.072660 0.050922  0.011311 0.050015 0.998684  0.592858 0.845694 0
0  0.016267 0.067776 0.050922  0.037689 0.041487 0.998428  0.587699 0.844961 0
0  0.006543 0.074498 0.050826  0.011295 0.049818 0.998694  0.592600 0.846020 0
Material_0
0  0.006543 0.074498 0.050826  0.011295 0.049818 0.998694  0.592600 0.846020 0
0  0.016267 0.067776 0.050922  0.037689 0.041487 0.998428  0.587699 0.844961 0
0  0.017444 0.069254 0.050826  0.037729 0.041501 0.998426  0.587183 0.845205 0
Material_0
0  0.016267 0.067776 0.050922  0.037689 0.041487 0.998428  0.587699 0.844961 0
0  0.023288 0.058972 0.050922  0.045310 0.023868 0.998688  0.584260 0.843575 0
0  0.017444 0.069254 0.050826  0.037729 0.041501 0.998426  0.587183 0.845205 0
Material_0
0  0.017444 0.069254 0.050826  0.037729 0.041501 0.998426  0.587183 0.845205 0
0  0.023288 0.058972 0.050922  0.045310 0.023868 0.998688  0.584260 0.843575 0
0  0.024987 0.059789 0.050826  0.045312 0.023858 0.998688  0.583400 0.843738 0
Material_0
0  0.023288 0.058972 0.050922  0.045310 0.023868 0.998688  0.584260 0.843575 0
0  0.025792 0.047999 0.050922  0.052855 0.002200 0.998600  0.582970 0.841863 0
0  0.024987 0.059789 0.050826  0.045312 0.023858 0.998688  0.583400 0.843738 0
Material_0
0  0.024987 0.059789 0.050826  0.045312 0.023858 0.998688  0.583400 0.843738 0
0  0.025792 0.047999 0.050922  0.052855 0.002200 0.998600  0.582970 0.841863 0
0  0.027681 0.047999 0.050826  0.052784 0.002133 0.998604  0.582025 0.841863 0
Material_0
0  0.025792 0.047999 0.050922  0.052855 0.002200 0.998600  0.582970 0.841863 0
0  0.023288 0.037019 0.050922  0.045299 -0.023928 0.998687  0.584260 0.840152 0
0  0.027681 0.047999 0.050826  0.052784 0.002133 0.998604  0.582025 0.841863 0
Material_0
0  0.027681 0.047999 0.050826  0.052784 0.002133 0.998604  0.582025 0.841863 0
0  0.023288 0.037019 0.050922  0.045299 -0.023928 0.998687  0.584260 0.840152 0
0  0.024987 0.036202 0.050826  0.045278 -0.024058 0.998685  0.583400 0.839989 0
Material_0
0  0.023288 0.037019 0.050922  0.045299 -0.023928 0.998687  0.584260 0.840152 0
0  0.016267 0.028215 0.050922  0.037616 -0.041465 0.998432  0.587699 0.838766 0
0  0.024987 0.036202 0.050826  0.045278 -0.024058 0.998685  0.583400 0.839989 0
Material_0
0  0.024987 0.036202 0.050826  0.045278 -0.024058 0.998685  0.583400 0.839989 0
0  0.016267 0.028215 0.050922  0.037616 -0.041465 0.998432  0.587699 0.838766 0
0  0.017444 0.026744 0.050826  0.037626 -0.041467 0.998431  0.587183 0.838522 0
Material_0
0  0.016267 0.028215 0.050922  0.037616 -0.041465 0.998432  0.587699 0.838766 0
0  0.006123 0.023331 0.050922  0.011313 -0.050018 0.998684  0.592858 0.837951 0
0  0.017444 0.026744 0.050826  0.037626 -0.041467 0.998431  0.587183 0.838522 0
Material_0
0  0.017444 0.026744 0.050826  0.037626 -0.041467 0.998431  0.587183 0.838522 0
0  0.006123 0.023331 0.050922  0.011313 -0.050018 0.998684  0.592858 0.837951 0
0  0.006543 0.021493 0.050826  0.011326 -0.050205 0.998675  0.592600 0.837707 0
Material_0
0  0.006543 0.021493 0.050826  0.011326 -0.050205 0.998675  0.592600 0.837707 0
0  0.006123 0.023331 0.050922  0.011313 -0.050018 0.998684  0.592858 0.837951 0
0  -0.005555 0.021493 0.050826  -0.011287 -0.049689 0.998701  0.598704 0.837707 0
Material_0
0  0.006123 0.023331 0.050922  0.011313 -0.050018 0.998684  0.592858 0.837951 0
0  -0.005137 0.023331 0.050922  -0.011309 -0.049930 0.998689  0.598446 0.837951 0
0  -0.005555 0.021493 0.050826  -0.011287 -0.049689 0.998701  0.598704 0.837707 0
Material_0
0  -0.005555 0.021493 0.050826  -0.011287 -0.049689 0.998701  0.598704 0.837707 0
0  -0.005137 0.023331 0.050922  -0.011309 -0.049930 0.998689  0.598446 0.837951 0
0  -0.016458 0.026744 0.050826  -0.037719 -0.041494 0.998426  0.604121 0.838522 0
Material_0
0  -0.005137 0.023331 0.050922  -0.011309 -0.049930 0.998689  0.598446 0.837951 0
0  -0.015281 0.028215 0.050922  -0.037708 -0.041491 0.998427  0.603605 0.838766 0
0  -0.016458 0.026744 0.050826  -0.037719 -0.041494 0.998426  0.604121 0.838522 0
Material_0
0  -0.016458 0.026744 0.050826  -0.037719 -0.041494 0.998426  0.604121 0.838522 0
0  -0.015281 0.028215 0.050922  -0.037708 -0.041491 0.998427  0.603605 0.838766 0
0  -0.024001 0.036202 0.050826  -0.045309 -0.023849 0.998688  0.607904 0.839989 0
Material_0
0  -0.015281 0.028215 0.050922  -0.037708 -0.041491 0.998427  0.603605 0.838766 0
0  -0.022300 0.037019 0.050922  -0.045293 -0.023961 0.998686  0.607044 0.840152 0
0  -0.024001 0.036202 0.050826  -0.045309 -0.023849 0.998688  0.607904 0.839989 0
Material_0
0  -0.024001 0.036202 0.050826  -0.045309 -0.023849 0.998688  0.607904 0.839989 0
0  -0.022300 0.037019 0.050922  -0.045293 -0.023961 0.998686  0.607044 0.840152 0
0  -0.026693 0.047999 0.050826  -0.052838 0.002184 0.998601  0.609279 0.841863 0
Material_0
0  -0.022300 0.037019 0.050922  -0.045293 -0.023961 0.998686  0.607044 0.840152 0
0  -0.024806 0.047999 0.050922  -0.052802 0.002150 0.998603  0.608334 0.841863 0
0  -0.026693 0.047999 0.050826  -0.052838 0.002184 0.998601  0.609279 0.841863 0
Material_0
0  -0.026693 0.047999 0.050826  -0.052838 0.002184 0.998601  0.609279 0.841863 0
0  -0.024806 0.047999 0.050922  -0.052802 0.002150 0.998603  0.608334 0.841863 0
0  -0.022300 0.058972 0.050922  -0.045302 0.023912 0.998687  0.607044 0.843575 0
Material_0
0  0.014555 0.068600 0.056790  0.432466 0.900428 0.046936  0.135888 0.845042 0
0  0.016267 0.067776 0.050922  0.621609 0.782026 -0.045146  0.135029 0.844961 0
0  0.012374 0.069652 0.054869  0.432462 0.900427 0.046975  0.136920 0.845205 0
Material_0
0  0.012374 0.069652 0.054869  0.432462 0.900427 0.046975  0.136920 0.845205 0
0  0.016267 0.067776 0.050922  0.621609 0.782026 -0.045146  0.135029 0.844961 0
0  0.009854 0.070865 0.054860  0.432465 0.900428 0.046942  0.138210 0.845450 0
Material_0
0  0.016267 0.067776 0.050922  0.621609 0.782026 -0.045146  0.135029 0.844961 0
0  0.014555 0.068600 0.056790  0.432466 0.900428 0.046936  0.135888 0.845042 0
0  0.016267 0.067776 0.090665  0.621609 0.782025 -0.045149  0.135029 0.844961 0
Material_0
0  0.014555 0.068600 0.056790  0.432466 0.900428 0.046936  0.135888 0.845042 0
0  0.014555 0.068600 0.083066  0.432465 0.900426 0.046976  0.135888 0.845042 0
0  0.016267 0.067776 0.090665  0.621609 0.782025 -0.045149  0.135029 0.844961 0
Material_0
0  0.014555 0.068600 0.083066  0.432465 0.900426 0.046976  0.135888 0.845042 0
0  0.012374 0.069652 0.084729  0.432467 0.900426 0.046969  0.136920 0.845205 0
0  0.016267 0.067776 0.090665  0.621609 0.782025 -0.045149  0.135029 0.844961 0
Material_0
0  0.012374 0.069652 0.084729  0.432467 0.900426 0.046969  0.136920 0.845205 0
0  0.009854 0.070865 0.084729  0.432466 0.900426 0.046966  0.138210 0.845450 0
0  0.016267 0.067776 0.090665  0.621609 0.782025 -0.045149  0.135029 0.844961 0
Material_0
0  0.016267 0.067776 0.090665  0.621609 0.782025 -0.045149  0.135029 0.844961 0
0  0.009854 0.070865 0.084729  0.432466 0.900426 0.046966  0.138210 0.845450 0
0  0.006123 0.072660 0.090665  0.223014 0.974299 -0.031716  0.140101 0.845694 0
Material_0
0  0.009854 0.070865 0.084729  0.432466 0.900426 0.046966  0.138210 0.845450 0
0  0.007635 0.071931 0.083066  0.432466 0.900427 0.046953  0.139327 0.845613 0
0  0.006123 0.072660 0.090665  0.223014 0.974299 -0.031716  0.140101 0.845694 0
Material_0
0  0.006123 0.072660 0.090665  0.223014 0.974299 -0.031716  0.140101 0.845694 0
0  0.007635 0.071931 0.083066  0.432466 0.900427 0.046953  0.139327 0.845613 0
0  0.006123 0.072660 0.050922  0.223012 0.974300 -0.031710  0.140101 0.845694 0
Material_0
0  0.007635 0.071931 0.083066  0.432466 0.900427 0.046953  0.139327 0.845613 0
0  0.007635 0.071931 0.056790  0.432469 0.900425 0.046954  0.139327 0.845613 0
0  0.006123 0.072660 0.050922  0.223012 0.974300 -0.031710  0.140101 0.845694 0
Material_0
0  0.007635 0.071931 0.056790  0.432469 0.900425 0.046954  0.139327 0.845613 0
0  0.009854 0.070865 0.054860  0.432465 0.900428 0.046942  0.138210 0.845450 0
0  0.006123 0.072660 0.050922  0.223012 0.974300 -0.031710  0.140101 0.845694 0
Material_0
0  0.006123 0.072660 0.050922  0.223012 0.974300 -0.031710  0.140101 0.845694 0
0  0.009854 0.070865 0.054860  0.432465 0.900428 0.046942  0.138210 0.845450 0
0  0.016267 0.067776 0.050922  0.621609 0.782026 -0.045146  0.135029 0.844961 0
Material_0
0  0.006123 0.072660 0.090665  0.223014 0.974299 -0.031716  0.140101 0.845694 0
0  0.006123 0.072660 0.050922  0.223012 0.974300 -0.031710  0.140101 0.845694 0
0  -0.005137 0.072660 0.090665  -0.223015 0.974298 -0.031732  0.145690 0.845694 0
Material_0
0  0.006123 0.072660 0.050922  0.223012 0.974300 -0.031710  0.140101 0.845694 0
0  -0.005137 0.072660 0.050922  -0.223014 0.974300 -0.031693  0.145690 0.845694 0
0  -0.005137 0.072660 0.090665  -0.223015 0.974298 -0.031732  0.145690 0.845694 0
Material_0
0  -0.005137 0.072660 0.090665  -0.223015 0.974298 -0.031732  0.145690 0.845694 0
0  -0.005137 0.072660 0.050922  -0.223014 0.974300 -0.031693  0.145690 0.845694 0
0  -0.006883 0.071821 0.056790  -0.433115 0.898518 0.071250  0.146636 0.845613 0
Material_0
0  -0.005137 0.072660 0.050922  -0.223014 0.974300 -0.031693  0.145690 0.845694 0
0  -0.009057 0.070777 0.054869  -0.433116 0.898518 0.071245  0.147667 0.845450 0
0  -0.006883 0.071821 0.056790  -0.433115 0.898518 0.071250  0.146636 0.845613 0
Material_0
0  -0.006883 0.071821 0.056790  -0.433115 0.898518 0.071250  0.146636 0.845613 0
0  -0.006883 0.071821 0.083066  -0.433114 0.898517 0.071268  0.146636 0.845613 0
0  -0.005137 0.072660 0.090665  -0.223015 0.974298 -0.031732  0.145690 0.845694 0
Material_0
0  -0.006883 0.071821 0.083066  -0.433114 0.898517 0.071268  0.146636 0.845613 0
0  -0.009057 0.070777 0.084720  -0.433111 0.898519 0.071269  0.147667 0.845450 0
0  -0.005137 0.072660 0.090665  -0.223015 0.974298 -0.031732  0.145690 0.845694 0
Material_0
0  -0.005137 0.072660 0.090665  -0.223015 0.974298 -0.031732  0.145690 0.845694 0
0  -0.009057 0.070777 0.084720  -0.433111 0.898519 0.071269  0.147667 0.845450 0
0  -0.015281 0.067776 0.090665  -0.621611 0.782025 -0.045137  0.150848 0.844961 0
Material_0
0  -0.009057 0.070777 0.084720  -0.433111 0.898519 0.071269  0.147667 0.845450 0
0  -0.011577 0.069556 0.084729  -0.433115 0.898517 0.071270  0.148957 0.845205 0
0  -0.015281 0.067776 0.090665  -0.621611 0.782025 -0.045137  0.150848 0.844961 0
Material_0
0  -0.011577 0.069556 0.084729  -0.433115 0.898517 0.071270  0.148957 0.845205 0
0  -0.013803 0.068489 0.083066  -0.433111 0.898520 0.071246  0.150075 0.845042 0
0  -0.015281 0.067776 0.090665  -0.621611 0.782025 -0.045137  0.150848 0.844961 0
Material_0
0  -0.015281 0.067776 0.090665  -0.621611 0.782025 -0.045137  0.150848 0.844961 0
0  -0.013803 0.068489 0.083066  -0.433111 0.898520 0.071246  0.150075 0.845042 0
0  -0.015281 0.067776 0.050922  -0.621609 0.782027 -0.045121  0.150848 0.844961 0
Material_0
0  -0.013803 0.068489 0.083066  -0.433111 0.898520 0.071246  0.150075 0.845042 0
0  -0.013803 0.068489 0.056790  -0.433116 0.898517 0.071263  0.150075 0.845042 0
0  -0.015281 0.067776 0.050922  -0.621609 0.782027 -0.045121  0.150848 0.844961 0
Material_0
0  -0.013803 0.068489 0.056790  -0.433116 0.898517 0.071263  0.150075 0.845042 0
0  -0.011577 0.069556 0.054860  -0.433114 0.898518 0.071261  0.148957 0.845205 0
0  -0.015281 0.067776 0.050922  -0.621609 0.782027 -0.045121  0.150848 0.844961 0
Material_0
0  -0.015281 0.067776 0.050922  -0.621609 0.782027 -0.045121  0.150848 0.844961 0
0  -0.011577 0.069556 0.054860  -0.433114 0.898518 0.071261  0.148957 0.845205 0
0  -0.005137 0.072660 0.050922  -0.223014 0.974300 -0.031693  0.145690 0.845694 0
Material_0
0  -0.011577 0.069556 0.054860  -0.433114 0.898518 0.071261  0.148957 0.845205 0
0  -0.009057 0.070777 0.054869  -0.433116 0.898518 0.071245  0.147667 0.845450 0
0  -0.005137 0.072660 0.050922  -0.223014 0.974300 -0.031693  0.145690 0.845694 0
Material_0
0  -0.015281 0.067776 0.090665  -0.621611 0.782025 -0.045137  0.150848 0.844961 0
0  -0.015281 0.067776 0.050922  -0.621609 0.782027 -0.045121  0.150848 0.844961 0
0  -0.022300 0.058972 0.090665  -0.900332 0.433041 -0.043320  0.154373 0.843575 0
Material_0
0  -0.015281 0.067776 0.050922  -0.621609 0.782027 -0.045121  0.150848 0.844961 0
0  -0.022300 0.058972 0.050922  -0.972394 0.223289 0.067761  0.154373 0.843575 0
0  -0.022300 0.058972 0.090665  -0.900332 0.433041 -0.043320  0.154373 0.843575 0
Material_0
0  -0.022300 0.058972 0.090665  -0.900332 0.433041 -0.043320  0.154373 0.843575 0
0  -0.022300 0.058972 0.050922  -0.972394 0.223289 0.067761  0.154373 0.843575 0
0  -0.022740 0.057045 0.056790  -0.972426 0.223128 0.067836  0.154545 0.843249 0
Material_0
0  -0.022300 0.058972 0.050922  -0.972394 0.223289 0.067761  0.154373 0.843575 0
0  -0.023276 0.054699 0.054869  -0.972429 0.223125 0.067801  0.154803 0.842923 0
0  -0.022740 0.057045 0.056790  -0.972426 0.223128 0.067836  0.154545 0.843249 0
Material_0
0  -0.022740 0.057045 0.056790  -0.972426 0.223128 0.067836  0.154545 0.843249 0
0  -0.022740 0.057045 0.083066  -0.972428 0.223129 0.067802  0.154545 0.843249 0
0  -0.022300 0.058972 0.090665  -0.900332 0.433041 -0.043320  0.154373 0.843575 0
Material_0
0  -0.022740 0.057045 0.083066  -0.972428 0.223129 0.067802  0.154545 0.843249 0
0  -0.023276 0.054699 0.084720  -0.972430 0.223125 0.067790  0.154803 0.842923 0
0  -0.022300 0.058972 0.090665  -0.900332 0.433041 -0.043320  0.154373 0.843575 0
Material_0
0  -0.022300 0.058972 0.090665  -0.900332 0.433041 -0.043320  0.154373 0.843575 0
0  -0.023276 0.054699 0.084720  -0.972430 0.223125 0.067790  0.154803 0.842923 0
0  -0.024806 0.047999 0.090665  -0.999998 0.002138 -0.000001  0.155577 0.841863 0
Material_0
0  -0.023276 0.054699 0.084720  -0.972430 0.223125 0.067790  0.154803 0.842923 0
0  -0.023898 0.051971 0.084729  -0.972426 0.223129 0.067833  0.155147 0.842434 0
0  -0.024806 0.047999 0.090665  -0.999998 0.002138 -0.000001  0.155577 0.841863 0
Material_0
0  -0.023898 0.051971 0.084729  -0.972426 0.223129 0.067833  0.155147 0.842434 0
0  -0.024449 0.049558 0.083066  -0.972429 0.223125 0.067799  0.155405 0.842108 0
0  -0.024806 0.047999 0.090665  -0.999998 0.002138 -0.000001  0.155577 0.841863 0
Material_0
0  -0.024449 0.049558 0.083066  -0.972429 0.223125 0.067799  0.155405 0.842108 0
0  -0.024449 0.049558 0.056790  -0.972427 0.223132 0.067801  0.155405 0.842108 0
0  -0.024806 0.047999 0.090665  -0.999998 0.002138 -0.000001  0.155577 0.841863 0
Material_0
0  -0.024806 0.047999 0.090665  -0.999998 0.002138 -0.000001  0.155577 0.841863 0
0  -0.024449 0.049558 0.056790  -0.972427 0.223132 0.067801  0.155405 0.842108 0
0  -0.024806 0.047999 0.050922  -0.999998 0.002156 0.000001  0.155577 0.841863 0
Material_0
0  -0.024449 0.049558 0.056790  -0.972427 0.223132 0.067801  0.155405 0.842108 0
0  -0.023898 0.051971 0.054860  -0.972427 0.223128 0.067813  0.155147 0.842434 0
0  -0.024806 0.047999 0.050922  -0.999998 0.002156 0.000001  0.155577 0.841863 0
Material_0
0  -0.024806 0.047999 0.050922  -0.999998 0.002156 0.000001  0.155577 0.841863 0
0  -0.023898 0.051971 0.054860  -0.972427 0.223128 0.067813  0.155147 0.842434 0
0  -0.022300 0.058972 0.050922  -0.972394 0.223289 0.067761  0.154373 0.843575 0
Material_0
0  -0.023898 0.051971 0.054860  -0.972427 0.223128 0.067813  0.155147 0.842434 0
0  -0.023276 0.054699 0.054869  -0.972429 0.223125 0.067801  0.154803 0.842923 0
0  -0.022300 0.058972 0.050922  -0.972394 0.223289 0.067761  0.154373 0.843575 0
Material_0
0  -0.024806 0.047999 0.050922  -0.999998 0.002156 0.000001  0.155577 0.841863 0
0  -0.022300 0.037019 0.050922  -0.900418 -0.433039 -0.041523  0.154373 0.840152 0
0  -0.024806 0.047999 0.090665  -0.999998 0.002138 -0.000001  0.155577 0.841863 0
Material_0
0  -0.024806 0.047999 0.090665  -0.999998 0.002138 -0.000001  0.155577 0.841863 0
0  -0.022300 0.037019 0.050922  -0.900418 -0.433039 -0.041523  0.154373 0.840152 0
0  -0.022300 0.037019 0.090665  -0.900415 -0.433046 -0.041526  0.154373 0.840152 0
Material_0
0  -0.022300 0.037019 0.050922  -0.900418 -0.433039 -0.041523  0.154373 0.840152 0
0  -0.021046 0.035445 0.056790  -0.782079 -0.621534 0.045256  0.153686 0.839907 0
0  -0.022300 0.037019 0.090665  -0.900415 -0.433046 -0.041526  0.154373 0.840152 0
Material_0
0  -0.021046 0.035445 0.056790  -0.782079 -0.621534 0.045256  0.153686 0.839907 0
0  -0.021046 0.035445 0.083066  -0.782077 -0.621535 0.045270  0.153686 0.839907 0
0  -0.022300 0.037019 0.090665  -0.900415 -0.433046 -0.041526  0.154373 0.840152 0
Material_0
0  -0.021046 0.035445 0.083066  -0.782077 -0.621535 0.045270  0.153686 0.839907 0
0  -0.019551 0.033569 0.084720  -0.782075 -0.621539 0.045260  0.152912 0.839581 0
0  -0.022300 0.037019 0.090665  -0.900415 -0.433046 -0.041526  0.154373 0.840152 0
Material_0
0  -0.022300 0.037019 0.090665  -0.900415 -0.433046 -0.041526  0.154373 0.840152 0
0  -0.019551 0.033569 0.084720  -0.782075 -0.621539 0.045260  0.152912 0.839581 0
0  -0.015281 0.028215 0.090665  -0.621317 -0.782021 -0.049079  0.150848 0.838766 0
Material_0
0  -0.019551 0.033569 0.084720  -0.782075 -0.621539 0.045260  0.152912 0.839581 0
0  -0.017805 0.031385 0.084729  -0.782075 -0.621538 0.045261  0.152052 0.839255 0
0  -0.015281 0.028215 0.090665  -0.621317 -0.782021 -0.049079  0.150848 0.838766 0
Material_0
0  -0.017805 0.031385 0.084729  -0.782075 -0.621538 0.045261  0.152052 0.839255 0
0  -0.016257 0.029436 0.083066  -0.782078 -0.621534 0.045271  0.151278 0.838929 0
0  -0.015281 0.028215 0.090665  -0.621317 -0.782021 -0.049079  0.150848 0.838766 0
Material_0
0  -0.016257 0.029436 0.083066  -0.782078 -0.621534 0.045271  0.151278 0.838929 0
0  -0.016257 0.029436 0.056790  -0.782076 -0.621538 0.045260  0.151278 0.838929 0
0  -0.015281 0.028215 0.090665  -0.621317 -0.782021 -0.049079  0.150848 0.838766 0
Material_0
0  -0.015281 0.028215 0.090665  -0.621317 -0.782021 -0.049079  0.150848 0.838766 0
0  -0.016257 0.029436 0.056790  -0.782076 -0.621538 0.045260  0.151278 0.838929 0
0  -0.015281 0.028215 0.050922  -0.621321 -0.782017 -0.049083  0.150848 0.838766 0
Material_0
0  -0.016257 0.029436 0.056790  -0.782076 -0.621538 0.045260  0.151278 0.838929 0
0  -0.017805 0.031385 0.054860  -0.782076 -0.621538 0.045248  0.152052 0.839255 0
0  -0.015281 0.028215 0.050922  -0.621321 -0.782017 -0.049083  0.150848 0.838766 0
Material_0
0  -0.015281 0.028215 0.050922  -0.621321 -0.782017 -0.049083  0.150848 0.838766 0
0  -0.017805 0.031385 0.054860  -0.782076 -0.621538 0.045248  0.152052 0.839255 0
0  -0.022300 0.037019 0.050922  -0.900418 -0.433039 -0.041523  0.154373 0.840152 0
Material_0
0  -0.017805 0.031385 0.054860  -0.782076 -0.621538 0.045248  0.152052 0.839255 0
0  -0.019551 0.033569 0.054869  -0.782071 -0.621542 0.045272  0.152912 0.839581 0
0  -0.022300 0.037019 0.050922  -0.900418 -0.433039 -0.041523  0.154373 0.840152 0
Material_0
0  -0.022300 0.037019 0.050922  -0.900418 -0.433039 -0.041523  0.154373 0.840152 0
0  -0.019551 0.033569 0.054869  -0.782071 -0.621542 0.045272  0.152912 0.839581 0
0  -0.021046 0.035445 0.056790  -0.782079 -0.621534 0.045256  0.153686 0.839907 0
Material_0
0  -0.015281 0.028215 0.050922  -0.621321 -0.782017 -0.049083  0.150848 0.838766 0
0  -0.005137 0.023331 0.050922  -0.223472 -0.974299 -0.028317  0.145690 0.837951 0
0  -0.015281 0.028215 0.090665  -0.621317 -0.782021 -0.049079  0.150848 0.838766 0
Material_0
0  -0.015281 0.028215 0.090665  -0.621317 -0.782021 -0.049079  0.150848 0.838766 0
0  -0.005137 0.023331 0.050922  -0.223472 -0.974299 -0.028317  0.145690 0.837951 0
0  -0.005137 0.023331 0.090665  -0.223466 -0.974301 -0.028287  0.145690 0.837951 0
Material_0
0  -0.005137 0.023331 0.050922  -0.223472 -0.974299 -0.028317  0.145690 0.837951 0
0  -0.003347 0.023331 0.056790  -0.000000 -0.998130 0.061131  0.144830 0.837951 0
0  -0.005137 0.023331 0.090665  -0.223466 -0.974301 -0.028287  0.145690 0.837951 0
Material_0
0  -0.003347 0.023331 0.056790  -0.000000 -0.998130 0.061131  0.144830 0.837951 0
0  -0.003347 0.023331 0.083066  -0.000003 -0.998130 0.061131  0.144830 0.837951 0
0  -0.005137 0.023331 0.090665  -0.223466 -0.974301 -0.028287  0.145690 0.837951 0
Material_0
0  -0.003347 0.023331 0.083066  -0.000003 -0.998130 0.061131  0.144830 0.837951 0
0  -0.000904 0.023331 0.084729  0.000002 -0.998130 0.061131  0.143626 0.837951 0
0  -0.005137 0.023331 0.090665  -0.223466 -0.974301 -0.028287  0.145690 0.837951 0
Material_0
0  -0.000904 0.023331 0.084729  0.000002 -0.998130 0.061131  0.143626 0.837951 0
0  0.001892 0.023331 0.084729  -0.000003 -0.998130 0.061132  0.142165 0.837951 0
0  -0.005137 0.023331 0.090665  -0.223466 -0.974301 -0.028287  0.145690 0.837951 0
Material_0
0  -0.005137 0.023331 0.090665  -0.223466 -0.974301 -0.028287  0.145690 0.837951 0
0  0.001892 0.023331 0.084729  -0.000003 -0.998130 0.061132  0.142165 0.837951 0
0  0.006123 0.023331 0.090665  0.223473 -0.974300 -0.028287  0.140101 0.837951 0
Material_0
0  0.001892 0.023331 0.084729  -0.000003 -0.998130 0.061132  0.142165 0.837951 0
0  0.004333 0.023331 0.083066  0.000002 -0.998130 0.061132  0.140961 0.837951 0
0  0.006123 0.023331 0.090665  0.223473 -0.974300 -0.028287  0.140101 0.837951 0
Material_0
0  0.004333 0.023331 0.083066  0.000002 -0.998130 0.061132  0.140961 0.837951 0
0  0.004333 0.023331 0.056790  -0.000002 -0.998130 0.061131  0.140961 0.837951 0
0  0.006123 0.023331 0.090665  0.223473 -0.974300 -0.028287  0.140101 0.837951 0
Material_0
0  0.006123 0.023331 0.090665  0.223473 -0.974300 -0.028287  0.140101 0.837951 0
0  0.004333 0.023331 0.056790  -0.000002 -0.998130 0.061131  0.140961 0.837951 0
0  0.006123 0.023331 0.050922  0.223471 -0.974300 -0.028300  0.140101 0.837951 0
Material_0
0  0.004333 0.023331 0.056790  -0.000002 -0.998130 0.061131  0.140961 0.837951 0
0  0.001892 0.023331 0.054860  -0.000002 -0.998130 0.061131  0.142165 0.837951 0
0  0.006123 0.023331 0.050922  0.223471 -0.974300 -0.028300  0.140101 0.837951 0
Material_0
0  0.006123 0.023331 0.050922  0.223471 -0.974300 -0.028300  0.140101 0.837951 0
0  0.001892 0.023331 0.054860  -0.000002 -0.998130 0.061131  0.142165 0.837951 0
0  -0.005137 0.023331 0.050922  -0.223472 -0.974299 -0.028317  0.145690 0.837951 0
Material_0
0  0.001892 0.023331 0.054860  -0.000002 -0.998130 0.061131  0.142165 0.837951 0
0  -0.000904 0.023331 0.054860  0.000001 -0.998130 0.061130  0.143626 0.837951 0
0  -0.005137 0.023331 0.050922  -0.223472 -0.974299 -0.028317  0.145690 0.837951 0
Material_0
0  -0.005137 0.023331 0.050922  -0.223472 -0.974299 -0.028317  0.145690 0.837951 0
0  -0.000904 0.023331 0.054860  0.000001 -0.998130 0.061130  0.143626 0.837951 0
0  -0.003347 0.023331 0.056790  -0.000000 -0.998130 0.061131  0.144830 0.837951 0
Material_0
0  0.006123 0.023331 0.090665  0.223473 -0.974300 -0.028287  0.140101 0.837951 0
0  0.006123 0.023331 0.050922  0.223471 -0.974300 -0.028300  0.140101 0.837951 0
0  0.016267 0.028215 0.090665  0.621307 -0.782029 -0.049069  0.135029 0.838766 0
Material_0
0  0.006123 0.023331 0.050922  0.223471 -0.974300 -0.028300  0.140101 0.837951 0
0  0.016267 0.028215 0.050922  0.621310 -0.782026 -0.049071  0.135029 0.838766 0
0  0.016267 0.028215 0.090665  0.621307 -0.782029 -0.049069  0.135029 0.838766 0
Material_0
0  0.016267 0.028215 0.090665  0.621307 -0.782029 -0.049069  0.135029 0.838766 0
0  0.016267 0.028215 0.050922  0.621310 -0.782026 -0.049071  0.135029 0.838766 0
0  0.017407 0.029642 0.056790  0.782075 -0.621538 0.045260  0.134427 0.839011 0
Material_0
0  0.017407 0.029642 0.056790  0.782075 -0.621538 0.045260  0.134427 0.839011 0
0  0.016267 0.028215 0.050922  0.621310 -0.782026 -0.049071  0.135029 0.838766 0
0  0.018924 0.031547 0.054860  0.782074 -0.621539 0.045267  0.133653 0.839255 0
Material_0
0  0.018924 0.031547 0.054860  0.782074 -0.621539 0.045267  0.133653 0.839255 0
0  0.016267 0.028215 0.050922  0.621310 -0.782026 -0.049071  0.135029 0.838766 0
0  0.020670 0.033738 0.054860  0.778162 -0.621542 0.090279  0.132793 0.839581 0
Material_0
0  0.016267 0.028215 0.050922  0.621310 -0.782026 -0.049071  0.135029 0.838766 0
0  0.023288 0.037019 0.050922  0.900418 -0.433040 -0.041515  0.131504 0.840152 0
0  0.020670 0.033738 0.054860  0.778162 -0.621542 0.090279  0.132793 0.839581 0
Material_0
0  0.020670 0.033738 0.054860  0.778162 -0.621542 0.090279  0.132793 0.839581 0
0  0.023288 0.037019 0.050922  0.900418 -0.433040 -0.041515  0.131504 0.840152 0
0  0.022196 0.035651 0.056790  0.778153 -0.621539 0.090377  0.132019 0.839907 0
Material_0
0  0.023288 0.037019 0.050922  0.900418 -0.433040 -0.041515  0.131504 0.840152 0
0  0.023288 0.037019 0.090665  0.900419 -0.433040 -0.041490  0.131504 0.840152 0
0  0.022196 0.035651 0.056790  0.778153 -0.621539 0.090377  0.132019 0.839907 0
Material_0
0  0.022196 0.035651 0.056790  0.778153 -0.621539 0.090377  0.132019 0.839907 0
0  0.023288 0.037019 0.090665  0.900419 -0.433040 -0.041490  0.131504 0.840152 0
0  0.022196 0.035651 0.083066  0.778154 -0.621541 0.090344  0.132019 0.839907 0
Material_0
0  0.022196 0.035651 0.083066  0.778154 -0.621541 0.090344  0.132019 0.839907 0
0  0.023288 0.037019 0.090665  0.900419 -0.433040 -0.041490  0.131504 0.840152 0
0  0.020670 0.033738 0.084729  0.778157 -0.621543 0.090310  0.132793 0.839581 0
Material_0
0  0.023288 0.037019 0.090665  0.900419 -0.433040 -0.041490  0.131504 0.840152 0
0  0.016267 0.028215 0.090665  0.621307 -0.782029 -0.049069  0.135029 0.838766 0
0  0.020670 0.033738 0.084729  0.778157 -0.621543 0.090310  0.132793 0.839581 0
Material_0
0  0.020670 0.033738 0.084729  0.778157 -0.621543 0.090310  0.132793 0.839581 0
0  0.016267 0.028215 0.090665  0.621307 -0.782029 -0.049069  0.135029 0.838766 0
0  0.018924 0.031547 0.084729  0.778154 -0.621538 0.090371  0.133653 0.839255 0
Material_0
0  0.018924 0.031547 0.084729  0.778154 -0.621538 0.090371  0.133653 0.839255 0
0  0.016267 0.028215 0.090665  0.621307 -0.782029 -0.049069  0.135029 0.838766 0
0  0.017407 0.029642 0.083066  0.778154 -0.621539 0.090363  0.134427 0.839011 0
Material_0
0  0.016267 0.028215 0.090665  0.621307 -0.782029 -0.049069  0.135029 0.838766 0
0  0.017407 0.029642 0.056790  0.782075 -0.621538 0.045260  0.134427 0.839011 0
0  0.017407 0.029642 0.083066  0.778154 -0.621539 0.090363  0.134427 0.839011 0
Material_0
0  0.023288 0.037019 0.050922  0.900418 -0.433040 -0.041515  0.131504 0.840152 0
0  0.025792 0.047999 0.050922  0.999998 0.002031 -0.000006  0.130214 0.841863 0
0  0.023288 0.037019 0.090665  0.900419 -0.433040 -0.041490  0.131504 0.840152 0
Material_0
0  0.023288 0.037019 0.090665  0.900419 -0.433040 -0.041490  0.131504 0.840152 0
0  0.025792 0.047999 0.050922  0.999998 0.002031 -0.000006  0.130214 0.841863 0
0  0.025792 0.047999 0.090665  0.999998 0.001964 0.000004  0.130214 0.841863 0
Material_0
0  0.025792 0.047999 0.050922  0.999998 0.002031 -0.000006  0.130214 0.841863 0
0  0.025379 0.049816 0.056790  0.972428 0.223131 0.067792  0.130386 0.842108 0
0  0.025792 0.047999 0.090665  0.999998 0.001964 0.000004  0.130214 0.841863 0
Material_0
0  0.025792 0.047999 0.090665  0.999998 0.001964 0.000004  0.130214 0.841863 0
0  0.025379 0.049816 0.056790  0.972428 0.223131 0.067792  0.130386 0.842108 0
0  0.025379 0.049816 0.083066  0.972426 0.223131 0.067826  0.130386 0.842108 0
Material_0
0  0.025379 0.049816 0.056790  0.972428 0.223131 0.067792  0.130386 0.842108 0
0  0.025792 0.047999 0.050922  0.999998 0.002031 -0.000006  0.130214 0.841863 0
0  0.024840 0.052177 0.054869  0.972427 0.223130 0.067816  0.130644 0.842515 0
Material_0
0  0.025792 0.047999 0.050922  0.999998 0.002031 -0.000006  0.130214 0.841863 0
0  0.023288 0.058972 0.050922  0.900331 0.433040 -0.043356  0.131504 0.843575 0
0  0.024840 0.052177 0.054869  0.972427 0.223130 0.067816  0.130644 0.842515 0
Material_0
0  0.024840 0.052177 0.054869  0.972427 0.223130 0.067816  0.130644 0.842515 0
0  0.023288 0.058972 0.050922  0.900331 0.433040 -0.043356  0.131504 0.843575 0
0  0.024216 0.054905 0.054860  0.972427 0.223128 0.067817  0.130988 0.842923 0
Material_0
0  0.024216 0.054905 0.054860  0.972427 0.223128 0.067817  0.130988 0.842923 0
0  0.023288 0.058972 0.050922  0.900331 0.433040 -0.043356  0.131504 0.843575 0
0  0.023670 0.057303 0.056790  0.972427 0.223129 0.067815  0.131246 0.843330 0
Material_0
0  0.023288 0.058972 0.050922  0.900331 0.433040 -0.043356  0.131504 0.843575 0
0  0.023288 0.058972 0.090665  0.900332 0.433042 -0.043322  0.131504 0.843575 0
0  0.023670 0.057303 0.056790  0.972427 0.223129 0.067815  0.131246 0.843330 0
Material_0
0  0.023670 0.057303 0.056790  0.972427 0.223129 0.067815  0.131246 0.843330 0
0  0.023288 0.058972 0.090665  0.900332 0.433042 -0.043322  0.131504 0.843575 0
0  0.023670 0.057303 0.083066  0.972425 0.223133 0.067830  0.131246 0.843330 0
Material_0
0  0.023670 0.057303 0.083066  0.972425 0.223133 0.067830  0.131246 0.843330 0
0  0.023288 0.058972 0.090665  0.900332 0.433042 -0.043322  0.131504 0.843575 0
0  0.024216 0.054905 0.084729  0.972427 0.223126 0.067831  0.130988 0.842923 0
Material_0
0  0.023288 0.058972 0.090665  0.900332 0.433042 -0.043322  0.131504 0.843575 0
0  0.025792 0.047999 0.090665  0.999998 0.001964 0.000004  0.130214 0.841863 0
0  0.024216 0.054905 0.084729  0.972427 0.223126 0.067831  0.130988 0.842923 0
Material_0
0  0.024216 0.054905 0.084729  0.972427 0.223126 0.067831  0.130988 0.842923 0
0  0.025792 0.047999 0.090665  0.999998 0.001964 0.000004  0.130214 0.841863 0
0  0.024840 0.052177 0.084729  0.972428 0.223131 0.067791  0.130644 0.842515 0
Material_0
0  0.025792 0.047999 0.090665  0.999998 0.001964 0.000004  0.130214 0.841863 0
0  0.025379 0.049816 0.083066  0.972426 0.223131 0.067826  0.130386 0.842108 0
0  0.024840 0.052177 0.084729  0.972428 0.223131 0.067791  0.130644 0.842515 0
Material_0
0  0.023288 0.058972 0.050922  0.900331 0.433040 -0.043356  0.131504 0.843575 0
0  0.016267 0.067776 0.050922  0.621609 0.782026 -0.045146  0.135029 0.844961 0
0  0.023288 0.058972 0.090665  0.900332 0.433042 -0.043322  0.131504 0.843575 0
Material_0
0  0.016267 0.067776 0.050922  0.621609 0.782026 -0.045146  0.135029 0.844961 0
0  0.016267 0.067776 0.090665  0.621609 0.782025 -0.045149  0.135029 0.844961 0
0  0.023288 0.058972 0.090665  0.900332 0.433042 -0.043322  0.131504 0.843575 0
Material_0
0  0.025454 0.057752 0.046525  0.974323 0.223128 0.030141  0.583142 0.843330 0
0  0.026152 0.054685 0.043571  0.974323 0.223129 -0.030141  0.582798 0.842923 0
0  0.024987 0.059789 0.042635  0.900334 0.433035 -0.043356  0.583400 0.843738 0
Material_0
0  0.026152 0.054685 0.043571  0.974323 0.223129 -0.030141  0.582798 0.842923 0
0  0.026808 0.051816 0.043103  0.974322 0.223131 -0.030152  0.582454 0.842434 0
0  0.024987 0.059789 0.042635  0.900334 0.433035 -0.043356  0.583400 0.843738 0
Material_0
0  0.024987 0.059789 0.042635  0.900334 0.433035 -0.043356  0.583400 0.843738 0
0  0.026808 0.051816 0.043103  0.974322 0.223131 -0.030152  0.582454 0.842434 0
0  0.027681 0.047999 0.042635  0.999998 0.002009 0.000006  0.582025 0.841863 0
Material_0
0  0.026808 0.051816 0.043103  0.974322 0.223131 -0.030152  0.582454 0.842434 0
0  0.026808 0.051816 0.049937  0.974321 0.223132 0.030175  0.582454 0.842434 0
0  0.027681 0.047999 0.042635  0.999998 0.002009 0.000006  0.582025 0.841863 0
Material_0
0  0.027681 0.047999 0.042635  0.999998 0.002009 0.000006  0.582025 0.841863 0
0  0.026808 0.051816 0.049937  0.974321 0.223132 0.030175  0.582454 0.842434 0
0  0.027681 0.047999 0.050826  0.999998 0.002068 -0.000004  0.582025 0.841863 0
Material_0
0  0.027681 0.047999 0.050826  0.999998 0.002068 -0.000004  0.582025 0.841863 0
0  0.026808 0.051816 0.049937  0.974321 0.223132 0.030175  0.582454 0.842434 0
0  0.024987 0.059789 0.050826  0.900144 0.433040 0.047087  0.583400 0.843738 0
Material_0
0  0.026808 0.051816 0.049937  0.974321 0.223132 0.030175  0.582454 0.842434 0
0  0.026152 0.054685 0.049469  0.974321 0.223131 0.030177  0.582798 0.842923 0
0  0.024987 0.059789 0.050826  0.900144 0.433040 0.047087  0.583400 0.843738 0
Material_0
0  0.026152 0.054685 0.049469  0.974321 0.223131 0.030177  0.582798 0.842923 0
0  0.025454 0.057752 0.046525  0.974323 0.223128 0.030141  0.583142 0.843330 0
0  0.024987 0.059789 0.050826  0.900144 0.433040 0.047087  0.583400 0.843738 0
Material_0
0  0.025454 0.057752 0.046525  0.974323 0.223128 0.030141  0.583142 0.843330 0
0  0.024987 0.059789 0.042635  0.900334 0.433035 -0.043356  0.583400 0.843738 0
0  0.024987 0.059789 0.050826  0.900144 0.433040 0.047087  0.583400 0.843738 0
Material_0
0  0.024987 0.059789 0.050826  0.900144 0.433040 0.047087  0.583400 0.843738 0
0  0.024987 0.059789 0.042635  0.900334 0.433035 -0.043356  0.583400 0.843738 0
0  0.017444 0.069254 0.050826  0.621609 0.782028 -0.045109  0.587183 0.845205 0
Material_0
0  0.024987 0.059789 0.042635  0.900334 0.433035 -0.043356  0.583400 0.843738 0
0  0.017444 0.069254 0.042635  0.621613 0.782024 -0.045124  0.587183 0.845205 0
0  0.017444 0.069254 0.050826  0.621609 0.782028 -0.045109  0.587183 0.845205 0
Material_0
0  0.017444 0.069254 0.050826  0.621609 0.782028 -0.045109  0.587183 0.845205 0
0  0.017444 0.069254 0.042635  0.621613 0.782024 -0.045124  0.587183 0.845205 0
0  0.013667 0.071071 0.049928  0.432858 0.900425 -0.043223  0.589075 0.845450 0
Material_0
0  0.013667 0.071071 0.049928  0.432858 0.900425 -0.043223  0.589075 0.845450 0
0  0.017444 0.069254 0.042635  0.621613 0.782024 -0.045124  0.587183 0.845205 0
0  0.013667 0.071071 0.043113  0.433034 0.900152 0.046978  0.589075 0.845450 0
Material_0
0  0.017444 0.069254 0.042635  0.621613 0.782024 -0.045124  0.587183 0.845205 0
0  0.006543 0.074498 0.042635  0.223012 0.974299 -0.031720  0.592600 0.846020 0
0  0.013667 0.071071 0.043113  0.433034 0.900152 0.046978  0.589075 0.845450 0
Material_0
0  0.013667 0.071071 0.043113  0.433034 0.900152 0.046978  0.589075 0.845450 0
0  0.006543 0.074498 0.042635  0.223012 0.974299 -0.031720  0.592600 0.846020 0
0  0.011000 0.072358 0.043571  0.432468 0.900426 0.046952  0.590364 0.845694 0
Material_0
0  0.011000 0.072358 0.043571  0.432468 0.900426 0.046952  0.590364 0.845694 0
0  0.006543 0.074498 0.042635  0.223012 0.974299 -0.031720  0.592600 0.846020 0
0  0.008103 0.073748 0.046525  0.432854 0.900428 -0.043211  0.591826 0.845857 0
Material_0
0  0.006543 0.074498 0.042635  0.223012 0.974299 -0.031720  0.592600 0.846020 0
0  0.006543 0.074498 0.050826  0.223017 0.974298 -0.031718  0.592600 0.846020 0
0  0.008103 0.073748 0.046525  0.432854 0.900428 -0.043211  0.591826 0.845857 0
Material_0
0  0.008103 0.073748 0.046525  0.432854 0.900428 -0.043211  0.591826 0.845857 0
0  0.006543 0.074498 0.050826  0.223017 0.974298 -0.031718  0.592600 0.846020 0
0  0.011000 0.072358 0.049469  0.432869 0.900420 -0.043228  0.590364 0.845694 0
Material_0
0  0.011000 0.072358 0.049469  0.432869 0.900420 -0.043228  0.590364 0.845694 0
0  0.006543 0.074498 0.050826  0.223017 0.974298 -0.031718  0.592600 0.846020 0
0  0.013667 0.071071 0.049928  0.432858 0.900425 -0.043223  0.589075 0.845450 0
Material_0
0  0.006543 0.074498 0.050826  0.223017 0.974298 -0.031718  0.592600 0.846020 0
0  0.017444 0.069254 0.050826  0.621609 0.782028 -0.045109  0.587183 0.845205 0
0  0.013667 0.071071 0.049928  0.432858 0.900425 -0.043223  0.589075 0.845450 0
Material_0
0  0.027681 0.047999 0.042635  0.999998 0.002009 0.000006  0.582025 0.841863 0
0  0.027681 0.047999 0.050826  0.999998 0.002068 -0.000004  0.582025 0.841863 0
0  0.024987 0.036202 0.042635  0.900419 -0.433040 -0.041502  0.583400 0.839989 0
Material_0
0  0.006543 0.074498 0.050826  0.223017 0.974298 -0.031718  0.592600 0.846020 0
0  0.006543 0.074498 0.042635  0.223012 0.974299 -0.031720  0.592600 0.846020 0
0  -0.005555 0.074498 0.050826  -0.223507 0.974300 0.027990  0.598704 0.846020 0
Material_0
0  0.006543 0.074498 0.042635  0.223012 0.974299 -0.031720  0.592600 0.846020 0
0  -0.005555 0.074498 0.042635  -0.223012 0.974299 -0.031729  0.598704 0.846020 0
0  -0.005555 0.074498 0.050826  -0.223507 0.974300 0.027990  0.598704 0.846020 0
Material_0
0  -0.005555 0.074498 0.050826  -0.223507 0.974300 0.027990  0.598704 0.846020 0
0  -0.005555 0.074498 0.042635  -0.223012 0.974299 -0.031729  0.598704 0.846020 0
0  -0.007839 0.073402 0.050004  -0.432467 0.900427 0.046936  0.599822 0.845857 0
Material_0
0  -0.007839 0.073402 0.050004  -0.432467 0.900427 0.046936  0.599822 0.845857 0
0  -0.005555 0.074498 0.042635  -0.223012 0.974299 -0.031729  0.598704 0.846020 0
0  -0.007839 0.073402 0.043036  -0.432847 0.900431 -0.043211  0.599822 0.845857 0
Material_0
0  -0.005555 0.074498 0.042635  -0.223012 0.974299 -0.031729  0.598704 0.846020 0
0  -0.016458 0.069254 0.042635  -0.621611 0.782025 -0.045123  0.604121 0.845205 0
0  -0.007839 0.073402 0.043036  -0.432847 0.900431 -0.043211  0.599822 0.845857 0
Material_0
0  -0.007839 0.073402 0.043036  -0.432847 0.900431 -0.043211  0.599822 0.845857 0
0  -0.016458 0.069254 0.042635  -0.621611 0.782025 -0.045123  0.604121 0.845205 0
0  -0.010535 0.072101 0.043571  -0.432861 0.900425 -0.043208  0.601198 0.845613 0
Material_0
0  -0.010535 0.072101 0.043571  -0.432861 0.900425 -0.043208  0.601198 0.845613 0
0  -0.016458 0.069254 0.042635  -0.621611 0.782025 -0.045123  0.604121 0.845205 0
0  -0.013068 0.070887 0.046525  -0.432462 0.900429 0.046957  0.602487 0.845450 0
Material_0
0  -0.016458 0.069254 0.042635  -0.621611 0.782025 -0.045123  0.604121 0.845205 0
0  -0.016458 0.069254 0.050826  -0.621604 0.782031 -0.045120  0.604121 0.845205 0
0  -0.013068 0.070887 0.046525  -0.432462 0.900429 0.046957  0.602487 0.845450 0
Material_0
0  -0.013068 0.070887 0.046525  -0.432462 0.900429 0.046957  0.602487 0.845450 0
0  -0.016458 0.069254 0.050826  -0.621604 0.782031 -0.045120  0.604121 0.845205 0
0  -0.010535 0.072101 0.049469  -0.432464 0.900427 0.046976  0.601198 0.845613 0
Material_0
0  -0.010535 0.072101 0.049469  -0.432464 0.900427 0.046976  0.601198 0.845613 0
0  -0.016458 0.069254 0.050826  -0.621604 0.782031 -0.045120  0.604121 0.845205 0
0  -0.007839 0.073402 0.050004  -0.432467 0.900427 0.046936  0.599822 0.845857 0
Material_0
0  -0.016458 0.069254 0.050826  -0.621604 0.782031 -0.045120  0.604121 0.845205 0
0  -0.005555 0.074498 0.050826  -0.223507 0.974300 0.027990  0.598704 0.846020 0
0  -0.007839 0.073402 0.050004  -0.432467 0.900427 0.046936  0.599822 0.845857 0
Material_0
0  -0.016458 0.069254 0.050826  -0.621604 0.782031 -0.045120  0.604121 0.845205 0
0  -0.016458 0.069254 0.042635  -0.621611 0.782025 -0.045123  0.604121 0.845205 0
0  -0.024001 0.059789 0.050826  -0.900331 0.433040 -0.043352  0.607904 0.843738 0
Material_0
0  -0.016458 0.069254 0.042635  -0.621611 0.782025 -0.045123  0.604121 0.845205 0
0  -0.024001 0.059789 0.042635  -0.900332 0.433040 -0.043337  0.607904 0.843738 0
0  -0.024001 0.059789 0.050826  -0.900331 0.433040 -0.043352  0.607904 0.843738 0
Material_0
0  -0.024001 0.059789 0.050826  -0.900331 0.433040 -0.043352  0.607904 0.843738 0
0  -0.024001 0.059789 0.042635  -0.900332 0.433040 -0.043337  0.607904 0.843738 0
0  -0.024627 0.057045 0.049985  -0.974321 0.223133 0.030180  0.608248 0.843249 0
Material_0
0  -0.024627 0.057045 0.049985  -0.974321 0.223133 0.030180  0.608248 0.843249 0
0  -0.024001 0.059789 0.042635  -0.900332 0.433040 -0.043337  0.607904 0.843738 0
0  -0.024627 0.057045 0.043055  -0.974320 0.223134 -0.030188  0.608248 0.843249 0
Material_0
0  -0.024001 0.059789 0.042635  -0.900332 0.433040 -0.043337  0.607904 0.843738 0
0  -0.026693 0.047999 0.042635  -0.999998 0.002103 0.000003  0.609279 0.841863 0
0  -0.024627 0.057045 0.043055  -0.974320 0.223134 -0.030188  0.608248 0.843249 0
Material_0
0  -0.024627 0.057045 0.043055  -0.974320 0.223134 -0.030188  0.608248 0.843249 0
0  -0.026693 0.047999 0.042635  -0.999998 0.002103 0.000003  0.609279 0.841863 0
0  -0.025287 0.054155 0.043571  -0.974322 0.223129 -0.030176  0.608592 0.842841 0
Material_0
0  -0.025287 0.054155 0.043571  -0.974322 0.223129 -0.030176  0.608592 0.842841 0
0  -0.026693 0.047999 0.042635  -0.999998 0.002103 0.000003  0.609279 0.841863 0
0  -0.025926 0.051353 0.046525  -0.974324 0.223126 -0.030132  0.608935 0.842352 0
Material_0
0  -0.026693 0.047999 0.042635  -0.999998 0.002103 0.000003  0.609279 0.841863 0
0  -0.026693 0.047999 0.050826  -0.999998 0.002093 -0.000003  0.609279 0.841863 0
0  -0.025926 0.051353 0.046525  -0.974324 0.223126 -0.030132  0.608935 0.842352 0
Material_0
0  -0.025926 0.051353 0.046525  -0.974324 0.223126 -0.030132  0.608935 0.842352 0
0  -0.026693 0.047999 0.050826  -0.999998 0.002093 -0.000003  0.609279 0.841863 0
0  -0.025287 0.054155 0.049469  -0.974321 0.223137 -0.030140  0.608592 0.842841 0
Material_0
0  -0.025287 0.054155 0.049469  -0.974321 0.223137 -0.030140  0.608592 0.842841 0
0  -0.026693 0.047999 0.050826  -0.999998 0.002093 -0.000003  0.609279 0.841863 0
0  -0.024627 0.057045 0.049985  -0.974321 0.223133 0.030180  0.608248 0.843249 0
Material_0
0  -0.026693 0.047999 0.050826  -0.999998 0.002093 -0.000003  0.609279 0.841863 0
0  -0.024001 0.059789 0.050826  -0.900331 0.433040 -0.043352  0.607904 0.843738 0
0  -0.024627 0.057045 0.049985  -0.974321 0.223133 0.030180  0.608248 0.843249 0
Material_0
0  -0.026693 0.047999 0.050826  -0.999998 0.002093 -0.000003  0.609279 0.841863 0
0  -0.026693 0.047999 0.042635  -0.999998 0.002103 0.000003  0.609279 0.841863 0
0  -0.024001 0.036202 0.050826  -0.900419 -0.433042 0.041482  0.607904 0.839989 0
Material_0
0  -0.026693 0.047999 0.042635  -0.999998 0.002103 0.000003  0.609279 0.841863 0
0  -0.024001 0.036202 0.042635  -0.900419 -0.433039 -0.041512  0.607904 0.839989 0
0  -0.024001 0.036202 0.050826  -0.900419 -0.433042 0.041482  0.607904 0.839989 0
Material_0
0  -0.024001 0.036202 0.042635  -0.900419 -0.433039 -0.041512  0.607904 0.839989 0
0  -0.022071 0.033782 0.049975  -0.782077 -0.621538 0.045248  0.606958 0.839663 0
0  -0.024001 0.036202 0.050826  -0.900419 -0.433042 0.041482  0.607904 0.839989 0
Material_0
0  -0.024001 0.036202 0.050826  -0.900419 -0.433042 0.041482  0.607904 0.839989 0
0  -0.022071 0.033782 0.049975  -0.782077 -0.621538 0.045248  0.606958 0.839663 0
0  -0.016458 0.026744 0.050826  -0.621311 -0.782027 0.049057  0.604121 0.838522 0
Material_0
0  -0.022071 0.033782 0.049975  -0.782077 -0.621538 0.045248  0.606958 0.839663 0
0  -0.020233 0.031473 0.049469  -0.782071 -0.621543 0.045276  0.606012 0.839255 0
0  -0.016458 0.026744 0.050826  -0.621311 -0.782027 0.049057  0.604121 0.838522 0
Material_0
0  -0.020233 0.031473 0.049469  -0.782071 -0.621543 0.045276  0.606012 0.839255 0
0  -0.018403 0.029178 0.046525  -0.782078 -0.621534 0.045276  0.605152 0.838929 0
0  -0.016458 0.026744 0.050826  -0.621311 -0.782027 0.049057  0.604121 0.838522 0
Material_0
0  -0.016458 0.026744 0.050826  -0.621311 -0.782027 0.049057  0.604121 0.838522 0
0  -0.018403 0.029178 0.046525  -0.782078 -0.621534 0.045276  0.605152 0.838929 0
0  -0.016458 0.026744 0.042635  -0.621314 -0.782024 -0.049064  0.604121 0.838522 0
Material_0
0  -0.018403 0.029178 0.046525  -0.782078 -0.621534 0.045276  0.605152 0.838929 0
0  -0.020233 0.031473 0.043571  -0.782074 -0.621538 0.045277  0.606012 0.839255 0
0  -0.016458 0.026744 0.042635  -0.621314 -0.782024 -0.049064  0.604121 0.838522 0
Material_0
0  -0.020233 0.031473 0.043571  -0.782074 -0.621538 0.045277  0.606012 0.839255 0
0  -0.022071 0.033782 0.043065  -0.782079 -0.621536 0.045237  0.606958 0.839663 0
0  -0.016458 0.026744 0.042635  -0.621314 -0.782024 -0.049064  0.604121 0.838522 0
Material_0
0  -0.016458 0.026744 0.042635  -0.621314 -0.782024 -0.049064  0.604121 0.838522 0
0  -0.022071 0.033782 0.043065  -0.782079 -0.621536 0.045237  0.606958 0.839663 0
0  -0.024001 0.036202 0.042635  -0.900419 -0.433039 -0.041512  0.607904 0.839989 0
Material_0
0  -0.022071 0.033782 0.043065  -0.782079 -0.621536 0.045237  0.606958 0.839663 0
0  -0.022071 0.033782 0.049975  -0.782077 -0.621538 0.045248  0.606958 0.839663 0
0  -0.024001 0.036202 0.042635  -0.900419 -0.433039 -0.041512  0.607904 0.839989 0
Material_0
0  -0.016458 0.026744 0.042635  -0.621314 -0.782024 -0.049064  0.604121 0.838522 0
0  -0.005555 0.021493 0.042635  -0.223467 -0.974300 -0.028315  0.598704 0.837707 0
0  -0.016458 0.026744 0.050826  -0.621311 -0.782027 0.049057  0.604121 0.838522 0
Material_0
0  -0.016458 0.026744 0.050826  -0.621311 -0.782027 0.049057  0.604121 0.838522 0
0  -0.005555 0.021493 0.042635  -0.223467 -0.974300 -0.028315  0.598704 0.837707 0
0  -0.005555 0.021493 0.050826  -0.222966 -0.974299 0.032068  0.598704 0.837707 0
Material_0
0  -0.005555 0.021493 0.042635  -0.223467 -0.974300 -0.028315  0.598704 0.837707 0
0  -0.002185 0.021493 0.049966  -0.000000 -1.000000 -0.000000  0.596985 0.837707 0
0  -0.005555 0.021493 0.050826  -0.222966 -0.974299 0.032068  0.598704 0.837707 0
Material_0
0  -0.005555 0.021493 0.050826  -0.222966 -0.974299 0.032068  0.598704 0.837707 0
0  -0.002185 0.021493 0.049966  -0.000000 -1.000000 -0.000000  0.596985 0.837707 0
0  0.006543 0.021493 0.050826  0.222959 -0.974301 0.032046  0.592600 0.837707 0
Material_0
0  -0.002185 0.021493 0.049966  -0.000000 -1.000000 -0.000000  0.596985 0.837707 0
0  0.000755 0.021493 0.049469  -0.000000 -1.000000 0.000000  0.595523 0.837707 0
0  0.006543 0.021493 0.050826  0.222959 -0.974301 0.032046  0.592600 0.837707 0
Material_0
0  0.000755 0.021493 0.049469  -0.000000 -1.000000 0.000000  0.595523 0.837707 0
0  0.003754 0.021493 0.046525  0.000000 -1.000000 -0.000000  0.593975 0.837707 0
0  0.006543 0.021493 0.050826  0.222959 -0.974301 0.032046  0.592600 0.837707 0
Material_0
0  0.006543 0.021493 0.050826  0.222959 -0.974301 0.032046  0.592600 0.837707 0
0  0.003754 0.021493 0.046525  0.000000 -1.000000 -0.000000  0.593975 0.837707 0
0  0.006543 0.021493 0.042635  0.223477 -0.974298 -0.028308  0.592600 0.837707 0
Material_0
0  0.003754 0.021493 0.046525  0.000000 -1.000000 -0.000000  0.593975 0.837707 0
0  0.000755 0.021493 0.043571  -0.000000 -1.000000 0.000004  0.595523 0.837707 0
0  0.006543 0.021493 0.042635  0.223477 -0.974298 -0.028308  0.592600 0.837707 0
Material_0
0  0.000755 0.021493 0.043571  -0.000000 -1.000000 0.000004  0.595523 0.837707 0
0  -0.002185 0.021493 0.043084  0.000000 -1.000000 -0.000004  0.596985 0.837707 0
0  0.006543 0.021493 0.042635  0.223477 -0.974298 -0.028308  0.592600 0.837707 0
Material_0
0  0.006543 0.021493 0.042635  0.223477 -0.974298 -0.028308  0.592600 0.837707 0
0  -0.002185 0.021493 0.043084  0.000000 -1.000000 -0.000004  0.596985 0.837707 0
0  -0.005555 0.021493 0.042635  -0.223467 -0.974300 -0.028315  0.598704 0.837707 0
Material_0
0  -0.002185 0.021493 0.043084  0.000000 -1.000000 -0.000004  0.596985 0.837707 0
0  -0.002185 0.021493 0.049966  -0.000000 -1.000000 -0.000000  0.596985 0.837707 0
0  -0.005555 0.021493 0.042635  -0.223467 -0.974300 -0.028315  0.598704 0.837707 0
Material_0
0  0.006543 0.021493 0.042635  0.223477 -0.974298 -0.028308  0.592600 0.837707 0
0  0.017444 0.026744 0.042635  0.621305 -0.782029 -0.049093  0.587183 0.838522 0
0  0.006543 0.021493 0.050826  0.222959 -0.974301 0.032046  0.592600 0.837707 0
Material_0
0  0.006543 0.021493 0.050826  0.222959 -0.974301 0.032046  0.592600 0.837707 0
0  0.017444 0.026744 0.042635  0.621305 -0.782029 -0.049093  0.587183 0.838522 0
0  0.017444 0.026744 0.050826  0.621310 -0.782026 0.049083  0.587183 0.838522 0
Material_0
0  0.017444 0.026744 0.042635  0.621305 -0.782029 -0.049093  0.587183 0.838522 0
0  0.019717 0.029590 0.043094  0.782073 -0.621542 -0.045259  0.585980 0.838929 0
0  0.017444 0.026744 0.050826  0.621310 -0.782026 0.049083  0.587183 0.838522 0
Material_0
0  0.019717 0.029590 0.043094  0.782073 -0.621542 -0.045259  0.585980 0.838929 0
0  0.019717 0.029590 0.049947  0.782076 -0.621538 -0.045262  0.585980 0.838929 0
0  0.017444 0.026744 0.050826  0.621310 -0.782026 0.049083  0.587183 0.838522 0
Material_0
0  0.017444 0.026744 0.050826  0.621310 -0.782026 0.049083  0.587183 0.838522 0
0  0.019717 0.029590 0.049947  0.782076 -0.621538 -0.045262  0.585980 0.838929 0
0  0.024987 0.036202 0.050826  0.900421 -0.433035 0.041510  0.583400 0.839989 0
Material_0
0  0.019717 0.029590 0.049947  0.782076 -0.621538 -0.045262  0.585980 0.838929 0
0  0.021549 0.031885 0.049469  0.782078 -0.621536 0.045236  0.585120 0.839337 0
0  0.024987 0.036202 0.050826  0.900421 -0.433035 0.041510  0.583400 0.839989 0
Material_0
0  0.021549 0.031885 0.049469  0.782078 -0.621536 0.045236  0.585120 0.839337 0
0  0.023462 0.034290 0.046525  0.782077 -0.621536 0.045269  0.584174 0.839663 0
0  0.024987 0.036202 0.050826  0.900421 -0.433035 0.041510  0.583400 0.839989 0
Material_0
0  0.024987 0.036202 0.050826  0.900421 -0.433035 0.041510  0.583400 0.839989 0
0  0.023462 0.034290 0.046525  0.782077 -0.621536 0.045269  0.584174 0.839663 0
0  0.024987 0.036202 0.042635  0.900419 -0.433040 -0.041502  0.583400 0.839989 0
Material_0
0  0.023462 0.034290 0.046525  0.782077 -0.621536 0.045269  0.584174 0.839663 0
0  0.021549 0.031885 0.043571  0.782078 -0.621535 0.045261  0.585120 0.839337 0
0  0.024987 0.036202 0.042635  0.900419 -0.433040 -0.041502  0.583400 0.839989 0
Material_0
0  0.021549 0.031885 0.043571  0.782078 -0.621535 0.045261  0.585120 0.839337 0
0  0.019717 0.029590 0.043094  0.782073 -0.621542 -0.045259  0.585980 0.838929 0
0  0.024987 0.036202 0.042635  0.900419 -0.433040 -0.041502  0.583400 0.839989 0
Material_0
0  0.024987 0.036202 0.042635  0.900419 -0.433040 -0.041502  0.583400 0.839989 0
0  0.019717 0.029590 0.043094  0.782073 -0.621542 -0.045259  0.585980 0.838929 0
0  0.017444 0.026744 0.042635  0.621305 -0.782029 -0.049093  0.587183 0.838522 0
Material_0
0  0.024987 0.036202 0.050826  0.900421 -0.433035 0.041510  0.583400 0.839989 0
0  0.024987 0.036202 0.042635  0.900419 -0.433040 -0.041502  0.583400 0.839989 0
0  0.027681 0.047999 0.050826  0.999998 0.002068 -0.000004  0.582025 0.841863 0
Material_0
0  -0.012576 0.064672 0.041994  -0.000001 0.002205 -0.999998  0.602229 0.844472 0
0  -0.006457 0.063694 0.041994  0.000000 0.002205 -0.999998  0.599134 0.844308 0
0  -0.007462 0.063209 0.041994  -0.000000 0.002205 -0.999998  0.599650 0.844227 0
Material_0
0  -0.007462 0.063209 0.041994  -0.000000 0.002205 -0.999998  0.599650 0.844227 0
0  -0.006457 0.063694 0.041994  0.000000 0.002205 -0.999998  0.599134 0.844308 0
0  -0.004774 0.058318 0.041994  0.000000 0.002205 -0.999998  0.598274 0.843493 0
Material_0
0  -0.006457 0.063694 0.041994  0.000000 0.002205 -0.999998  0.599134 0.844308 0
0  -0.004309 0.058538 0.041994  -0.000001 0.002205 -0.999998  0.598102 0.843493 0
0  -0.004774 0.058318 0.041994  0.000000 0.002205 -0.999998  0.598274 0.843493 0
Material_0
0  -0.004309 0.058538 0.041994  -0.000001 0.002205 -0.999998  0.598102 0.843493 0
0  0.000480 0.056626 0.041994  0.000001 0.002109 -0.999998  0.595695 0.843167 0
0  -0.004774 0.058318 0.041994  0.000000 0.002205 -0.999998  0.598274 0.843493 0
Material_0
0  -0.004774 0.058318 0.041994  0.000000 0.002205 -0.999998  0.598274 0.843493 0
0  0.000480 0.056626 0.041994  0.000001 0.002109 -0.999998  0.595695 0.843167 0
0  -0.006244 0.053302 0.041994  0.000001 0.002205 -0.999998  0.599048 0.842678 0
Material_0
0  0.000480 0.056626 0.041994  0.000001 0.002109 -0.999998  0.595695 0.843167 0
0  -0.008026 0.046028 0.041994  0.000000 0.002109 -0.999998  0.599908 0.841537 0
0  -0.006244 0.053302 0.041994  0.000001 0.002205 -0.999998  0.599048 0.842678 0
Material_0
0  -0.006244 0.053302 0.041994  0.000001 0.002205 -0.999998  0.599048 0.842678 0
0  -0.008026 0.046028 0.041994  0.000000 0.002109 -0.999998  0.599908 0.841537 0
0  -0.010718 0.050838 0.041994  0.000002 0.002205 -0.999998  0.601283 0.842271 0
Material_0
0  -0.008026 0.046028 0.041994  0.000000 0.002109 -0.999998  0.599908 0.841537 0
0  -0.010832 0.050338 0.041994  0.000006 0.002205 -0.999998  0.601369 0.842189 0
0  -0.010718 0.050838 0.041994  0.000002 0.002205 -0.999998  0.601283 0.842271 0
Material_0
0  -0.010718 0.050838 0.041994  0.000002 0.002205 -0.999998  0.601283 0.842271 0
0  -0.010832 0.050338 0.041994  0.000006 0.002205 -0.999998  0.601369 0.842189 0
0  -0.016116 0.052331 0.041994  -0.000000 0.002205 -0.999998  0.603949 0.842515 0
Material_0
0  -0.010832 0.050338 0.041994  0.000006 0.002205 -0.999998  0.601369 0.842189 0
0  -0.016375 0.051176 0.041994  -0.000000 0.002205 -0.999998  0.604121 0.842352 0
0  -0.016116 0.052331 0.041994  -0.000000 0.002205 -0.999998  0.603949 0.842515 0
Material_0
0  -0.016116 0.052331 0.041994  -0.000000 0.002205 -0.999998  0.603949 0.842515 0
0  -0.016375 0.051176 0.041994  -0.000000 0.002205 -0.999998  0.604121 0.842352 0
0  -0.018703 0.056928 0.041994  -0.000000 0.002205 -0.999998  0.605238 0.843249 0
Material_0
0  -0.016375 0.051176 0.041994  -0.000000 0.002205 -0.999998  0.604121 0.842352 0
0  -0.020694 0.048154 0.041994  -0.000000 0.002205 -0.999998  0.606270 0.841863 0
0  -0.018703 0.056928 0.041994  -0.000000 0.002205 -0.999998  0.605238 0.843249 0
Material_0
0  -0.020694 0.048154 0.041994  -0.000000 0.002205 -0.999998  0.606270 0.841863 0
0  -0.023359 0.059487 0.041994  -0.000000 0.002205 -0.999998  0.607646 0.843656 0
0  -0.018703 0.056928 0.041994  -0.000000 0.002205 -0.999998  0.605238 0.843249 0
Material_0
0  -0.018703 0.056928 0.041994  -0.000000 0.002205 -0.999998  0.605238 0.843249 0
0  -0.023359 0.059487 0.041994  -0.000000 0.002205 -0.999998  0.607646 0.843656 0
0  -0.017229 0.062098 0.041994  -0.000000 0.002205 -0.999998  0.604551 0.844064 0
Material_0
0  -0.023359 0.059487 0.041994  -0.000000 0.002205 -0.999998  0.607646 0.843656 0
0  -0.016015 0.068695 0.041994  -0.000001 0.002205 -0.999998  0.603949 0.845042 0
0  -0.017229 0.062098 0.041994  -0.000000 0.002205 -0.999998  0.604551 0.844064 0
Material_0
0  -0.017229 0.062098 0.041994  -0.000000 0.002205 -0.999998  0.604551 0.844064 0
0  -0.016015 0.068695 0.041994  -0.000001 0.002205 -0.999998  0.603949 0.845042 0
0  -0.012576 0.064672 0.041994  -0.000001 0.002205 -0.999998  0.602229 0.844472 0
Material_0
0  -0.016015 0.068695 0.041994  -0.000001 0.002205 -0.999998  0.603949 0.845042 0
0  -0.005398 0.073807 0.041994  0.000000 0.002205 -0.999998  0.598618 0.845857 0
0  -0.012576 0.064672 0.041994  -0.000001 0.002205 -0.999998  0.602229 0.844472 0
Material_0
0  -0.012576 0.064672 0.041994  -0.000001 0.002205 -0.999998  0.602229 0.844472 0
0  -0.005398 0.073807 0.041994  0.000000 0.002205 -0.999998  0.598618 0.845857 0
0  -0.004420 0.068607 0.041994  0.000000 0.002205 -0.999998  0.598102 0.845042 0
Material_0
0  -0.004420 0.068607 0.041994  0.000000 0.002205 -0.999998  0.598102 0.845042 0
0  -0.005398 0.073807 0.041994  0.000000 0.002205 -0.999998  0.598618 0.845857 0
0  0.000495 0.070644 0.041994  0.000000 0.002205 -0.999998  0.595695 0.845368 0
Material_0
0  -0.005398 0.073807 0.041994  0.000000 0.002205 -0.999998  0.598618 0.845857 0
0  0.006384 0.073807 0.041994  0.000000 0.002205 -0.999998  0.592686 0.845857 0
0  0.000495 0.070644 0.041994  0.000000 0.002205 -0.999998  0.595695 0.845368 0
Material_0
0  0.000495 0.070644 0.041994  0.000000 0.002205 -0.999998  0.595695 0.845368 0
0  0.006384 0.073807 0.041994  0.000000 0.002205 -0.999998  0.592686 0.845857 0
0  0.005410 0.068607 0.041994  -0.000000 0.002205 -0.999998  0.593202 0.845042 0
Material_0
0  0.005410 0.068607 0.041994  -0.000000 0.002205 -0.999998  0.593202 0.845042 0
0  0.006384 0.073807 0.041994  0.000000 0.002205 -0.999998  0.592686 0.845857 0
0  0.013420 0.064790 0.041994  0.000000 0.002205 -0.999998  0.589161 0.844472 0
Material_0
0  0.006384 0.073807 0.041994  0.000000 0.002205 -0.999998  0.592686 0.845857 0
0  0.017001 0.068695 0.041994  0.000000 0.002205 -0.999998  0.587355 0.845042 0
0  0.013420 0.064790 0.041994  0.000000 0.002205 -0.999998  0.589161 0.844472 0
Material_0
0  0.013420 0.064790 0.041994  0.000000 0.002205 -0.999998  0.589161 0.844472 0
0  0.017001 0.068695 0.041994  0.000000 0.002205 -0.999998  0.587355 0.845042 0
0  0.018094 0.062253 0.041994  -0.000000 0.002205 -0.999998  0.586839 0.844064 0
Material_0
0  0.017001 0.068695 0.041994  0.000000 0.002205 -0.999998  0.587355 0.845042 0
0  0.024466 0.059509 0.041994  -0.000000 0.002205 -0.999998  0.583658 0.843656 0
0  0.018094 0.062253 0.041994  -0.000000 0.002205 -0.999998  0.586839 0.844064 0
Material_0
0  0.018094 0.062253 0.041994  -0.000000 0.002205 -0.999998  0.586839 0.844064 0
0  0.024466 0.059509 0.041994  -0.000000 0.002205 -0.999998  0.583658 0.843656 0
0  0.019606 0.057148 0.041994  -0.000000 0.002205 -0.999998  0.586066 0.843249 0
Material_0
0  0.019606 0.057148 0.041994  -0.000000 0.002205 -0.999998  0.586066 0.843249 0
0  0.024466 0.059509 0.041994  -0.000000 0.002205 -0.999998  0.583658 0.843656 0
0  0.021757 0.048374 0.041994  0.000001 0.002205 -0.999998  0.585034 0.841945 0
Material_0
0  0.024466 0.059509 0.041994  -0.000000 0.002205 -0.999998  0.583658 0.843656 0
0  0.026969 0.047999 0.041994  0.000001 0.002205 -0.999998  0.582368 0.841863 0
0  0.021757 0.048374 0.041994  0.000001 0.002205 -0.999998  0.585034 0.841945 0
Material_0
0  0.021757 0.048374 0.041994  0.000001 0.002205 -0.999998  0.585034 0.841945 0
0  0.026969 0.047999 0.041994  0.000001 0.002205 -0.999998  0.582368 0.841863 0
0  0.022604 0.043094 0.041994  0.000000 0.002205 -0.999998  0.584604 0.841048 0
Material_0
0  0.026969 0.047999 0.041994  0.000001 0.002205 -0.999998  0.582368 0.841863 0
0  0.024347 0.036511 0.041994  -0.000000 0.002205 -0.999998  0.583658 0.840070 0
0  0.022604 0.043094 0.041994  0.000000 0.002205 -0.999998  0.584604 0.841048 0
Material_0
0  0.022604 0.043094 0.041994  0.000000 0.002205 -0.999998  0.584604 0.841048 0
0  0.024347 0.036511 0.041994  -0.000000 0.002205 -0.999998  0.583658 0.840070 0
0  0.019485 0.038651 0.041994  -0.000000 0.002205 -0.999998  0.586151 0.840396 0
Material_0
0  0.019485 0.038651 0.041994  -0.000000 0.002205 -0.999998  0.586151 0.840396 0
0  0.024347 0.036511 0.041994  -0.000000 0.002205 -0.999998  0.583658 0.840070 0
0  0.014017 0.031657 0.041994  0.000000 0.002205 -0.999998  0.588903 0.839255 0
Material_0
0  0.024347 0.036511 0.041994  -0.000000 0.002205 -0.999998  0.583658 0.840070 0
0  0.017006 0.027273 0.041994  0.000000 0.002205 -0.999998  0.587355 0.838603 0
0  0.014017 0.031657 0.041994  0.000000 0.002205 -0.999998  0.588903 0.839255 0
Material_0
0  0.014017 0.031657 0.041994  0.000000 0.002205 -0.999998  0.588903 0.839255 0
0  0.017006 0.027273 0.041994  0.000000 0.002205 -0.999998  0.587355 0.838603 0
0  0.010423 0.027641 0.041994  -0.000000 0.002205 -0.999998  0.590708 0.838685 0
Material_0
0  0.017006 0.027273 0.041994  0.000000 0.002205 -0.999998  0.587355 0.838603 0
0  0.006384 0.022184 0.041994  0.000000 0.002205 -0.999998  0.592686 0.837788 0
0  0.010423 0.027641 0.041994  -0.000000 0.002205 -0.999998  0.590708 0.838685 0
Material_0
0  0.010423 0.027641 0.041994  -0.000000 0.002205 -0.999998  0.590708 0.838685 0
0  0.006384 0.022184 0.041994  0.000000 0.002205 -0.999998  0.592686 0.837788 0
0  0.005113 0.027318 0.041994  -0.000001 0.002205 -0.999998  0.593374 0.838603 0
Material_0
0  0.006384 0.022184 0.041994  0.000000 0.002205 -0.999998  0.592686 0.837788 0
0  -0.003943 0.027281 0.041994  -0.000000 0.002205 -0.999998  0.597844 0.838603 0
0  0.005113 0.027318 0.041994  -0.000001 0.002205 -0.999998  0.593374 0.838603 0
Material_0
0  0.005113 0.027318 0.041994  -0.000001 0.002205 -0.999998  0.593374 0.838603 0
0  -0.003943 0.027281 0.041994  -0.000000 0.002205 -0.999998  0.597844 0.838603 0
0  0.001127 0.030841 0.041994  0.000001 0.002205 -0.999998  0.595351 0.839174 0
Material_0
0  -0.003943 0.027281 0.041994  -0.000000 0.002205 -0.999998  0.597844 0.838603 0
0  0.000010 0.030841 0.041994  0.000000 0.002109 -0.999998  0.595867 0.839174 0
0  0.001127 0.030841 0.041994  0.000001 0.002205 -0.999998  0.595351 0.839174 0
Material_0
0  0.001127 0.030841 0.041994  0.000001 0.002205 -0.999998  0.595351 0.839174 0
0  0.000010 0.030841 0.041994  0.000000 0.002109 -0.999998  0.595867 0.839174 0
0  0.000817 0.036187 0.041994  0.000003 0.002205 -0.999998  0.595523 0.839989 0
Material_0
0  0.000010 0.030841 0.041994  0.000000 0.002109 -0.999998  0.595867 0.839174 0
0  0.000203 0.036173 0.041994  0.000003 0.002205 -0.999998  0.595781 0.839989 0
0  0.000817 0.036187 0.041994  0.000003 0.002205 -0.999998  0.595523 0.839989 0
Material_0
0  0.000203 0.036173 0.041994  0.000003 0.002205 -0.999998  0.595781 0.839989 0
0  -0.003270 0.040108 0.041994  0.000000 0.002205 -0.999998  0.597501 0.840641 0
0  0.000817 0.036187 0.041994  0.000003 0.002205 -0.999998  0.595523 0.839989 0
Material_0
0  0.000817 0.036187 0.041994  0.000003 0.002205 -0.999998  0.595523 0.839989 0
0  -0.003270 0.040108 0.041994  0.000000 0.002205 -0.999998  0.597501 0.840641 0
0  0.004326 0.040255 0.041994  0.000000 0.002205 -0.999998  0.593718 0.840641 0
Material_0
0  0.004326 0.040255 0.041994  0.000000 0.002205 -0.999998  0.593718 0.840641 0
0  -0.003270 0.040108 0.041994  0.000000 0.002205 -0.999998  0.597501 0.840641 0
0  0.008667 0.045991 0.041994  -0.000000 0.002205 -0.999998  0.591568 0.841537 0
Material_0
0  0.008667 0.045991 0.041994  -0.000000 0.002205 -0.999998  0.591568 0.841537 0
0  -0.003270 0.040108 0.041994  0.000000 0.002205 -0.999998  0.597501 0.840641 0
0  -0.008026 0.046028 0.041994  0.000000 0.002109 -0.999998  0.599908 0.841537 0
Material_0
0  -0.003270 0.040108 0.041994  0.000000 0.002205 -0.999998  0.597501 0.840641 0
0  -0.008521 0.040372 0.041994  -0.000003 0.002205 -0.999998  0.600166 0.840641 0
0  -0.008026 0.046028 0.041994  0.000000 0.002109 -0.999998  0.599908 0.841537 0
Material_0
0  -0.008026 0.046028 0.041994  0.000000 0.002109 -0.999998  0.599908 0.841537 0
0  -0.008521 0.040372 0.041994  -0.000003 0.002205 -0.999998  0.600166 0.840641 0
0  -0.008876 0.040828 0.041994  -0.000006 0.002205 -0.999998  0.600338 0.840722 0
Material_0
0  -0.008876 0.040828 0.041994  -0.000006 0.002205 -0.999998  0.600338 0.840722 0
0  -0.008521 0.040372 0.041994  -0.000003 0.002205 -0.999998  0.600166 0.840641 0
0  -0.013235 0.037695 0.041994  0.000000 0.002205 -0.999998  0.602573 0.840233 0
Material_0
0  -0.008521 0.040372 0.041994  -0.000003 0.002205 -0.999998  0.600166 0.840641 0
0  -0.012537 0.036827 0.041994  0.000000 0.002205 -0.999998  0.602143 0.840070 0
0  -0.013235 0.037695 0.041994  0.000000 0.002205 -0.999998  0.602573 0.840233 0
Material_0
0  -0.012537 0.036827 0.041994  0.000000 0.002205 -0.999998  0.602143 0.840070 0
0  -0.012815 0.031510 0.041994  0.000001 0.002205 -0.999998  0.602315 0.839255 0
0  -0.013235 0.037695 0.041994  0.000000 0.002205 -0.999998  0.602573 0.840233 0
Material_0
0  -0.013235 0.037695 0.041994  0.000000 0.002205 -0.999998  0.602573 0.840233 0
0  -0.012815 0.031510 0.041994  0.000001 0.002205 -0.999998  0.602315 0.839255 0
0  -0.018482 0.038570 0.041994  -0.000000 0.002205 -0.999998  0.605152 0.840396 0
Material_0
0  -0.012815 0.031510 0.041994  0.000001 0.002205 -0.999998  0.602315 0.839255 0
0  -0.016015 0.027296 0.041994  0.000001 0.002205 -0.999998  0.603949 0.838603 0
0  -0.018482 0.038570 0.041994  -0.000000 0.002205 -0.999998  0.605152 0.840396 0
Material_0
0  -0.016015 0.027296 0.041994  0.000001 0.002205 -0.999998  0.603949 0.838603 0
0  -0.023361 0.036511 0.041994  -0.000001 0.002205 -0.999998  0.607646 0.840070 0
0  -0.018482 0.038570 0.041994  -0.000000 0.002205 -0.999998  0.605152 0.840396 0
Material_0
0  -0.018482 0.038570 0.041994  -0.000000 0.002205 -0.999998  0.605152 0.840396 0
0  -0.023361 0.036511 0.041994  -0.000001 0.002205 -0.999998  0.607646 0.840070 0
0  -0.021572 0.042902 0.041994  -0.000000 0.002205 -0.999998  0.606700 0.841048 0
Material_0
0  -0.023361 0.036511 0.041994  -0.000001 0.002205 -0.999998  0.607646 0.840070 0
0  -0.026105 0.048051 0.041994  0.000000 0.002205 -0.999998  0.609021 0.841863 0
0  -0.021572 0.042902 0.041994  -0.000000 0.002205 -0.999998  0.606700 0.841048 0
Material_0
0  -0.021572 0.042902 0.041994  -0.000000 0.002205 -0.999998  0.606700 0.841048 0
0  -0.026105 0.048051 0.041994  0.000000 0.002205 -0.999998  0.609021 0.841863 0
0  -0.020694 0.048154 0.041994  -0.000000 0.002205 -0.999998  0.606270 0.841863 0
Material_0
0  -0.026105 0.048051 0.041994  0.000000 0.002205 -0.999998  0.609021 0.841863 0
0  -0.023359 0.059487 0.041994  -0.000000 0.002205 -0.999998  0.607646 0.843656 0
0  -0.020694 0.048154 0.041994  -0.000000 0.002205 -0.999998  0.606270 0.841863 0
Material_0
0  -0.004420 0.068607 0.041994  0.000000 0.002205 -0.999998  0.598102 0.845042 0
0  -0.006457 0.063694 0.041994  0.000000 0.002205 -0.999998  0.599134 0.844308 0
0  -0.012576 0.064672 0.041994  -0.000001 0.002205 -0.999998  0.602229 0.844472 0
Material_0
0  0.006384 0.022184 0.041994  0.000000 0.002205 -0.999998  0.592686 0.837788 0
0  -0.005398 0.022184 0.041994  0.000000 0.002205 -0.999998  0.598618 0.837788 0
0  -0.003943 0.027281 0.041994  -0.000000 0.002205 -0.999998  0.597844 0.838603 0
Material_0
0  -0.003943 0.027281 0.041994  -0.000000 0.002205 -0.999998  0.597844 0.838603 0
0  -0.005398 0.022184 0.041994  0.000000 0.002205 -0.999998  0.598618 0.837788 0
0  -0.009256 0.027553 0.041994  0.000001 0.002205 -0.999998  0.600510 0.838685 0
Material_0
0  -0.005398 0.022184 0.041994  0.000000 0.002205 -0.999998  0.598618 0.837788 0
0  -0.016015 0.027296 0.041994  0.000001 0.002205 -0.999998  0.603949 0.838603 0
0  -0.009256 0.027553 0.041994  0.000001 0.002205 -0.999998  0.600510 0.838685 0
Material_0
0  -0.009256 0.027553 0.041994  0.000001 0.002205 -0.999998  0.600510 0.838685 0
0  -0.016015 0.027296 0.041994  0.000001 0.002205 -0.999998  0.603949 0.838603 0
0  -0.012815 0.031510 0.041994  0.000001 0.002205 -0.999998  0.602315 0.839255 0
Material_0
0  -0.008026 0.046028 0.041994  0.000000 0.002109 -0.999998  0.599908 0.841537 0
0  0.000480 0.056626 0.041994  0.000001 0.002109 -0.999998  0.595695 0.843167 0
0  0.008667 0.045991 0.041994  -0.000000 0.002205 -0.999998  0.591568 0.841537 0
Material_0
0  0.008667 0.045991 0.041994  -0.000000 0.002205 -0.999998  0.591568 0.841537 0
0  0.000480 0.056626 0.041994  0.000001 0.002109 -0.999998  0.595695 0.843167 0
0  0.007154 0.053523 0.041994  -0.000000 0.002205 -0.999998  0.592342 0.842678 0
Material_0
0  0.007154 0.053523 0.041994  -0.000000 0.002205 -0.999998  0.592342 0.842678 0
0  0.000480 0.056626 0.041994  0.000001 0.002109 -0.999998  0.595695 0.843167 0
0  0.005685 0.058333 0.041994  -0.000000 0.002205 -0.999998  0.593030 0.843493 0
Material_0
0  0.000480 0.056626 0.041994  0.000001 0.002109 -0.999998  0.595695 0.843167 0
0  0.005315 0.058509 0.041994  0.000000 0.002205 -0.999998  0.593202 0.843493 0
0  0.005685 0.058333 0.041994  -0.000000 0.002205 -0.999998  0.593030 0.843493 0
Material_0
0  0.005315 0.058509 0.041994  0.000000 0.002205 -0.999998  0.593202 0.843493 0
0  0.007446 0.063694 0.041994  0.000001 0.002205 -0.999998  0.592170 0.844308 0
0  0.005685 0.058333 0.041994  -0.000000 0.002205 -0.999998  0.593030 0.843493 0
Material_0
0  0.005685 0.058333 0.041994  -0.000000 0.002205 -0.999998  0.593030 0.843493 0
0  0.007446 0.063694 0.041994  0.000001 0.002205 -0.999998  0.592170 0.844308 0
0  0.008319 0.063275 0.041994  0.000001 0.002205 -0.999998  0.591740 0.844227 0
Material_0
0  0.007446 0.063694 0.041994  0.000001 0.002205 -0.999998  0.592170 0.844308 0
0  0.005410 0.068607 0.041994  -0.000000 0.002205 -0.999998  0.593202 0.845042 0
0  0.008319 0.063275 0.041994  0.000001 0.002205 -0.999998  0.591740 0.844227 0
Material_0
0  0.008319 0.063275 0.041994  0.000001 0.002205 -0.999998  0.591740 0.844227 0
0  0.005410 0.068607 0.041994  -0.000000 0.002205 -0.999998  0.593202 0.845042 0
0  0.013420 0.064790 0.041994  0.000000 0.002205 -0.999998  0.589161 0.844472 0
Material_0
0  0.021757 0.048374 0.041994  0.000001 0.002205 -0.999998  0.585034 0.841945 0
0  0.017387 0.051500 0.041994  0.000000 0.002205 -0.999998  0.587183 0.842352 0
0  0.019606 0.057148 0.041994  -0.000000 0.002205 -0.999998  0.586066 0.843249 0
Material_0
0  0.019606 0.057148 0.041994  -0.000000 0.002205 -0.999998  0.586066 0.843249 0
0  0.017387 0.051500 0.041994  0.000000 0.002205 -0.999998  0.587183 0.842352 0
0  0.017175 0.052375 0.041994  0.000001 0.002205 -0.999998  0.587269 0.842515 0
Material_0
0  0.017175 0.052375 0.041994  0.000001 0.002205 -0.999998  0.587269 0.842515 0
0  0.017387 0.051500 0.041994  0.000000 0.002205 -0.999998  0.587183 0.842352 0
0  0.011687 0.051029 0.041994  -0.000000 0.002205 -0.999998  0.590020 0.842352 0
Material_0
0  0.017387 0.051500 0.041994  0.000000 0.002205 -0.999998  0.587183 0.842352 0
0  0.011784 0.050397 0.041994  -0.000000 0.002205 -0.999998  0.590020 0.842189 0
0  0.011687 0.051029 0.041994  -0.000000 0.002205 -0.999998  0.590020 0.842352 0
Material_0
0  0.011687 0.051029 0.041994  -0.000000 0.002205 -0.999998  0.590020 0.842352 0
0  0.011784 0.050397 0.041994  -0.000000 0.002205 -0.999998  0.590020 0.842189 0
0  0.007154 0.053523 0.041994  -0.000000 0.002205 -0.999998  0.592342 0.842678 0
Material_0
0  0.011784 0.050397 0.041994  -0.000000 0.002205 -0.999998  0.590020 0.842189 0
0  0.008667 0.045991 0.041994  -0.000000 0.002205 -0.999998  0.591568 0.841537 0
0  0.007154 0.053523 0.041994  -0.000000 0.002205 -0.999998  0.592342 0.842678 0
Material_0
0  0.008667 0.045991 0.041994  -0.000000 0.002205 -0.999998  0.591568 0.841537 0
0  0.009749 0.040872 0.041994  0.000000 0.002205 -0.999998  0.590966 0.840722 0
0  0.004326 0.040255 0.041994  0.000000 0.002205 -0.999998  0.593718 0.840641 0
Material_0
0  0.004326 0.040255 0.041994  0.000000 0.002205 -0.999998  0.593718 0.840641 0
0  0.009749 0.040872 0.041994  0.000000 0.002205 -0.999998  0.590966 0.840722 0
0  0.009613 0.040622 0.041994  0.000000 0.002205 -0.999998  0.591052 0.840722 0
Material_0
0  0.009613 0.040622 0.041994  0.000000 0.002205 -0.999998  0.591052 0.840722 0
0  0.009749 0.040872 0.041994  0.000000 0.002205 -0.999998  0.590966 0.840722 0
0  0.013647 0.037041 0.041994  0.000000 0.002205 -0.999998  0.589075 0.840152 0
Material_0
0  0.009749 0.040872 0.041994  0.000000 0.002205 -0.999998  0.590966 0.840722 0
0  0.014216 0.037842 0.041994  0.000000 0.002205 -0.999998  0.588731 0.840233 0
0  0.013647 0.037041 0.041994  0.000000 0.002205 -0.999998  0.589075 0.840152 0
Material_0
0  0.014216 0.037842 0.041994  0.000000 0.002205 -0.999998  0.588731 0.840233 0
0  0.019485 0.038651 0.041994  -0.000000 0.002205 -0.999998  0.586151 0.840396 0
0  0.013647 0.037041 0.041994  0.000000 0.002205 -0.999998  0.589075 0.840152 0
Material_0
0  0.013647 0.037041 0.041994  0.000000 0.002205 -0.999998  0.589075 0.840152 0
0  0.019485 0.038651 0.041994  -0.000000 0.002205 -0.999998  0.586151 0.840396 0
0  0.014017 0.031657 0.041994  0.000000 0.002205 -0.999998  0.588903 0.839255 0
Material_0
0  -0.002340 0.071453 0.224030  -0.309432 0.950920 0.001875  0.144314 0.845531 0
0  0.003329 0.071453 0.224030  0.309393 0.950933 0.001873  0.141477 0.845531 0
0  0.003329 0.071453 0.212799  0.309455 0.950912 0.001876  0.141477 0.845531 0
Material_0
0  0.003329 0.071453 0.224030  0.309393 0.950933 0.001873  0.141477 0.845531 0
0  0.007916 0.068122 0.221153  0.808886 0.586878 -0.035746  0.139156 0.844961 0
0  0.003329 0.071453 0.212799  0.309455 0.950912 0.001876  0.141477 0.845531 0
Material_0
0  0.003329 0.071453 0.212799  0.309455 0.950912 0.001876  0.141477 0.845531 0
0  0.007916 0.068122 0.221153  0.808886 0.586878 -0.035746  0.139156 0.844961 0
0  0.007916 0.068122 0.209913  0.808916 0.586596 0.039503  0.139156 0.844961 0
Material_0
0  0.007916 0.068122 0.221153  0.808886 0.586878 -0.035746  0.139156 0.844961 0
0  0.009666 0.062731 0.216489  0.999998 -0.002008 0.000001  0.138296 0.844145 0
0  0.007916 0.068122 0.209913  0.808916 0.586596 0.039503  0.139156 0.844961 0
Material_0
0  0.007916 0.068122 0.209913  0.808916 0.586596 0.039503  0.139156 0.844961 0
0  0.009666 0.062731 0.216489  0.999998 -0.002008 0.000001  0.138296 0.844145 0
0  0.009666 0.062731 0.205248  0.999998 0.002018 -0.000004  0.138296 0.844145 0
Material_0
0  0.009666 0.062731 0.216489  0.999998 -0.002008 0.000001  0.138296 0.844145 0
0  0.007916 0.057340 0.211834  0.809173 -0.586591 -0.033912  0.139156 0.843330 0
0  0.009666 0.062731 0.205248  0.999998 0.002018 -0.000004  0.138296 0.844145 0
Material_0
0  0.009666 0.062731 0.205248  0.999998 0.002018 -0.000004  0.138296 0.844145 0
0  0.007916 0.057340 0.211834  0.809173 -0.586591 -0.033912  0.139156 0.843330 0
0  0.007916 0.057340 0.200594  0.808980 -0.586857 0.033922  0.139156 0.843330 0
Material_0
0  0.007916 0.057340 0.211834  0.809173 -0.586591 -0.033912  0.139156 0.843330 0
0  0.003329 0.054008 0.208947  0.309456 -0.950912 -0.001890  0.141477 0.842760 0
0  0.007916 0.057340 0.200594  0.808980 -0.586857 0.033922  0.139156 0.843330 0
Material_0
0  0.007916 0.057340 0.200594  0.808980 -0.586857 0.033922  0.139156 0.843330 0
0  0.003329 0.054008 0.208947  0.309456 -0.950912 -0.001890  0.141477 0.842760 0
0  0.003329 0.054008 0.197707  0.309415 -0.950925 -0.001892  0.141477 0.842760 0
Material_0
0  0.003329 0.054008 0.197707  0.309415 -0.950925 -0.001892  0.141477 0.842760 0
0  0.003329 0.054008 0.208947  0.309456 -0.950912 -0.001890  0.141477 0.842760 0
0  -0.002340 0.054008 0.197707  -0.309399 -0.950930 -0.001891  0.144314 0.842760 0
Material_0
0  0.003329 0.054008 0.208947  0.309456 -0.950912 -0.001890  0.141477 0.842760 0
0  -0.002340 0.054008 0.208947  -0.309419 -0.950924 -0.001892  0.144314 0.842760 0
0  -0.002340 0.054008 0.197707  -0.309399 -0.950930 -0.001891  0.144314 0.842760 0
Material_0
0  -0.002340 0.054008 0.197707  -0.309399 -0.950930 -0.001891  0.144314 0.842760 0
0  -0.002340 0.054008 0.208947  -0.309419 -0.950924 -0.001892  0.144314 0.842760 0
0  -0.006926 0.057340 0.200594  -0.808967 -0.586875 -0.033917  0.146636 0.843330 0
Material_0
0  -0.002340 0.054008 0.208947  -0.309419 -0.950924 -0.001892  0.144314 0.842760 0
0  -0.006926 0.057340 0.211834  -0.809191 -0.586566 -0.033908  0.146636 0.843330 0
0  -0.006926 0.057340 0.200594  -0.808967 -0.586875 -0.033917  0.146636 0.843330 0
Material_0
0  -0.006926 0.057340 0.200594  -0.808967 -0.586875 -0.033917  0.146636 0.843330 0
0  -0.006926 0.057340 0.211834  -0.809191 -0.586566 -0.033908  0.146636 0.843330 0
0  -0.008678 0.062731 0.205248  -0.999997 -0.002397 -0.000001  0.147495 0.844145 0
Material_0
0  -0.006926 0.057340 0.211834  -0.809191 -0.586566 -0.033908  0.146636 0.843330 0
0  -0.008678 0.062731 0.216489  -0.999997 0.002352 0.000012  0.147495 0.844145 0
0  -0.008678 0.062731 0.205248  -0.999997 -0.002397 -0.000001  0.147495 0.844145 0
Material_0
0  -0.008678 0.062731 0.205248  -0.999997 -0.002397 -0.000001  0.147495 0.844145 0
0  -0.008678 0.062731 0.216489  -0.999997 0.002352 0.000012  0.147495 0.844145 0
0  -0.006926 0.068122 0.209913  -0.809092 0.586594 -0.035744  0.146636 0.844961 0
Material_0
0  -0.008678 0.062731 0.216489  -0.999997 0.002352 0.000012  0.147495 0.844145 0
0  -0.006926 0.068122 0.221153  -0.808873 0.586896 -0.035741  0.146636 0.844961 0
0  -0.006926 0.068122 0.209913  -0.809092 0.586594 -0.035744  0.146636 0.844961 0
Material_0
0  -0.006926 0.068122 0.209913  -0.809092 0.586594 -0.035744  0.146636 0.844961 0
0  -0.006926 0.068122 0.221153  -0.808873 0.586896 -0.035741  0.146636 0.844961 0
0  -0.002340 0.071453 0.212799  -0.309419 0.950924 0.001878  0.144314 0.845531 0
Material_0
0  -0.006926 0.068122 0.221153  -0.808873 0.586896 -0.035741  0.146636 0.844961 0
0  -0.002340 0.071453 0.224030  -0.309432 0.950920 0.001875  0.144314 0.845531 0
0  -0.002340 0.071453 0.212799  -0.309419 0.950924 0.001878  0.144314 0.845531 0
Material_0
0  -0.002340 0.071453 0.212799  -0.309419 0.950924 0.001878  0.144314 0.845531 0
0  -0.002340 0.071453 0.224030  -0.309432 0.950920 0.001875  0.144314 0.845531 0
0  0.003329 0.071453 0.212799  0.309455 0.950912 0.001876  0.141477 0.845531 0
Material_0
0  -0.016660 0.026634 0.028202  -0.498244 0.865662 0.048810  0.137952 0.832572 0
0  -0.018164 0.024030 0.028202  -0.999998 0.002115 0.000000  0.137952 0.829800 0
0  -0.018164 0.024030 0.040102  -0.999998 0.001979 0.000000  0.149473 0.829800 0
Material_0
0  -0.018164 0.024030 0.040102  -0.999998 0.001979 0.000000  0.149473 0.829800 0
0  -0.018164 0.024030 0.028202  -0.999998 0.002115 0.000000  0.137952 0.829800 0
0  -0.016660 0.021426 0.040102  -0.498570 -0.865666 -0.045294  0.149473 0.832572 0
Material_0
0  -0.018164 0.024030 0.040102  -0.999998 0.001979 0.000000  0.149473 0.829800 0
0  -0.016660 0.026634 0.040102  -0.498254 0.865656 -0.048810  0.149473 0.832572 0
0  -0.016660 0.026634 0.028202  -0.498244 0.865662 0.048810  0.137952 0.832572 0
Material_0
0  -0.016660 0.026634 0.028202  -0.498244 0.865662 0.048810  0.137952 0.832572 0
0  -0.016660 0.026634 0.040102  -0.498254 0.865656 -0.048810  0.149473 0.832572 0
0  -0.013650 0.026634 0.028202  0.498251 0.865658 0.048812  0.137952 0.838033 0
Material_0
0  -0.016660 0.026634 0.040102  -0.498254 0.865656 -0.048810  0.149473 0.832572 0
0  -0.013650 0.026634 0.040102  0.498252 0.865657 0.048813  0.149473 0.838033 0
0  -0.013650 0.026634 0.028202  0.498251 0.865658 0.048812  0.137952 0.838033 0
Material_0
0  -0.013650 0.026634 0.028202  0.498251 0.865658 0.048812  0.137952 0.838033 0
0  -0.013650 0.026634 0.040102  0.498252 0.865657 0.048813  0.149473 0.838033 0
0  -0.012145 0.024030 0.028202  0.999998 -0.002116 -0.000000  0.137952 0.840722 0
Material_0
0  -0.013650 0.026634 0.040102  0.498252 0.865657 0.048813  0.149473 0.838033 0
0  -0.012145 0.024030 0.040102  0.999998 -0.001980 -0.000000  0.149473 0.840722 0
0  -0.012145 0.024030 0.028202  0.999998 -0.002116 -0.000000  0.137952 0.840722 0
Material_0
0  -0.012145 0.024030 0.028202  0.999998 -0.002116 -0.000000  0.137952 0.840722 0
0  -0.012145 0.024030 0.040102  0.999998 -0.001980 -0.000000  0.149473 0.840722 0
0  -0.013650 0.021426 0.028202  0.498569 -0.865665 -0.045295  0.137952 0.838033 0
Material_0
0  -0.012145 0.024030 0.040102  0.999998 -0.001980 -0.000000  0.149473 0.840722 0
0  -0.013650 0.021426 0.040102  0.498584 -0.865657 -0.045296  0.149473 0.838033 0
0  -0.013650 0.021426 0.028202  0.498569 -0.865665 -0.045295  0.137952 0.838033 0
Material_0
0  -0.013650 0.021426 0.028202  0.498569 -0.865665 -0.045295  0.137952 0.838033 0
0  -0.013650 0.021426 0.040102  0.498584 -0.865657 -0.045296  0.149473 0.838033 0
0  -0.016660 0.021426 0.028202  -0.498578 -0.865661 -0.045294  0.137952 0.832572 0
Material_0
0  -0.013650 0.021426 0.040102  0.498584 -0.865657 -0.045296  0.149473 0.838033 0
0  -0.016660 0.021426 0.040102  -0.498570 -0.865666 -0.045294  0.149473 0.832572 0
0  -0.016660 0.021426 0.028202  -0.498578 -0.865661 -0.045294  0.137952 0.832572 0
Material_0
0  -0.016660 0.021426 0.028202  -0.498578 -0.865661 -0.045294  0.137952 0.832572 0
0  -0.016660 0.021426 0.040102  -0.498570 -0.865666 -0.045294  0.149473 0.832572 0
0  -0.018164 0.024030 0.028202  -0.999998 0.002115 0.000000  0.137952 0.829800 0
Material_0
0  -0.023361 0.036511 0.041994  0.000168 0.002271 -0.999997  0.813733 0.840070 0
0  -0.026693 0.047999 0.042635  -0.999997 0.002211 0.000223  0.815367 0.841863 0
0  -0.026105 0.048051 0.041994  0.000207 0.002213 -0.999997  0.815109 0.841863 0
Material_0
0  -0.026105 0.048051 0.041994  0.000207 0.002213 -0.999997  0.815109 0.841863 0
0  -0.026693 0.047999 0.042635  -0.999997 0.002211 0.000223  0.815367 0.841863 0
0  -0.024001 0.059789 0.042635  -0.900326 0.433073 -0.043129  0.813991 0.843738 0
Material_0
0  -0.026693 0.047999 0.042635  -0.999997 0.002211 0.000223  0.815367 0.841863 0
0  -0.023361 0.036511 0.041994  0.000168 0.002271 -0.999997  0.813733 0.840070 0
0  -0.024001 0.036202 0.042635  -0.900438 -0.433019 -0.041302  0.813991 0.839989 0
Material_0
0  -0.023361 0.036511 0.041994  0.000168 0.002271 -0.999997  0.813733 0.840070 0
0  -0.016015 0.027296 0.041994  0.000125 0.002344 -0.999997  0.810036 0.838603 0
0  -0.024001 0.036202 0.042635  -0.900438 -0.433019 -0.041302  0.813991 0.839989 0
Material_0
0  -0.024001 0.036202 0.042635  -0.900438 -0.433019 -0.041302  0.813991 0.839989 0
0  -0.016015 0.027296 0.041994  0.000125 0.002344 -0.999997  0.810036 0.838603 0
0  -0.016458 0.026744 0.042635  -0.621352 -0.782004 -0.048897  0.810208 0.838522 0
Material_0
0  -0.016015 0.027296 0.041994  0.000125 0.002344 -0.999997  0.810036 0.838603 0
0  -0.005398 0.022184 0.041994  0.000023 0.002355 -0.999997  0.804706 0.837788 0
0  -0.016458 0.026744 0.042635  -0.621352 -0.782004 -0.048897  0.810208 0.838522 0
Material_0
0  -0.016458 0.026744 0.042635  -0.621352 -0.782004 -0.048897  0.810208 0.838522 0
0  -0.005398 0.022184 0.041994  0.000023 0.002355 -0.999997  0.804706 0.837788 0
0  -0.005555 0.021493 0.042635  -0.223487 -0.974301 -0.028117  0.804792 0.837707 0
Material_0
0  -0.005398 0.022184 0.041994  0.000023 0.002355 -0.999997  0.804706 0.837788 0
0  0.006384 0.022184 0.041994  -0.000074 0.002390 -0.999997  0.798773 0.837788 0
0  -0.005555 0.021493 0.042635  -0.223487 -0.974301 -0.028117  0.804792 0.837707 0
Material_0
0  -0.005555 0.021493 0.042635  -0.223487 -0.974301 -0.028117  0.804792 0.837707 0
0  0.006384 0.022184 0.041994  -0.000074 0.002390 -0.999997  0.798773 0.837788 0
0  0.006543 0.021493 0.042635  0.223477 -0.974304 -0.028099  0.798687 0.837707 0
Material_0
0  0.006384 0.022184 0.041994  -0.000074 0.002390 -0.999997  0.798773 0.837788 0
0  0.017006 0.027273 0.041994  -0.000140 0.002316 -0.999997  0.793443 0.838603 0
0  0.006543 0.021493 0.042635  0.223477 -0.974304 -0.028099  0.798687 0.837707 0
Material_0
0  0.006543 0.021493 0.042635  0.223477 -0.974304 -0.028099  0.798687 0.837707 0
0  0.017006 0.027273 0.041994  -0.000140 0.002316 -0.999997  0.793443 0.838603 0
0  0.017444 0.026744 0.042635  0.621300 -0.782045 -0.048904  0.793271 0.838522 0
Material_0
0  0.017006 0.027273 0.041994  -0.000140 0.002316 -0.999997  0.793443 0.838603 0
0  0.024347 0.036511 0.041994  -0.000186 0.002284 -0.999997  0.789746 0.840070 0
0  0.017444 0.026744 0.042635  0.621300 -0.782045 -0.048904  0.793271 0.838522 0
Material_0
0  0.017444 0.026744 0.042635  0.621300 -0.782045 -0.048904  0.793271 0.838522 0
0  0.024347 0.036511 0.041994  -0.000186 0.002284 -0.999997  0.789746 0.840070 0
0  0.024987 0.036202 0.042635  0.900410 -0.433073 -0.041347  0.789488 0.839989 0
Material_0
0  0.024347 0.036511 0.041994  -0.000186 0.002284 -0.999997  0.789746 0.840070 0
0  0.026969 0.047999 0.041994  -0.000215 0.002151 -0.999998  0.788456 0.841863 0
0  0.024987 0.036202 0.042635  0.900410 -0.433073 -0.041347  0.789488 0.839989 0
Material_0
0  0.024987 0.036202 0.042635  0.900410 -0.433073 -0.041347  0.789488 0.839989 0
0  0.026969 0.047999 0.041994  -0.000215 0.002151 -0.999998  0.788456 0.841863 0
0  0.027681 0.047999 0.042635  0.999998 0.002140 0.000197  0.788112 0.841863 0
Material_0
0  0.026969 0.047999 0.041994  -0.000215 0.002151 -0.999998  0.788456 0.841863 0
0  0.024466 0.059509 0.041994  -0.000173 0.002091 -0.999998  0.789746 0.843656 0
0  0.027681 0.047999 0.042635  0.999998 0.002140 0.000197  0.788112 0.841863 0
Material_0
0  0.027681 0.047999 0.042635  0.999998 0.002140 0.000197  0.788112 0.841863 0
0  0.024466 0.059509 0.041994  -0.000173 0.002091 -0.999998  0.789746 0.843656 0
0  0.024987 0.059789 0.042635  0.900355 0.433012 -0.043140  0.789488 0.843738 0
Material_0
0  0.024466 0.059509 0.041994  -0.000173 0.002091 -0.999998  0.789746 0.843656 0
0  0.017001 0.068695 0.041994  -0.000113 0.002022 -0.999998  0.793443 0.845042 0
0  0.024987 0.059789 0.042635  0.900355 0.433012 -0.043140  0.789488 0.843738 0
Material_0
0  0.024987 0.059789 0.042635  0.900355 0.433012 -0.043140  0.789488 0.843738 0
0  0.017001 0.068695 0.041994  -0.000113 0.002022 -0.999998  0.793443 0.845042 0
0  0.017444 0.069254 0.042635  0.621633 0.782016 -0.044977  0.793271 0.845205 0
Material_0
0  0.017001 0.068695 0.041994  -0.000113 0.002022 -0.999998  0.793443 0.845042 0
0  0.006384 0.073807 0.041994  -0.000028 0.001975 -0.999998  0.798773 0.845857 0
0  0.017444 0.069254 0.042635  0.621633 0.782016 -0.044977  0.793271 0.845205 0
Material_0
0  0.017444 0.069254 0.042635  0.621633 0.782016 -0.044977  0.793271 0.845205 0
0  0.006384 0.073807 0.041994  -0.000028 0.001975 -0.999998  0.798773 0.845857 0
0  0.006543 0.074498 0.042635  0.223026 0.974303 -0.031515  0.798687 0.846020 0
Material_0
0  0.006384 0.073807 0.041994  -0.000028 0.001975 -0.999998  0.798773 0.845857 0
0  -0.005398 0.073807 0.041994  0.000044 0.002000 -0.999998  0.804706 0.845857 0
0  0.006543 0.074498 0.042635  0.223026 0.974303 -0.031515  0.798687 0.846020 0
Material_0
0  0.006543 0.074498 0.042635  0.223026 0.974303 -0.031515  0.798687 0.846020 0
0  -0.005398 0.073807 0.041994  0.000044 0.002000 -0.999998  0.804706 0.845857 0
0  -0.005555 0.074498 0.042635  -0.223020 0.974305 -0.031491  0.804792 0.846020 0
Material_0
0  -0.005398 0.073807 0.041994  0.000044 0.002000 -0.999998  0.804706 0.845857 0
0  -0.016015 0.068695 0.041994  0.000138 0.002056 -0.999998  0.810036 0.845042 0
0  -0.005555 0.074498 0.042635  -0.223020 0.974305 -0.031491  0.804792 0.846020 0
Material_0
0  -0.005555 0.074498 0.042635  -0.223020 0.974305 -0.031491  0.804792 0.846020 0
0  -0.016015 0.068695 0.041994  0.000138 0.002056 -0.999998  0.810036 0.845042 0
0  -0.016458 0.069254 0.042635  -0.621594 0.782048 -0.044962  0.810208 0.845205 0
Material_0
0  -0.016015 0.068695 0.041994  0.000138 0.002056 -0.999998  0.810036 0.845042 0
0  -0.023359 0.059487 0.041994  0.000193 0.002105 -0.999998  0.813733 0.843656 0
0  -0.016458 0.069254 0.042635  -0.621594 0.782048 -0.044962  0.810208 0.845205 0
Material_0
0  -0.016458 0.069254 0.042635  -0.621594 0.782048 -0.044962  0.810208 0.845205 0
0  -0.023359 0.059487 0.041994  0.000193 0.002105 -0.999998  0.813733 0.843656 0
0  -0.024001 0.059789 0.042635  -0.900326 0.433073 -0.043129  0.813991 0.843738 0
Material_0
0  -0.023359 0.059487 0.041994  0.000193 0.002105 -0.999998  0.813733 0.843656 0
0  -0.026105 0.048051 0.041994  0.000207 0.002213 -0.999997  0.815109 0.841863 0
0  -0.024001 0.059789 0.042635  -0.900326 0.433073 -0.043129  0.813991 0.843738 0
Material_0
0  0.005685 0.058333 0.041994  -0.000165 0.002186 -0.999998  0.794990 0.843493 0
0  0.007874 0.053971 0.042635  0.772403 0.634958 -0.014908  0.793873 0.842760 0
0  0.007154 0.053523 0.041994  -0.000098 0.002057 -0.999998  0.794303 0.842678 0
Material_0
0  0.007874 0.053971 0.042635  0.772403 0.634958 -0.014908  0.793873 0.842760 0
0  0.012044 0.051706 0.042635  0.085535 0.996168 -0.018224  0.791809 0.842434 0
0  0.007154 0.053523 0.041994  -0.000098 0.002057 -0.999998  0.794303 0.842678 0
Material_0
0  0.007874 0.053971 0.042635  0.772403 0.634958 -0.014908  0.793873 0.842760 0
0  0.005685 0.058333 0.041994  -0.000165 0.002186 -0.999998  0.794990 0.843493 0
0  0.006527 0.058524 0.042635  0.992247 -0.124230 -0.003612  0.794560 0.843493 0
Material_0
0  0.005685 0.058333 0.041994  -0.000165 0.002186 -0.999998  0.794990 0.843493 0
0  0.008319 0.063275 0.041994  -0.000097 0.002305 -0.999997  0.793701 0.844227 0
0  0.006527 0.058524 0.042635  0.992247 -0.124230 -0.003612  0.794560 0.843493 0
Material_0
0  0.006527 0.058524 0.042635  0.992247 -0.124230 -0.003612  0.794560 0.843493 0
0  0.008319 0.063275 0.041994  -0.000097 0.002305 -0.999997  0.793701 0.844227 0
0  0.008790 0.062694 0.042635  0.628891 -0.776586 -0.037567  0.793443 0.844145 0
Material_0
0  0.008319 0.063275 0.041994  -0.000097 0.002305 -0.999997  0.793701 0.844227 0
0  0.013420 0.064790 0.041994  0.000023 0.002363 -0.999997  0.791121 0.844472 0
0  0.008790 0.062694 0.042635  0.628891 -0.776586 -0.037567  0.793443 0.844145 0
Material_0
0  0.008790 0.062694 0.042635  0.628891 -0.776586 -0.037567  0.793443 0.844145 0
0  0.013420 0.064790 0.041994  0.000023 0.002363 -0.999997  0.791121 0.844472 0
0  0.013340 0.064040 0.042635  -0.105815 -0.994040 -0.026212  0.791121 0.844390 0
Material_0
0  0.013420 0.064790 0.041994  0.000023 0.002363 -0.999997  0.791121 0.844472 0
0  0.018094 0.062253 0.041994  0.000115 0.002315 -0.999997  0.788800 0.844064 0
0  0.013340 0.064040 0.042635  -0.105815 -0.994040 -0.026212  0.791121 0.844390 0
Material_0
0  0.013340 0.064040 0.042635  -0.105815 -0.994040 -0.026212  0.791121 0.844390 0
0  0.018094 0.062253 0.041994  0.000115 0.002315 -0.999997  0.788800 0.844064 0
0  0.017512 0.061775 0.042635  -0.777434 -0.628334 -0.028156  0.789058 0.843982 0
Material_0
0  0.018094 0.062253 0.041994  0.000115 0.002315 -0.999997  0.788800 0.844064 0
0  0.019606 0.057148 0.041994  0.000181 0.002171 -0.999998  0.788026 0.843249 0
0  0.017512 0.061775 0.042635  -0.777434 -0.628334 -0.028156  0.789058 0.843982 0
Material_0
0  0.017512 0.061775 0.042635  -0.777434 -0.628334 -0.028156  0.789058 0.843982 0
0  0.019606 0.057148 0.041994  0.000181 0.002171 -0.999998  0.788026 0.843249 0
0  0.018859 0.057229 0.042635  -0.994020 0.102531 -0.037559  0.788370 0.843330 0
Material_0
0  0.019606 0.057148 0.041994  0.000181 0.002171 -0.999998  0.788026 0.843249 0
0  0.017175 0.052375 0.041994  0.000093 0.002084 -0.999998  0.789230 0.842515 0
0  0.018859 0.057229 0.042635  -0.994020 0.102531 -0.037559  0.788370 0.843330 0
Material_0
0  0.018859 0.057229 0.042635  -0.994020 0.102531 -0.037559  0.788370 0.843330 0
0  0.017175 0.052375 0.041994  0.000093 0.002084 -0.999998  0.789230 0.842515 0
0  0.016596 0.053059 0.042635  -0.621971 0.782143 -0.037477  0.789574 0.842678 0
Material_0
0  0.017175 0.052375 0.041994  0.000093 0.002084 -0.999998  0.789230 0.842515 0
0  0.011687 0.051029 0.041994  -0.000024 0.001996 -0.999998  0.791981 0.842352 0
0  0.016596 0.053059 0.042635  -0.621971 0.782143 -0.037477  0.789574 0.842678 0
Material_0
0  0.016596 0.053059 0.042635  -0.621971 0.782143 -0.037477  0.789574 0.842678 0
0  0.011687 0.051029 0.041994  -0.000024 0.001996 -0.999998  0.791981 0.842352 0
0  0.012044 0.051706 0.042635  0.085535 0.996168 -0.018224  0.791809 0.842434 0
Material_0
0  0.011687 0.051029 0.041994  -0.000024 0.001996 -0.999998  0.791981 0.842352 0
0  0.007154 0.053523 0.041994  -0.000098 0.002057 -0.999998  0.794303 0.842678 0
0  0.012044 0.051706 0.042635  0.085535 0.996168 -0.018224  0.791809 0.842434 0
Material_0
0  -0.013235 0.037695 0.041994  0.000079 0.002021 -0.999998  0.804534 0.840233 0
0  -0.009541 0.041181 0.042635  -0.845847 0.532474 -0.031866  0.802642 0.840804 0
0  -0.008876 0.040828 0.041994  0.000170 0.002108 -0.999998  0.802298 0.840722 0
Material_0
0  -0.009541 0.041181 0.042635  -0.845847 0.532474 -0.031866  0.802642 0.840804 0
0  -0.008758 0.045859 0.042635  -0.976438 -0.214417 -0.024382  0.802212 0.841537 0
0  -0.008876 0.040828 0.041994  0.000170 0.002108 -0.999998  0.802298 0.840722 0
Material_0
0  -0.009541 0.041181 0.042635  -0.845847 0.532474 -0.031866  0.802642 0.840804 0
0  -0.013235 0.037695 0.041994  0.000079 0.002021 -0.999998  0.804534 0.840233 0
0  -0.013404 0.038423 0.042635  -0.225224 0.974306 -0.001730  0.804620 0.840315 0
Material_0
0  -0.013235 0.037695 0.041994  0.000079 0.002021 -0.999998  0.804534 0.840233 0
0  -0.018482 0.038570 0.041994  -0.000085 0.002056 -0.999998  0.807113 0.840396 0
0  -0.013404 0.038423 0.042635  -0.225224 0.974306 -0.001730  0.804620 0.840315 0
Material_0
0  -0.013404 0.038423 0.042635  -0.225224 0.974306 -0.001730  0.804620 0.840315 0
0  -0.018482 0.038570 0.041994  -0.000085 0.002056 -0.999998  0.807113 0.840396 0
0  -0.018086 0.039210 0.042635  0.530600 0.847620 0.002025  0.806941 0.840478 0
Material_0
0  -0.018482 0.038570 0.041994  -0.000085 0.002056 -0.999998  0.807113 0.840396 0
0  -0.021572 0.042902 0.041994  -0.000139 0.002105 -0.999998  0.808661 0.841048 0
0  -0.018086 0.039210 0.042635  0.530600 0.847620 0.002025  0.806941 0.840478 0
Material_0
0  -0.018086 0.039210 0.042635  0.530600 0.847620 0.002025  0.806941 0.840478 0
0  -0.021572 0.042902 0.041994  -0.000139 0.002105 -0.999998  0.808661 0.841048 0
0  -0.020842 0.043071 0.042635  0.973809 0.227356 0.002071  0.808317 0.841048 0
Material_0
0  -0.021572 0.042902 0.041994  -0.000139 0.002105 -0.999998  0.808661 0.841048 0
0  -0.020694 0.048154 0.041994  -0.000130 0.002278 -0.999997  0.808231 0.841863 0
0  -0.020842 0.043071 0.042635  0.973809 0.227356 0.002071  0.808317 0.841048 0
Material_0
0  -0.020842 0.043071 0.042635  0.973809 0.227356 0.002071  0.808317 0.841048 0
0  -0.020694 0.048154 0.041994  -0.000130 0.002278 -0.999997  0.808231 0.841863 0
0  -0.020059 0.047756 0.042635  0.846460 -0.532452 0.000169  0.807887 0.841782 0
Material_0
0  -0.020694 0.048154 0.041994  -0.000130 0.002278 -0.999997  0.808231 0.841863 0
0  -0.016375 0.051176 0.041994  -0.000090 0.002329 -0.999997  0.806081 0.842352 0
0  -0.020059 0.047756 0.042635  0.846460 -0.532452 0.000169  0.807887 0.841782 0
Material_0
0  -0.020059 0.047756 0.042635  0.846460 -0.532452 0.000169  0.807887 0.841782 0
0  -0.016375 0.051176 0.041994  -0.000090 0.002329 -0.999997  0.806081 0.842352 0
0  -0.016194 0.050507 0.042635  0.225239 -0.974301 0.002055  0.805995 0.842271 0
Material_0
0  -0.016375 0.051176 0.041994  -0.000090 0.002329 -0.999997  0.806081 0.842352 0
0  -0.010832 0.050338 0.041994  0.000040 0.002330 -0.999997  0.803330 0.842189 0
0  -0.016194 0.050507 0.042635  0.225239 -0.974301 0.002055  0.805995 0.842271 0
Material_0
0  -0.016194 0.050507 0.042635  0.225239 -0.974301 0.002055  0.805995 0.842271 0
0  -0.010832 0.050338 0.041994  0.000040 0.002330 -0.999997  0.803330 0.842189 0
0  -0.011513 0.049728 0.042635  -0.518707 -0.854424 -0.030046  0.803674 0.842108 0
Material_0
0  -0.010832 0.050338 0.041994  0.000040 0.002330 -0.999997  0.803330 0.842189 0
0  -0.008026 0.046028 0.041994  0.000146 0.002237 -0.999997  0.801869 0.841537 0
0  -0.011513 0.049728 0.042635  -0.518707 -0.854424 -0.030046  0.803674 0.842108 0
Material_0
0  -0.011513 0.049728 0.042635  -0.518707 -0.854424 -0.030046  0.803674 0.842108 0
0  -0.008026 0.046028 0.041994  0.000146 0.002237 -0.999997  0.801869 0.841537 0
0  -0.008758 0.045859 0.042635  -0.976438 -0.214417 -0.024382  0.802212 0.841537 0
Material_0
0  -0.008026 0.046028 0.041994  0.000146 0.002237 -0.999997  0.801869 0.841537 0
0  -0.008876 0.040828 0.041994  0.000170 0.002108 -0.999998  0.802298 0.840722 0
0  -0.008758 0.045859 0.042635  -0.976438 -0.214417 -0.024382  0.802212 0.841537 0
Material_0
0  -0.010718 0.050838 0.041994  0.000067 0.002030 -0.999998  0.803244 0.842271 0
0  -0.006936 0.053905 0.042635  -0.781858 0.621689 -0.046926  0.801353 0.842760 0
0  -0.006244 0.053302 0.041994  0.000112 0.002081 -0.999998  0.801009 0.842678 0
Material_0
0  -0.006936 0.053905 0.042635  -0.781858 0.621689 -0.046926  0.801353 0.842760 0
0  -0.005629 0.058472 0.042635  -0.991735 -0.128293 -0.001737  0.800665 0.843493 0
0  -0.006244 0.053302 0.041994  0.000112 0.002081 -0.999998  0.801009 0.842678 0
Material_0
0  -0.006936 0.053905 0.042635  -0.781858 0.621689 -0.046926  0.801353 0.842760 0
0  -0.010718 0.050838 0.041994  0.000067 0.002030 -0.999998  0.803244 0.842271 0
0  -0.011088 0.051610 0.042635  -0.095950 0.995385 -0.001710  0.803416 0.842434 0
Material_0
0  -0.010718 0.050838 0.041994  0.000067 0.002030 -0.999998  0.803244 0.842271 0
0  -0.016116 0.052331 0.041994  -0.000132 0.002040 -0.999998  0.805909 0.842515 0
0  -0.011088 0.051610 0.042635  -0.095950 0.995385 -0.001710  0.803416 0.842434 0
Material_0
0  -0.011088 0.051610 0.042635  -0.095950 0.995385 -0.001710  0.803416 0.842434 0
0  -0.016116 0.052331 0.041994  -0.000132 0.002040 -0.999998  0.805909 0.842515 0
0  -0.015650 0.052912 0.042635  0.619036 0.784717 -0.031838  0.805737 0.842597 0
Material_0
0  -0.016116 0.052331 0.041994  -0.000132 0.002040 -0.999998  0.805909 0.842515 0
0  -0.018703 0.056928 0.041994  -0.000173 0.002161 -0.999998  0.807199 0.843249 0
0  -0.015650 0.052912 0.042635  0.619036 0.784717 -0.031838  0.805737 0.842597 0
Material_0
0  -0.015650 0.052912 0.042635  0.619036 0.784717 -0.031838  0.805737 0.842597 0
0  -0.018703 0.056928 0.041994  -0.000173 0.002161 -0.999998  0.807199 0.843249 0
0  -0.017951 0.057068 0.042635  0.993798 0.111179 0.002057  0.806855 0.843249 0
Material_0
0  -0.018703 0.056928 0.041994  -0.000173 0.002161 -0.999998  0.807199 0.843249 0
0  -0.017229 0.062098 0.041994  -0.000168 0.002255 -0.999997  0.806511 0.844064 0
0  -0.017951 0.057068 0.042635  0.993798 0.111179 0.002057  0.806855 0.843249 0
Material_0
0  -0.017951 0.057068 0.042635  0.993798 0.111179 0.002057  0.806855 0.843249 0
0  -0.017229 0.062098 0.041994  -0.000168 0.002255 -0.999997  0.806511 0.844064 0
0  -0.016642 0.061627 0.042635  0.783364 -0.621563 0.000177  0.806167 0.843982 0
Material_0
0  -0.017229 0.062098 0.041994  -0.000168 0.002255 -0.999997  0.806511 0.844064 0
0  -0.012576 0.064672 0.041994  -0.000022 0.002371 -0.999997  0.804190 0.844472 0
0  -0.016642 0.061627 0.042635  0.783364 -0.621563 0.000177  0.806167 0.843982 0
Material_0
0  -0.016642 0.061627 0.042635  0.783364 -0.621563 0.000177  0.806167 0.843982 0
0  -0.012576 0.064672 0.041994  -0.000022 0.002371 -0.999997  0.804190 0.844472 0
0  -0.012492 0.063930 0.042635  0.113287 -0.993556 -0.003634  0.804104 0.844308 0
Material_0
0  -0.012576 0.064672 0.041994  -0.000022 0.002371 -0.999997  0.804190 0.844472 0
0  -0.007462 0.063209 0.041994  0.000080 0.002350 -0.999997  0.801611 0.844227 0
0  -0.012492 0.063930 0.042635  0.113287 -0.993556 -0.003634  0.804104 0.844308 0
Material_0
0  -0.012492 0.063930 0.042635  0.113287 -0.993556 -0.003634  0.804104 0.844308 0
0  -0.007462 0.063209 0.041994  0.000080 0.002350 -0.999997  0.801611 0.844227 0
0  -0.007928 0.062620 0.042635  -0.621315 -0.782033 -0.048910  0.801869 0.844145 0
Material_0
0  -0.007462 0.063209 0.041994  0.000080 0.002350 -0.999997  0.801611 0.844227 0
0  -0.004774 0.058318 0.041994  0.000143 0.002235 -0.999998  0.800235 0.843493 0
0  -0.007928 0.062620 0.042635  -0.621315 -0.782033 -0.048910  0.801869 0.844145 0
Material_0
0  -0.007928 0.062620 0.042635  -0.621315 -0.782033 -0.048910  0.801869 0.844145 0
0  -0.004774 0.058318 0.041994  0.000143 0.002235 -0.999998  0.800235 0.843493 0
0  -0.005629 0.058472 0.042635  -0.991735 -0.128293 -0.001737  0.800665 0.843493 0
Material_0
0  -0.004774 0.058318 0.041994  0.000143 0.002235 -0.999998  0.800235 0.843493 0
0  -0.006244 0.053302 0.041994  0.000112 0.002081 -0.999998  0.801009 0.842678 0
0  -0.005629 0.058472 0.042635  -0.991735 -0.128293 -0.001737  0.800665 0.843493 0
Material_0
0  0.005315 0.058509 0.041994  0.000104 0.002087 -0.999998  0.795162 0.843493 0
0  0.000480 0.056626 0.041994  0.000052 0.002029 -0.999998  0.797656 0.843167 0
0  0.004879 0.059311 0.042635  -0.719956 0.694020 -0.000001  0.795420 0.843656 0
Material_0
0  0.000480 0.056626 0.041994  0.000052 0.002029 -0.999998  0.797656 0.843167 0
0  0.000495 0.057494 0.042635  0.000214 1.000000 0.000022  0.797570 0.843330 0
0  0.004879 0.059311 0.042635  -0.719956 0.694020 -0.000001  0.795420 0.843656 0
Material_0
0  0.004879 0.059311 0.042635  -0.719956 0.694020 -0.000001  0.795420 0.843656 0
0  0.006696 0.063694 0.042635  -0.999998 -0.002177 0.000184  0.794474 0.844308 0
0  0.005315 0.058509 0.041994  0.000104 0.002087 -0.999998  0.795162 0.843493 0
Material_0
0  0.005315 0.058509 0.041994  0.000104 0.002087 -0.999998  0.795162 0.843493 0
0  0.006696 0.063694 0.042635  -0.999998 -0.002177 0.000184  0.794474 0.844308 0
0  0.007446 0.063694 0.041994  0.000179 0.002229 -0.999998  0.794131 0.844308 0
Material_0
0  0.006696 0.063694 0.042635  -0.999998 -0.002177 0.000184  0.794474 0.844308 0
0  0.004879 0.068078 0.042635  -0.707193 -0.706300 -0.031926  0.795420 0.844961 0
0  0.007446 0.063694 0.041994  0.000179 0.002229 -0.999998  0.794131 0.844308 0
Material_0
0  0.007446 0.063694 0.041994  0.000179 0.002229 -0.999998  0.794131 0.844308 0
0  0.004879 0.068078 0.042635  -0.707193 -0.706300 -0.031926  0.795420 0.844961 0
0  0.005410 0.068607 0.041994  0.000112 0.002298 -0.999997  0.795162 0.845042 0
Material_0
0  0.004879 0.068078 0.042635  -0.707193 -0.706300 -0.031926  0.795420 0.844961 0
0  0.000495 0.069894 0.042635  -0.000014 -1.000000 0.000173  0.797570 0.845287 0
0  0.005410 0.068607 0.041994  0.000112 0.002298 -0.999997  0.795162 0.845042 0
Material_0
0  0.005410 0.068607 0.041994  0.000112 0.002298 -0.999997  0.795162 0.845042 0
0  0.000495 0.069894 0.042635  -0.000014 -1.000000 0.000173  0.797570 0.845287 0
0  0.000495 0.070644 0.041994  -0.000020 0.002355 -0.999997  0.797570 0.845368 0
Material_0
0  0.000495 0.069894 0.042635  -0.000014 -1.000000 0.000173  0.797570 0.845287 0
0  -0.003891 0.068078 0.042635  0.707120 -0.706374 -0.031898  0.799805 0.844961 0
0  0.000495 0.070644 0.041994  -0.000020 0.002355 -0.999997  0.797570 0.845368 0
Material_0
0  0.000495 0.070644 0.041994  -0.000020 0.002355 -0.999997  0.797570 0.845368 0
0  -0.003891 0.068078 0.042635  0.707120 -0.706374 -0.031898  0.799805 0.844961 0
0  -0.004420 0.068607 0.041994  -0.000103 0.002291 -0.999997  0.800063 0.845042 0
Material_0
0  -0.003891 0.068078 0.042635  0.707120 -0.706374 -0.031898  0.799805 0.844961 0
0  -0.005707 0.063694 0.042635  0.999998 -0.002202 0.000172  0.800751 0.844308 0
0  -0.004420 0.068607 0.041994  -0.000103 0.002291 -0.999997  0.800063 0.845042 0
Material_0
0  -0.004420 0.068607 0.041994  -0.000103 0.002291 -0.999997  0.800063 0.845042 0
0  -0.005707 0.063694 0.042635  0.999998 -0.002202 0.000172  0.800751 0.844308 0
0  -0.006457 0.063694 0.041994  -0.000153 0.002191 -0.999998  0.801095 0.844308 0
Material_0
0  -0.005707 0.063694 0.042635  0.999998 -0.002202 0.000172  0.800751 0.844308 0
0  -0.003891 0.059311 0.042635  0.720133 0.693836 0.000143  0.799805 0.843656 0
0  -0.006457 0.063694 0.041994  -0.000153 0.002191 -0.999998  0.801095 0.844308 0
Material_0
0  -0.006457 0.063694 0.041994  -0.000153 0.002191 -0.999998  0.801095 0.844308 0
0  -0.003891 0.059311 0.042635  0.720133 0.693836 0.000143  0.799805 0.843656 0
0  -0.004309 0.058538 0.041994  -0.000094 0.002076 -0.999998  0.800063 0.843493 0
Material_0
0  -0.003891 0.059311 0.042635  0.720133 0.693836 0.000143  0.799805 0.843656 0
0  0.000495 0.057494 0.042635  0.000214 1.000000 0.000022  0.797570 0.843330 0
0  -0.004309 0.058538 0.041994  -0.000094 0.002076 -0.999998  0.800063 0.843493 0
Material_0
0  -0.004309 0.058538 0.041994  -0.000094 0.002076 -0.999998  0.800063 0.843493 0
0  0.000495 0.057494 0.042635  0.000214 1.000000 0.000022  0.797570 0.843330 0
0  0.000480 0.056626 0.041994  0.000052 0.002029 -0.999998  0.797656 0.843167 0
Material_0
0  0.000010 0.030841 0.041994  0.000174 0.002168 -0.999998  0.797828 0.839174 0
0  -0.000418 0.035901 0.042635  -0.943752 -0.328017 0.041682  0.798086 0.839989 0
0  0.000203 0.036173 0.041994  0.000143 0.002254 -0.999998  0.797742 0.839989 0
Material_0
0  0.000203 0.036173 0.041994  0.000143 0.002254 -0.999998  0.797742 0.839989 0
0  -0.000418 0.035901 0.042635  -0.943752 -0.328017 0.041682  0.798086 0.839989 0
0  -0.003594 0.039431 0.042635  -0.430956 -0.902299 0.011526  0.799633 0.840478 0
Material_0
0  -0.000418 0.035901 0.042635  -0.943752 -0.328017 0.041682  0.798086 0.839989 0
0  0.000010 0.030841 0.041994  0.000174 0.002168 -0.999998  0.797828 0.839174 0
0  -0.000667 0.031164 0.042635  -0.903236 0.429144 0.000141  0.798172 0.839174 0
Material_0
0  0.000010 0.030841 0.041994  0.000174 0.002168 -0.999998  0.797828 0.839174 0
0  -0.003943 0.027281 0.041994  0.000059 0.002048 -0.999998  0.799805 0.838603 0
0  -0.000667 0.031164 0.042635  -0.903236 0.429144 0.000141  0.798172 0.839174 0
Material_0
0  -0.000667 0.031164 0.042635  -0.903236 0.429144 0.000141  0.798172 0.839174 0
0  -0.003943 0.027281 0.041994  0.000059 0.002048 -0.999998  0.799805 0.838603 0
0  -0.004193 0.027987 0.042635  -0.334195 0.942502 0.002051  0.799977 0.838685 0
Material_0
0  -0.003943 0.027281 0.041994  0.000059 0.002048 -0.999998  0.799805 0.838603 0
0  -0.009256 0.027553 0.041994  -0.000055 0.002008 -0.999998  0.802470 0.838685 0
0  -0.004193 0.027987 0.042635  -0.334195 0.942502 0.002051  0.799977 0.838685 0
Material_0
0  -0.004193 0.027987 0.042635  -0.334195 0.942502 0.002051  0.799977 0.838685 0
0  -0.009256 0.027553 0.041994  -0.000055 0.002008 -0.999998  0.802470 0.838685 0
0  -0.008932 0.028237 0.042635  0.431055 0.902296 -0.007365  0.802298 0.838766 0
Material_0
0  -0.009256 0.027553 0.041994  -0.000055 0.002008 -0.999998  0.802470 0.838685 0
0  -0.012815 0.031510 0.041994  -0.000128 0.002084 -0.999998  0.804276 0.839255 0
0  -0.008932 0.028237 0.042635  0.431055 0.902296 -0.007365  0.802298 0.838766 0
Material_0
0  -0.008932 0.028237 0.042635  0.431055 0.902296 -0.007365  0.802298 0.838766 0
0  -0.012815 0.031510 0.041994  -0.000128 0.002084 -0.999998  0.804276 0.839255 0
0  -0.012108 0.031760 0.042635  0.943216 0.332175 -0.001730  0.803932 0.839337 0
Material_0
0  -0.012815 0.031510 0.041994  -0.000128 0.002084 -0.999998  0.804276 0.839255 0
0  -0.012537 0.036827 0.041994  -0.000134 0.002261 -0.999997  0.804190 0.840070 0
0  -0.012108 0.031760 0.042635  0.943216 0.332175 -0.001730  0.803932 0.839337 0
Material_0
0  -0.012108 0.031760 0.042635  0.943216 0.332175 -0.001730  0.803932 0.839337 0
0  -0.012537 0.036827 0.041994  -0.000134 0.002261 -0.999997  0.804190 0.840070 0
0  -0.011860 0.036504 0.042635  0.901363 -0.433050 -0.003630  0.803846 0.840070 0
Material_0
0  -0.012537 0.036827 0.041994  -0.000134 0.002261 -0.999997  0.804190 0.840070 0
0  -0.008521 0.040372 0.041994  -0.000085 0.002324 -0.999997  0.802126 0.840641 0
0  -0.011860 0.036504 0.042635  0.901363 -0.433050 -0.003630  0.803846 0.840070 0
Material_0
0  -0.011860 0.036504 0.042635  0.901363 -0.433050 -0.003630  0.803846 0.840070 0
0  -0.008521 0.040372 0.041994  -0.000085 0.002324 -0.999997  0.802126 0.840641 0
0  -0.008332 0.039674 0.042635  0.340554 -0.939537 0.035963  0.802040 0.840559 0
Material_0
0  -0.008521 0.040372 0.041994  -0.000085 0.002324 -0.999997  0.802126 0.840641 0
0  -0.003270 0.040108 0.041994  0.000074 0.002323 -0.999997  0.799461 0.840641 0
0  -0.008332 0.039674 0.042635  0.340554 -0.939537 0.035963  0.802040 0.840559 0
Material_0
0  -0.008332 0.039674 0.042635  0.340554 -0.939537 0.035963  0.802040 0.840559 0
0  -0.003270 0.040108 0.041994  0.000074 0.002323 -0.999997  0.799461 0.840641 0
0  -0.003594 0.039431 0.042635  -0.430956 -0.902299 0.011526  0.799633 0.840478 0
Material_0
0  -0.003270 0.040108 0.041994  0.000074 0.002323 -0.999997  0.799461 0.840641 0
0  0.000203 0.036173 0.041994  0.000143 0.002254 -0.999998  0.797742 0.839989 0
0  -0.003594 0.039431 0.042635  -0.430956 -0.902299 0.011526  0.799633 0.840478 0
Material_0
0  0.013647 0.037041 0.041994  0.000125 0.002308 -0.999997  0.791035 0.840152 0
0  0.009394 0.039754 0.042635  -0.336232 -0.940951 -0.039476  0.793185 0.840559 0
0  0.009613 0.040622 0.041994  0.000048 0.002356 -0.999997  0.793013 0.840722 0
Material_0
0  0.009394 0.039754 0.042635  -0.336232 -0.940951 -0.039476  0.793185 0.840559 0
0  0.004656 0.039460 0.042635  0.446591 -0.894736 0.001906  0.795506 0.840478 0
0  0.009613 0.040622 0.041994  0.000048 0.002356 -0.999997  0.793013 0.840722 0
Material_0
0  0.009394 0.039754 0.042635  -0.336232 -0.940951 -0.039476  0.793185 0.840559 0
0  0.013647 0.037041 0.041994  0.000125 0.002308 -0.999997  0.791035 0.840152 0
0  0.012948 0.036607 0.042635  -0.901416 -0.432938 -0.003612  0.791379 0.840070 0
Material_0
0  0.013647 0.037041 0.041994  0.000125 0.002308 -0.999997  0.791035 0.840152 0
0  0.014017 0.031657 0.041994  0.000169 0.002133 -0.999998  0.790863 0.839255 0
0  0.012948 0.036607 0.042635  -0.901416 -0.432938 -0.003612  0.791379 0.840070 0
Material_0
0  0.012948 0.036607 0.042635  -0.901416 -0.432938 -0.003612  0.791379 0.840070 0
0  0.014017 0.031657 0.041994  0.000169 0.002133 -0.999998  0.790863 0.839255 0
0  0.013239 0.031870 0.042635  -0.944651 0.328069 0.002053  0.791207 0.839337 0
Material_0
0  0.014017 0.031657 0.041994  0.000169 0.002133 -0.999998  0.790863 0.839255 0
0  0.010423 0.027641 0.041994  0.000110 0.002052 -0.999998  0.792669 0.838685 0
0  0.013239 0.031870 0.042635  -0.944651 0.328069 0.002053  0.791207 0.839337 0
Material_0
0  0.013239 0.031870 0.042635  -0.944651 0.328069 0.002053  0.791207 0.839337 0
0  0.010423 0.027641 0.041994  0.000110 0.002052 -0.999998  0.792669 0.838685 0
0  0.010094 0.028318 0.042635  -0.438509 0.898534 -0.018642  0.792841 0.838766 0
Material_0
0  0.010423 0.027641 0.041994  0.000110 0.002052 -0.999998  0.792669 0.838685 0
0  0.005113 0.027318 0.041994  -0.000025 0.002026 -0.999998  0.795334 0.838603 0
0  0.010094 0.028318 0.042635  -0.438509 0.898534 -0.018642  0.792841 0.838766 0
Material_0
0  0.010094 0.028318 0.042635  -0.438509 0.898534 -0.018642  0.792841 0.838766 0
0  0.005113 0.027318 0.041994  -0.000025 0.002026 -0.999998  0.795334 0.838603 0
0  0.005355 0.028024 0.042635  0.325121 0.945363 -0.024195  0.795162 0.838685 0
Material_0
0  0.005113 0.027318 0.041994  -0.000025 0.002026 -0.999998  0.795334 0.838603 0
0  0.001127 0.030841 0.041994  -0.000152 0.002090 -0.999998  0.797312 0.839174 0
0  0.005355 0.028024 0.042635  0.325121 0.945363 -0.024195  0.795162 0.838685 0
Material_0
0  0.005355 0.028024 0.042635  0.325121 0.945363 -0.024195  0.795162 0.838685 0
0  0.001127 0.030841 0.041994  -0.000152 0.002090 -0.999998  0.797312 0.839174 0
0  0.001801 0.031171 0.042635  0.898267 0.436932 -0.046970  0.796968 0.839255 0
Material_0
0  0.001127 0.030841 0.041994  -0.000152 0.002090 -0.999998  0.797312 0.839174 0
0  0.000817 0.036187 0.041994  -0.000167 0.002207 -0.999998  0.797484 0.839989 0
0  0.001801 0.031171 0.042635  0.898267 0.436932 -0.046970  0.796968 0.839255 0
Material_0
0  0.001801 0.031171 0.042635  0.898267 0.436932 -0.046970  0.796968 0.839255 0
0  0.000817 0.036187 0.041994  -0.000167 0.002207 -0.999998  0.797484 0.839989 0
0  0.001512 0.035908 0.042635  0.947200 -0.319852 -0.022498  0.797140 0.839989 0
Material_0
0  0.000817 0.036187 0.041994  -0.000167 0.002207 -0.999998  0.797484 0.839989 0
0  0.004326 0.040255 0.041994  -0.000076 0.002337 -0.999997  0.795678 0.840641 0
0  0.001512 0.035908 0.042635  0.947200 -0.319852 -0.022498  0.797140 0.839989 0
Material_0
0  0.001512 0.035908 0.042635  0.947200 -0.319852 -0.022498  0.797140 0.839989 0
0  0.004326 0.040255 0.041994  -0.000076 0.002337 -0.999997  0.795678 0.840641 0
0  0.004656 0.039460 0.042635  0.446591 -0.894736 0.001906  0.795506 0.840478 0
Material_0
0  0.004326 0.040255 0.041994  -0.000076 0.002337 -0.999997  0.795678 0.840641 0
0  0.009613 0.040622 0.041994  0.000048 0.002356 -0.999997  0.793013 0.840722 0
0  0.004656 0.039460 0.042635  0.446591 -0.894736 0.001906  0.795506 0.840478 0
Material_0
0  0.025792 0.047999 0.090665  0.999998 0.002199 -0.000183  0.336301 0.841863 0
0  0.021702 0.037923 0.092357  -0.000178 0.002294 0.999997  0.338365 0.840233 0
0  0.023288 0.037019 0.090665  0.900434 -0.432990 -0.041704  0.337505 0.840152 0
Material_0
0  0.021702 0.037923 0.092357  -0.000178 0.002294 0.999997  0.338365 0.840233 0
0  0.015104 0.029620 0.092357  -0.000091 0.002366 0.999997  0.341632 0.839011 0
0  0.023288 0.037019 0.090665  0.900434 -0.432990 -0.041704  0.337505 0.840152 0
Material_0
0  0.021702 0.037923 0.092357  -0.000178 0.002294 0.999997  0.338365 0.840233 0
0  0.025792 0.047999 0.090665  0.999998 0.002199 -0.000183  0.336301 0.841863 0
0  0.023922 0.047999 0.092357  -0.000184 0.002223 0.999997  0.337247 0.841863 0
Material_0
0  0.025792 0.047999 0.090665  0.999998 0.002199 -0.000183  0.336301 0.841863 0
0  0.023288 0.058972 0.090665  0.900327 0.433030 -0.043555  0.337505 0.843575 0
0  0.023922 0.047999 0.092357  -0.000184 0.002223 0.999997  0.337247 0.841863 0
Material_0
0  0.023922 0.047999 0.092357  -0.000184 0.002223 0.999997  0.337247 0.841863 0
0  0.023288 0.058972 0.090665  0.900327 0.433030 -0.043555  0.337505 0.843575 0
0  0.021602 0.058163 0.092357  -0.000176 0.002114 0.999998  0.338365 0.843412 0
Material_0
0  0.023288 0.058972 0.090665  0.900327 0.433030 -0.043555  0.337505 0.843575 0
0  0.016267 0.067776 0.090665  0.621565 0.782049 -0.045350  0.341030 0.844961 0
0  0.021602 0.058163 0.092357  -0.000176 0.002114 0.999998  0.338365 0.843412 0
Material_0
0  0.021602 0.058163 0.092357  -0.000176 0.002114 0.999998  0.338365 0.843412 0
0  0.016267 0.067776 0.090665  0.621565 0.782049 -0.045350  0.341030 0.844961 0
0  0.015101 0.066312 0.092357  -0.000131 0.002034 0.999998  0.341632 0.844716 0
Material_0
0  0.016267 0.067776 0.090665  0.621565 0.782049 -0.045350  0.341030 0.844961 0
0  0.006123 0.072660 0.090665  0.223016 0.974292 -0.031926  0.346189 0.845694 0
0  0.015101 0.066312 0.092357  -0.000131 0.002034 0.999998  0.341632 0.844716 0
Material_0
0  0.015101 0.066312 0.092357  -0.000131 0.002034 0.999998  0.341632 0.844716 0
0  0.006123 0.072660 0.090665  0.223016 0.974292 -0.031926  0.346189 0.845694 0
0  0.005707 0.070836 0.092357  -0.000042 0.001986 0.999998  0.346361 0.845450 0
Material_0
0  0.006123 0.072660 0.090665  0.223016 0.974292 -0.031926  0.346189 0.845694 0
0  -0.005137 0.072660 0.090665  -0.223044 0.974286 -0.031918  0.351777 0.845694 0
0  0.005707 0.070836 0.092357  -0.000042 0.001986 0.999998  0.346361 0.845450 0
Material_0
0  0.005707 0.070836 0.092357  -0.000042 0.001986 0.999998  0.346361 0.845450 0
0  -0.005137 0.072660 0.090665  -0.223044 0.974286 -0.031918  0.351777 0.845694 0
0  -0.004656 0.070902 0.092357  0.000017 0.001989 0.999998  0.351519 0.845450 0
Material_0
0  -0.005137 0.072660 0.090665  -0.223044 0.974286 -0.031918  0.351777 0.845694 0
0  -0.015281 0.067776 0.090665  -0.621616 0.782008 -0.045352  0.356850 0.844961 0
0  -0.004656 0.070902 0.092357  0.000017 0.001989 0.999998  0.351519 0.845450 0
Material_0
0  -0.004656 0.070902 0.092357  0.000017 0.001989 0.999998  0.351519 0.845450 0
0  -0.015281 0.067776 0.090665  -0.621616 0.782008 -0.045352  0.356850 0.844961 0
0  -0.014113 0.066312 0.092357  0.000142 0.002013 0.999998  0.356334 0.844716 0
Material_0
0  -0.015281 0.067776 0.090665  -0.621616 0.782008 -0.045352  0.356850 0.844961 0
0  -0.022300 0.058972 0.090665  -0.900319 0.433045 -0.043555  0.360375 0.843575 0
0  -0.014113 0.066312 0.092357  0.000142 0.002013 0.999998  0.356334 0.844716 0
Material_0
0  -0.014113 0.066312 0.092357  0.000142 0.002013 0.999998  0.356334 0.844716 0
0  -0.022300 0.058972 0.090665  -0.900319 0.433045 -0.043555  0.360375 0.843575 0
0  -0.020615 0.058163 0.092357  0.000175 0.002104 0.999998  0.359601 0.843412 0
Material_0
0  -0.022300 0.058972 0.090665  -0.900319 0.433045 -0.043555  0.360375 0.843575 0
0  -0.024806 0.047999 0.090665  -0.999998 0.002199 -0.000197  0.361665 0.841863 0
0  -0.020615 0.058163 0.092357  0.000175 0.002104 0.999998  0.359601 0.843412 0
Material_0
0  -0.020615 0.058163 0.092357  0.000175 0.002104 0.999998  0.359601 0.843412 0
0  -0.024806 0.047999 0.090665  -0.999998 0.002199 -0.000197  0.361665 0.841863 0
0  -0.022934 0.047999 0.092357  0.000219 0.002173 0.999998  0.360719 0.841863 0
Material_0
0  -0.024806 0.047999 0.090665  -0.999998 0.002199 -0.000197  0.361665 0.841863 0
0  -0.022300 0.037019 0.090665  -0.900397 -0.433066 -0.041713  0.360375 0.840152 0
0  -0.022934 0.047999 0.092357  0.000219 0.002173 0.999998  0.360719 0.841863 0
Material_0
0  -0.022934 0.047999 0.092357  0.000219 0.002173 0.999998  0.360719 0.841863 0
0  -0.022300 0.037019 0.090665  -0.900397 -0.433066 -0.041713  0.360375 0.840152 0
0  -0.020615 0.037828 0.092357  0.000167 0.002255 0.999997  0.359601 0.840233 0
Material_0
0  -0.022300 0.037019 0.090665  -0.900397 -0.433066 -0.041713  0.360375 0.840152 0
0  -0.015281 0.028215 0.090665  -0.621301 -0.782020 -0.049296  0.356850 0.838766 0
0  -0.020615 0.037828 0.092357  0.000167 0.002255 0.999997  0.359601 0.840233 0
Material_0
0  -0.020615 0.037828 0.092357  0.000167 0.002255 0.999997  0.359601 0.840233 0
0  -0.015281 0.028215 0.090665  -0.621301 -0.782020 -0.049296  0.356850 0.838766 0
0  -0.014113 0.029678 0.092357  0.000153 0.002348 0.999997  0.356334 0.839011 0
Material_0
0  -0.015281 0.028215 0.090665  -0.621301 -0.782020 -0.049296  0.356850 0.838766 0
0  -0.005137 0.023331 0.090665  -0.223463 -0.974296 -0.028485  0.351777 0.837951 0
0  -0.014113 0.029678 0.092357  0.000153 0.002348 0.999997  0.356334 0.839011 0
Material_0
0  -0.014113 0.029678 0.092357  0.000153 0.002348 0.999997  0.356334 0.839011 0
0  -0.005137 0.023331 0.090665  -0.223463 -0.974296 -0.028485  0.351777 0.837951 0
0  -0.004719 0.025155 0.092357  0.000060 0.002376 0.999997  0.351605 0.838277 0
Material_0
0  -0.005137 0.023331 0.090665  -0.223463 -0.974296 -0.028485  0.351777 0.837951 0
0  0.006123 0.023331 0.090665  0.223460 -0.974296 -0.028507  0.346189 0.837951 0
0  -0.004719 0.025155 0.092357  0.000060 0.002376 0.999997  0.351605 0.838277 0
Material_0
0  -0.004719 0.025155 0.092357  0.000060 0.002376 0.999997  0.351605 0.838277 0
0  0.006123 0.023331 0.090665  0.223460 -0.974296 -0.028507  0.346189 0.837951 0
0  0.005707 0.025155 0.092357  -0.000040 0.002364 0.999997  0.346361 0.838277 0
Material_0
0  0.006123 0.023331 0.090665  0.223460 -0.974296 -0.028507  0.346189 0.837951 0
0  0.016267 0.028215 0.090665  0.621305 -0.782019 -0.049262  0.341030 0.838766 0
0  0.005707 0.025155 0.092357  -0.000040 0.002364 0.999997  0.346361 0.838277 0
Material_0
0  0.005707 0.025155 0.092357  -0.000040 0.002364 0.999997  0.346361 0.838277 0
0  0.016267 0.028215 0.090665  0.621305 -0.782019 -0.049262  0.341030 0.838766 0
0  0.015104 0.029620 0.092357  -0.000091 0.002366 0.999997  0.341632 0.839011 0
Material_0
0  0.016267 0.028215 0.090665  0.621305 -0.782019 -0.049262  0.341030 0.838766 0
0  0.023288 0.037019 0.090665  0.900434 -0.432990 -0.041704  0.337505 0.840152 0
0  0.015104 0.029620 0.092357  -0.000091 0.002366 0.999997  0.341632 0.839011 0
Material_0
0  0.000496 0.056678 0.092357  -0.000032 0.002031 0.999998  0.351004 0.843167 0
0  -0.003891 0.059311 0.091716  0.720114 0.693855 -0.000138  0.353239 0.843656 0
0  -0.004404 0.058766 0.092357  -0.000143 0.002074 0.999998  0.353497 0.843493 0
Material_0
0  -0.003891 0.059311 0.091716  0.720114 0.693855 -0.000138  0.353239 0.843656 0
0  -0.005706 0.063694 0.091716  0.999998 -0.002155 -0.000143  0.354185 0.844308 0
0  -0.004404 0.058766 0.092357  -0.000143 0.002074 0.999998  0.353497 0.843493 0
Material_0
0  -0.003891 0.059311 0.091716  0.720114 0.693855 -0.000138  0.353239 0.843656 0
0  0.000496 0.056678 0.092357  -0.000032 0.002031 0.999998  0.351004 0.843167 0
0  0.000495 0.057494 0.091716  -0.000087 1.000000 -0.000164  0.351004 0.843330 0
Material_0
0  0.000496 0.056678 0.092357  -0.000032 0.002031 0.999998  0.351004 0.843167 0
0  0.005410 0.058744 0.092357  0.000094 0.002073 0.999998  0.348596 0.843493 0
0  0.000495 0.057494 0.091716  -0.000087 1.000000 -0.000164  0.351004 0.843330 0
Material_0
0  0.000495 0.057494 0.091716  -0.000087 1.000000 -0.000164  0.351004 0.843330 0
0  0.005410 0.058744 0.092357  0.000094 0.002073 0.999998  0.348596 0.843493 0
0  0.004879 0.059311 0.091716  -0.720259 0.693705 -0.000148  0.348854 0.843656 0
Material_0
0  0.005410 0.058744 0.092357  0.000094 0.002073 0.999998  0.348596 0.843493 0
0  0.007446 0.063694 0.092357  0.000185 0.002195 0.999998  0.347564 0.844308 0
0  0.004879 0.059311 0.091716  -0.720259 0.693705 -0.000148  0.348854 0.843656 0
Material_0
0  0.004879 0.059311 0.091716  -0.720259 0.693705 -0.000148  0.348854 0.843656 0
0  0.007446 0.063694 0.092357  0.000185 0.002195 0.999998  0.347564 0.844308 0
0  0.006696 0.063694 0.091716  -0.999998 -0.002189 -0.000155  0.347908 0.844308 0
Material_0
0  0.007446 0.063694 0.092357  0.000185 0.002195 0.999998  0.347564 0.844308 0
0  0.005410 0.068607 0.092357  0.000133 0.002296 0.999997  0.348596 0.845042 0
0  0.006696 0.063694 0.091716  -0.999998 -0.002189 -0.000155  0.347908 0.844308 0
Material_0
0  0.006696 0.063694 0.091716  -0.999998 -0.002189 -0.000155  0.347908 0.844308 0
0  0.005410 0.068607 0.092357  0.000133 0.002296 0.999997  0.348596 0.845042 0
0  0.004879 0.068078 0.091716  -0.707138 -0.706340 -0.032232  0.348854 0.844961 0
Material_0
0  0.005410 0.068607 0.092357  0.000133 0.002296 0.999997  0.348596 0.845042 0
0  0.000495 0.070644 0.092357  0.000027 0.002374 0.999997  0.351004 0.845368 0
0  0.004879 0.068078 0.091716  -0.707138 -0.706340 -0.032232  0.348854 0.844961 0
Material_0
0  0.004879 0.068078 0.091716  -0.707138 -0.706340 -0.032232  0.348854 0.844961 0
0  0.000495 0.070644 0.092357  0.000027 0.002374 0.999997  0.351004 0.845368 0
0  0.000495 0.069894 0.091716  0.000021 -1.000000 -0.000178  0.351004 0.845287 0
Material_0
0  0.000495 0.070644 0.092357  0.000027 0.002374 0.999997  0.351004 0.845368 0
0  -0.004407 0.068585 0.092357  -0.000095 0.002340 0.999997  0.353497 0.845042 0
0  0.000495 0.069894 0.091716  0.000021 -1.000000 -0.000178  0.351004 0.845287 0
Material_0
0  0.000495 0.069894 0.091716  0.000021 -1.000000 -0.000178  0.351004 0.845287 0
0  -0.004407 0.068585 0.092357  -0.000095 0.002340 0.999997  0.353497 0.845042 0
0  -0.003891 0.068078 0.091716  0.707178 -0.706300 -0.032255  0.353239 0.844961 0
Material_0
0  -0.004407 0.068585 0.092357  -0.000095 0.002340 0.999997  0.353497 0.845042 0
0  -0.006457 0.063694 0.092357  -0.000184 0.002172 0.999998  0.354529 0.844308 0
0  -0.003891 0.068078 0.091716  0.707178 -0.706300 -0.032255  0.353239 0.844961 0
Material_0
0  -0.003891 0.068078 0.091716  0.707178 -0.706300 -0.032255  0.353239 0.844961 0
0  -0.006457 0.063694 0.092357  -0.000184 0.002172 0.999998  0.354529 0.844308 0
0  -0.005706 0.063694 0.091716  0.999998 -0.002155 -0.000143  0.354185 0.844308 0
Material_0
0  -0.006457 0.063694 0.092357  -0.000184 0.002172 0.999998  0.354529 0.844308 0
0  -0.004404 0.058766 0.092357  -0.000143 0.002074 0.999998  0.353497 0.843493 0
0  -0.005706 0.063694 0.091716  0.999998 -0.002155 -0.000143  0.354185 0.844308 0
Material_0
0  -0.006936 0.053905 0.091716  -0.781976 0.621517 -0.047230  0.354787 0.842760 0
0  -0.004893 0.058531 0.092357  0.000180 0.002209 0.999998  0.353755 0.843493 0
0  -0.005628 0.058472 0.091716  -0.991673 -0.128766 -0.002047  0.354099 0.843493 0
Material_0
0  -0.004893 0.058531 0.092357  0.000180 0.002209 0.999998  0.353755 0.843493 0
0  -0.007462 0.063209 0.092357  0.000141 0.002279 0.999997  0.355045 0.844227 0
0  -0.005628 0.058472 0.091716  -0.991673 -0.128766 -0.002047  0.354099 0.843493 0
Material_0
0  -0.004893 0.058531 0.092357  0.000180 0.002209 0.999998  0.353755 0.843493 0
0  -0.006936 0.053905 0.091716  -0.781976 0.621517 -0.047230  0.354787 0.842760 0
0  -0.006398 0.053500 0.092357  0.000131 0.002090 0.999998  0.354529 0.842678 0
Material_0
0  -0.006936 0.053905 0.091716  -0.781976 0.621517 -0.047230  0.354787 0.842760 0
0  -0.011088 0.051610 0.091716  -0.095995 0.995380 -0.002023  0.356850 0.842434 0
0  -0.006398 0.053500 0.092357  0.000131 0.002090 0.999998  0.354529 0.842678 0
Material_0
0  -0.006398 0.053500 0.092357  0.000131 0.002090 0.999998  0.354529 0.842678 0
0  -0.011088 0.051610 0.091716  -0.095995 0.995380 -0.002023  0.356850 0.842434 0
0  -0.010957 0.050912 0.092357  0.000029 0.002018 0.999998  0.356764 0.842271 0
Material_0
0  -0.011088 0.051610 0.091716  -0.095995 0.995380 -0.002023  0.356850 0.842434 0
0  -0.015650 0.052919 0.091716  0.618961 0.784764 -0.032151  0.359171 0.842597 0
0  -0.010957 0.050912 0.092357  0.000029 0.002018 0.999998  0.356764 0.842271 0
Material_0
0  -0.010957 0.050912 0.092357  0.000029 0.002018 0.999998  0.356764 0.842271 0
0  -0.015650 0.052919 0.091716  0.618961 0.784764 -0.032151  0.359171 0.842597 0
0  -0.016116 0.052331 0.092357  -0.000090 0.002059 0.999998  0.359343 0.842515 0
Material_0
0  -0.015650 0.052919 0.091716  0.618961 0.784764 -0.032151  0.359171 0.842597 0
0  -0.017951 0.057068 0.091716  0.993797 0.111194 0.001731  0.360289 0.843249 0
0  -0.016116 0.052331 0.092357  -0.000090 0.002059 0.999998  0.359343 0.842515 0
Material_0
0  -0.016116 0.052331 0.092357  -0.000090 0.002059 0.999998  0.359343 0.842515 0
0  -0.017951 0.057068 0.091716  0.993797 0.111194 0.001731  0.360289 0.843249 0
0  -0.018696 0.056979 0.092357  -0.000175 0.002189 0.999998  0.360633 0.843249 0
Material_0
0  -0.017951 0.057068 0.091716  0.993797 0.111194 0.001731  0.360289 0.843249 0
0  -0.016642 0.061627 0.091716  0.783409 -0.621506 -0.000155  0.359601 0.843982 0
0  -0.018696 0.056979 0.092357  -0.000175 0.002189 0.999998  0.360633 0.843249 0
Material_0
0  -0.018696 0.056979 0.092357  -0.000175 0.002189 0.999998  0.360633 0.843249 0
0  -0.016642 0.061627 0.091716  0.783409 -0.621506 -0.000155  0.359601 0.843982 0
0  -0.017229 0.062098 0.092357  -0.000106 0.002281 0.999997  0.359945 0.844064 0
Material_0
0  -0.016642 0.061627 0.091716  0.783409 -0.621506 -0.000155  0.359601 0.843982 0
0  -0.012492 0.063930 0.091716  0.113325 -0.993550 -0.003950  0.357538 0.844308 0
0  -0.017229 0.062098 0.092357  -0.000106 0.002281 0.999997  0.359945 0.844064 0
Material_0
0  -0.017229 0.062098 0.092357  -0.000106 0.002281 0.999997  0.359945 0.844064 0
0  -0.012492 0.063930 0.091716  0.113325 -0.993550 -0.003950  0.357538 0.844308 0
0  -0.012576 0.064672 0.092357  0.000031 0.002360 0.999997  0.357624 0.844472 0
Material_0
0  -0.012492 0.063930 0.091716  0.113325 -0.993550 -0.003950  0.357538 0.844308 0
0  -0.007930 0.062620 0.091716  -0.621294 -0.782028 -0.049249  0.355216 0.844145 0
0  -0.012576 0.064672 0.092357  0.000031 0.002360 0.999997  0.357624 0.844472 0
Material_0
0  -0.012576 0.064672 0.092357  0.000031 0.002360 0.999997  0.357624 0.844472 0
0  -0.007930 0.062620 0.091716  -0.621294 -0.782028 -0.049249  0.355216 0.844145 0
0  -0.007462 0.063209 0.092357  0.000141 0.002279 0.999997  0.355045 0.844227 0
Material_0
0  -0.007930 0.062620 0.091716  -0.621294 -0.782028 -0.049249  0.355216 0.844145 0
0  -0.005628 0.058472 0.091716  -0.991673 -0.128766 -0.002047  0.354099 0.843493 0
0  -0.007462 0.063209 0.092357  0.000141 0.002279 0.999997  0.355045 0.844227 0
Material_0
0  0.005113 0.027318 0.092357  -0.000099 0.002025 0.999998  0.348682 0.838603 0
0  0.001801 0.031171 0.091716  0.898232 0.436971 -0.047290  0.350402 0.839255 0
0  0.001127 0.030841 0.092357  -0.000156 0.002114 0.999998  0.350746 0.839174 0
Material_0
0  0.001801 0.031171 0.091716  0.898232 0.436971 -0.047290  0.350402 0.839255 0
0  0.001512 0.035908 0.091716  0.947222 -0.319766 -0.022829  0.350488 0.839989 0
0  0.001127 0.030841 0.092357  -0.000156 0.002114 0.999998  0.350746 0.839174 0
Material_0
0  0.001801 0.031171 0.091716  0.898232 0.436971 -0.047290  0.350402 0.839255 0
0  0.005113 0.027318 0.092357  -0.000099 0.002025 0.999998  0.348682 0.838603 0
0  0.005355 0.028024 0.091716  0.325038 0.945383 -0.024533  0.348596 0.838685 0
Material_0
0  0.005113 0.027318 0.092357  -0.000099 0.002025 0.999998  0.348682 0.838603 0
0  0.010423 0.027641 0.092357  0.000072 0.002031 0.999998  0.346017 0.838685 0
0  0.005355 0.028024 0.091716  0.325038 0.945383 -0.024533  0.348596 0.838685 0
Material_0
0  0.005355 0.028024 0.091716  0.325038 0.945383 -0.024533  0.348596 0.838685 0
0  0.010423 0.027641 0.092357  0.000072 0.002031 0.999998  0.346017 0.838685 0
0  0.010094 0.028318 0.091716  -0.438579 0.898492 -0.018995  0.346189 0.838766 0
Material_0
0  0.010423 0.027641 0.092357  0.000072 0.002031 0.999998  0.346017 0.838685 0
0  0.013899 0.031613 0.092357  0.000170 0.002111 0.999998  0.344297 0.839255 0
0  0.010094 0.028318 0.091716  -0.438579 0.898492 -0.018995  0.346189 0.838766 0
Material_0
0  0.010094 0.028318 0.091716  -0.438579 0.898492 -0.018995  0.346189 0.838766 0
0  0.013899 0.031613 0.092357  0.000170 0.002111 0.999998  0.344297 0.839255 0
0  0.013239 0.031870 0.091716  -0.944667 0.328026 0.001731  0.344641 0.839337 0
Material_0
0  0.013899 0.031613 0.092357  0.000170 0.002111 0.999998  0.344297 0.839255 0
0  0.013624 0.036938 0.092357  0.000177 0.002215 0.999997  0.344469 0.840152 0
0  0.013239 0.031870 0.091716  -0.944667 0.328026 0.001731  0.344641 0.839337 0
Material_0
0  0.013239 0.031870 0.091716  -0.944667 0.328026 0.001731  0.344641 0.839337 0
0  0.013624 0.036938 0.092357  0.000177 0.002215 0.999997  0.344469 0.840152 0
0  0.012948 0.036607 0.091716  -0.901365 -0.433042 -0.003914  0.344813 0.840070 0
Material_0
0  0.013624 0.036938 0.092357  0.000177 0.002215 0.999997  0.344469 0.840152 0
0  0.009588 0.040534 0.092357  0.000040 0.002345 0.999997  0.346447 0.840641 0
0  0.012948 0.036607 0.091716  -0.901365 -0.433042 -0.003914  0.344813 0.840070 0
Material_0
0  0.012948 0.036607 0.091716  -0.901365 -0.433042 -0.003914  0.344813 0.840070 0
0  0.009588 0.040534 0.092357  0.000040 0.002345 0.999997  0.346447 0.840641 0
0  0.009394 0.039754 0.091716  -0.336019 -0.941020 -0.039660  0.346533 0.840559 0
Material_0
0  0.009588 0.040534 0.092357  0.000040 0.002345 0.999997  0.346447 0.840641 0
0  0.004326 0.040255 0.092357  -0.000058 0.002326 0.999997  0.349112 0.840641 0
0  0.009394 0.039754 0.091716  -0.336019 -0.941020 -0.039660  0.346533 0.840559 0
Material_0
0  0.009394 0.039754 0.091716  -0.336019 -0.941020 -0.039660  0.346533 0.840559 0
0  0.004326 0.040255 0.092357  -0.000058 0.002326 0.999997  0.349112 0.840641 0
0  0.004656 0.039460 0.091716  0.446981 -0.894542 0.001855  0.348940 0.840478 0
Material_0
0  0.004326 0.040255 0.092357  -0.000058 0.002326 0.999997  0.349112 0.840641 0
0  0.000818 0.036165 0.092357  -0.000138 0.002246 0.999997  0.350918 0.839989 0
0  0.004656 0.039460 0.091716  0.446981 -0.894542 0.001855  0.348940 0.840478 0
Material_0
0  0.004656 0.039460 0.091716  0.446981 -0.894542 0.001855  0.348940 0.840478 0
0  0.000818 0.036165 0.092357  -0.000138 0.002246 0.999997  0.350918 0.839989 0
0  0.001512 0.035908 0.091716  0.947222 -0.319766 -0.022829  0.350488 0.839989 0
Material_0
0  0.000818 0.036165 0.092357  -0.000138 0.002246 0.999997  0.350918 0.839989 0
0  0.001127 0.030841 0.092357  -0.000156 0.002114 0.999998  0.350746 0.839174 0
0  0.001512 0.035908 0.091716  0.947222 -0.319766 -0.022829  0.350488 0.839989 0
Material_0
0  0.014477 0.038548 0.091716  0.216687 0.976233 -0.003911  0.344039 0.840396 0
0  0.019457 0.038651 0.092357  0.000075 0.002041 0.999998  0.341546 0.840396 0
0  0.019151 0.039372 0.091716  -0.545315 0.838230 0.001729  0.341718 0.840478 0
Material_0
0  0.019457 0.038651 0.092357  0.000075 0.002041 0.999998  0.341546 0.840396 0
0  0.022605 0.043094 0.092357  0.000142 0.002147 0.999998  0.339913 0.841048 0
0  0.019151 0.039372 0.091716  -0.545315 0.838230 0.001729  0.341718 0.840478 0
Material_0
0  0.019457 0.038651 0.092357  0.000075 0.002041 0.999998  0.341546 0.840396 0
0  0.014477 0.038548 0.091716  0.216687 0.976233 -0.003911  0.344039 0.840396 0
0  0.014314 0.037813 0.092357  -0.000075 0.002031 0.999998  0.344125 0.840233 0
Material_0
0  0.014477 0.038548 0.091716  0.216687 0.976233 -0.003911  0.344039 0.840396 0
0  0.010589 0.041270 0.091716  0.831589 0.554455 -0.032245  0.345931 0.840804 0
0  0.014314 0.037813 0.092357  -0.000075 0.002031 0.999998  0.344125 0.840233 0
Material_0
0  0.014314 0.037813 0.092357  -0.000075 0.002031 0.999998  0.344125 0.840233 0
0  0.010589 0.041270 0.091716  0.831589 0.554455 -0.032245  0.345931 0.840804 0
0  0.009993 0.040961 0.092357  -0.000136 0.002087 0.999998  0.346275 0.840722 0
Material_0
0  0.010589 0.041270 0.091716  0.831589 0.554455 -0.032245  0.345931 0.840804 0
0  0.009764 0.045940 0.091716  0.974382 -0.223109 -0.028318  0.346361 0.841537 0
0  0.009993 0.040961 0.092357  -0.000136 0.002087 0.999998  0.346275 0.840722 0
Material_0
0  0.009993 0.040961 0.092357  -0.000136 0.002087 0.999998  0.346275 0.840722 0
0  0.009764 0.045940 0.091716  0.974382 -0.223109 -0.028318  0.346361 0.841537 0
0  0.008876 0.046124 0.092357  -0.000144 0.002220 0.999997  0.346877 0.841537 0
Material_0
0  0.009764 0.045940 0.091716  0.974382 -0.223109 -0.028318  0.346361 0.841537 0
0  0.012485 0.049830 0.091716  0.518548 -0.854510 -0.030361  0.344985 0.842108 0
0  0.008876 0.046124 0.092357  -0.000144 0.002220 0.999997  0.346877 0.841537 0
Material_0
0  0.008876 0.046124 0.092357  -0.000144 0.002220 0.999997  0.346877 0.841537 0
0  0.012485 0.049830 0.091716  0.518548 -0.854510 -0.030361  0.344985 0.842108 0
0  0.012028 0.050441 0.092357  -0.000053 0.002323 0.999997  0.345243 0.842189 0
Material_0
0  0.012485 0.049830 0.091716  0.518548 -0.854510 -0.030361  0.344985 0.842108 0
0  0.017162 0.050654 0.091716  -0.213434 -0.976226 -0.037802  0.342664 0.842271 0
0  0.012028 0.050441 0.092357  -0.000053 0.002323 0.999997  0.345243 0.842189 0
Material_0
0  0.012028 0.050441 0.092357  -0.000053 0.002323 0.999997  0.345243 0.842189 0
0  0.017162 0.050654 0.091716  -0.213434 -0.976226 -0.037802  0.342664 0.842271 0
0  0.017324 0.051390 0.092357  0.000078 0.002326 0.999997  0.342578 0.842352 0
Material_0
0  0.017162 0.050654 0.091716  -0.213434 -0.976226 -0.037802  0.342664 0.842271 0
0  0.021048 0.047933 0.091716  -0.844126 -0.536131 -0.003920  0.340686 0.841863 0
0  0.017324 0.051390 0.092357  0.000078 0.002326 0.999997  0.342578 0.842352 0
Material_0
0  0.017324 0.051390 0.092357  0.000078 0.002326 0.999997  0.342578 0.842352 0
0  0.021048 0.047933 0.091716  -0.844126 -0.536131 -0.003920  0.340686 0.841863 0
0  0.021682 0.048337 0.092357  0.000149 0.002243 0.999997  0.340428 0.841863 0
Material_0
0  0.021048 0.047933 0.091716  -0.844126 -0.536131 -0.003920  0.340686 0.841863 0
0  0.021873 0.043255 0.091716  -0.974701 0.218843 -0.045447  0.340342 0.841130 0
0  0.021682 0.048337 0.092357  0.000149 0.002243 0.999997  0.340428 0.841863 0
Material_0
0  0.021682 0.048337 0.092357  0.000149 0.002243 0.999997  0.340428 0.841863 0
0  0.021873 0.043255 0.091716  -0.974701 0.218843 -0.045447  0.340342 0.841130 0
0  0.022605 0.043094 0.092357  0.000142 0.002147 0.999998  0.339913 0.841048 0
Material_0
0  0.021873 0.043255 0.091716  -0.974701 0.218843 -0.045447  0.340342 0.841130 0
0  0.019151 0.039372 0.091716  -0.545315 0.838230 0.001729  0.341718 0.840478 0
0  0.022605 0.043094 0.092357  0.000142 0.002147 0.999998  0.339913 0.841048 0
Material_0
0  0.005806 0.058553 0.092357  -0.000187 0.002247 0.999997  0.348338 0.843493 0
0  0.008790 0.062694 0.091716  0.628930 -0.776537 -0.037904  0.346877 0.844145 0
0  0.008319 0.063275 0.092357  -0.000065 0.002318 0.999997  0.347135 0.844227 0
Material_0
0  0.008790 0.062694 0.091716  0.628930 -0.776537 -0.037904  0.346877 0.844145 0
0  0.013340 0.064040 0.091716  -0.105724 -0.994041 -0.026551  0.344641 0.844390 0
0  0.008319 0.063275 0.092357  -0.000065 0.002318 0.999997  0.347135 0.844227 0
Material_0
0  0.008790 0.062694 0.091716  0.628930 -0.776537 -0.037904  0.346877 0.844145 0
0  0.005806 0.058553 0.092357  -0.000187 0.002247 0.999997  0.348338 0.843493 0
0  0.006527 0.058524 0.091716  0.992254 -0.124163 -0.003938  0.347994 0.843493 0
Material_0
0  0.005806 0.058553 0.092357  -0.000187 0.002247 0.999997  0.348338 0.843493 0
0  0.007222 0.053456 0.092357  -0.000145 0.002083 0.999998  0.347650 0.842678 0
0  0.006527 0.058524 0.091716  0.992254 -0.124163 -0.003938  0.347994 0.843493 0
Material_0
0  0.006527 0.058524 0.091716  0.992254 -0.124163 -0.003938  0.347994 0.843493 0
0  0.007222 0.053456 0.092357  -0.000145 0.002083 0.999998  0.347650 0.842678 0
0  0.007874 0.053971 0.091716  0.772131 0.635281 -0.015207  0.347307 0.842760 0
Material_0
0  0.007222 0.053456 0.092357  -0.000145 0.002083 0.999998  0.347650 0.842678 0
0  0.011925 0.051103 0.092357  -0.000011 0.002016 0.999998  0.345329 0.842352 0
0  0.007874 0.053971 0.091716  0.772131 0.635281 -0.015207  0.347307 0.842760 0
Material_0
0  0.007874 0.053971 0.091716  0.772131 0.635281 -0.015207  0.347307 0.842760 0
0  0.011925 0.051103 0.092357  -0.000011 0.002016 0.999998  0.345329 0.842352 0
0  0.012044 0.051706 0.091716  0.085308 0.996182 -0.018548  0.345243 0.842434 0
Material_0
0  0.011925 0.051103 0.092357  -0.000011 0.002016 0.999998  0.345329 0.842352 0
0  0.017067 0.052471 0.092357  0.000070 0.002037 0.999998  0.342750 0.842515 0
0  0.012044 0.051706 0.091716  0.085308 0.996182 -0.018548  0.345243 0.842434 0
Material_0
0  0.012044 0.051706 0.091716  0.085308 0.996182 -0.018548  0.345243 0.842434 0
0  0.017067 0.052471 0.092357  0.000070 0.002037 0.999998  0.342750 0.842515 0
0  0.016596 0.053059 0.091716  -0.622104 0.782021 -0.037797  0.342922 0.842678 0
Material_0
0  0.017067 0.052471 0.092357  0.000070 0.002037 0.999998  0.342750 0.842515 0
0  0.019606 0.057148 0.092357  0.000157 0.002129 0.999998  0.341460 0.843249 0
0  0.016596 0.053059 0.091716  -0.622104 0.782021 -0.037797  0.342922 0.842678 0
Material_0
0  0.016596 0.053059 0.091716  -0.622104 0.782021 -0.037797  0.342922 0.842678 0
0  0.019606 0.057148 0.092357  0.000157 0.002129 0.999998  0.341460 0.843249 0
0  0.018859 0.057229 0.091716  -0.994015 0.102474 -0.037863  0.341804 0.843330 0
Material_0
0  0.019606 0.057148 0.092357  0.000157 0.002129 0.999998  0.341460 0.843249 0
0  0.018094 0.062253 0.092357  0.000147 0.002308 0.999997  0.342234 0.844064 0
0  0.018859 0.057229 0.091716  -0.994015 0.102474 -0.037863  0.341804 0.843330 0
Material_0
0  0.018859 0.057229 0.091716  -0.994015 0.102474 -0.037863  0.341804 0.843330 0
0  0.018094 0.062253 0.092357  0.000147 0.002308 0.999997  0.342234 0.844064 0
0  0.017512 0.061775 0.091716  -0.777381 -0.628386 -0.028471  0.342492 0.843982 0
Material_0
0  0.018094 0.062253 0.092357  0.000147 0.002308 0.999997  0.342234 0.844064 0
0  0.013420 0.064790 0.092357  0.000075 0.002324 0.999997  0.344555 0.844472 0
0  0.017512 0.061775 0.091716  -0.777381 -0.628386 -0.028471  0.342492 0.843982 0
Material_0
0  0.017512 0.061775 0.091716  -0.777381 -0.628386 -0.028471  0.342492 0.843982 0
0  0.013420 0.064790 0.092357  0.000075 0.002324 0.999997  0.344555 0.844472 0
0  0.013340 0.064040 0.091716  -0.105724 -0.994041 -0.026551  0.344641 0.844390 0
Material_0
0  0.013420 0.064790 0.092357  0.000075 0.002324 0.999997  0.344555 0.844472 0
0  0.008319 0.063275 0.092357  -0.000065 0.002318 0.999997  0.347135 0.844227 0
0  0.013340 0.064040 0.091716  -0.105724 -0.994041 -0.026551  0.344641 0.844390 0
Material_0
0  0.000274 0.036158 0.092357  0.000154 0.002215 0.999997  0.351176 0.839989 0
0  -0.000667 0.031164 0.091716  -0.905119 0.425139 -0.003937  0.351605 0.839174 0
0  0.000010 0.030841 0.092357  0.000133 0.002082 0.999998  0.351261 0.839174 0
Material_0
0  -0.000667 0.031164 0.091716  -0.905119 0.425139 -0.003937  0.351605 0.839174 0
0  -0.004193 0.027987 0.091716  -0.334272 0.942475 0.001738  0.353411 0.838685 0
0  0.000010 0.030841 0.092357  0.000133 0.002082 0.999998  0.351261 0.839174 0
Material_0
0  -0.000667 0.031164 0.091716  -0.905119 0.425139 -0.003937  0.351605 0.839174 0
0  0.000274 0.036158 0.092357  0.000154 0.002215 0.999997  0.351176 0.839989 0
0  -0.000418 0.035901 0.091716  -0.943742 -0.328089 0.041335  0.351519 0.839989 0
Material_0
0  0.000274 0.036158 0.092357  0.000154 0.002215 0.999997  0.351176 0.839989 0
0  -0.003270 0.040108 0.092357  0.000067 0.002337 0.999997  0.352895 0.840641 0
0  -0.000418 0.035901 0.091716  -0.943742 -0.328089 0.041335  0.351519 0.839989 0
Material_0
0  -0.000418 0.035901 0.091716  -0.943742 -0.328089 0.041335  0.351519 0.839989 0
0  -0.003270 0.040108 0.092357  0.000067 0.002337 0.999997  0.352895 0.840641 0
0  -0.003594 0.039431 0.091716  -0.430915 -0.902323 0.011189  0.353067 0.840478 0
Material_0
0  -0.003270 0.040108 0.092357  0.000067 0.002337 0.999997  0.352895 0.840641 0
0  -0.008508 0.040380 0.092357  -0.000045 0.002324 0.999997  0.355560 0.840641 0
0  -0.003594 0.039431 0.091716  -0.430915 -0.902323 0.011189  0.353067 0.840478 0
Material_0
0  -0.003594 0.039431 0.091716  -0.430915 -0.902323 0.011189  0.353067 0.840478 0
0  -0.008508 0.040380 0.092357  -0.000045 0.002324 0.999997  0.355560 0.840641 0
0  -0.008332 0.039674 0.091716  0.340624 -0.939525 0.035626  0.355474 0.840559 0
Material_0
0  -0.008508 0.040380 0.092357  -0.000045 0.002324 0.999997  0.355560 0.840641 0
0  -0.012537 0.036827 0.092357  -0.000118 0.002279 0.999997  0.357538 0.840070 0
0  -0.008332 0.039674 0.091716  0.340624 -0.939525 0.035626  0.355474 0.840559 0
Material_0
0  -0.008332 0.039674 0.091716  0.340624 -0.939525 0.035626  0.355474 0.840559 0
0  -0.012537 0.036827 0.092357  -0.000118 0.002279 0.999997  0.357538 0.840070 0
0  -0.011860 0.036504 0.091716  0.901378 -0.433015 -0.003955  0.357194 0.840070 0
Material_0
0  -0.012537 0.036827 0.092357  -0.000118 0.002279 0.999997  0.357538 0.840070 0
0  -0.012815 0.031510 0.092357  -0.000176 0.002181 0.999998  0.357710 0.839255 0
0  -0.011860 0.036504 0.091716  0.901378 -0.433015 -0.003955  0.357194 0.840070 0
Material_0
0  -0.011860 0.036504 0.091716  0.901378 -0.433015 -0.003955  0.357194 0.840070 0
0  -0.012815 0.031510 0.092357  -0.000176 0.002181 0.999998  0.357710 0.839255 0
0  -0.012108 0.031760 0.091716  0.943201 0.332217 -0.002051  0.357366 0.839337 0
Material_0
0  -0.012815 0.031510 0.092357  -0.000176 0.002181 0.999998  0.357710 0.839255 0
0  -0.009256 0.027553 0.092357  -0.000121 0.002047 0.999998  0.355904 0.838685 0
0  -0.012108 0.031760 0.091716  0.943201 0.332217 -0.002051  0.357366 0.839337 0
Material_0
0  -0.012108 0.031760 0.091716  0.943201 0.332217 -0.002051  0.357366 0.839337 0
0  -0.009256 0.027553 0.092357  -0.000121 0.002047 0.999998  0.355904 0.838685 0
0  -0.008932 0.028237 0.091716  0.431000 0.902319 -0.007670  0.355732 0.838766 0
Material_0
0  -0.009256 0.027553 0.092357  -0.000121 0.002047 0.999998  0.355904 0.838685 0
0  -0.003943 0.027281 0.092357  0.000004 0.002028 0.999998  0.353239 0.838603 0
0  -0.008932 0.028237 0.091716  0.431000 0.902319 -0.007670  0.355732 0.838766 0
Material_0
0  -0.008932 0.028237 0.091716  0.431000 0.902319 -0.007670  0.355732 0.838766 0
0  -0.003943 0.027281 0.092357  0.000004 0.002028 0.999998  0.353239 0.838603 0
0  -0.004193 0.027987 0.091716  -0.334272 0.942475 0.001738  0.353411 0.838685 0
Material_0
0  -0.003943 0.027281 0.092357  0.000004 0.002028 0.999998  0.353239 0.838603 0
0  0.000010 0.030841 0.092357  0.000133 0.002082 0.999998  0.351261 0.839174 0
0  -0.004193 0.027987 0.091716  -0.334272 0.942475 0.001738  0.353411 0.838685 0
Material_0
0  -0.008894 0.040821 0.092357  0.000125 0.002080 0.999998  0.355732 0.840722 0
0  -0.008076 0.046087 0.092357  0.000153 0.002174 0.999998  0.355302 0.841537 0
0  -0.009541 0.041181 0.091716  -0.845883 0.532395 -0.032199  0.356076 0.840804 0
Material_0
0  -0.008076 0.046087 0.092357  0.000153 0.002174 0.999998  0.355302 0.841537 0
0  -0.008758 0.045859 0.091716  -0.976386 -0.214619 -0.024688  0.355646 0.841537 0
0  -0.009541 0.041181 0.091716  -0.845883 0.532395 -0.032199  0.356076 0.840804 0
Material_0
0  -0.009541 0.041181 0.091716  -0.845883 0.532395 -0.032199  0.356076 0.840804 0
0  -0.013404 0.038423 0.091716  -0.225259 0.974297 -0.002026  0.357968 0.840315 0
0  -0.008894 0.040821 0.092357  0.000125 0.002080 0.999998  0.355732 0.840722 0
Material_0
0  -0.008894 0.040821 0.092357  0.000125 0.002080 0.999998  0.355732 0.840722 0
0  -0.013404 0.038423 0.091716  -0.225259 0.974297 -0.002026  0.357968 0.840315 0
0  -0.013235 0.037695 0.092357  0.000032 0.002009 0.999998  0.357968 0.840233 0
Material_0
0  -0.013404 0.038423 0.091716  -0.225259 0.974297 -0.002026  0.357968 0.840315 0
0  -0.018086 0.039210 0.091716  0.530535 0.847661 0.001702  0.360375 0.840478 0
0  -0.013235 0.037695 0.092357  0.000032 0.002009 0.999998  0.357968 0.840233 0
Material_0
0  -0.013235 0.037695 0.092357  0.000032 0.002009 0.999998  0.357968 0.840233 0
0  -0.018086 0.039210 0.091716  0.530535 0.847661 0.001702  0.360375 0.840478 0
0  -0.018482 0.038570 0.092357  -0.000126 0.002054 0.999998  0.360547 0.840396 0
Material_0
0  -0.018086 0.039210 0.091716  0.530535 0.847661 0.001702  0.360375 0.840478 0
0  -0.020842 0.043071 0.091716  0.973803 0.227385 0.001708  0.361751 0.841048 0
0  -0.018482 0.038570 0.092357  -0.000126 0.002054 0.999998  0.360547 0.840396 0
Material_0
0  -0.018482 0.038570 0.092357  -0.000126 0.002054 0.999998  0.360547 0.840396 0
0  -0.020842 0.043071 0.091716  0.973803 0.227385 0.001708  0.361751 0.841048 0
0  -0.021572 0.042902 0.092357  -0.000173 0.002195 0.999998  0.362095 0.841048 0
Material_0
0  -0.020842 0.043071 0.091716  0.973803 0.227385 0.001708  0.361751 0.841048 0
0  -0.020059 0.047756 0.091716  0.846504 -0.532383 -0.000162  0.361321 0.841782 0
0  -0.021572 0.042902 0.092357  -0.000173 0.002195 0.999998  0.362095 0.841048 0
Material_0
0  -0.021572 0.042902 0.092357  -0.000173 0.002195 0.999998  0.362095 0.841048 0
0  -0.020059 0.047756 0.091716  0.846504 -0.532383 -0.000162  0.361321 0.841782 0
0  -0.020694 0.048154 0.092357  -0.000120 0.002279 0.999997  0.361665 0.841863 0
Material_0
0  -0.020059 0.047756 0.091716  0.846504 -0.532383 -0.000162  0.361321 0.841782 0
0  -0.016194 0.050507 0.091716  0.225300 -0.974288 0.001738  0.359429 0.842271 0
0  -0.020694 0.048154 0.092357  -0.000120 0.002279 0.999997  0.361665 0.841863 0
Material_0
0  -0.020694 0.048154 0.092357  -0.000120 0.002279 0.999997  0.361665 0.841863 0
0  -0.016194 0.050507 0.091716  0.225300 -0.974288 0.001738  0.359429 0.842271 0
0  -0.016363 0.051243 0.092357  0.000015 0.002358 0.999997  0.359515 0.842352 0
Material_0
0  -0.016194 0.050507 0.091716  0.225300 -0.974288 0.001738  0.359429 0.842271 0
0  -0.011513 0.049728 0.091716  -0.518364 -0.854621 -0.030354  0.357022 0.842108 0
0  -0.016363 0.051243 0.092357  0.000015 0.002358 0.999997  0.359515 0.842352 0
Material_0
0  -0.016363 0.051243 0.092357  0.000015 0.002358 0.999997  0.359515 0.842352 0
0  -0.011513 0.049728 0.091716  -0.518364 -0.854621 -0.030354  0.357022 0.842108 0
0  -0.011076 0.050382 0.092357  0.000130 0.002286 0.999997  0.356850 0.842189 0
Material_0
0  -0.011513 0.049728 0.091716  -0.518364 -0.854621 -0.030354  0.357022 0.842108 0
0  -0.008758 0.045859 0.091716  -0.976386 -0.214619 -0.024688  0.355646 0.841537 0
0  -0.011076 0.050382 0.092357  0.000130 0.002286 0.999997  0.356850 0.842189 0
Material_0
0  -0.011076 0.050382 0.092357  0.000130 0.002286 0.999997  0.356850 0.842189 0
0  -0.008758 0.045859 0.091716  -0.976386 -0.214619 -0.024688  0.355646 0.841537 0
0  -0.008076 0.046087 0.092357  0.000153 0.002174 0.999998  0.355302 0.841537 0
Material_0
0  -0.006928 0.049308 0.038343  -0.984681 0.171732 -0.030203  0.641693 0.833224 0
0  -0.006279 0.044697 0.038343  -0.899349 -0.436971 -0.015127  0.640575 0.826377 0
0  -0.006279 0.044697 0.094995  -0.899347 -0.436974 -0.015127  0.640575 0.826377 0
Material_0
0  -0.006279 0.044697 0.094995  -0.899347 -0.436974 -0.015127  0.640575 0.826377 0
0  -0.006279 0.044697 0.038343  -0.899349 -0.436971 -0.015127  0.640575 0.826377 0
0  -0.003043 0.041343 0.094995  -0.470062 -0.882632 0.001859  0.634901 0.821405 0
Material_0
0  -0.006279 0.044697 0.094995  -0.899347 -0.436974 -0.015127  0.640575 0.826377 0
0  -0.006928 0.049308 0.094995  -0.984680 0.171737 -0.030203  0.641693 0.833224 0
0  -0.006928 0.049308 0.038343  -0.984681 0.171732 -0.030203  0.641693 0.833224 0
Material_0
0  -0.006928 0.049308 0.038343  -0.984681 0.171732 -0.030203  0.641693 0.833224 0
0  -0.006928 0.049308 0.094995  -0.984680 0.171737 -0.030203  0.641693 0.833224 0
0  -0.004739 0.053420 0.038343  -0.694773 0.718600 -0.030086  0.637910 0.839337 0
Material_0
0  -0.006928 0.049308 0.094995  -0.984680 0.171737 -0.030203  0.641693 0.833224 0
0  -0.004739 0.053420 0.094995  -0.694778 0.718593 -0.030138  0.637910 0.839337 0
0  -0.004739 0.053420 0.038343  -0.694773 0.718600 -0.030086  0.637910 0.839337 0
Material_0
0  -0.004739 0.053420 0.038343  -0.694773 0.718600 -0.030086  0.637910 0.839337 0
0  -0.004739 0.053420 0.094995  -0.694778 0.718593 -0.030138  0.637910 0.839337 0
0  -0.000554 0.055457 0.038343  -0.139337 0.990243 -0.001818  0.630516 0.842352 0
Material_0
0  -0.004739 0.053420 0.094995  -0.694778 0.718593 -0.030138  0.637910 0.839337 0
0  -0.000554 0.055457 0.094995  -0.139304 0.990248 -0.001716  0.630516 0.842352 0
0  -0.000554 0.055457 0.038343  -0.139337 0.990243 -0.001818  0.630516 0.842352 0
Material_0
0  -0.000554 0.055457 0.038343  -0.139337 0.990243 -0.001818  0.630516 0.842352 0
0  -0.000554 0.055457 0.094995  -0.139304 0.990248 -0.001716  0.630516 0.842352 0
0  0.004033 0.054648 0.038343  0.470067 0.882631 0.000000  0.622520 0.841130 0
Material_0
0  -0.000554 0.055457 0.094995  -0.139304 0.990248 -0.001716  0.630516 0.842352 0
0  0.004033 0.054648 0.094995  0.469745 0.882802 -0.000000  0.622520 0.841130 0
0  0.004033 0.054648 0.038343  0.470067 0.882631 0.000000  0.622520 0.841130 0
Material_0
0  0.004033 0.054648 0.038343  0.470067 0.882631 0.000000  0.622520 0.841130 0
0  0.004033 0.054648 0.094995  0.469745 0.882802 -0.000000  0.622520 0.841130 0
0  0.007267 0.051301 0.038343  0.899312 0.436978 -0.016951  0.616845 0.836158 0
Material_0
0  0.004033 0.054648 0.094995  0.469745 0.882802 -0.000000  0.622520 0.841130 0
0  0.007267 0.051301 0.094995  0.899312 0.436980 -0.016952  0.616845 0.836158 0
0  0.007267 0.051301 0.038343  0.899312 0.436978 -0.016951  0.616845 0.836158 0
Material_0
0  0.007267 0.051301 0.038343  0.899312 0.436978 -0.016951  0.616845 0.836158 0
0  0.007267 0.051301 0.094995  0.899312 0.436980 -0.016952  0.616845 0.836158 0
0  0.007916 0.046690 0.038343  0.984681 -0.171738 0.030159  0.615728 0.829393 0
Material_0
0  0.007267 0.051301 0.094995  0.899312 0.436980 -0.016952  0.616845 0.836158 0
0  0.007916 0.046690 0.094995  0.984680 -0.171742 0.030159  0.615728 0.829393 0
0  0.007916 0.046690 0.038343  0.984681 -0.171738 0.030159  0.615728 0.829393 0
Material_0
0  0.007916 0.046690 0.038343  0.984681 -0.171738 0.030159  0.615728 0.829393 0
0  0.007916 0.046690 0.094995  0.984680 -0.171742 0.030159  0.615728 0.829393 0
0  0.005728 0.042579 0.038343  0.694922 -0.718598 0.026452  0.619511 0.823280 0
Material_0
0  0.007916 0.046690 0.094995  0.984680 -0.171742 0.030159  0.615728 0.829393 0
0  0.005728 0.042579 0.094995  0.694922 -0.718598 0.026452  0.619511 0.823280 0
0  0.005728 0.042579 0.038343  0.694922 -0.718598 0.026452  0.619511 0.823280 0
Material_0
0  0.005728 0.042579 0.038343  0.694922 -0.718598 0.026452  0.619511 0.823280 0
0  0.005728 0.042579 0.094995  0.694922 -0.718598 0.026452  0.619511 0.823280 0
0  0.001543 0.040534 0.038343  0.139476 -0.990226 -0.000000  0.626905 0.820264 0
Material_0
0  0.005728 0.042579 0.094995  0.694922 -0.718598 0.026452  0.619511 0.823280 0
0  0.001543 0.040534 0.094995  0.139471 -0.990226 -0.000000  0.626905 0.820264 0
0  0.001543 0.040534 0.038343  0.139476 -0.990226 -0.000000  0.626905 0.820264 0
Material_0
0  0.001543 0.040534 0.038343  0.139476 -0.990226 -0.000000  0.626905 0.820264 0
0  0.001543 0.040534 0.094995  0.139471 -0.990226 -0.000000  0.626905 0.820264 0
0  -0.003043 0.041343 0.038343  -0.470062 -0.882631 0.001858  0.634901 0.821405 0
Material_0
0  0.001543 0.040534 0.094995  0.139471 -0.990226 -0.000000  0.626905 0.820264 0
0  -0.003043 0.041343 0.094995  -0.470062 -0.882632 0.001859  0.634901 0.821405 0
0  -0.003043 0.041343 0.038343  -0.470062 -0.882631 0.001858  0.634901 0.821405 0
Material_0
0  -0.003043 0.041343 0.038343  -0.470062 -0.882631 0.001858  0.634901 0.821405 0
0  -0.003043 0.041343 0.094995  -0.470062 -0.882632 0.001859  0.634901 0.821405 0
0  -0.006279 0.044697 0.038343  -0.899349 -0.436971 -0.015127  0.640575 0.826377 0
Material_0
0  -0.005687 0.040262 0.166088  -0.999998 0.002174 0.000000  0.146034 0.840641 0
0  -0.004505 0.043895 0.166088  -0.808992 0.586731 -0.035772  0.145432 0.841211 0
0  -0.005687 0.040262 0.156119  -1.000000 -0.000225 -0.000179  0.146034 0.840641 0
Material_0
0  -0.005687 0.040262 0.156119  -1.000000 -0.000225 -0.000179  0.146034 0.840641 0
0  -0.004505 0.043895 0.166088  -0.808992 0.586731 -0.035772  0.145432 0.841211 0
0  -0.004505 0.043895 0.156119  -0.808991 0.586716 -0.036012  0.145432 0.841211 0
Material_0
0  -0.004505 0.043895 0.166088  -0.808992 0.586731 -0.035772  0.145432 0.841211 0
0  -0.001415 0.046146 0.166088  -0.309428 0.950921 0.001868  0.143884 0.841537 0
0  -0.004505 0.043895 0.156119  -0.808991 0.586716 -0.036012  0.145432 0.841211 0
Material_0
0  -0.004505 0.043895 0.156119  -0.808991 0.586716 -0.036012  0.145432 0.841211 0
0  -0.001415 0.046146 0.166088  -0.309428 0.950921 0.001868  0.143884 0.841537 0
0  -0.001415 0.046146 0.156119  -0.309447 0.950915 0.001667  0.143884 0.841537 0
Material_0
0  -0.001415 0.046146 0.166088  -0.309428 0.950921 0.001868  0.143884 0.841537 0
0  0.002405 0.046146 0.166088  0.309432 0.950920 0.001814  0.141907 0.841537 0
0  -0.001415 0.046146 0.156119  -0.309447 0.950915 0.001667  0.143884 0.841537 0
Material_0
0  -0.001415 0.046146 0.156119  -0.309447 0.950915 0.001667  0.143884 0.841537 0
0  0.002405 0.046146 0.166088  0.309432 0.950920 0.001814  0.141907 0.841537 0
0  0.002405 0.046146 0.156119  0.309423 0.950923 0.001645  0.141907 0.841537 0
Material_0
0  0.002405 0.046146 0.166088  0.309432 0.950920 0.001814  0.141907 0.841537 0
0  0.005494 0.043895 0.166088  0.808996 0.586725 -0.035772  0.140359 0.841211 0
0  0.002405 0.046146 0.156119  0.309423 0.950923 0.001645  0.141907 0.841537 0
Material_0
0  0.002405 0.046146 0.156119  0.309423 0.950923 0.001645  0.141907 0.841537 0
0  0.005494 0.043895 0.166088  0.808996 0.586725 -0.035772  0.140359 0.841211 0
0  0.005494 0.043895 0.156119  0.808980 0.586733 -0.036006  0.140359 0.841211 0
Material_0
0  0.005494 0.043895 0.166088  0.808996 0.586725 -0.035772  0.140359 0.841211 0
0  0.006676 0.040262 0.166088  0.999998 0.002158 0.000001  0.139757 0.840641 0
0  0.005494 0.043895 0.156119  0.808980 0.586733 -0.036006  0.140359 0.841211 0
Material_0
0  0.005494 0.043895 0.156119  0.808980 0.586733 -0.036006  0.140359 0.841211 0
0  0.006676 0.040262 0.166088  0.999998 0.002158 0.000001  0.139757 0.840641 0
0  0.006676 0.040262 0.156119  0.999998 0.002216 -0.000185  0.139757 0.840641 0
Material_0
0  0.006676 0.040262 0.166088  0.999998 0.002158 0.000001  0.139757 0.840641 0
0  0.005494 0.036636 0.166088  0.809074 -0.586726 -0.033942  0.140359 0.840070 0
0  0.006676 0.040262 0.156119  0.999998 0.002216 -0.000185  0.139757 0.840641 0
Material_0
0  0.006676 0.040262 0.156119  0.999998 0.002216 -0.000185  0.139757 0.840641 0
0  0.005494 0.036636 0.166088  0.809074 -0.586726 -0.033942  0.140359 0.840070 0
0  0.005494 0.036636 0.156119  0.809073 -0.586714 -0.034180  0.140359 0.840070 0
Material_0
0  0.005494 0.036636 0.166088  0.809074 -0.586726 -0.033942  0.140359 0.840070 0
0  0.002405 0.034386 0.166088  0.309425 -0.950922 -0.001922  0.141907 0.839744 0
0  0.005494 0.036636 0.156119  0.809073 -0.586714 -0.034180  0.140359 0.840070 0
Material_0
0  0.005494 0.036636 0.156119  0.809073 -0.586714 -0.034180  0.140359 0.840070 0
0  0.002405 0.034386 0.166088  0.309425 -0.950922 -0.001922  0.141907 0.839744 0
0  0.002405 0.034386 0.156119  0.309446 -0.950915 -0.002123  0.141907 0.839744 0
Material_0
0  0.002405 0.034386 0.166088  0.309425 -0.950922 -0.001922  0.141907 0.839744 0
0  -0.001415 0.034386 0.166088  -0.309429 -0.950921 -0.001867  0.143884 0.839744 0
0  0.002405 0.034386 0.156119  0.309446 -0.950915 -0.002123  0.141907 0.839744 0
Material_0
0  0.002405 0.034386 0.156119  0.309446 -0.950915 -0.002123  0.141907 0.839744 0
0  -0.001415 0.034386 0.166088  -0.309429 -0.950921 -0.001867  0.143884 0.839744 0
0  -0.001415 0.034386 0.156119  -0.309424 -0.950922 -0.002086  0.143884 0.839744 0
Material_0
0  -0.001415 0.034386 0.166088  -0.309429 -0.950921 -0.001867  0.143884 0.839744 0
0  -0.004505 0.036636 0.166088  -0.809074 -0.586726 -0.033943  0.145432 0.840070 0
0  -0.001415 0.034386 0.156119  -0.309424 -0.950922 -0.002086  0.143884 0.839744 0
Material_0
0  -0.001415 0.034386 0.156119  -0.309424 -0.950922 -0.002086  0.143884 0.839744 0
0  -0.004505 0.036636 0.166088  -0.809074 -0.586726 -0.033943  0.145432 0.840070 0
0  -0.004505 0.036636 0.156119  -0.809068 -0.586720 -0.034182  0.145432 0.840070 0
Material_0
0  -0.004505 0.036636 0.166088  -0.809074 -0.586726 -0.033943  0.145432 0.840070 0
0  -0.005687 0.040262 0.166088  -0.999998 0.002174 0.000000  0.146034 0.840641 0
0  -0.004505 0.036636 0.156119  -0.809068 -0.586720 -0.034182  0.145432 0.840070 0
Material_0
0  -0.005687 0.040262 0.166088  -0.999998 0.002174 0.000000  0.146034 0.840641 0
0  -0.005687 0.040262 0.156119  -1.000000 -0.000225 -0.000179  0.146034 0.840641 0
0  -0.004505 0.036636 0.156119  -0.809068 -0.586720 -0.034182  0.145432 0.840070 0
Material_0
0  -0.005687 0.040262 0.156119  -1.000000 -0.000225 -0.000179  0.146034 0.840641 0
0  -0.004062 0.036952 0.155431  -0.468899 -0.344479 -0.813307  0.145174 0.840152 0
0  -0.004505 0.036636 0.156119  -0.809068 -0.586720 -0.034182  0.145432 0.840070 0
Material_0
0  -0.004062 0.036952 0.155431  -0.468899 -0.344479 -0.813307  0.145174 0.840152 0
0  -0.001246 0.034908 0.155431  -0.179922 -0.554427 -0.812550  0.143798 0.839826 0
0  -0.004505 0.036636 0.156119  -0.809068 -0.586720 -0.034182  0.145432 0.840070 0
Material_0
0  -0.004505 0.036636 0.156119  -0.809068 -0.586720 -0.034182  0.145432 0.840070 0
0  -0.001246 0.034908 0.155431  -0.179922 -0.554427 -0.812550  0.143798 0.839826 0
0  -0.001415 0.034386 0.156119  -0.309424 -0.950922 -0.002086  0.143884 0.839744 0
Material_0
0  -0.001246 0.034908 0.155431  -0.179922 -0.554427 -0.812550  0.143798 0.839826 0
0  0.002235 0.034908 0.155431  0.179903 -0.554366 -0.812597  0.141993 0.839826 0
0  -0.001415 0.034386 0.156119  -0.309424 -0.950922 -0.002086  0.143884 0.839744 0
Material_0
0  -0.001415 0.034386 0.156119  -0.309424 -0.950922 -0.002086  0.143884 0.839744 0
0  0.002235 0.034908 0.155431  0.179903 -0.554366 -0.812597  0.141993 0.839826 0
0  0.002405 0.034386 0.156119  0.309446 -0.950915 -0.002123  0.141907 0.839744 0
Material_0
0  0.002235 0.034908 0.155431  0.179903 -0.554366 -0.812597  0.141993 0.839826 0
0  0.005051 0.036952 0.155431  0.468960 -0.344411 -0.813300  0.140617 0.840152 0
0  0.002405 0.034386 0.156119  0.309446 -0.950915 -0.002123  0.141907 0.839744 0
Material_0
0  0.002405 0.034386 0.156119  0.309446 -0.950915 -0.002123  0.141907 0.839744 0
0  0.005051 0.036952 0.155431  0.468960 -0.344411 -0.813300  0.140617 0.840152 0
0  0.005494 0.036636 0.156119  0.809073 -0.586714 -0.034180  0.140359 0.840070 0
Material_0
0  0.005051 0.036952 0.155431  0.468960 -0.344411 -0.813300  0.140617 0.840152 0
0  0.006128 0.040262 0.155431  0.586568 -0.002185 -0.809897  0.140101 0.840641 0
0  0.005494 0.036636 0.156119  0.809073 -0.586714 -0.034180  0.140359 0.840070 0
Material_0
0  0.005494 0.036636 0.156119  0.809073 -0.586714 -0.034180  0.140359 0.840070 0
0  0.006128 0.040262 0.155431  0.586568 -0.002185 -0.809897  0.140101 0.840641 0
0  0.006676 0.040262 0.156119  0.999998 0.002216 -0.000185  0.139757 0.840641 0
Material_0
0  0.006128 0.040262 0.155431  0.586568 -0.002185 -0.809897  0.140101 0.840641 0
0  0.005051 0.043579 0.155431  0.474800 0.344523 -0.809857  0.140617 0.841130 0
0  0.006676 0.040262 0.156119  0.999998 0.002216 -0.000185  0.139757 0.840641 0
Material_0
0  0.006676 0.040262 0.156119  0.999998 0.002216 -0.000185  0.139757 0.840641 0
0  0.005051 0.043579 0.155431  0.474800 0.344523 -0.809857  0.140617 0.841130 0
0  0.005494 0.043895 0.156119  0.808980 0.586733 -0.036006  0.140359 0.841211 0
Material_0
0  0.005051 0.043579 0.155431  0.474800 0.344523 -0.809857  0.140617 0.841130 0
0  0.002235 0.045624 0.155431  0.179668 0.554412 -0.812617  0.141993 0.841456 0
0  0.005494 0.043895 0.156119  0.808980 0.586733 -0.036006  0.140359 0.841211 0
Material_0
0  0.005494 0.043895 0.156119  0.808980 0.586733 -0.036006  0.140359 0.841211 0
0  0.002235 0.045624 0.155431  0.179668 0.554412 -0.812617  0.141993 0.841456 0
0  0.002405 0.046146 0.156119  0.309423 0.950923 0.001645  0.141907 0.841537 0
Material_0
0  0.002235 0.045624 0.155431  0.179668 0.554412 -0.812617  0.141993 0.841456 0
0  -0.001246 0.045624 0.155431  -0.179664 0.554419 -0.812613  0.143798 0.841456 0
0  0.002405 0.046146 0.156119  0.309423 0.950923 0.001645  0.141907 0.841537 0
Material_0
0  0.002405 0.046146 0.156119  0.309423 0.950923 0.001645  0.141907 0.841537 0
0  -0.001246 0.045624 0.155431  -0.179664 0.554419 -0.812613  0.143798 0.841456 0
0  -0.001415 0.046146 0.156119  -0.309447 0.950915 0.001667  0.143884 0.841537 0
Material_0
0  -0.001246 0.045624 0.155431  -0.179664 0.554419 -0.812613  0.143798 0.841456 0
0  -0.004062 0.043579 0.155431  -0.474809 0.344521 -0.809853  0.145174 0.841130 0
0  -0.001415 0.046146 0.156119  -0.309447 0.950915 0.001667  0.143884 0.841537 0
Material_0
0  -0.001415 0.046146 0.156119  -0.309447 0.950915 0.001667  0.143884 0.841537 0
0  -0.004062 0.043579 0.155431  -0.474809 0.344521 -0.809853  0.145174 0.841130 0
0  -0.004505 0.043895 0.156119  -0.808991 0.586716 -0.036012  0.145432 0.841211 0
Material_0
0  -0.004062 0.043579 0.155431  -0.474809 0.344521 -0.809853  0.145174 0.841130 0
0  -0.005139 0.040262 0.155431  -0.586566 -0.002186 -0.809899  0.145690 0.840641 0
0  -0.004505 0.043895 0.156119  -0.808991 0.586716 -0.036012  0.145432 0.841211 0
Material_0
0  -0.004505 0.043895 0.156119  -0.808991 0.586716 -0.036012  0.145432 0.841211 0
0  -0.005139 0.040262 0.155431  -0.586566 -0.002186 -0.809899  0.145690 0.840641 0
0  -0.005687 0.040262 0.156119  -1.000000 -0.000225 -0.000179  0.146034 0.840641 0
Material_0
0  -0.005687 0.040262 0.156119  -1.000000 -0.000225 -0.000179  0.146034 0.840641 0
0  -0.005139 0.040262 0.155431  -0.586566 -0.002186 -0.809899  0.145690 0.840641 0
0  -0.004062 0.036952 0.155431  -0.468899 -0.344479 -0.813307  0.145174 0.840152 0
Material_0
0  -0.004062 0.036952 0.155431  -0.468899 -0.344479 -0.813307  0.145174 0.840152 0
0  -0.005139 0.040262 0.155431  -0.586566 -0.002186 -0.809899  0.145690 0.840641 0
0  0.000495 0.040262 0.154064  0.000000 0.001998 -0.999998  0.142853 0.840641 0
Material_0
0  -0.005139 0.040262 0.155431  -0.586566 -0.002186 -0.809899  0.145690 0.840641 0
0  -0.004062 0.043579 0.155431  -0.474809 0.344521 -0.809853  0.145174 0.841130 0
0  0.000495 0.040262 0.154064  0.000000 0.001998 -0.999998  0.142853 0.840641 0
Material_0
0  -0.004062 0.043579 0.155431  -0.474809 0.344521 -0.809853  0.145174 0.841130 0
0  -0.001246 0.045624 0.155431  -0.179664 0.554419 -0.812613  0.143798 0.841456 0
0  0.000495 0.040262 0.154064  0.000000 0.001998 -0.999998  0.142853 0.840641 0
Material_0
0  -0.001246 0.045624 0.155431  -0.179664 0.554419 -0.812613  0.143798 0.841456 0
0  0.002235 0.045624 0.155431  0.179668 0.554412 -0.812617  0.141993 0.841456 0
0  0.000495 0.040262 0.154064  0.000000 0.001998 -0.999998  0.142853 0.840641 0
Material_0
0  0.002235 0.045624 0.155431  0.179668 0.554412 -0.812617  0.141993 0.841456 0
0  0.005051 0.043579 0.155431  0.474800 0.344523 -0.809857  0.140617 0.841130 0
0  0.000495 0.040262 0.154064  0.000000 0.001998 -0.999998  0.142853 0.840641 0
Material_0
0  0.005051 0.043579 0.155431  0.474800 0.344523 -0.809857  0.140617 0.841130 0
0  0.006128 0.040262 0.155431  0.586568 -0.002185 -0.809897  0.140101 0.840641 0
0  0.000495 0.040262 0.154064  0.000000 0.001998 -0.999998  0.142853 0.840641 0
Material_0
0  0.006128 0.040262 0.155431  0.586568 -0.002185 -0.809897  0.140101 0.840641 0
0  0.005051 0.036952 0.155431  0.468960 -0.344411 -0.813300  0.140617 0.840152 0
0  0.000495 0.040262 0.154064  0.000000 0.001998 -0.999998  0.142853 0.840641 0
Material_0
0  0.005051 0.036952 0.155431  0.468960 -0.344411 -0.813300  0.140617 0.840152 0
0  0.002235 0.034908 0.155431  0.179903 -0.554366 -0.812597  0.141993 0.839826 0
0  0.000495 0.040262 0.154064  0.000000 0.001998 -0.999998  0.142853 0.840641 0
Material_0
0  0.002235 0.034908 0.155431  0.179903 -0.554366 -0.812597  0.141993 0.839826 0
0  -0.001246 0.034908 0.155431  -0.179922 -0.554427 -0.812550  0.143798 0.839826 0
0  0.000495 0.040262 0.154064  0.000000 0.001998 -0.999998  0.142853 0.840641 0
Material_0
0  0.000495 0.040262 0.154064  0.000000 0.001998 -0.999998  0.142853 0.840641 0
0  -0.001246 0.034908 0.155431  -0.179922 -0.554427 -0.812550  0.143798 0.839826 0
0  -0.004062 0.036952 0.155431  -0.468899 -0.344479 -0.813307  0.145174 0.840152 0
Material_0
0  -0.002129 0.042174 0.044327  -0.808992 0.586730 -0.035779  0.144228 0.840967 0
0  -0.002748 0.040262 0.044327  -0.999998 -0.002098 0.000000  0.144486 0.840641 0
0  -0.002748 0.040262 0.155030  -0.999998 0.002181 0.000000  0.144486 0.840641 0
Material_0
0  -0.002748 0.040262 0.155030  -0.999998 0.002181 0.000000  0.144486 0.840641 0
0  -0.002748 0.040262 0.044327  -0.999998 -0.002098 0.000000  0.144486 0.840641 0
0  -0.002129 0.038357 0.155030  -0.809075 -0.586724 0.033965  0.144228 0.840315 0
Material_0
0  -0.002748 0.040262 0.155030  -0.999998 0.002181 0.000000  0.144486 0.840641 0
0  -0.002129 0.042174 0.155030  -0.808996 0.586725 -0.035778  0.144228 0.840967 0
0  -0.002129 0.042174 0.044327  -0.808992 0.586730 -0.035779  0.144228 0.840967 0
Material_0
0  -0.002129 0.042174 0.044327  -0.808992 0.586730 -0.035779  0.144228 0.840967 0
0  -0.002129 0.042174 0.155030  -0.808996 0.586725 -0.035778  0.144228 0.840967 0
0  -0.000508 0.043351 0.044327  -0.309416 0.950925 0.001842  0.143368 0.841130 0
Material_0
0  -0.002129 0.042174 0.155030  -0.808996 0.586725 -0.035778  0.144228 0.840967 0
0  -0.000508 0.043351 0.155030  -0.309399 0.950931 0.001792  0.143368 0.841130 0
0  -0.000508 0.043351 0.044327  -0.309416 0.950925 0.001842  0.143368 0.841130 0
Material_0
0  -0.000508 0.043351 0.044327  -0.309416 0.950925 0.001842  0.143368 0.841130 0
0  -0.000508 0.043351 0.155030  -0.309399 0.950931 0.001792  0.143368 0.841130 0
0  0.001497 0.043351 0.044327  0.309398 0.950931 0.001792  0.142423 0.841130 0
Material_0
0  -0.000508 0.043351 0.155030  -0.309399 0.950931 0.001792  0.143368 0.841130 0
0  0.001497 0.043351 0.155030  0.309415 0.950925 0.001842  0.142423 0.841130 0
0  0.001497 0.043351 0.044327  0.309398 0.950931 0.001792  0.142423 0.841130 0
Material_0
0  0.001497 0.043351 0.044327  0.309398 0.950931 0.001792  0.142423 0.841130 0
0  0.001497 0.043351 0.155030  0.309415 0.950925 0.001842  0.142423 0.841130 0
0  0.003118 0.042174 0.044327  0.808995 0.586725 -0.035779  0.141563 0.840967 0
Material_0
0  0.001497 0.043351 0.155030  0.309415 0.950925 0.001842  0.142423 0.841130 0
0  0.003118 0.042174 0.155030  0.808999 0.586721 -0.035779  0.141563 0.840967 0
0  0.003118 0.042174 0.044327  0.808995 0.586725 -0.035779  0.141563 0.840967 0
Material_0
0  0.003118 0.042174 0.044327  0.808995 0.586725 -0.035779  0.141563 0.840967 0
0  0.003118 0.042174 0.155030  0.808999 0.586721 -0.035779  0.141563 0.840967 0
0  0.003737 0.040262 0.044327  0.999998 -0.002199 -0.000001  0.141305 0.840641 0
Material_0
0  0.003118 0.042174 0.155030  0.808999 0.586721 -0.035779  0.141563 0.840967 0
0  0.003737 0.040262 0.155030  0.999998 -0.002097 -0.000000  0.141305 0.840641 0
0  0.003737 0.040262 0.044327  0.999998 -0.002199 -0.000001  0.141305 0.840641 0
Material_0
0  0.003737 0.040262 0.044327  0.999998 -0.002199 -0.000001  0.141305 0.840641 0
0  0.003737 0.040262 0.155030  0.999998 -0.002097 -0.000000  0.141305 0.840641 0
0  0.003118 0.038357 0.044327  0.809075 -0.586724 0.033964  0.141563 0.840315 0
Material_0
0  0.003737 0.040262 0.155030  0.999998 -0.002097 -0.000000  0.141305 0.840641 0
0  0.003118 0.038357 0.155030  0.809075 -0.586724 0.033964  0.141563 0.840315 0
0  0.003118 0.038357 0.044327  0.809075 -0.586724 0.033964  0.141563 0.840315 0
Material_0
0  0.003118 0.038357 0.044327  0.809075 -0.586724 0.033964  0.141563 0.840315 0
0  0.003118 0.038357 0.155030  0.809075 -0.586724 0.033964  0.141563 0.840315 0
0  0.001497 0.037180 0.044327  0.309395 -0.950932 -0.001794  0.142423 0.840152 0
Material_0
0  0.003118 0.038357 0.155030  0.809075 -0.586724 0.033964  0.141563 0.840315 0
0  0.001497 0.037180 0.155030  0.309411 -0.950927 -0.001843  0.142423 0.840152 0
0  0.001497 0.037180 0.044327  0.309395 -0.950932 -0.001794  0.142423 0.840152 0
Material_0
0  0.001497 0.037180 0.044327  0.309395 -0.950932 -0.001794  0.142423 0.840152 0
0  0.001497 0.037180 0.155030  0.309411 -0.950927 -0.001843  0.142423 0.840152 0
0  -0.000508 0.037180 0.044327  -0.309427 -0.950921 -0.001893  0.143368 0.840152 0
Material_0
0  0.001497 0.037180 0.155030  0.309411 -0.950927 -0.001843  0.142423 0.840152 0
0  -0.000508 0.037180 0.155030  -0.309395 -0.950932 -0.001794  0.143368 0.840152 0
0  -0.000508 0.037180 0.044327  -0.309427 -0.950921 -0.001893  0.143368 0.840152 0
Material_0
0  -0.000508 0.037180 0.044327  -0.309427 -0.950921 -0.001893  0.143368 0.840152 0
0  -0.000508 0.037180 0.155030  -0.309395 -0.950932 -0.001794  0.143368 0.840152 0
0  -0.002129 0.038357 0.044327  -0.809074 -0.586724 0.033964  0.144228 0.840315 0
Material_0
0  -0.000508 0.037180 0.155030  -0.309395 -0.950932 -0.001794  0.143368 0.840152 0
0  -0.002129 0.038357 0.155030  -0.809075 -0.586724 0.033965  0.144228 0.840315 0
0  -0.002129 0.038357 0.044327  -0.809074 -0.586724 0.033964  0.144228 0.840315 0
Material_0
0  -0.002129 0.038357 0.044327  -0.809074 -0.586724 0.033964  0.144228 0.840315 0
0  -0.002129 0.038357 0.155030  -0.809075 -0.586724 0.033965  0.144228 0.840315 0
0  -0.002748 0.040262 0.044327  -0.999998 -0.002098 0.000000  0.144486 0.840641 0
Material_0
0  -0.003594 0.043233 0.119263  -0.808994 0.586727 -0.035793  0.144916 0.841130 0
0  -0.004560 0.040262 0.119263  -0.999998 0.002117 0.000000  0.145432 0.840641 0
0  -0.004560 0.040262 0.149906  -0.999998 0.002121 0.000000  0.145432 0.840641 0
Material_0
0  -0.004560 0.040262 0.149906  -0.999998 0.002121 0.000000  0.145432 0.840641 0
0  -0.004560 0.040262 0.119263  -0.999998 0.002117 0.000000  0.145432 0.840641 0
0  -0.003594 0.037291 0.149906  -0.809073 -0.586725 -0.033976  0.144916 0.840152 0
Material_0
0  -0.004560 0.040262 0.149906  -0.999998 0.002121 0.000000  0.145432 0.840641 0
0  -0.003594 0.043233 0.149906  -0.809000 0.586718 -0.035793  0.144916 0.841130 0
0  -0.003594 0.043233 0.119263  -0.808994 0.586727 -0.035793  0.144916 0.841130 0
Material_0
0  -0.003594 0.043233 0.119263  -0.808994 0.586727 -0.035793  0.144916 0.841130 0
0  -0.003594 0.043233 0.149906  -0.809000 0.586718 -0.035793  0.144916 0.841130 0
0  -0.001068 0.045072 0.119263  -0.309430 0.950921 0.001748  0.143712 0.841374 0
Material_0
0  -0.003594 0.043233 0.149906  -0.809000 0.586718 -0.035793  0.144916 0.841130 0
0  -0.001068 0.045072 0.149906  -0.309430 0.950920 0.001748  0.143712 0.841374 0
0  -0.001068 0.045072 0.119263  -0.309430 0.950921 0.001748  0.143712 0.841374 0
Material_0
0  -0.001068 0.045072 0.119263  -0.309430 0.950921 0.001748  0.143712 0.841374 0
0  -0.001068 0.045072 0.149906  -0.309430 0.950920 0.001748  0.143712 0.841374 0
0  0.002056 0.045072 0.119263  0.309422 0.950923 0.001798  0.142079 0.841374 0
Material_0
0  -0.001068 0.045072 0.149906  -0.309430 0.950920 0.001748  0.143712 0.841374 0
0  0.002056 0.045072 0.149906  0.309411 0.950927 0.001587  0.142079 0.841374 0
0  0.002056 0.045072 0.119263  0.309422 0.950923 0.001798  0.142079 0.841374 0
Material_0
0  0.002056 0.045072 0.119263  0.309422 0.950923 0.001798  0.142079 0.841374 0
0  0.002056 0.045072 0.149906  0.309411 0.950927 0.001587  0.142079 0.841374 0
0  0.004583 0.043233 0.119263  0.808820 0.586725 0.039552  0.140875 0.841130 0
Material_0
0  0.002056 0.045072 0.149906  0.309411 0.950927 0.001587  0.142079 0.841374 0
0  0.004583 0.043233 0.149906  0.808820 0.586725 0.039552  0.140875 0.841130 0
0  0.004583 0.043233 0.119263  0.808820 0.586725 0.039552  0.140875 0.841130 0
Material_0
0  0.004583 0.043233 0.119263  0.808820 0.586725 0.039552  0.140875 0.841130 0
0  0.004583 0.043233 0.149906  0.808820 0.586725 0.039552  0.140875 0.841130 0
0  0.005549 0.040262 0.119263  0.999998 -0.002117 -0.000000  0.140359 0.840641 0
Material_0
0  0.004583 0.043233 0.149906  0.808820 0.586725 0.039552  0.140875 0.841130 0
0  0.005549 0.040262 0.149906  0.999998 -0.002121 -0.000000  0.140359 0.840641 0
0  0.005549 0.040262 0.119263  0.999998 -0.002117 -0.000000  0.140359 0.840641 0
Material_0
0  0.005549 0.040262 0.119263  0.999998 -0.002117 -0.000000  0.140359 0.840641 0
0  0.005549 0.040262 0.149906  0.999998 -0.002121 -0.000000  0.140359 0.840641 0
0  0.004583 0.037291 0.119263  0.809074 -0.586724 -0.033971  0.140875 0.840152 0
Material_0
0  0.005549 0.040262 0.149906  0.999998 -0.002121 -0.000000  0.140359 0.840641 0
0  0.004583 0.037291 0.149906  0.809073 -0.586725 -0.033971  0.140875 0.840152 0
0  0.004583 0.037291 0.119263  0.809074 -0.586724 -0.033971  0.140875 0.840152 0
Material_0
0  0.004583 0.037291 0.119263  0.809074 -0.586724 -0.033971  0.140875 0.840152 0
0  0.004583 0.037291 0.149906  0.809073 -0.586725 -0.033971  0.140875 0.840152 0
0  0.002056 0.035459 0.119263  0.309406 -0.950928 -0.001849  0.142079 0.839907 0
Material_0
0  0.004583 0.037291 0.149906  0.809073 -0.586725 -0.033971  0.140875 0.840152 0
0  0.002056 0.035459 0.149906  0.309354 -0.950945 -0.001756  0.142079 0.839907 0
0  0.002056 0.035459 0.119263  0.309406 -0.950928 -0.001849  0.142079 0.839907 0
Material_0
0  0.002056 0.035459 0.119263  0.309406 -0.950928 -0.001849  0.142079 0.839907 0
0  0.002056 0.035459 0.149906  0.309354 -0.950945 -0.001756  0.142079 0.839907 0
0  -0.001068 0.035459 0.119263  -0.309371 -0.950940 -0.001768  0.143712 0.839907 0
Material_0
0  0.002056 0.035459 0.149906  0.309354 -0.950945 -0.001756  0.142079 0.839907 0
0  -0.001068 0.035459 0.149906  -0.309372 -0.950939 -0.001769  0.143712 0.839907 0
0  -0.001068 0.035459 0.119263  -0.309371 -0.950940 -0.001768  0.143712 0.839907 0
Material_0
0  -0.001068 0.035459 0.119263  -0.309371 -0.950940 -0.001768  0.143712 0.839907 0
0  -0.001068 0.035459 0.149906  -0.309372 -0.950939 -0.001769  0.143712 0.839907 0
0  -0.003594 0.037291 0.119263  -0.809069 -0.586731 -0.033976  0.144916 0.840152 0
Material_0
0  -0.001068 0.035459 0.149906  -0.309372 -0.950939 -0.001769  0.143712 0.839907 0
0  -0.003594 0.037291 0.149906  -0.809073 -0.586725 -0.033976  0.144916 0.840152 0
0  -0.003594 0.037291 0.119263  -0.809069 -0.586731 -0.033976  0.144916 0.840152 0
Material_0
0  -0.003594 0.037291 0.119263  -0.809069 -0.586731 -0.033976  0.144916 0.840152 0
0  -0.003594 0.037291 0.149906  -0.809073 -0.586725 -0.033976  0.144916 0.840152 0
0  -0.004560 0.040262 0.119263  -0.999998 0.002117 0.000000  0.145432 0.840641 0
Material_0
0  -0.005599 0.067158 0.253460  0.000015 0.002205 0.999998  0.627335 0.840804 0
0  -0.007037 0.062731 0.253460  -0.000000 0.002205 0.999998  0.628538 0.839907 0
0  -0.006173 0.062731 0.253460  0.000002 0.002205 0.999998  0.627850 0.839907 0
Material_0
0  -0.006173 0.062731 0.253460  0.000002 0.002205 0.999998  0.627850 0.839907 0
0  -0.007037 0.062731 0.253460  -0.000000 0.002205 0.999998  0.628538 0.839907 0
0  -0.004900 0.058811 0.253460  0.000004 0.002205 0.999998  0.626733 0.839174 0
Material_0
0  -0.006173 0.062731 0.253460  0.000002 0.002205 0.999998  0.627850 0.839907 0
0  -0.004900 0.066651 0.253460  0.000016 0.002205 0.999998  0.626733 0.840641 0
0  -0.005599 0.067158 0.253460  0.000015 0.002205 0.999998  0.627335 0.840804 0
Material_0
0  -0.005599 0.067158 0.253460  0.000015 0.002205 0.999998  0.627335 0.840804 0
0  -0.004900 0.066651 0.253460  0.000016 0.002205 0.999998  0.626733 0.840641 0
0  -0.001833 0.069894 0.253460  -0.000011 0.002205 0.999998  0.624153 0.841293 0
Material_0
0  -0.004900 0.066651 0.253460  0.000016 0.002205 0.999998  0.626733 0.840641 0
0  -0.001566 0.069070 0.253460  -0.000013 0.002205 0.999998  0.623896 0.841130 0
0  -0.001833 0.069894 0.253460  -0.000011 0.002205 0.999998  0.624153 0.841293 0
Material_0
0  -0.001833 0.069894 0.253460  -0.000011 0.002205 0.999998  0.624153 0.841293 0
0  -0.001566 0.069070 0.253460  -0.000013 0.002205 0.999998  0.623896 0.841130 0
0  0.002821 0.069894 0.253460  0.000008 0.002205 0.999998  0.620284 0.841293 0
Material_0
0  -0.001566 0.069070 0.253460  -0.000013 0.002205 0.999998  0.623896 0.841130 0
0  0.002554 0.069070 0.253460  0.000008 0.002205 0.999998  0.620456 0.841130 0
0  0.002821 0.069894 0.253460  0.000008 0.002205 0.999998  0.620284 0.841293 0
Material_0
0  0.002821 0.069894 0.253460  0.000008 0.002205 0.999998  0.620284 0.841293 0
0  0.002554 0.069070 0.253460  0.000008 0.002205 0.999998  0.620456 0.841130 0
0  0.006588 0.067158 0.253460  0.000009 0.002205 0.999998  0.617103 0.840804 0
Material_0
0  0.002554 0.069070 0.253460  0.000008 0.002205 0.999998  0.620456 0.841130 0
0  0.005888 0.066651 0.253460  0.000009 0.002205 0.999998  0.617619 0.840641 0
0  0.006588 0.067158 0.253460  0.000009 0.002205 0.999998  0.617103 0.840804 0
Material_0
0  0.006588 0.067158 0.253460  0.000009 0.002205 0.999998  0.617103 0.840804 0
0  0.005888 0.066651 0.253460  0.000009 0.002205 0.999998  0.617619 0.840641 0
0  0.008027 0.062731 0.253460  -0.000000 0.002205 0.999998  0.615814 0.839907 0
Material_0
0  0.005888 0.066651 0.253460  0.000009 0.002205 0.999998  0.617619 0.840641 0
0  0.007162 0.062731 0.253460  -0.000001 0.002205 0.999998  0.616587 0.839907 0
0  0.008027 0.062731 0.253460  -0.000000 0.002205 0.999998  0.615814 0.839907 0
Material_0
0  0.008027 0.062731 0.253460  -0.000000 0.002205 0.999998  0.615814 0.839907 0
0  0.007162 0.062731 0.253460  -0.000001 0.002205 0.999998  0.616587 0.839907 0
0  0.006588 0.058303 0.253460  0.000005 0.002205 0.999998  0.617103 0.839092 0
Material_0
0  0.007162 0.062731 0.253460  -0.000001 0.002205 0.999998  0.616587 0.839907 0
0  0.005888 0.058811 0.253460  0.000001 0.002205 0.999998  0.617619 0.839174 0
0  0.006588 0.058303 0.253460  0.000005 0.002205 0.999998  0.617103 0.839092 0
Material_0
0  0.006588 0.058303 0.253460  0.000005 0.002205 0.999998  0.617103 0.839092 0
0  0.005888 0.058811 0.253460  0.000001 0.002205 0.999998  0.617619 0.839174 0
0  0.002821 0.055567 0.253460  0.000002 0.002205 0.999998  0.620284 0.838522 0
Material_0
0  0.005888 0.058811 0.253460  0.000001 0.002205 0.999998  0.617619 0.839174 0
0  0.002554 0.056391 0.253460  0.000000 0.002205 0.999998  0.620456 0.838685 0
0  0.002821 0.055567 0.253460  0.000002 0.002205 0.999998  0.620284 0.838522 0
Material_0
0  0.002821 0.055567 0.253460  0.000002 0.002205 0.999998  0.620284 0.838522 0
0  0.002554 0.056391 0.253460  0.000000 0.002205 0.999998  0.620456 0.838685 0
0  -0.001833 0.055567 0.253460  0.000000 0.002205 0.999998  0.624153 0.838522 0
Material_0
0  0.002554 0.056391 0.253460  0.000000 0.002205 0.999998  0.620456 0.838685 0
0  -0.001566 0.056391 0.253460  0.000000 0.002205 0.999998  0.623896 0.838685 0
0  -0.001833 0.055567 0.253460  0.000000 0.002205 0.999998  0.624153 0.838522 0
Material_0
0  -0.001833 0.055567 0.253460  0.000000 0.002205 0.999998  0.624153 0.838522 0
0  -0.001566 0.056391 0.253460  0.000000 0.002205 0.999998  0.623896 0.838685 0
0  -0.005599 0.058303 0.253460  0.000004 0.002205 0.999998  0.627335 0.839092 0
Material_0
0  -0.001566 0.056391 0.253460  0.000000 0.002205 0.999998  0.623896 0.838685 0
0  -0.004900 0.058811 0.253460  0.000004 0.002205 0.999998  0.626733 0.839174 0
0  -0.005599 0.058303 0.253460  0.000004 0.002205 0.999998  0.627335 0.839092 0
Material_0
0  -0.005599 0.058303 0.253460  0.000004 0.002205 0.999998  0.627335 0.839092 0
0  -0.004900 0.058811 0.253460  0.000004 0.002205 0.999998  0.626733 0.839174 0
0  -0.007037 0.062731 0.253460  -0.000000 0.002205 0.999998  0.628538 0.839907 0
Material_0
0  0.012643 0.007099 0.011284  -0.000000 0.939679 0.342058  0.621574 0.532630 0
0  0.012643 0.006967 0.008330  -0.000000 0.906038 -0.423195  0.611687 0.532385 0
0  -0.011908 0.006967 0.008330  0.000000 0.906154 -0.422947  0.611687 0.532385 0
Material_0
0  -0.011908 0.006967 0.008330  0.000000 0.906154 -0.422947  0.611687 0.532385 0
0  0.012643 0.006967 0.008330  -0.000000 0.906038 -0.423195  0.611687 0.532385 0
0  -0.011908 0.004797 0.006333  -0.000001 0.340401 -0.940280  0.605066 0.528147 0
Material_0
0  -0.011908 0.006967 0.008330  0.000000 0.906154 -0.422947  0.611687 0.532385 0
0  -0.011908 0.007099 0.011284  -0.000000 0.939678 0.342060  0.621574 0.532630 0
0  0.012643 0.007099 0.011284  -0.000000 0.939679 0.342058  0.621574 0.532630 0
Material_0
0  0.012643 0.007099 0.011284  -0.000000 0.939679 0.342058  0.621574 0.532630 0
0  -0.011908 0.007099 0.011284  -0.000000 0.939678 0.342060  0.621574 0.532630 0
0  0.012643 0.005106 0.013454  -0.000000 0.425043 0.905173  0.628882 0.528799 0
Material_0
0  -0.011908 0.007099 0.011284  -0.000000 0.939678 0.342060  0.621574 0.532630 0
0  -0.011908 0.005106 0.013454  -0.000000 0.424894 0.905243  0.628882 0.528799 0
0  0.012643 0.005106 0.013454  -0.000000 0.425043 0.905173  0.628882 0.528799 0
Material_0
0  0.012643 0.005106 0.013454  -0.000000 0.425043 0.905173  0.628882 0.528799 0
0  -0.011908 0.005106 0.013454  -0.000000 0.424894 0.905243  0.628882 0.528799 0
0  0.012643 0.002157 0.013587  0.000000 -0.340627 0.940199  0.629312 0.523012 0
Material_0
0  -0.011908 0.005106 0.013454  -0.000000 0.424894 0.905243  0.628882 0.528799 0
0  -0.011908 0.002157 0.013587  -0.000000 -0.340731 0.940161  0.629312 0.523012 0
0  0.012643 0.002157 0.013587  0.000000 -0.340627 0.940199  0.629312 0.523012 0
Material_0
0  0.012643 0.002157 0.013587  0.000000 -0.340627 0.940199  0.629312 0.523012 0
0  -0.011908 0.002157 0.013587  -0.000000 -0.340731 0.940161  0.629312 0.523012 0
0  0.012643 -0.000020 0.011590  0.000000 -0.906180 0.422893  0.622606 0.518774 0
Material_0
0  -0.011908 0.002157 0.013587  -0.000000 -0.340731 0.940161  0.629312 0.523012 0
0  -0.011908 -0.000020 0.011590  0.000000 -0.906181 0.422890  0.622606 0.518774 0
0  0.012643 -0.000020 0.011590  0.000000 -0.906180 0.422893  0.622606 0.518774 0
Material_0
0  0.012643 -0.000020 0.011590  0.000000 -0.906180 0.422893  0.622606 0.518774 0
0  -0.011908 -0.000020 0.011590  0.000000 -0.906181 0.422890  0.622606 0.518774 0
0  0.012643 -0.000152 0.008646  0.000000 -0.939614 -0.342236  0.612804 0.518529 0
Material_0
0  -0.011908 -0.000020 0.011590  0.000000 -0.906181 0.422890  0.622606 0.518774 0
0  -0.011908 -0.000152 0.008646  0.000000 -0.939669 -0.342085  0.612804 0.518529 0
0  0.012643 -0.000152 0.008646  0.000000 -0.939614 -0.342236  0.612804 0.518529 0
Material_0
0  0.012643 -0.000152 0.008646  0.000000 -0.939614 -0.342236  0.612804 0.518529 0
0  -0.011908 -0.000152 0.008646  0.000000 -0.939669 -0.342085  0.612804 0.518529 0
0  0.012643 0.001841 0.006467  0.000000 -0.425000 -0.905194  0.605496 0.522442 0
Material_0
0  -0.011908 -0.000152 0.008646  0.000000 -0.939669 -0.342085  0.612804 0.518529 0
0  -0.011908 0.001841 0.006467  0.000000 -0.425145 -0.905125  0.605496 0.522442 0
0  0.012643 0.001841 0.006467  0.000000 -0.425000 -0.905194  0.605496 0.522442 0
Material_0
0  0.012643 0.001841 0.006467  0.000000 -0.425000 -0.905194  0.605496 0.522442 0
0  -0.011908 0.001841 0.006467  0.000000 -0.425145 -0.905125  0.605496 0.522442 0
0  0.012643 0.004797 0.006333  -0.000000 0.340501 -0.940244  0.605066 0.528147 0
Material_0
0  -0.011908 0.001841 0.006467  0.000000 -0.425145 -0.905125  0.605496 0.522442 0
0  -0.011908 0.004797 0.006333  -0.000001 0.340401 -0.940280  0.605066 0.528147 0
0  0.012643 0.004797 0.006333  -0.000000 0.340501 -0.940244  0.605066 0.528147 0
Material_0
0  0.012643 0.004797 0.006333  -0.000000 0.340501 -0.940244  0.605066 0.528147 0
0  -0.011908 0.004797 0.006333  -0.000001 0.340401 -0.940280  0.605066 0.528147 0
0  0.012643 0.006967 0.008330  -0.000000 0.906038 -0.423195  0.611687 0.532385 0
Material_0
0  0.012643 0.020397 -0.006991  0.003727 0.966946 0.254953  0.620972 0.533363 0
0  0.012643 0.020007 -0.009916  -0.000000 0.865783 -0.500420  0.611257 0.532630 0
0  -0.011908 0.020007 -0.009916  -0.000000 0.865783 -0.500419  0.611257 0.532630 0
Material_0
0  -0.011908 0.020007 -0.009916  -0.000000 0.865783 -0.500419  0.611257 0.532630 0
0  0.012643 0.020007 -0.009916  -0.000000 0.865783 -0.500420  0.611257 0.532630 0
0  -0.011908 0.017668 -0.011713  -0.000000 0.257202 -0.966358  0.605238 0.527984 0
Material_0
0  -0.011908 0.020007 -0.009916  -0.000000 0.865783 -0.500419  0.611257 0.532630 0
0  -0.011908 0.020397 -0.006991  0.003765 0.966956 0.254917  0.620972 0.533363 0
0  0.012643 0.020397 -0.006991  0.003727 0.966946 0.254953  0.620972 0.533363 0
Material_0
0  0.012643 0.020397 -0.006991  0.003727 0.966946 0.254953  0.620972 0.533363 0
0  -0.011908 0.020397 -0.006991  0.003765 0.966956 0.254917  0.620972 0.533363 0
0  0.012643 0.018595 -0.004650  0.000001 0.498908 0.866655  0.628796 0.529859 0
Material_0
0  -0.011908 0.020397 -0.006991  0.003765 0.966956 0.254917  0.620972 0.533363 0
0  -0.011908 0.018595 -0.004650  -0.000000 0.498859 0.866683  0.628796 0.529859 0
0  0.012643 0.018595 -0.004650  0.000001 0.498908 0.866655  0.628796 0.529859 0
Material_0
0  0.012643 0.018595 -0.004650  0.000001 0.498908 0.866655  0.628796 0.529859 0
0  -0.011908 0.018595 -0.004650  -0.000000 0.498859 0.866683  0.628796 0.529859 0
0  0.012643 0.015668 -0.004258  0.000000 -0.257096 0.966386  0.630086 0.524153 0
Material_0
0  -0.011908 0.018595 -0.004650  -0.000000 0.498859 0.866683  0.628796 0.529859 0
0  -0.011908 0.015668 -0.004258  -0.000000 -0.257151 0.966371  0.630086 0.524153 0
0  0.012643 0.015668 -0.004258  0.000000 -0.257096 0.966386  0.630086 0.524153 0
Material_0
0  0.012643 0.015668 -0.004258  0.000000 -0.257096 0.966386  0.630086 0.524153 0
0  -0.011908 0.015668 -0.004258  -0.000000 -0.257151 0.966371  0.630086 0.524153 0
0  0.012643 0.013329 -0.006064  0.000000 -0.865718 0.500532  0.624067 0.519507 0
Material_0
0  -0.011908 0.015668 -0.004258  -0.000000 -0.257151 0.966371  0.630086 0.524153 0
0  -0.011908 0.013329 -0.006064  0.000001 -0.865692 0.500577  0.624067 0.519507 0
0  0.012643 0.013329 -0.006064  0.000000 -0.865718 0.500532  0.624067 0.519507 0
Material_0
0  0.012643 0.013329 -0.006064  0.000000 -0.865718 0.500532  0.624067 0.519507 0
0  -0.011908 0.013329 -0.006064  0.000001 -0.865692 0.500577  0.624067 0.519507 0
0  0.012643 0.012939 -0.008989  0.000000 -0.966962 -0.254921  0.614352 0.518774 0
Material_0
0  -0.011908 0.013329 -0.006064  0.000001 -0.865692 0.500577  0.624067 0.519507 0
0  -0.011908 0.012939 -0.008989  0.000000 -0.966947 -0.254977  0.614352 0.518774 0
0  0.012643 0.012939 -0.008989  0.000000 -0.966962 -0.254921  0.614352 0.518774 0
Material_0
0  0.012643 0.012939 -0.008989  0.000000 -0.966962 -0.254921  0.614352 0.518774 0
0  -0.011908 0.012939 -0.008989  0.000000 -0.966947 -0.254977  0.614352 0.518774 0
0  0.012643 0.014741 -0.011331  0.000000 -0.498975 -0.866616  0.606528 0.522279 0
Material_0
0  -0.011908 0.012939 -0.008989  0.000000 -0.966947 -0.254977  0.614352 0.518774 0
0  -0.011908 0.014741 -0.011331  0.000000 -0.498972 -0.866618  0.606528 0.522279 0
0  0.012643 0.014741 -0.011331  0.000000 -0.498975 -0.866616  0.606528 0.522279 0
Material_0
0  0.012643 0.014741 -0.011331  0.000000 -0.498975 -0.866616  0.606528 0.522279 0
0  -0.011908 0.014741 -0.011331  0.000000 -0.498972 -0.866618  0.606528 0.522279 0
0  0.012643 0.017668 -0.011713  -0.000000 0.257095 -0.966386  0.605238 0.527984 0
Material_0
0  -0.011908 0.014741 -0.011331  0.000000 -0.498972 -0.866618  0.606528 0.522279 0
0  -0.011908 0.017668 -0.011713  -0.000000 0.257202 -0.966358  0.605238 0.527984 0
0  0.012643 0.017668 -0.011713  -0.000000 0.257095 -0.966386  0.605238 0.527984 0
Material_0
0  0.012643 0.017668 -0.011713  -0.000000 0.257095 -0.966386  0.605238 0.527984 0
0  -0.011908 0.017668 -0.011713  -0.000000 0.257202 -0.966358  0.605238 0.527984 0
0  0.012643 0.020007 -0.009916  -0.000000 0.865783 -0.500420  0.611257 0.532630 0
Material_0
0  0.014127 -0.023408 -0.025486  -0.000000 0.002006 -0.999998  0.605582 0.525946 0
0  0.014127 -0.026137 -0.024349  -0.000000 -0.706396 -0.707817  0.609365 0.520567 0
0  -0.013406 -0.026137 -0.024349  -0.000000 -0.706394 -0.707819  0.609365 0.520567 0
Material_0
0  -0.013406 -0.026137 -0.024349  -0.000000 -0.706394 -0.707819  0.609365 0.520567 0
0  0.014127 -0.026137 -0.024349  -0.000000 -0.706396 -0.707817  0.609365 0.520567 0
0  -0.013406 -0.027269 -0.021625  0.000000 -1.000000 -0.000002  0.618479 0.518366 0
Material_0
0  -0.013406 -0.026137 -0.024349  -0.000000 -0.706394 -0.707819  0.609365 0.520567 0
0  -0.013406 -0.023408 -0.025486  0.000000 0.002064 -0.999998  0.605582 0.525946 0
0  0.014127 -0.023408 -0.025486  -0.000000 0.002006 -0.999998  0.605582 0.525946 0
Material_0
0  0.014127 -0.023408 -0.025486  -0.000000 0.002006 -0.999998  0.605582 0.525946 0
0  -0.013406 -0.023408 -0.025486  0.000000 0.002064 -0.999998  0.605582 0.525946 0
0  0.014127 -0.020679 -0.024349  0.000000 0.706440 -0.707773  0.609365 0.531244 0
Material_0
0  -0.013406 -0.023408 -0.025486  0.000000 0.002064 -0.999998  0.605582 0.525946 0
0  -0.013406 -0.020679 -0.024349  -0.000001 0.706481 -0.707732  0.609365 0.531244 0
0  0.014127 -0.020679 -0.024349  0.000000 0.706440 -0.707773  0.609365 0.531244 0
Material_0
0  0.014127 -0.020679 -0.024349  0.000000 0.706440 -0.707773  0.609365 0.531244 0
0  -0.013406 -0.020679 -0.024349  -0.000001 0.706481 -0.707732  0.609365 0.531244 0
0  0.014127 -0.019554 -0.021625  0.000000 1.000000 -0.000004  0.618479 0.533445 0
Material_0
0  -0.013406 -0.020679 -0.024349  -0.000001 0.706481 -0.707732  0.609365 0.531244 0
0  -0.013406 -0.019554 -0.021625  0.000000 1.000000 0.000002  0.618479 0.533445 0
0  0.014127 -0.019554 -0.021625  0.000000 1.000000 -0.000004  0.618479 0.533445 0
Material_0
0  0.014127 -0.019554 -0.021625  0.000000 1.000000 -0.000004  0.618479 0.533445 0
0  -0.013406 -0.019554 -0.021625  0.000000 1.000000 0.000002  0.618479 0.533445 0
0  0.014127 -0.020679 -0.018901  0.000001 0.706366 0.707847  0.627593 0.531244 0
Material_0
0  -0.013406 -0.019554 -0.021625  0.000000 1.000000 0.000002  0.618479 0.533445 0
0  -0.013406 -0.020679 -0.018901  0.000000 0.706439 0.707774  0.627593 0.531244 0
0  0.014127 -0.020679 -0.018901  0.000001 0.706366 0.707847  0.627593 0.531244 0
Material_0
0  0.014127 -0.020679 -0.018901  0.000001 0.706366 0.707847  0.627593 0.531244 0
0  -0.013406 -0.020679 -0.018901  0.000000 0.706439 0.707774  0.627593 0.531244 0
0  0.014127 -0.023408 -0.017763  0.000000 -0.002006 0.999998  0.631376 0.525946 0
Material_0
0  -0.013406 -0.020679 -0.018901  0.000000 0.706439 0.707774  0.627593 0.531244 0
0  -0.013406 -0.023408 -0.017763  -0.000000 0.002007 0.999998  0.631376 0.525946 0
0  0.014127 -0.023408 -0.017763  0.000000 -0.002006 0.999998  0.631376 0.525946 0
Material_0
0  0.014127 -0.023408 -0.017763  0.000000 -0.002006 0.999998  0.631376 0.525946 0
0  -0.013406 -0.023408 -0.017763  -0.000000 0.002007 0.999998  0.631376 0.525946 0
0  0.014127 -0.026137 -0.018901  -0.003716 -0.706352 0.707851  0.627593 0.520567 0
Material_0
0  -0.013406 -0.023408 -0.017763  -0.000000 0.002007 0.999998  0.631376 0.525946 0
0  -0.013406 -0.026137 -0.018901  -0.003713 -0.706352 0.707851  0.627593 0.520567 0
0  0.014127 -0.026137 -0.018901  -0.003716 -0.706352 0.707851  0.627593 0.520567 0
Material_0
0  0.014127 -0.026137 -0.018901  -0.003716 -0.706352 0.707851  0.627593 0.520567 0
0  -0.013406 -0.026137 -0.018901  -0.003713 -0.706352 0.707851  0.627593 0.520567 0
0  0.014127 -0.027269 -0.021625  0.000000 -1.000000 0.000001  0.618479 0.518366 0
Material_0
0  -0.013406 -0.026137 -0.018901  -0.003713 -0.706352 0.707851  0.627593 0.520567 0
0  -0.013406 -0.027269 -0.021625  0.000000 -1.000000 -0.000002  0.618479 0.518366 0
0  0.014127 -0.027269 -0.021625  0.000000 -1.000000 0.000001  0.618479 0.518366 0
Material_0
0  0.014127 -0.027269 -0.021625  0.000000 -1.000000 0.000001  0.618479 0.518366 0
0  -0.013406 -0.027269 -0.021625  0.000000 -1.000000 -0.000002  0.618479 0.518366 0
0  0.014127 -0.026137 -0.024349  -0.000000 -0.706396 -0.707817  0.609365 0.520567 0
Material_0
0  -0.005655 -0.071081 -0.024684  -0.709153 -0.085110 0.699899  0.145948 0.824258 0
0  -0.008204 -0.070339 -0.030782  -0.999998 0.002130 0.000007  0.147237 0.824340 0
0  -0.008204 -0.075509 -0.031413  -0.999998 0.002030 0.000024  0.147237 0.823524 0
Material_0
0  -0.008204 -0.075509 -0.031413  -0.999998 0.002030 0.000024  0.147237 0.823524 0
0  -0.008204 -0.070339 -0.030782  -0.999998 0.002130 0.000007  0.147237 0.824340 0
0  -0.005655 -0.074766 -0.037520  -0.706763 0.085256 -0.702294  0.145948 0.823687 0
Material_0
0  -0.008204 -0.075509 -0.031413  -0.999998 0.002030 0.000024  0.147237 0.823524 0
0  -0.005655 -0.076259 -0.025314  -0.709088 -0.085124 0.699963  0.145948 0.823443 0
0  -0.005655 -0.071081 -0.024684  -0.709153 -0.085110 0.699899  0.145948 0.824258 0
Material_0
0  -0.005655 -0.071081 -0.024684  -0.709153 -0.085110 0.699899  0.145948 0.824258 0
0  -0.005655 -0.076259 -0.025314  -0.709088 -0.085124 0.699963  0.145948 0.823443 0
0  0.000495 -0.071390 -0.022151  0.000005 -0.120127 0.992758  0.142853 0.824176 0
Material_0
0  -0.005655 -0.076259 -0.025314  -0.709088 -0.085124 0.699963  0.145948 0.823443 0
0  0.000495 -0.076561 -0.022782  0.000002 -0.119960 0.992779  0.142853 0.823361 0
0  0.000495 -0.071390 -0.022151  0.000005 -0.120127 0.992758  0.142853 0.824176 0
Material_0
0  0.000495 -0.071390 -0.022151  0.000005 -0.120127 0.992758  0.142853 0.824176 0
0  0.000495 -0.076561 -0.022782  0.000002 -0.119960 0.992779  0.142853 0.823361 0
0  0.006644 -0.071081 -0.024684  0.709184 -0.085102 0.699868  0.139843 0.824258 0
Material_0
0  0.000495 -0.076561 -0.022782  0.000002 -0.119960 0.992779  0.142853 0.823361 0
0  0.006644 -0.076259 -0.025314  0.709144 -0.085110 0.699908  0.139843 0.823443 0
0  0.006644 -0.071081 -0.024684  0.709184 -0.085102 0.699868  0.139843 0.824258 0
Material_0
0  0.006644 -0.071081 -0.024684  0.709184 -0.085102 0.699868  0.139843 0.824258 0
0  0.006644 -0.076259 -0.025314  0.709144 -0.085110 0.699908  0.139843 0.823443 0
0  0.009193 -0.070339 -0.030782  0.999998 -0.002083 0.000016  0.138554 0.824340 0
Material_0
0  0.006644 -0.076259 -0.025314  0.709144 -0.085110 0.699908  0.139843 0.823443 0
0  0.009193 -0.075509 -0.031413  0.999998 -0.002154 0.000004  0.138554 0.823524 0
0  0.009193 -0.070339 -0.030782  0.999998 -0.002083 0.000016  0.138554 0.824340 0
Material_0
0  0.009193 -0.070339 -0.030782  0.999998 -0.002083 0.000016  0.138554 0.824340 0
0  0.009193 -0.075509 -0.031413  0.999998 -0.002154 0.000004  0.138554 0.823524 0
0  0.006644 -0.069596 -0.036889  0.707347 0.085612 -0.701663  0.139843 0.824503 0
Material_0
0  0.009193 -0.075509 -0.031413  0.999998 -0.002154 0.000004  0.138554 0.823524 0
0  0.006644 -0.074766 -0.037520  0.706754 0.085253 -0.702304  0.139843 0.823687 0
0  0.006644 -0.069596 -0.036889  0.707347 0.085612 -0.701663  0.139843 0.824503 0
Material_0
0  0.006644 -0.069596 -0.036889  0.707347 0.085612 -0.701663  0.139843 0.824503 0
0  0.006644 -0.074766 -0.037520  0.706754 0.085253 -0.702304  0.139843 0.823687 0
0  0.000495 -0.069287 -0.039422  0.000004 0.120276 -0.992741  0.142853 0.824503 0
Material_0
0  0.006644 -0.074766 -0.037520  0.706754 0.085253 -0.702304  0.139843 0.823687 0
0  0.000495 -0.074457 -0.040053  -0.000000 0.119997 -0.992774  0.142853 0.823687 0
0  0.000495 -0.069287 -0.039422  0.000004 0.120276 -0.992741  0.142853 0.824503 0
Material_0
0  0.000495 -0.069287 -0.039422  0.000004 0.120276 -0.992741  0.142853 0.824503 0
0  0.000495 -0.074457 -0.040053  -0.000000 0.119997 -0.992774  0.142853 0.823687 0
0  -0.005655 -0.069596 -0.036889  -0.706533 0.085094 -0.702546  0.145948 0.824503 0
Material_0
0  0.000495 -0.074457 -0.040053  -0.000000 0.119997 -0.992774  0.142853 0.823687 0
0  -0.005655 -0.074766 -0.037520  -0.706763 0.085256 -0.702294  0.145948 0.823687 0
0  -0.005655 -0.069596 -0.036889  -0.706533 0.085094 -0.702546  0.145948 0.824503 0
Material_0
0  -0.005655 -0.069596 -0.036889  -0.706533 0.085094 -0.702546  0.145948 0.824503 0
0  -0.005655 -0.074766 -0.037520  -0.706763 0.085256 -0.702294  0.145948 0.823687 0
0  -0.008204 -0.070339 -0.030782  -0.999998 0.002130 0.000007  0.147237 0.824340 0
Material_0
0  -0.002388 -0.075252 -0.028478  -0.709094 -0.085114 0.699958  0.153514 0.538743 0
0  -0.003581 -0.074906 -0.031346  -0.999998 0.002140 -0.000018  0.156007 0.539150 0
0  -0.003581 -0.080076 -0.031967  -0.999998 0.002120 0.000021  0.156007 0.532956 0
Material_0
0  -0.003581 -0.080076 -0.031967  -0.999998 0.002120 0.000021  0.156007 0.532956 0
0  -0.003581 -0.074906 -0.031346  -0.999998 0.002140 -0.000018  0.156007 0.539150 0
0  -0.002388 -0.079723 -0.034834  -0.706906 0.085247 -0.702152  0.153514 0.533363 0
Material_0
0  -0.003581 -0.080076 -0.031967  -0.999998 0.002120 0.000021  0.156007 0.532956 0
0  -0.002388 -0.080422 -0.029109  -0.709195 -0.085101 0.699857  0.153514 0.532548 0
0  -0.002388 -0.075252 -0.028478  -0.709094 -0.085114 0.699958  0.153514 0.538743 0
Material_0
0  -0.002388 -0.075252 -0.028478  -0.709094 -0.085114 0.699958  0.153514 0.538743 0
0  -0.002388 -0.080422 -0.029109  -0.709195 -0.085101 0.699857  0.153514 0.532548 0
0  0.000495 -0.075399 -0.027293  0.000001 -0.120284 0.992740  0.147581 0.538580 0
Material_0
0  -0.002388 -0.080422 -0.029109  -0.709195 -0.085101 0.699857  0.153514 0.532548 0
0  0.000495 -0.080569 -0.027924  0.000000 -0.120118 0.992760  0.147581 0.532385 0
0  0.000495 -0.075399 -0.027293  0.000001 -0.120284 0.992740  0.147581 0.538580 0
Material_0
0  0.000495 -0.075399 -0.027293  0.000001 -0.120284 0.992740  0.147581 0.538580 0
0  0.000495 -0.080569 -0.027924  0.000000 -0.120118 0.992760  0.147581 0.532385 0
0  0.003377 -0.075252 -0.028478  0.709209 -0.085096 0.699844  0.141563 0.538743 0
Material_0
0  0.000495 -0.080569 -0.027924  0.000000 -0.120118 0.992760  0.147581 0.532385 0
0  0.003377 -0.080422 -0.029109  0.709249 -0.085134 0.699798  0.141563 0.532548 0
0  0.003377 -0.075252 -0.028478  0.709209 -0.085096 0.699844  0.141563 0.538743 0
Material_0
0  0.003377 -0.075252 -0.028478  0.709209 -0.085096 0.699844  0.141563 0.538743 0
0  0.003377 -0.080422 -0.029109  0.709249 -0.085134 0.699798  0.141563 0.532548 0
0  0.004572 -0.074906 -0.031346  0.999998 -0.002060 -0.000050  0.139156 0.539150 0
Material_0
0  0.003377 -0.080422 -0.029109  0.709249 -0.085134 0.699798  0.141563 0.532548 0
0  0.004572 -0.080076 -0.031967  0.999998 -0.002183 -0.000000  0.139156 0.532956 0
0  0.004572 -0.074906 -0.031346  0.999998 -0.002060 -0.000050  0.139156 0.539150 0
Material_0
0  0.004572 -0.074906 -0.031346  0.999998 -0.002060 -0.000050  0.139156 0.539150 0
0  0.004572 -0.080076 -0.031967  0.999998 -0.002183 -0.000000  0.139156 0.532956 0
0  0.003377 -0.074553 -0.034204  0.706878 0.085423 -0.702158  0.141563 0.539558 0
Material_0
0  0.004572 -0.080076 -0.031967  0.999998 -0.002183 -0.000000  0.139156 0.532956 0
0  0.003377 -0.079723 -0.034834  0.706487 0.085065 -0.702595  0.141563 0.533363 0
0  0.003377 -0.074553 -0.034204  0.706878 0.085423 -0.702158  0.141563 0.539558 0
Material_0
0  0.003377 -0.074553 -0.034204  0.706878 0.085423 -0.702158  0.141563 0.539558 0
0  0.003377 -0.079723 -0.034834  0.706487 0.085065 -0.702595  0.141563 0.533363 0
0  0.000495 -0.074406 -0.035389  -0.000005 0.120010 -0.992773  0.147581 0.539721 0
Material_0
0  0.003377 -0.079723 -0.034834  0.706487 0.085065 -0.702595  0.141563 0.533363 0
0  0.000495 -0.079584 -0.036020  -0.000004 0.120009 -0.992773  0.147581 0.533526 0
0  0.000495 -0.074406 -0.035389  -0.000005 0.120010 -0.992773  0.147581 0.539721 0
Material_0
0  0.000495 -0.074406 -0.035389  -0.000005 0.120010 -0.992773  0.147581 0.539721 0
0  0.000495 -0.079584 -0.036020  -0.000004 0.120009 -0.992773  0.147581 0.533526 0
0  -0.002388 -0.074553 -0.034204  -0.706598 0.085188 -0.702469  0.153514 0.539558 0
Material_0
0  0.000495 -0.079584 -0.036020  -0.000004 0.120009 -0.992773  0.147581 0.533526 0
0  -0.002388 -0.079723 -0.034834  -0.706906 0.085247 -0.702152  0.153514 0.533363 0
0  -0.002388 -0.074553 -0.034204  -0.706598 0.085188 -0.702469  0.153514 0.539558 0
Material_0
0  -0.002388 -0.074553 -0.034204  -0.706598 0.085188 -0.702469  0.153514 0.539558 0
0  -0.002388 -0.079723 -0.034834  -0.706906 0.085247 -0.702152  0.153514 0.533363 0
0  -0.003581 -0.074906 -0.031346  -0.999998 0.002140 -0.000018  0.156007 0.539150 0
Material_0
0  -0.005687 0.040262 0.166088  -0.999998 0.002201 -0.000185  0.352035 0.840641 0
0  -0.003440 0.043123 0.167780  0.000031 0.002134 0.999998  0.350918 0.841048 0
0  -0.004505 0.043895 0.166088  -0.808987 0.586725 -0.035970  0.351519 0.841211 0
Material_0
0  -0.004505 0.043895 0.166088  -0.808987 0.586725 -0.035970  0.351519 0.841211 0
0  -0.003440 0.043123 0.167780  0.000031 0.002134 0.999998  0.350918 0.841048 0
0  -0.001007 0.044888 0.167780  0.000028 0.002154 0.999998  0.349714 0.841374 0
Material_0
0  -0.003440 0.043123 0.167780  0.000031 0.002134 0.999998  0.350918 0.841048 0
0  -0.005687 0.040262 0.166088  -0.999998 0.002201 -0.000185  0.352035 0.840641 0
0  -0.004367 0.040262 0.167780  0.000037 0.002157 0.999998  0.351433 0.840641 0
Material_0
0  -0.005687 0.040262 0.166088  -0.999998 0.002201 -0.000185  0.352035 0.840641 0
0  -0.004505 0.036636 0.166088  -0.809086 -0.586697 -0.034151  0.351519 0.840070 0
0  -0.004367 0.040262 0.167780  0.000037 0.002157 0.999998  0.351433 0.840641 0
Material_0
0  -0.004367 0.040262 0.167780  0.000037 0.002157 0.999998  0.351433 0.840641 0
0  -0.004505 0.036636 0.166088  -0.809086 -0.586697 -0.034151  0.351519 0.840070 0
0  -0.003440 0.037408 0.167780  0.000012 0.002179 0.999998  0.350918 0.840152 0
Material_0
0  -0.004505 0.036636 0.166088  -0.809086 -0.586697 -0.034151  0.351519 0.840070 0
0  -0.001415 0.034386 0.166088  -0.309423 -0.950922 -0.002070  0.349972 0.839744 0
0  -0.003440 0.037408 0.167780  0.000012 0.002179 0.999998  0.350918 0.840152 0
Material_0
0  -0.003440 0.037408 0.167780  0.000012 0.002179 0.999998  0.350918 0.840152 0
0  -0.001415 0.034386 0.166088  -0.309423 -0.950922 -0.002070  0.349972 0.839744 0
0  -0.001007 0.035643 0.167780  0.000001 0.002217 0.999997  0.349714 0.839907 0
Material_0
0  -0.001415 0.034386 0.166088  -0.309423 -0.950922 -0.002070  0.349972 0.839744 0
0  0.002405 0.034386 0.166088  0.309446 -0.950915 -0.002100  0.347994 0.839744 0
0  -0.001007 0.035643 0.167780  0.000001 0.002217 0.999997  0.349714 0.839907 0
Material_0
0  -0.001007 0.035643 0.167780  0.000001 0.002217 0.999997  0.349714 0.839907 0
0  0.002405 0.034386 0.166088  0.309446 -0.950915 -0.002100  0.347994 0.839744 0
0  0.001996 0.035643 0.167780  0.000026 0.002197 0.999998  0.348252 0.839907 0
Material_0
0  0.002405 0.034386 0.166088  0.309446 -0.950915 -0.002100  0.347994 0.839744 0
0  0.005494 0.036636 0.166088  0.809090 -0.586692 -0.034136  0.346447 0.840070 0
0  0.001996 0.035643 0.167780  0.000026 0.002197 0.999998  0.348252 0.839907 0
Material_0
0  0.001996 0.035643 0.167780  0.000026 0.002197 0.999998  0.348252 0.839907 0
0  0.005494 0.036636 0.166088  0.809090 -0.586692 -0.034136  0.346447 0.840070 0
0  0.004427 0.037408 0.167780  -0.000018 0.002227 0.999998  0.346963 0.840152 0
Material_0
0  0.005494 0.036636 0.166088  0.809090 -0.586692 -0.034136  0.346447 0.840070 0
0  0.006676 0.040262 0.166088  0.999997 0.002193 -0.000183  0.345845 0.840641 0
0  0.004427 0.037408 0.167780  -0.000018 0.002227 0.999998  0.346963 0.840152 0
Material_0
0  0.004427 0.037408 0.167780  -0.000018 0.002227 0.999998  0.346963 0.840152 0
0  0.006676 0.040262 0.166088  0.999997 0.002193 -0.000183  0.345845 0.840641 0
0  0.005355 0.040262 0.167780  -0.000049 0.002183 0.999998  0.346533 0.840641 0
Material_0
0  0.006676 0.040262 0.166088  0.999997 0.002193 -0.000183  0.345845 0.840641 0
0  0.005494 0.043895 0.166088  0.808995 0.586713 -0.035997  0.346447 0.841211 0
0  0.005355 0.040262 0.167780  -0.000049 0.002183 0.999998  0.346533 0.840641 0
Material_0
0  0.005355 0.040262 0.167780  -0.000049 0.002183 0.999998  0.346533 0.840641 0
0  0.005494 0.043895 0.166088  0.808995 0.586713 -0.035997  0.346447 0.841211 0
0  0.004427 0.043123 0.167780  -0.000034 0.002161 0.999998  0.346963 0.841048 0
Material_0
0  0.005494 0.043895 0.166088  0.808995 0.586713 -0.035997  0.346447 0.841211 0
0  0.002405 0.046146 0.166088  0.309406 0.950929 0.001677  0.347994 0.841537 0
0  0.004427 0.043123 0.167780  -0.000034 0.002161 0.999998  0.346963 0.841048 0
Material_0
0  0.004427 0.043123 0.167780  -0.000034 0.002161 0.999998  0.346963 0.841048 0
0  0.002405 0.046146 0.166088  0.309406 0.950929 0.001677  0.347994 0.841537 0
0  0.001996 0.044888 0.167780  -0.000020 0.002178 0.999998  0.348252 0.841374 0
Material_0
0  0.002405 0.046146 0.166088  0.309406 0.950929 0.001677  0.347994 0.841537 0
0  -0.001415 0.046146 0.166088  -0.309445 0.950916 0.001673  0.349972 0.841537 0
0  0.001996 0.044888 0.167780  -0.000020 0.002178 0.999998  0.348252 0.841374 0
Material_0
0  0.001996 0.044888 0.167780  -0.000020 0.002178 0.999998  0.348252 0.841374 0
0  -0.001415 0.046146 0.166088  -0.309445 0.950916 0.001673  0.349972 0.841537 0
0  -0.001007 0.044888 0.167780  0.000028 0.002154 0.999998  0.349714 0.841374 0
Material_0
0  -0.001415 0.046146 0.166088  -0.309445 0.950916 0.001673  0.349972 0.841537 0
0  -0.004505 0.043895 0.166088  -0.808987 0.586725 -0.035970  0.351519 0.841211 0
0  -0.001007 0.044888 0.167780  0.000028 0.002154 0.999998  0.349714 0.841374 0
Material_0
0  -0.008076 0.068953 0.119378  -0.808996 0.586723 -0.035792  0.147237 0.845124 0
0  -0.010099 0.062731 0.119378  -0.999998 0.002151 0.000000  0.148183 0.844145 0
0  -0.010099 0.062731 0.146408  -0.999998 0.002194 0.000181  0.148183 0.844145 0
Material_0
0  -0.010099 0.062731 0.146408  -0.999998 0.002194 0.000181  0.148183 0.844145 0
0  -0.010099 0.062731 0.119378  -0.999998 0.002151 0.000000  0.148183 0.844145 0
0  -0.008076 0.056501 0.146408  -0.809091 -0.586714 -0.033741  0.147237 0.843167 0
Material_0
0  -0.010099 0.062731 0.119378  -0.999998 0.002151 0.000000  0.148183 0.844145 0
0  -0.008076 0.056501 0.119378  -0.809073 -0.586728 -0.033928  0.147237 0.843167 0
0  -0.008076 0.056501 0.146408  -0.809091 -0.586714 -0.033741  0.147237 0.843167 0
Material_0
0  -0.008076 0.056501 0.146408  -0.809091 -0.586714 -0.033741  0.147237 0.843167 0
0  -0.008076 0.056501 0.119378  -0.809073 -0.586728 -0.033928  0.147237 0.843167 0
0  -0.002779 0.052655 0.146408  -0.309420 -0.950924 -0.001705  0.144572 0.842597 0
Material_0
0  -0.008076 0.056501 0.119378  -0.809073 -0.586728 -0.033928  0.147237 0.843167 0
0  -0.002779 0.052655 0.119378  -0.309400 -0.950930 -0.001794  0.144572 0.842597 0
0  -0.002779 0.052655 0.146408  -0.309420 -0.950924 -0.001705  0.144572 0.842597 0
Material_0
0  -0.002779 0.052655 0.146408  -0.309420 -0.950924 -0.001705  0.144572 0.842597 0
0  -0.002779 0.052655 0.119378  -0.309400 -0.950930 -0.001794  0.144572 0.842597 0
0  0.003767 0.052655 0.146408  0.309421 -0.950924 -0.001703  0.141219 0.842597 0
Material_0
0  -0.002779 0.052655 0.119378  -0.309400 -0.950930 -0.001794  0.144572 0.842597 0
0  0.003767 0.052655 0.119378  0.309437 -0.950918 -0.001923  0.141219 0.842597 0
0  0.003767 0.052655 0.146408  0.309421 -0.950924 -0.001703  0.141219 0.842597 0
Material_0
0  0.003767 0.052655 0.146408  0.309421 -0.950924 -0.001703  0.141219 0.842597 0
0  0.003767 0.052655 0.119378  0.309437 -0.950918 -0.001923  0.141219 0.842597 0
0  0.009065 0.056501 0.146408  0.809083 -0.586723 -0.033784  0.138640 0.843167 0
Material_0
0  0.003767 0.052655 0.119378  0.309437 -0.950918 -0.001923  0.141219 0.842597 0
0  0.009065 0.056501 0.119378  0.809075 -0.586726 -0.033927  0.138640 0.843167 0
0  0.009065 0.056501 0.146408  0.809083 -0.586723 -0.033784  0.138640 0.843167 0
Material_0
0  0.009065 0.056501 0.146408  0.809083 -0.586723 -0.033784  0.138640 0.843167 0
0  0.009065 0.056501 0.119378  0.809075 -0.586726 -0.033927  0.138640 0.843167 0
0  0.011088 0.062731 0.146408  0.999998 0.002180 0.000203  0.137608 0.844145 0
Material_0
0  0.009065 0.056501 0.119378  0.809075 -0.586726 -0.033927  0.138640 0.843167 0
0  0.011088 0.062731 0.119378  0.999998 -0.002017 -0.000001  0.137608 0.844145 0
0  0.011088 0.062731 0.146408  0.999998 0.002180 0.000203  0.137608 0.844145 0
Material_0
0  0.011088 0.062731 0.146408  0.999998 0.002180 0.000203  0.137608 0.844145 0
0  0.011088 0.062731 0.119378  0.999998 -0.002017 -0.000001  0.137608 0.844145 0
0  0.009065 0.068953 0.146408  0.809008 0.586720 -0.035588  0.138640 0.845124 0
Material_0
0  0.011088 0.062731 0.119378  0.999998 -0.002017 -0.000001  0.137608 0.844145 0
0  0.009065 0.068953 0.119378  0.808821 0.586725 0.039521  0.138640 0.845124 0
0  0.009065 0.068953 0.146408  0.809008 0.586720 -0.035588  0.138640 0.845124 0
Material_0
0  0.009065 0.068953 0.146408  0.809008 0.586720 -0.035588  0.138640 0.845124 0
0  0.009065 0.068953 0.119378  0.808821 0.586725 0.039521  0.138640 0.845124 0
0  0.003767 0.072807 0.146408  0.309428 0.950921 0.002081  0.141219 0.845694 0
Material_0
0  0.009065 0.068953 0.119378  0.808821 0.586725 0.039521  0.138640 0.845124 0
0  0.003767 0.072807 0.119378  0.309426 0.950922 0.001859  0.141219 0.845694 0
0  0.003767 0.072807 0.146408  0.309428 0.950921 0.002081  0.141219 0.845694 0
Material_0
0  0.003767 0.072807 0.146408  0.309428 0.950921 0.002081  0.141219 0.845694 0
0  0.003767 0.072807 0.119378  0.309426 0.950922 0.001859  0.141219 0.845694 0
0  -0.002779 0.072807 0.146408  -0.309431 0.950920 0.002070  0.144572 0.845694 0
Material_0
0  0.003767 0.072807 0.119378  0.309426 0.950922 0.001859  0.141219 0.845694 0
0  -0.002779 0.072807 0.119378  -0.309421 0.950923 0.001756  0.144572 0.845694 0
0  -0.002779 0.072807 0.146408  -0.309431 0.950920 0.002070  0.144572 0.845694 0
Material_0
0  -0.002779 0.072807 0.146408  -0.309431 0.950920 0.002070  0.144572 0.845694 0
0  -0.002779 0.072807 0.119378  -0.309421 0.950923 0.001756  0.144572 0.845694 0
0  -0.008076 0.068953 0.146408  -0.809000 0.586729 -0.035608  0.147237 0.845124 0
Material_0
0  -0.002779 0.072807 0.119378  -0.309421 0.950923 0.001756  0.144572 0.845694 0
0  -0.008076 0.068953 0.119378  -0.808996 0.586723 -0.035792  0.147237 0.845124 0
0  -0.008076 0.068953 0.146408  -0.809000 0.586729 -0.035608  0.147237 0.845124 0
Material_0
0  -0.008076 0.068953 0.119378  -0.808996 0.586723 -0.035792  0.147237 0.845124 0
0  -0.010099 0.062731 0.146408  -0.999998 0.002194 0.000181  0.148183 0.844145 0
0  -0.008076 0.068953 0.146408  -0.809000 0.586729 -0.035608  0.147237 0.845124 0
Material_0
0  -0.010099 0.062731 0.146408  -0.999998 0.002194 0.000181  0.148183 0.844145 0
0  -0.007291 0.068386 0.150050  0.000163 0.002028 0.999998  0.146807 0.845042 0
0  -0.008076 0.068953 0.146408  -0.809000 0.586729 -0.035608  0.147237 0.845124 0
Material_0
0  -0.007291 0.068386 0.150050  0.000163 0.002028 0.999998  0.146807 0.845042 0
0  -0.002479 0.071880 0.150050  0.000098 0.001960 0.999998  0.144400 0.845613 0
0  -0.008076 0.068953 0.146408  -0.809000 0.586729 -0.035608  0.147237 0.845124 0
Material_0
0  -0.008076 0.068953 0.146408  -0.809000 0.586729 -0.035608  0.147237 0.845124 0
0  -0.002479 0.071880 0.150050  0.000098 0.001960 0.999998  0.144400 0.845613 0
0  -0.002779 0.072807 0.146408  -0.309431 0.950920 0.002070  0.144572 0.845694 0
Material_0
0  -0.002479 0.071880 0.150050  0.000098 0.001960 0.999998  0.144400 0.845613 0
0  0.003468 0.071880 0.150050  -0.000092 0.001996 0.999998  0.141391 0.845613 0
0  -0.002779 0.072807 0.146408  -0.309431 0.950920 0.002070  0.144572 0.845694 0
Material_0
0  -0.002779 0.072807 0.146408  -0.309431 0.950920 0.002070  0.144572 0.845694 0
0  0.003468 0.071880 0.150050  -0.000092 0.001996 0.999998  0.141391 0.845613 0
0  0.003767 0.072807 0.146408  0.309428 0.950921 0.002081  0.141219 0.845694 0
Material_0
0  0.003468 0.071880 0.150050  -0.000092 0.001996 0.999998  0.141391 0.845613 0
0  0.008279 0.068386 0.150050  -0.000204 0.002066 0.999998  0.138984 0.845042 0
0  0.003767 0.072807 0.146408  0.309428 0.950921 0.002081  0.141219 0.845694 0
Material_0
0  0.003767 0.072807 0.146408  0.309428 0.950921 0.002081  0.141219 0.845694 0
0  0.008279 0.068386 0.150050  -0.000204 0.002066 0.999998  0.138984 0.845042 0
0  0.009065 0.068953 0.146408  0.809008 0.586720 -0.035588  0.138640 0.845124 0
Material_0
0  0.008279 0.068386 0.150050  -0.000204 0.002066 0.999998  0.138984 0.845042 0
0  0.010118 0.062731 0.150050  -0.000243 0.002120 0.999998  0.138038 0.844145 0
0  0.009065 0.068953 0.146408  0.809008 0.586720 -0.035588  0.138640 0.845124 0
Material_0
0  0.009065 0.068953 0.146408  0.809008 0.586720 -0.035588  0.138640 0.845124 0
0  0.010118 0.062731 0.150050  -0.000243 0.002120 0.999998  0.138038 0.844145 0
0  0.011088 0.062731 0.146408  0.999998 0.002180 0.000203  0.137608 0.844145 0
Material_0
0  0.010118 0.062731 0.150050  -0.000243 0.002120 0.999998  0.138038 0.844145 0
0  0.008279 0.057075 0.150050  -0.000191 0.002263 0.999997  0.138984 0.843249 0
0  0.011088 0.062731 0.146408  0.999998 0.002180 0.000203  0.137608 0.844145 0
Material_0
0  0.011088 0.062731 0.146408  0.999998 0.002180 0.000203  0.137608 0.844145 0
0  0.008279 0.057075 0.150050  -0.000191 0.002263 0.999997  0.138984 0.843249 0
0  0.009065 0.056501 0.146408  0.809083 -0.586723 -0.033784  0.138640 0.843167 0
Material_0
0  0.008279 0.057075 0.150050  -0.000191 0.002263 0.999997  0.138984 0.843249 0
0  0.003468 0.053574 0.150050  -0.000093 0.002404 0.999997  0.141391 0.842760 0
0  0.009065 0.056501 0.146408  0.809083 -0.586723 -0.033784  0.138640 0.843167 0
Material_0
0  0.009065 0.056501 0.146408  0.809083 -0.586723 -0.033784  0.138640 0.843167 0
0  0.003468 0.053574 0.150050  -0.000093 0.002404 0.999997  0.141391 0.842760 0
0  0.003767 0.052655 0.146408  0.309421 -0.950924 -0.001703  0.141219 0.842597 0
Material_0
0  0.003468 0.053574 0.150050  -0.000093 0.002404 0.999997  0.141391 0.842760 0
0  -0.002479 0.053574 0.150050  0.000000 0.002394 0.999997  0.144400 0.842760 0
0  0.003767 0.052655 0.146408  0.309421 -0.950924 -0.001703  0.141219 0.842597 0
Material_0
0  0.003767 0.052655 0.146408  0.309421 -0.950924 -0.001703  0.141219 0.842597 0
0  -0.002479 0.053574 0.150050  0.000000 0.002394 0.999997  0.144400 0.842760 0
0  -0.002779 0.052655 0.146408  -0.309420 -0.950924 -0.001705  0.144572 0.842597 0
Material_0
0  -0.002479 0.053574 0.150050  0.000000 0.002394 0.999997  0.144400 0.842760 0
0  -0.007291 0.057075 0.150050  0.000143 0.002376 0.999997  0.146807 0.843249 0
0  -0.002779 0.052655 0.146408  -0.309420 -0.950924 -0.001705  0.144572 0.842597 0
Material_0
0  -0.002779 0.052655 0.146408  -0.309420 -0.950924 -0.001705  0.144572 0.842597 0
0  -0.007291 0.057075 0.150050  0.000143 0.002376 0.999997  0.146807 0.843249 0
0  -0.008076 0.056501 0.146408  -0.809091 -0.586714 -0.033741  0.147237 0.843167 0
Material_0
0  -0.008076 0.056501 0.146408  -0.809091 -0.586714 -0.033741  0.147237 0.843167 0
0  -0.007291 0.057075 0.150050  0.000143 0.002376 0.999997  0.146807 0.843249 0
0  -0.009128 0.062731 0.150050  0.000251 0.002265 0.999997  0.147753 0.844145 0
Material_0
0  -0.007291 0.057075 0.150050  0.000143 0.002376 0.999997  0.146807 0.843249 0
0  -0.002479 0.053574 0.150050  0.000000 0.002394 0.999997  0.144400 0.842760 0
0  -0.009128 0.062731 0.150050  0.000251 0.002265 0.999997  0.147753 0.844145 0
Material_0
0  -0.009128 0.062731 0.150050  0.000251 0.002265 0.999997  0.147753 0.844145 0
0  -0.002479 0.053574 0.150050  0.000000 0.002394 0.999997  0.144400 0.842760 0
0  0.008279 0.057075 0.150050  -0.000191 0.002263 0.999997  0.138984 0.843249 0
Material_0
0  -0.002479 0.053574 0.150050  0.000000 0.002394 0.999997  0.144400 0.842760 0
0  0.003468 0.053574 0.150050  -0.000093 0.002404 0.999997  0.141391 0.842760 0
0  0.008279 0.057075 0.150050  -0.000191 0.002263 0.999997  0.138984 0.843249 0
Material_0
0  0.003468 0.071880 0.150050  -0.000092 0.001996 0.999998  0.141391 0.845613 0
0  -0.002479 0.071880 0.150050  0.000098 0.001960 0.999998  0.144400 0.845613 0
0  0.008279 0.068386 0.150050  -0.000204 0.002066 0.999998  0.138984 0.845042 0
Material_0
0  -0.002479 0.071880 0.150050  0.000098 0.001960 0.999998  0.144400 0.845613 0
0  -0.009128 0.062731 0.150050  0.000251 0.002265 0.999997  0.147753 0.844145 0
0  0.008279 0.068386 0.150050  -0.000204 0.002066 0.999998  0.138984 0.845042 0
Material_0
0  -0.009128 0.062731 0.150050  0.000251 0.002265 0.999997  0.147753 0.844145 0
0  0.008279 0.057075 0.150050  -0.000191 0.002263 0.999997  0.138984 0.843249 0
0  0.008279 0.068386 0.150050  -0.000204 0.002066 0.999998  0.138984 0.845042 0
Material_0
0  0.008279 0.068386 0.150050  -0.000204 0.002066 0.999998  0.138984 0.845042 0
0  0.008279 0.057075 0.150050  -0.000191 0.002263 0.999997  0.138984 0.843249 0
0  0.010118 0.062731 0.150050  -0.000243 0.002120 0.999998  0.138038 0.844145 0
Material_0
0  -0.002479 0.071880 0.150050  0.000098 0.001960 0.999998  0.144400 0.845613 0
0  -0.007291 0.068386 0.150050  0.000163 0.002028 0.999998  0.146807 0.845042 0
0  -0.009128 0.062731 0.150050  0.000251 0.002265 0.999997  0.147753 0.844145 0
Material_0
0  -0.007291 0.068386 0.150050  0.000163 0.002028 0.999998  0.146807 0.845042 0
0  -0.010099 0.062731 0.146408  -0.999998 0.002194 0.000181  0.148183 0.844145 0
0  -0.009128 0.062731 0.150050  0.000251 0.002265 0.999997  0.147753 0.844145 0
Material_0
0  -0.009128 0.062731 0.150050  0.000251 0.002265 0.999997  0.147753 0.844145 0
0  -0.010099 0.062731 0.146408  -0.999998 0.002194 0.000181  0.148183 0.844145 0
0  -0.008076 0.056501 0.146408  -0.809091 -0.586714 -0.033741  0.147237 0.843167 0
Material_0
0  -0.008678 0.062731 0.251768  -0.999997 0.002228 -0.000190  0.833938 0.839907 0
0  -0.005599 0.067158 0.253460  0.000170 0.002031 0.999998  0.831359 0.840804 0
0  -0.006926 0.068122 0.251768  -0.809003 0.586700 -0.036017  0.832476 0.840967 0
Material_0
0  -0.006926 0.068122 0.251768  -0.809003 0.586700 -0.036017  0.832476 0.840967 0
0  -0.005599 0.067158 0.253460  0.000170 0.002031 0.999998  0.831359 0.840804 0
0  -0.001833 0.069894 0.253460  0.000064 0.002011 0.999998  0.828178 0.841293 0
Material_0
0  -0.005599 0.067158 0.253460  0.000170 0.002031 0.999998  0.831359 0.840804 0
0  -0.008678 0.062731 0.251768  -0.999997 0.002228 -0.000190  0.833938 0.839907 0
0  -0.007037 0.062731 0.253460  0.000228 0.002187 0.999998  0.832562 0.839907 0
Material_0
0  -0.008678 0.062731 0.251768  -0.999997 0.002228 -0.000190  0.833938 0.839907 0
0  -0.006926 0.057340 0.251768  -0.809087 -0.586696 -0.034155  0.832476 0.838848 0
0  -0.007037 0.062731 0.253460  0.000228 0.002187 0.999998  0.832562 0.839907 0
Material_0
0  -0.007037 0.062731 0.253460  0.000228 0.002187 0.999998  0.832562 0.839907 0
0  -0.006926 0.057340 0.251768  -0.809087 -0.586696 -0.034155  0.832476 0.838848 0
0  -0.005599 0.058303 0.253460  0.000163 0.002314 0.999997  0.831359 0.839092 0
Material_0
0  -0.006926 0.057340 0.251768  -0.809087 -0.586696 -0.034155  0.832476 0.838848 0
0  -0.002340 0.054008 0.251768  -0.309445 -0.950915 -0.002076  0.828607 0.838196 0
0  -0.005599 0.058303 0.253460  0.000163 0.002314 0.999997  0.831359 0.839092 0
Material_0
0  -0.005599 0.058303 0.253460  0.000163 0.002314 0.999997  0.831359 0.839092 0
0  -0.002340 0.054008 0.251768  -0.309445 -0.950915 -0.002076  0.828607 0.838196 0
0  -0.001833 0.055567 0.253460  0.000036 0.002379 0.999997  0.828178 0.838522 0
Material_0
0  -0.002340 0.054008 0.251768  -0.309445 -0.950915 -0.002076  0.828607 0.838196 0
0  0.003329 0.054008 0.251768  0.309418 -0.950924 -0.002110  0.823879 0.838196 0
0  -0.001833 0.055567 0.253460  0.000036 0.002379 0.999997  0.828178 0.838522 0
Material_0
0  -0.001833 0.055567 0.253460  0.000036 0.002379 0.999997  0.828178 0.838522 0
0  0.003329 0.054008 0.251768  0.309418 -0.950924 -0.002110  0.823879 0.838196 0
0  0.002821 0.055567 0.253460  -0.000046 0.002381 0.999997  0.824223 0.838522 0
Material_0
0  0.003329 0.054008 0.251768  0.309418 -0.950924 -0.002110  0.823879 0.838196 0
0  0.007916 0.057340 0.251768  0.809067 -0.586723 -0.034143  0.820010 0.838848 0
0  0.002821 0.055567 0.253460  -0.000046 0.002381 0.999997  0.824223 0.838522 0
Material_0
0  0.002821 0.055567 0.253460  -0.000046 0.002381 0.999997  0.824223 0.838522 0
0  0.007916 0.057340 0.251768  0.809067 -0.586723 -0.034143  0.820010 0.838848 0
0  0.006588 0.058303 0.253460  -0.000170 0.002274 0.999997  0.821127 0.839092 0
Material_0
0  0.007916 0.057340 0.251768  0.809067 -0.586723 -0.034143  0.820010 0.838848 0
0  0.009666 0.062731 0.251768  0.999998 0.002151 -0.000189  0.818462 0.839907 0
0  0.006588 0.058303 0.253460  -0.000170 0.002274 0.999997  0.821127 0.839092 0
Material_0
0  0.006588 0.058303 0.253460  -0.000170 0.002274 0.999997  0.821127 0.839092 0
0  0.009666 0.062731 0.251768  0.999998 0.002151 -0.000189  0.818462 0.839907 0
0  0.008027 0.062731 0.253460  -0.000230 0.002176 0.999998  0.819838 0.839907 0
Material_0
0  0.009666 0.062731 0.251768  0.999998 0.002151 -0.000189  0.818462 0.839907 0
0  0.007916 0.068122 0.251768  0.808998 0.586708 -0.035994  0.820010 0.840967 0
0  0.008027 0.062731 0.253460  -0.000230 0.002176 0.999998  0.819838 0.839907 0
Material_0
0  0.008027 0.062731 0.253460  -0.000230 0.002176 0.999998  0.819838 0.839907 0
0  0.007916 0.068122 0.251768  0.808998 0.586708 -0.035994  0.820010 0.840967 0
0  0.006588 0.067158 0.253460  -0.000164 0.002090 0.999998  0.821127 0.840804 0
Material_0
0  0.007916 0.068122 0.251768  0.808998 0.586708 -0.035994  0.820010 0.840967 0
0  0.003329 0.071453 0.251768  0.309466 0.950909 0.001680  0.823879 0.841619 0
0  0.006588 0.067158 0.253460  -0.000164 0.002090 0.999998  0.821127 0.840804 0
Material_0
0  0.006588 0.067158 0.253460  -0.000164 0.002090 0.999998  0.821127 0.840804 0
0  0.003329 0.071453 0.251768  0.309466 0.950909 0.001680  0.823879 0.841619 0
0  0.002821 0.069894 0.253460  -0.000086 0.001986 0.999998  0.824223 0.841293 0
Material_0
0  0.003329 0.071453 0.251768  0.309466 0.950909 0.001680  0.823879 0.841619 0
0  -0.002340 0.071453 0.251768  -0.309438 0.950918 0.001683  0.828607 0.841619 0
0  0.002821 0.069894 0.253460  -0.000086 0.001986 0.999998  0.824223 0.841293 0
Material_0
0  0.002821 0.069894 0.253460  -0.000086 0.001986 0.999998  0.824223 0.841293 0
0  -0.002340 0.071453 0.251768  -0.309438 0.950918 0.001683  0.828607 0.841619 0
0  -0.001833 0.069894 0.253460  0.000064 0.002011 0.999998  0.828178 0.841293 0
Material_0
0  -0.002340 0.071453 0.251768  -0.309438 0.950918 0.001683  0.828607 0.841619 0
0  -0.006926 0.068122 0.251768  -0.809003 0.586700 -0.036017  0.832476 0.840967 0
0  -0.001833 0.069894 0.253460  0.000064 0.002011 0.999998  0.828178 0.841293 0
Material_0
0  -0.006173 0.062731 0.253460  -0.000216 0.002156 0.999998  0.350230 0.844145 0
0  -0.004264 0.066187 0.252734  0.710886 -0.513746 0.480319  0.349284 0.844716 0
0  -0.004900 0.066651 0.253460  -0.000183 0.002301 0.999997  0.349628 0.844797 0
Material_0
0  -0.004264 0.066187 0.252734  0.710886 -0.513746 0.480319  0.349284 0.844716 0
0  -0.001324 0.068328 0.252734  0.271366 -0.833342 0.481562  0.347822 0.845042 0
0  -0.004900 0.066651 0.253460  -0.000183 0.002301 0.999997  0.349628 0.844797 0
Material_0
0  -0.004264 0.066187 0.252734  0.710886 -0.513746 0.480319  0.349284 0.844716 0
0  -0.006173 0.062731 0.253460  -0.000216 0.002156 0.999998  0.350230 0.844145 0
0  -0.005388 0.062731 0.252734  0.878244 0.002186 0.478208  0.349886 0.844145 0
Material_0
0  -0.006173 0.062731 0.253460  -0.000216 0.002156 0.999998  0.350230 0.844145 0
0  -0.004900 0.058811 0.253460  -0.000139 0.002069 0.999998  0.349628 0.843575 0
0  -0.005388 0.062731 0.252734  0.878244 0.002186 0.478208  0.349886 0.844145 0
Material_0
0  -0.005388 0.062731 0.252734  0.878244 0.002186 0.478208  0.349886 0.844145 0
0  -0.004900 0.058811 0.253460  -0.000139 0.002069 0.999998  0.349628 0.843575 0
0  -0.004264 0.059274 0.252734  0.708089 0.513752 0.484426  0.349284 0.843575 0
Material_0
0  -0.004900 0.058811 0.253460  -0.000139 0.002069 0.999998  0.349628 0.843575 0
0  -0.001566 0.056391 0.253460  -0.000081 0.001979 0.999998  0.347908 0.843167 0
0  -0.004264 0.059274 0.252734  0.708089 0.513752 0.484426  0.349284 0.843575 0
Material_0
0  -0.004264 0.059274 0.252734  0.708089 0.513752 0.484426  0.349284 0.843575 0
0  -0.001566 0.056391 0.253460  -0.000081 0.001979 0.999998  0.347908 0.843167 0
0  -0.001324 0.057134 0.252734  0.270264 0.833347 0.482171  0.347822 0.843249 0
Material_0
0  -0.001566 0.056391 0.253460  -0.000081 0.001979 0.999998  0.347908 0.843167 0
0  0.002554 0.056391 0.253460  0.000079 0.002030 0.999998  0.345845 0.843167 0
0  -0.001324 0.057134 0.252734  0.270264 0.833347 0.482171  0.347822 0.843249 0
Material_0
0  -0.001324 0.057134 0.252734  0.270264 0.833347 0.482171  0.347822 0.843249 0
0  0.002554 0.056391 0.253460  0.000079 0.002030 0.999998  0.345845 0.843167 0
0  0.002312 0.057134 0.252734  -0.270294 0.833354 0.482144  0.346017 0.843249 0
Material_0
0  0.002554 0.056391 0.253460  0.000079 0.002030 0.999998  0.345845 0.843167 0
0  0.005888 0.058811 0.253460  0.000135 0.002038 0.999998  0.344211 0.843575 0
0  0.002312 0.057134 0.252734  -0.270294 0.833354 0.482144  0.346017 0.843249 0
Material_0
0  0.002312 0.057134 0.252734  -0.270294 0.833354 0.482144  0.346017 0.843249 0
0  0.005888 0.058811 0.253460  0.000135 0.002038 0.999998  0.344211 0.843575 0
0  0.005254 0.059274 0.252734  -0.708094 0.513754 0.484418  0.344555 0.843575 0
Material_0
0  0.005888 0.058811 0.253460  0.000135 0.002038 0.999998  0.344211 0.843575 0
0  0.007162 0.062731 0.253460  0.000201 0.002191 0.999997  0.343610 0.844145 0
0  0.005254 0.059274 0.252734  -0.708094 0.513754 0.484418  0.344555 0.843575 0
Material_0
0  0.005254 0.059274 0.252734  -0.708094 0.513754 0.484418  0.344555 0.843575 0
0  0.007162 0.062731 0.253460  0.000201 0.002191 0.999997  0.343610 0.844145 0
0  0.006377 0.062731 0.252734  -0.878237 0.002175 0.478220  0.343953 0.844145 0
Material_0
0  0.007162 0.062731 0.253460  0.000201 0.002191 0.999997  0.343610 0.844145 0
0  0.005888 0.066651 0.253460  0.000137 0.002296 0.999997  0.344211 0.844797 0
0  0.006377 0.062731 0.252734  -0.878237 0.002175 0.478220  0.343953 0.844145 0
Material_0
0  0.006377 0.062731 0.252734  -0.878237 0.002175 0.478220  0.343953 0.844145 0
0  0.005888 0.066651 0.253460  0.000137 0.002296 0.999997  0.344211 0.844797 0
0  0.005254 0.066187 0.252734  -0.710897 -0.513756 0.480292  0.344555 0.844716 0
Material_0
0  0.005888 0.066651 0.253460  0.000137 0.002296 0.999997  0.344211 0.844797 0
0  0.002554 0.069070 0.253460  0.000049 0.002366 0.999997  0.345845 0.845124 0
0  0.005254 0.066187 0.252734  -0.710897 -0.513756 0.480292  0.344555 0.844716 0
Material_0
0  0.005254 0.066187 0.252734  -0.710897 -0.513756 0.480292  0.344555 0.844716 0
0  0.002554 0.069070 0.253460  0.000049 0.002366 0.999997  0.345845 0.845124 0
0  0.002312 0.068328 0.252734  -0.271334 -0.833358 0.481552  0.346017 0.845042 0
Material_0
0  0.002554 0.069070 0.253460  0.000049 0.002366 0.999997  0.345845 0.845124 0
0  -0.001566 0.069070 0.253460  -0.000014 0.002398 0.999997  0.347908 0.845124 0
0  0.002312 0.068328 0.252734  -0.271334 -0.833358 0.481552  0.346017 0.845042 0
Material_0
0  0.002312 0.068328 0.252734  -0.271334 -0.833358 0.481552  0.346017 0.845042 0
0  -0.001566 0.069070 0.253460  -0.000014 0.002398 0.999997  0.347908 0.845124 0
0  -0.001324 0.068328 0.252734  0.271366 -0.833342 0.481562  0.347822 0.845042 0
Material_0
0  -0.001566 0.069070 0.253460  -0.000014 0.002398 0.999997  0.347908 0.845124 0
0  -0.004900 0.066651 0.253460  -0.000183 0.002301 0.999997  0.349628 0.844797 0
0  -0.001324 0.068328 0.252734  0.271366 -0.833342 0.481562  0.347822 0.845042 0
Material_0
0  -0.000884 -0.092138 -0.035322  -0.621157 0.352718 -0.699824  0.145260 0.195603 0
0  -0.000884 -0.092138 -0.029788  -0.618327 0.352724 0.702323  0.147409 0.195603 0
0  -0.000884 -0.090071 -0.032550  -0.595031 0.803331 -0.024426  0.146292 0.196092 0
Material_0
0  -0.000884 -0.092138 -0.029788  -0.618327 0.352724 0.702323  0.147409 0.195603 0
0  0.000579 -0.092138 -0.029788  0.618366 0.352603 0.702349  0.147409 0.195603 0
0  -0.000884 -0.090071 -0.032550  -0.595031 0.803331 -0.024426  0.146292 0.196092 0
Material_0
0  -0.000884 -0.090071 -0.032550  -0.595031 0.803331 -0.024426  0.146292 0.196092 0
0  0.000579 -0.092138 -0.029788  0.618366 0.352603 0.702349  0.147409 0.195603 0
0  0.000579 -0.090071 -0.032550  0.595032 0.803330 -0.024463  0.146292 0.196092 0
Material_0
0  0.000579 -0.092138 -0.029788  0.618366 0.352603 0.702349  0.147409 0.195603 0
0  0.000579 -0.092138 -0.035322  0.621169 0.352722 -0.699811  0.145260 0.195603 0
0  0.000579 -0.090071 -0.032550  0.595032 0.803330 -0.024463  0.146292 0.196092 0
Material_0
0  0.000579 -0.090071 -0.032550  0.595032 0.803330 -0.024463  0.146292 0.196092 0
0  0.000579 -0.092138 -0.035322  0.621169 0.352722 -0.699811  0.145260 0.195603 0
0  -0.000884 -0.092138 -0.035322  -0.621157 0.352718 -0.699824  0.145260 0.195603 0
Material_0
0  0.000579 -0.092138 -0.035322  0.621169 0.352722 -0.699811  0.145260 0.195603 0
0  -0.000884 -0.100456 -0.035312  -0.959387 0.244380 -0.140905  0.145260 0.193647 0
0  -0.000884 -0.092138 -0.035322  -0.621157 0.352718 -0.699824  0.145260 0.195603 0
Material_0
0  -0.000884 -0.092138 -0.035322  -0.621157 0.352718 -0.699824  0.145260 0.195603 0
0  -0.000884 -0.100456 -0.035312  -0.959387 0.244380 -0.140905  0.145260 0.193647 0
0  -0.000884 -0.092138 -0.029788  -0.618327 0.352724 0.702323  0.147409 0.195603 0
Material_0
0  -0.000884 -0.100456 -0.035312  -0.959387 0.244380 -0.140905  0.145260 0.193647 0
0  -0.000884 -0.100456 -0.029797  -0.958813 0.244372 0.144778  0.147409 0.193647 0
0  -0.000884 -0.092138 -0.029788  -0.618327 0.352724 0.702323  0.147409 0.195603 0
Material_0
0  -0.000884 -0.092138 -0.029788  -0.618327 0.352724 0.702323  0.147409 0.195603 0
0  -0.000884 -0.100456 -0.029797  -0.958813 0.244372 0.144778  0.147409 0.193647 0
0  0.000579 -0.100456 -0.029797  0.958835 0.244377 0.144618  0.147409 0.193647 0
Material_0
0  -0.000884 -0.100456 -0.029797  -0.958813 0.244372 0.144778  0.147409 0.193647 0
0  0.000579 -0.097522 -0.024970  0.629551 0.768273 -0.115855  0.149301 0.194380 0
0  0.000579 -0.100456 -0.029797  0.958835 0.244377 0.144618  0.147409 0.193647 0
Material_0
0  0.000579 -0.100456 -0.029797  0.958835 0.244377 0.144618  0.147409 0.193647 0
0  0.000579 -0.097522 -0.024970  0.629551 0.768273 -0.115855  0.149301 0.194380 0
0  0.000579 -0.101817 -0.022227  0.617044 -0.433045 0.657061  0.150333 0.193402 0
Material_0
0  0.000579 -0.101817 -0.022227  0.617044 -0.433045 0.657061  0.150333 0.193402 0
0  0.000579 -0.097522 -0.024970  0.629551 0.768273 -0.115855  0.149301 0.194380 0
0  0.000579 -0.098331 -0.021778  0.584278 0.456519 0.670977  0.150504 0.194136 0
Material_0
0  0.000579 -0.097522 -0.024970  0.629551 0.768273 -0.115855  0.149301 0.194380 0
0  -0.000884 -0.097522 -0.024970  -0.629544 0.768305 -0.115684  0.149301 0.194380 0
0  0.000579 -0.098331 -0.021778  0.584278 0.456519 0.670977  0.150504 0.194136 0
Material_0
0  -0.000884 -0.097522 -0.024970  -0.629544 0.768305 -0.115684  0.149301 0.194380 0
0  -0.000884 -0.098331 -0.021778  -0.584390 0.456518 0.670880  0.150504 0.194136 0
0  0.000579 -0.098331 -0.021778  0.584278 0.456519 0.670977  0.150504 0.194136 0
Material_0
0  0.000579 -0.098331 -0.021778  0.584278 0.456519 0.670977  0.150504 0.194136 0
0  -0.000884 -0.098331 -0.021778  -0.584390 0.456518 0.670880  0.150504 0.194136 0
0  0.000579 -0.101817 -0.022227  0.617044 -0.433045 0.657061  0.150333 0.193402 0
Material_0
0  -0.000884 -0.090071 -0.032550  -0.595031 0.803331 -0.024426  0.146292 0.196092 0
0  0.000579 -0.090071 -0.032550  0.595032 0.803330 -0.024463  0.146292 0.196092 0
0  -0.000884 -0.092138 -0.035322  -0.621157 0.352718 -0.699824  0.145260 0.195603 0
Material_0
0  -0.000884 -0.092138 -0.029788  -0.618327 0.352724 0.702323  0.147409 0.195603 0
0  0.000579 -0.100456 -0.029797  0.958835 0.244377 0.144618  0.147409 0.193647 0
0  0.000579 -0.092138 -0.029788  0.618366 0.352603 0.702349  0.147409 0.195603 0
Material_0
0  0.000579 -0.100456 -0.029797  0.958835 0.244377 0.144618  0.147409 0.193647 0
0  0.000579 -0.100456 -0.035312  0.959370 0.244371 -0.141036  0.145260 0.193647 0
0  0.000579 -0.092138 -0.029788  0.618366 0.352603 0.702349  0.147409 0.195603 0
Material_0
0  0.000579 -0.092138 -0.029788  0.618366 0.352603 0.702349  0.147409 0.195603 0
0  0.000579 -0.100456 -0.035312  0.959370 0.244371 -0.141036  0.145260 0.193647 0
0  0.000579 -0.092138 -0.035322  0.621169 0.352722 -0.699811  0.145260 0.195603 0
Material_0
0  0.000579 -0.100456 -0.035312  0.959370 0.244371 -0.141036  0.145260 0.193647 0
0  -0.000884 -0.100456 -0.035312  -0.959387 0.244380 -0.140905  0.145260 0.193647 0
0  0.000579 -0.092138 -0.035322  0.621169 0.352722 -0.699811  0.145260 0.195603 0
Material_0
0  0.000579 -0.097522 -0.024970  0.629551 0.768273 -0.115855  0.149301 0.194380 0
0  -0.000884 -0.100456 -0.029797  -0.958813 0.244372 0.144778  0.147409 0.193647 0
0  -0.000884 -0.097522 -0.024970  -0.629544 0.768305 -0.115684  0.149301 0.194380 0
Material_0
0  -0.000884 -0.100456 -0.029797  -0.958813 0.244372 0.144778  0.147409 0.193647 0
0  -0.000884 -0.101817 -0.022227  -0.617063 -0.433055 0.657037  0.150333 0.193402 0
0  -0.000884 -0.097522 -0.024970  -0.629544 0.768305 -0.115684  0.149301 0.194380 0
Material_0
0  -0.000884 -0.097522 -0.024970  -0.629544 0.768305 -0.115684  0.149301 0.194380 0
0  -0.000884 -0.101817 -0.022227  -0.617063 -0.433055 0.657037  0.150333 0.193402 0
0  -0.000884 -0.098331 -0.021778  -0.584390 0.456518 0.670880  0.150504 0.194136 0
Material_0
0  -0.000884 -0.098331 -0.021778  -0.584390 0.456518 0.670880  0.150504 0.194136 0
0  -0.000884 -0.101817 -0.022227  -0.617063 -0.433055 0.657037  0.150333 0.193402 0
0  0.000579 -0.101817 -0.022227  0.617044 -0.433045 0.657061  0.150333 0.193402 0
Material_0
0  -0.000884 -0.101817 -0.022227  -0.617063 -0.433055 0.657037  0.150333 0.193402 0
0  0.000579 -0.106215 -0.029807  0.839090 -0.273819 0.470055  0.147409 0.192343 0
0  0.000579 -0.101817 -0.022227  0.617044 -0.433045 0.657061  0.150333 0.193402 0
Material_0
0  0.000579 -0.101817 -0.022227  0.617044 -0.433045 0.657061  0.150333 0.193402 0
0  0.000579 -0.106215 -0.029807  0.839090 -0.273819 0.470055  0.147409 0.192343 0
0  0.000579 -0.100456 -0.029797  0.958835 0.244377 0.144618  0.147409 0.193647 0
Material_0
0  0.000579 -0.100456 -0.029797  0.958835 0.244377 0.144618  0.147409 0.193647 0
0  0.000579 -0.106215 -0.029807  0.839090 -0.273819 0.470055  0.147409 0.192343 0
0  0.000579 -0.100456 -0.035312  0.959370 0.244371 -0.141036  0.145260 0.193647 0
Material_0
0  0.000579 -0.106215 -0.029807  0.839090 -0.273819 0.470055  0.147409 0.192343 0
0  0.000579 -0.106215 -0.035303  0.839125 -0.273903 -0.469943  0.145260 0.192343 0
0  0.000579 -0.100456 -0.035312  0.959370 0.244371 -0.141036  0.145260 0.193647 0
Material_0
0  0.000579 -0.106215 -0.035303  0.839125 -0.273903 -0.469943  0.145260 0.192343 0
0  0.000579 -0.101817 -0.042882  0.617061 -0.433055 -0.657038  0.142337 0.193402 0
0  0.000579 -0.100456 -0.035312  0.959370 0.244371 -0.141036  0.145260 0.193647 0
Material_0
0  0.000579 -0.100456 -0.035312  0.959370 0.244371 -0.141036  0.145260 0.193647 0
0  0.000579 -0.101817 -0.042882  0.617061 -0.433055 -0.657038  0.142337 0.193402 0
0  0.000579 -0.097522 -0.040139  0.629528 0.768364 0.115369  0.143368 0.194380 0
Material_0
0  0.000579 -0.101817 -0.042882  0.617061 -0.433055 -0.657038  0.142337 0.193402 0
0  0.000579 -0.098331 -0.043332  0.581534 0.456522 -0.673355  0.142165 0.194136 0
0  0.000579 -0.097522 -0.040139  0.629528 0.768364 0.115369  0.143368 0.194380 0
Material_0
0  0.000579 -0.097522 -0.040139  0.629528 0.768364 0.115369  0.143368 0.194380 0
0  0.000579 -0.098331 -0.043332  0.581534 0.456522 -0.673355  0.142165 0.194136 0
0  -0.000884 -0.098331 -0.043332  -0.581521 0.456521 -0.673366  0.142165 0.194136 0
Material_0
0  0.000579 -0.098331 -0.043332  0.581534 0.456522 -0.673355  0.142165 0.194136 0
0  -0.000884 -0.101817 -0.042882  -0.617043 -0.433045 -0.657062  0.142337 0.193402 0
0  -0.000884 -0.098331 -0.043332  -0.581521 0.456521 -0.673366  0.142165 0.194136 0
Material_0
0  -0.000884 -0.098331 -0.043332  -0.581521 0.456521 -0.673366  0.142165 0.194136 0
0  -0.000884 -0.101817 -0.042882  -0.617043 -0.433045 -0.657062  0.142337 0.193402 0
0  -0.000884 -0.097522 -0.040139  -0.629552 0.768273 0.115854  0.143368 0.194380 0
Material_0
0  -0.000884 -0.101817 -0.042882  -0.617043 -0.433045 -0.657062  0.142337 0.193402 0
0  -0.000884 -0.100456 -0.035312  -0.959387 0.244380 -0.140905  0.145260 0.193647 0
0  -0.000884 -0.097522 -0.040139  -0.629552 0.768273 0.115854  0.143368 0.194380 0
Material_0
0  -0.000884 -0.100456 -0.035312  -0.959387 0.244380 -0.140905  0.145260 0.193647 0
0  0.000579 -0.100456 -0.035312  0.959370 0.244371 -0.141036  0.145260 0.193647 0
0  -0.000884 -0.097522 -0.040139  -0.629552 0.768273 0.115854  0.143368 0.194380 0
Material_0
0  0.000579 -0.100456 -0.035312  0.959370 0.244371 -0.141036  0.145260 0.193647 0
0  0.000579 -0.097522 -0.040139  0.629528 0.768364 0.115369  0.143368 0.194380 0
0  -0.000884 -0.097522 -0.040139  -0.629552 0.768273 0.115854  0.143368 0.194380 0
Material_0
0  -0.000884 -0.097522 -0.040139  -0.629552 0.768273 0.115854  0.143368 0.194380 0
0  0.000579 -0.097522 -0.040139  0.629528 0.768364 0.115369  0.143368 0.194380 0
0  -0.000884 -0.098331 -0.043332  -0.581521 0.456521 -0.673366  0.142165 0.194136 0
Material_0
0  0.000579 -0.098331 -0.043332  0.581534 0.456522 -0.673355  0.142165 0.194136 0
0  0.000579 -0.101817 -0.042882  0.617061 -0.433055 -0.657038  0.142337 0.193402 0
0  -0.000884 -0.101817 -0.042882  -0.617043 -0.433045 -0.657062  0.142337 0.193402 0
Material_0
0  -0.000884 -0.101817 -0.042882  -0.617043 -0.433045 -0.657062  0.142337 0.193402 0
0  0.000579 -0.101817 -0.042882  0.617061 -0.433055 -0.657038  0.142337 0.193402 0
0  -0.000884 -0.106215 -0.035303  -0.839129 -0.273913 -0.469930  0.145260 0.192343 0
Material_0
0  0.000579 -0.101817 -0.042882  0.617061 -0.433055 -0.657038  0.142337 0.193402 0
0  0.000579 -0.106215 -0.035303  0.839125 -0.273903 -0.469943  0.145260 0.192343 0
0  -0.000884 -0.106215 -0.035303  -0.839129 -0.273913 -0.469930  0.145260 0.192343 0
Material_0
0  -0.000884 -0.106215 -0.035303  -0.839129 -0.273913 -0.469930  0.145260 0.192343 0
0  0.000579 -0.106215 -0.035303  0.839125 -0.273903 -0.469943  0.145260 0.192343 0
0  -0.000884 -0.108319 -0.035303  -0.904873 0.303163 -0.298825  0.145260 0.191854 0
Material_0
0  -0.000884 -0.108319 -0.035303  -0.904873 0.303163 -0.298825  0.145260 0.191854 0
0  0.000579 -0.106215 -0.035303  0.839125 -0.273903 -0.469943  0.145260 0.192343 0
0  0.000579 -0.108319 -0.035303  0.904869 0.303141 -0.298861  0.145260 0.191854 0
Material_0
0  0.000579 -0.108319 -0.035303  0.904869 0.303141 -0.298861  0.145260 0.191854 0
0  0.000579 -0.106215 -0.035303  0.839125 -0.273903 -0.469943  0.145260 0.192343 0
0  0.000579 -0.108319 -0.029807  0.903690 0.303191 0.302358  0.147409 0.191854 0
Material_0
0  0.000579 -0.106215 -0.035303  0.839125 -0.273903 -0.469943  0.145260 0.192343 0
0  0.000579 -0.106215 -0.029807  0.839090 -0.273819 0.470055  0.147409 0.192343 0
0  0.000579 -0.108319 -0.029807  0.903690 0.303191 0.302358  0.147409 0.191854 0
Material_0
0  0.000579 -0.108319 -0.029807  0.903690 0.303191 0.302358  0.147409 0.191854 0
0  0.000579 -0.106215 -0.029807  0.839090 -0.273819 0.470055  0.147409 0.192343 0
0  -0.000884 -0.106215 -0.029807  -0.839125 -0.273904 0.469943  0.147409 0.192343 0
Material_0
0  0.000579 -0.106215 -0.029807  0.839090 -0.273819 0.470055  0.147409 0.192343 0
0  -0.000884 -0.101817 -0.022227  -0.617063 -0.433055 0.657037  0.150333 0.193402 0
0  -0.000884 -0.106215 -0.029807  -0.839125 -0.273904 0.469943  0.147409 0.192343 0
Material_0
0  -0.000884 -0.101817 -0.022227  -0.617063 -0.433055 0.657037  0.150333 0.193402 0
0  -0.000884 -0.100456 -0.029797  -0.958813 0.244372 0.144778  0.147409 0.193647 0
0  -0.000884 -0.106215 -0.029807  -0.839125 -0.273904 0.469943  0.147409 0.192343 0
Material_0
0  -0.000884 -0.100456 -0.029797  -0.958813 0.244372 0.144778  0.147409 0.193647 0
0  -0.000884 -0.100456 -0.035312  -0.959387 0.244380 -0.140905  0.145260 0.193647 0
0  -0.000884 -0.106215 -0.029807  -0.839125 -0.273904 0.469943  0.147409 0.192343 0
Material_0
0  -0.000884 -0.106215 -0.029807  -0.839125 -0.273904 0.469943  0.147409 0.192343 0
0  -0.000884 -0.100456 -0.035312  -0.959387 0.244380 -0.140905  0.145260 0.193647 0
0  -0.000884 -0.106215 -0.035303  -0.839129 -0.273913 -0.469930  0.145260 0.192343 0
Material_0
0  -0.000884 -0.100456 -0.035312  -0.959387 0.244380 -0.140905  0.145260 0.193647 0
0  -0.000884 -0.101817 -0.042882  -0.617043 -0.433045 -0.657062  0.142337 0.193402 0
0  -0.000884 -0.106215 -0.035303  -0.839129 -0.273913 -0.469930  0.145260 0.192343 0
Material_0
0  -0.000884 -0.106215 -0.035303  -0.839129 -0.273913 -0.469930  0.145260 0.192343 0
0  -0.000884 -0.108319 -0.029807  -0.903713 0.303143 0.302334  0.147409 0.191854 0
0  -0.000884 -0.106215 -0.029807  -0.839125 -0.273904 0.469943  0.147409 0.192343 0
Material_0
0  -0.000884 -0.106215 -0.029807  -0.839125 -0.273904 0.469943  0.147409 0.192343 0
0  -0.000884 -0.108319 -0.029807  -0.903713 0.303143 0.302334  0.147409 0.191854 0
0  0.000579 -0.108319 -0.029807  0.903690 0.303191 0.302358  0.147409 0.191854 0
Material_0
0  -0.000884 -0.108319 -0.029807  -0.903713 0.303143 0.302334  0.147409 0.191854 0
0  0.000579 -0.108319 -0.024970  0.611900 0.687539 0.390985  0.149301 0.191854 0
0  0.000579 -0.108319 -0.029807  0.903690 0.303191 0.302358  0.147409 0.191854 0
Material_0
0  0.000579 -0.108319 -0.029807  0.903690 0.303191 0.302358  0.147409 0.191854 0
0  0.000579 -0.108319 -0.024970  0.611900 0.687539 0.390985  0.149301 0.191854 0
0  0.000579 -0.112503 -0.022562  0.903130 0.413229 0.116612  0.150247 0.190876 0
Material_0
0  0.000579 -0.112503 -0.022562  0.903130 0.413229 0.116612  0.150247 0.190876 0
0  0.000579 -0.108319 -0.024970  0.611900 0.687539 0.390985  0.149301 0.191854 0
0  -0.000884 -0.108319 -0.024970  -0.611887 0.687528 0.391023  0.149301 0.191854 0
Material_0
0  0.000579 -0.108319 -0.024970  0.611900 0.687539 0.390985  0.149301 0.191854 0
0  -0.000884 -0.108319 -0.029807  -0.903713 0.303143 0.302334  0.147409 0.191854 0
0  -0.000884 -0.108319 -0.024970  -0.611887 0.687528 0.391023  0.149301 0.191854 0
Material_0
0  -0.000884 -0.108319 -0.035303  -0.904873 0.303163 -0.298825  0.145260 0.191854 0
0  -0.000884 -0.108319 -0.029807  -0.903713 0.303143 0.302334  0.147409 0.191854 0
0  -0.000884 -0.106215 -0.035303  -0.839129 -0.273913 -0.469930  0.145260 0.192343 0
Material_0
0  0.000579 -0.112503 -0.022562  0.903130 0.413229 0.116612  0.150247 0.190876 0
0  0.000579 -0.112503 -0.042548  0.903118 0.413241 -0.116662  0.142423 0.190876 0
0  0.000579 -0.108319 -0.029807  0.903690 0.303191 0.302358  0.147409 0.191854 0
Material_0
0  0.000579 -0.108319 -0.029807  0.903690 0.303191 0.302358  0.147409 0.191854 0
0  0.000579 -0.112503 -0.042548  0.903118 0.413241 -0.116662  0.142423 0.190876 0
0  0.000579 -0.108319 -0.035303  0.904869 0.303141 -0.298861  0.145260 0.191854 0
Material_0
0  0.000579 -0.112503 -0.042548  0.903118 0.413241 -0.116662  0.142423 0.190876 0
0  0.000579 -0.108319 -0.040139  0.609857 0.687506 -0.394221  0.143368 0.191854 0
0  0.000579 -0.108319 -0.035303  0.904869 0.303141 -0.298861  0.145260 0.191854 0
Material_0
0  0.000579 -0.108319 -0.035303  0.904869 0.303141 -0.298861  0.145260 0.191854 0
0  0.000579 -0.108319 -0.040139  0.609857 0.687506 -0.394221  0.143368 0.191854 0
0  -0.000884 -0.108319 -0.040139  -0.609855 0.687559 -0.394131  0.143368 0.191854 0
Material_0
0  0.000579 -0.108319 -0.040139  0.609857 0.687506 -0.394221  0.143368 0.191854 0
0  -0.000884 -0.112503 -0.042548  -0.903117 0.413241 -0.116665  0.142423 0.190876 0
0  -0.000884 -0.108319 -0.040139  -0.609855 0.687559 -0.394131  0.143368 0.191854 0
Material_0
0  -0.000884 -0.108319 -0.040139  -0.609855 0.687559 -0.394131  0.143368 0.191854 0
0  -0.000884 -0.112503 -0.042548  -0.903117 0.413241 -0.116665  0.142423 0.190876 0
0  -0.000884 -0.108319 -0.035303  -0.904873 0.303163 -0.298825  0.145260 0.191854 0
Material_0
0  -0.000884 -0.108319 -0.035303  -0.904873 0.303163 -0.298825  0.145260 0.191854 0
0  -0.000884 -0.112503 -0.042548  -0.903117 0.413241 -0.116665  0.142423 0.190876 0
0  -0.000884 -0.108319 -0.029807  -0.903713 0.303143 0.302334  0.147409 0.191854 0
Material_0
0  -0.000884 -0.112503 -0.042548  -0.903117 0.413241 -0.116665  0.142423 0.190876 0
0  -0.000884 -0.112503 -0.022562  -0.903119 0.413240 0.116653  0.150247 0.190876 0
0  -0.000884 -0.108319 -0.029807  -0.903713 0.303143 0.302334  0.147409 0.191854 0
Material_0
0  -0.000884 -0.108319 -0.029807  -0.903713 0.303143 0.302334  0.147409 0.191854 0
0  -0.000884 -0.112503 -0.022562  -0.903119 0.413240 0.116653  0.150247 0.190876 0
0  -0.000884 -0.108319 -0.024970  -0.611887 0.687528 0.391023  0.149301 0.191854 0
Material_0
0  -0.000884 -0.108319 -0.024970  -0.611887 0.687528 0.391023  0.149301 0.191854 0
0  -0.000884 -0.112503 -0.022562  -0.903119 0.413240 0.116653  0.150247 0.190876 0
0  0.000579 -0.112503 -0.022562  0.903130 0.413229 0.116612  0.150247 0.190876 0
Material_0
0  -0.000884 -0.112503 -0.022562  -0.903119 0.413240 0.116653  0.150247 0.190876 0
0  0.000579 -0.111452 -0.020736  0.838462 0.273840 -0.471162  0.150934 0.191120 0
0  0.000579 -0.112503 -0.022562  0.903130 0.413229 0.116612  0.150247 0.190876 0
Material_0
0  0.000579 -0.111452 -0.020736  0.838462 0.273840 -0.471162  0.150934 0.191120 0
0  0.000579 -0.117269 -0.019809  0.904585 -0.110689 0.411673  0.151278 0.189816 0
0  0.000579 -0.112503 -0.022562  0.903130 0.413229 0.116612  0.150247 0.190876 0
Material_0
0  0.000579 -0.112503 -0.022562  0.903130 0.413229 0.116612  0.150247 0.190876 0
0  0.000579 -0.117269 -0.019809  0.904585 -0.110689 0.411673  0.151278 0.189816 0
0  0.000579 -0.117269 -0.045301  0.902834 -0.111194 -0.415364  0.141391 0.189816 0
Material_0
0  0.000579 -0.117269 -0.045301  0.902834 -0.111194 -0.415364  0.141391 0.189816 0
0  0.000579 -0.117269 -0.019809  0.904585 -0.110689 0.411673  0.151278 0.189816 0
0  0.000579 -0.121454 -0.047719  0.610743 0.002153 -0.791826  0.140445 0.188838 0
Material_0
0  0.000579 -0.121454 -0.047719  0.610743 0.002153 -0.791826  0.140445 0.188838 0
0  0.000579 -0.117269 -0.019809  0.904585 -0.110689 0.411673  0.151278 0.189816 0
0  0.000579 -0.121454 -0.017391  0.610646 0.001892 0.791901  0.152224 0.188838 0
Material_0
0  0.000579 -0.117269 -0.019809  0.904585 -0.110689 0.411673  0.151278 0.189816 0
0  -0.000884 -0.117269 -0.019809  -0.904591 -0.110684 0.411660  0.151278 0.189816 0
0  0.000579 -0.121454 -0.017391  0.610646 0.001892 0.791901  0.152224 0.188838 0
Material_0
0  0.000579 -0.121454 -0.017391  0.610646 0.001892 0.791901  0.152224 0.188838 0
0  -0.000884 -0.117269 -0.019809  -0.904591 -0.110684 0.411660  0.151278 0.189816 0
0  -0.000884 -0.121454 -0.017391  -0.610743 0.002156 0.791826  0.152224 0.188838 0
Material_0
0  -0.000884 -0.117269 -0.019809  -0.904591 -0.110684 0.411660  0.151278 0.189816 0
0  -0.000884 -0.121454 -0.047719  -0.610759 0.002196 -0.791813  0.140445 0.188838 0
0  -0.000884 -0.121454 -0.017391  -0.610743 0.002156 0.791826  0.152224 0.188838 0
Material_0
0  -0.000884 -0.121454 -0.017391  -0.610743 0.002156 0.791826  0.152224 0.188838 0
0  -0.000884 -0.121454 -0.047719  -0.610759 0.002196 -0.791813  0.140445 0.188838 0
0  -0.000884 -0.125639 -0.045301  -0.902862 0.111182 -0.415305  0.141391 0.187860 0
Material_0
0  -0.000884 -0.121454 -0.047719  -0.610759 0.002196 -0.791813  0.140445 0.188838 0
0  0.000579 -0.121454 -0.047719  0.610743 0.002153 -0.791826  0.140445 0.188838 0
0  -0.000884 -0.125639 -0.045301  -0.902862 0.111182 -0.415305  0.141391 0.187860 0
Material_0
0  -0.000884 -0.125639 -0.045301  -0.902862 0.111182 -0.415305  0.141391 0.187860 0
0  0.000579 -0.121454 -0.047719  0.610743 0.002153 -0.791826  0.140445 0.188838 0
0  0.000579 -0.125639 -0.045301  0.902866 0.111180 -0.415297  0.141391 0.187860 0
Material_0
0  0.000579 -0.121454 -0.047719  0.610743 0.002153 -0.791826  0.140445 0.188838 0
0  0.000579 -0.121454 -0.017391  0.610646 0.001892 0.791901  0.152224 0.188838 0
0  0.000579 -0.125639 -0.045301  0.902866 0.111180 -0.415297  0.141391 0.187860 0
Material_0
0  0.000579 -0.125639 -0.045301  0.902866 0.111180 -0.415297  0.141391 0.187860 0
0  0.000579 -0.121454 -0.017391  0.610646 0.001892 0.791901  0.152224 0.188838 0
0  0.000579 -0.125639 -0.019809  0.904479 0.111015 0.411818  0.151278 0.187860 0
Material_0
0  0.000579 -0.121454 -0.017391  0.610646 0.001892 0.791901  0.152224 0.188838 0
0  -0.000884 -0.121454 -0.017391  -0.610743 0.002156 0.791826  0.152224 0.188838 0
0  0.000579 -0.125639 -0.019809  0.904479 0.111015 0.411818  0.151278 0.187860 0
Material_0
0  0.000579 -0.125639 -0.019809  0.904479 0.111015 0.411818  0.151278 0.187860 0
0  -0.000884 -0.121454 -0.017391  -0.610743 0.002156 0.791826  0.152224 0.188838 0
0  -0.000884 -0.125639 -0.019809  -0.904505 0.110932 0.411783  0.151278 0.187860 0
Material_0
0  -0.000884 -0.121454 -0.017391  -0.610743 0.002156 0.791826  0.152224 0.188838 0
0  -0.000884 -0.125639 -0.045301  -0.902862 0.111182 -0.415305  0.141391 0.187860 0
0  -0.000884 -0.125639 -0.019809  -0.904505 0.110932 0.411783  0.151278 0.187860 0
Material_0
0  -0.000884 -0.108319 -0.035303  -0.904873 0.303163 -0.298825  0.145260 0.191854 0
0  0.000579 -0.108319 -0.035303  0.904869 0.303141 -0.298861  0.145260 0.191854 0
0  -0.000884 -0.108319 -0.040139  -0.609855 0.687559 -0.394131  0.143368 0.191854 0
Material_0
0  0.000579 -0.112503 -0.042548  0.903118 0.413241 -0.116662  0.142423 0.190876 0
0  -0.000884 -0.112503 -0.042548  -0.903117 0.413241 -0.116665  0.142423 0.190876 0
0  0.000579 -0.108319 -0.040139  0.609857 0.687506 -0.394221  0.143368 0.191854 0
Material_0
0  0.000579 -0.112503 -0.042548  0.903118 0.413241 -0.116662  0.142423 0.190876 0
0  0.000579 -0.112503 -0.022562  0.903130 0.413229 0.116612  0.150247 0.190876 0
0  0.000579 -0.117269 -0.045301  0.902834 -0.111194 -0.415364  0.141391 0.189816 0
Material_0
0  0.000579 -0.121454 -0.047719  0.610743 0.002153 -0.791826  0.140445 0.188838 0
0  -0.000884 -0.121454 -0.047719  -0.610759 0.002196 -0.791813  0.140445 0.188838 0
0  0.000579 -0.117269 -0.045301  0.902834 -0.111194 -0.415364  0.141391 0.189816 0
Material_0
0  0.000579 -0.123683 -0.007144  0.583627 0.352713 0.731418  0.156179 0.188349 0
0  0.000579 -0.122329 -0.010385  0.620337 0.782025 -0.060160  0.154889 0.188594 0
0  -0.000884 -0.122329 -0.010385  -0.620337 0.782026 -0.060154  0.154889 0.188594 0
Material_0
0  -0.000884 -0.122329 -0.010385  -0.620337 0.782026 -0.060154  0.154889 0.188594 0
0  0.000579 -0.122329 -0.010385  0.620337 0.782025 -0.060160  0.154889 0.188594 0
0  -0.000884 -0.126691 -0.017983  -0.838489 0.543478 0.039609  0.151966 0.187615 0
Material_0
0  0.000579 -0.122329 -0.010385  0.620337 0.782025 -0.060160  0.154889 0.188594 0
0  0.000579 -0.126691 -0.017983  0.838491 0.543478 0.039563  0.151966 0.187615 0
0  -0.000884 -0.126691 -0.017983  -0.838489 0.543478 0.039609  0.151966 0.187615 0
Material_0
0  -0.000884 -0.126691 -0.017983  -0.838489 0.543478 0.039609  0.151966 0.187615 0
0  0.000579 -0.126691 -0.017983  0.838491 0.543478 0.039563  0.151966 0.187615 0
0  -0.000884 -0.125639 -0.019809  -0.904505 0.110932 0.411783  0.151278 0.187860 0
Material_0
0  0.000579 -0.126691 -0.017983  0.838491 0.543478 0.039563  0.151966 0.187615 0
0  0.000579 -0.125639 -0.019809  0.904479 0.111015 0.411818  0.151278 0.187860 0
0  -0.000884 -0.125639 -0.019809  -0.904505 0.110932 0.411783  0.151278 0.187860 0
Material_0
0  0.000579 -0.122329 -0.010385  0.620337 0.782025 -0.060160  0.154889 0.188594 0
0  0.000579 -0.123683 -0.007144  0.583627 0.352713 0.731418  0.156179 0.188349 0
0  0.000579 -0.126853 -0.008033  0.629402 -0.483409 0.608415  0.155835 0.187615 0
Material_0
0  0.000579 -0.123683 -0.007144  0.583627 0.352713 0.731418  0.156179 0.188349 0
0  -0.000884 -0.123683 -0.007144  -0.583719 0.352934 0.731239  0.156179 0.188349 0
0  0.000579 -0.126853 -0.008033  0.629402 -0.483409 0.608415  0.155835 0.187615 0
Material_0
0  0.000579 -0.126853 -0.008033  0.629402 -0.483409 0.608415  0.155835 0.187615 0
0  -0.000884 -0.123683 -0.007144  -0.583719 0.352934 0.731239  0.156179 0.188349 0
0  -0.000884 -0.126853 -0.008033  -0.629401 -0.483399 0.608424  0.155835 0.187615 0
Material_0
0  -0.000884 -0.123683 -0.007144  -0.583719 0.352934 0.731239  0.156179 0.188349 0
0  -0.000884 -0.122329 -0.010385  -0.620337 0.782026 -0.060154  0.154889 0.188594 0
0  -0.000884 -0.126853 -0.008033  -0.629401 -0.483399 0.608424  0.155835 0.187615 0
Material_0
0  -0.000884 -0.126853 -0.008033  -0.629401 -0.483399 0.608424  0.155835 0.187615 0
0  -0.000884 -0.122329 -0.010385  -0.620337 0.782026 -0.060154  0.154889 0.188594 0
0  -0.000884 -0.129566 -0.012984  -0.959120 -0.002204 0.282993  0.153944 0.186963 0
Material_0
0  -0.000884 -0.122329 -0.010385  -0.620337 0.782026 -0.060154  0.154889 0.188594 0
0  -0.000884 -0.126691 -0.017983  -0.838489 0.543478 0.039609  0.151966 0.187615 0
0  -0.000884 -0.129566 -0.012984  -0.959120 -0.002204 0.282993  0.153944 0.186963 0
Material_0
0  -0.000884 -0.129566 -0.012984  -0.959120 -0.002204 0.282993  0.153944 0.186963 0
0  -0.000884 -0.126691 -0.017983  -0.838489 0.543478 0.039609  0.151966 0.187615 0
0  -0.000884 -0.131457 -0.020736  -0.839142 -0.273916 -0.469905  0.150934 0.186556 0
Material_0
0  -0.000884 -0.126691 -0.017983  -0.838489 0.543478 0.039609  0.151966 0.187615 0
0  -0.000884 -0.125639 -0.019809  -0.904505 0.110932 0.411783  0.151278 0.187860 0
0  -0.000884 -0.131457 -0.020736  -0.839142 -0.273916 -0.469905  0.150934 0.186556 0
Material_0
0  -0.000884 -0.131457 -0.020736  -0.839142 -0.273916 -0.469905  0.150934 0.186556 0
0  -0.000884 -0.125639 -0.019809  -0.904505 0.110932 0.411783  0.151278 0.187860 0
0  -0.000884 -0.130405 -0.022562  -0.903119 -0.413242 0.116649  0.150247 0.186800 0
Material_0
0  -0.000884 -0.125639 -0.019809  -0.904505 0.110932 0.411783  0.151278 0.187860 0
0  -0.000884 -0.130405 -0.042548  -0.903117 -0.413243 -0.116661  0.142423 0.186800 0
0  -0.000884 -0.130405 -0.022562  -0.903119 -0.413242 0.116649  0.150247 0.186800 0
Material_0
0  -0.000884 -0.130405 -0.042548  -0.903117 -0.413243 -0.116661  0.142423 0.186800 0
0  -0.000884 -0.134582 -0.029807  -0.903735 -0.303100 0.302312  0.147409 0.185822 0
0  -0.000884 -0.130405 -0.022562  -0.903119 -0.413242 0.116649  0.150247 0.186800 0
Material_0
0  -0.000884 -0.130405 -0.022562  -0.903119 -0.413242 0.116649  0.150247 0.186800 0
0  -0.000884 -0.134582 -0.029807  -0.903735 -0.303100 0.302312  0.147409 0.185822 0
0  -0.000884 -0.134582 -0.024970  -0.610504 -0.687527 0.393181  0.149301 0.185822 0
Material_0
0  -0.000884 -0.134582 -0.029807  -0.903735 -0.303100 0.302312  0.147409 0.185822 0
0  0.000579 -0.134582 -0.029807  0.903760 -0.303050 0.302287  0.147409 0.185822 0
0  -0.000884 -0.134582 -0.024970  -0.610504 -0.687527 0.393181  0.149301 0.185822 0
Material_0
0  -0.000884 -0.134582 -0.024970  -0.610504 -0.687527 0.393181  0.149301 0.185822 0
0  0.000579 -0.134582 -0.029807  0.903760 -0.303050 0.302287  0.147409 0.185822 0
0  0.000579 -0.134582 -0.024970  0.610517 -0.687561 0.393102  0.149301 0.185822 0
Material_0
0  0.000579 -0.134582 -0.029807  0.903760 -0.303050 0.302287  0.147409 0.185822 0
0  0.000579 -0.130405 -0.022562  0.903128 -0.413233 0.116610  0.150247 0.186800 0
0  0.000579 -0.134582 -0.024970  0.610517 -0.687561 0.393102  0.149301 0.185822 0
Material_0
0  0.000579 -0.134582 -0.024970  0.610517 -0.687561 0.393102  0.149301 0.185822 0
0  0.000579 -0.130405 -0.022562  0.903128 -0.413233 0.116610  0.150247 0.186800 0
0  -0.000884 -0.130405 -0.022562  -0.903119 -0.413242 0.116649  0.150247 0.186800 0
Material_0
0  -0.000884 -0.130405 -0.022562  -0.903119 -0.413242 0.116649  0.150247 0.186800 0
0  0.000579 -0.130405 -0.022562  0.903128 -0.413233 0.116610  0.150247 0.186800 0
0  -0.000884 -0.131457 -0.020736  -0.839142 -0.273916 -0.469905  0.150934 0.186556 0
Material_0
0  -0.000884 -0.131457 -0.020736  -0.839142 -0.273916 -0.469905  0.150934 0.186556 0
0  0.000579 -0.130405 -0.022562  0.903128 -0.413233 0.116610  0.150247 0.186800 0
0  0.000579 -0.131457 -0.020736  0.839074 -0.273888 -0.470042  0.150934 0.186556 0
Material_0
0  0.000579 -0.130405 -0.022562  0.903128 -0.413233 0.116610  0.150247 0.186800 0
0  0.000579 -0.125639 -0.019809  0.904479 0.111015 0.411818  0.151278 0.187860 0
0  0.000579 -0.131457 -0.020736  0.839074 -0.273888 -0.470042  0.150934 0.186556 0
Material_0
0  0.000579 -0.125639 -0.019809  0.904479 0.111015 0.411818  0.151278 0.187860 0
0  0.000579 -0.126691 -0.017983  0.838491 0.543478 0.039563  0.151966 0.187615 0
0  0.000579 -0.131457 -0.020736  0.839074 -0.273888 -0.470042  0.150934 0.186556 0
Material_0
0  0.000579 -0.131457 -0.020736  0.839074 -0.273888 -0.470042  0.150934 0.186556 0
0  0.000579 -0.126691 -0.017983  0.838491 0.543478 0.039563  0.151966 0.187615 0
0  0.000579 -0.129566 -0.012984  0.959144 -0.002230 0.282909  0.153944 0.186963 0
Material_0
0  0.000579 -0.126691 -0.017983  0.838491 0.543478 0.039563  0.151966 0.187615 0
0  0.000579 -0.122329 -0.010385  0.620337 0.782025 -0.060160  0.154889 0.188594 0
0  0.000579 -0.129566 -0.012984  0.959144 -0.002230 0.282909  0.153944 0.186963 0
Material_0
0  0.000579 -0.122329 -0.010385  0.620337 0.782025 -0.060160  0.154889 0.188594 0
0  0.000579 -0.126853 -0.008033  0.629402 -0.483409 0.608415  0.155835 0.187615 0
0  0.000579 -0.129566 -0.012984  0.959144 -0.002230 0.282909  0.153944 0.186963 0
Material_0
0  0.000579 -0.126853 -0.008033  0.629402 -0.483409 0.608415  0.155835 0.187615 0
0  -0.000884 -0.126853 -0.008033  -0.629401 -0.483399 0.608424  0.155835 0.187615 0
0  0.000579 -0.129566 -0.012984  0.959144 -0.002230 0.282909  0.153944 0.186963 0
Material_0
0  -0.000884 -0.126853 -0.008033  -0.629401 -0.483399 0.608424  0.155835 0.187615 0
0  -0.000884 -0.129566 -0.012984  -0.959120 -0.002204 0.282993  0.153944 0.186963 0
0  0.000579 -0.129566 -0.012984  0.959144 -0.002230 0.282909  0.153944 0.186963 0
Material_0
0  0.000579 -0.129566 -0.012984  0.959144 -0.002230 0.282909  0.153944 0.186963 0
0  -0.000884 -0.129566 -0.012984  -0.959120 -0.002204 0.282993  0.153944 0.186963 0
0  0.000579 -0.133715 -0.005777  0.619135 0.433064 0.655078  0.156695 0.185985 0
Material_0
0  -0.000884 -0.129566 -0.012984  -0.959120 -0.002204 0.282993  0.153944 0.186963 0
0  -0.000884 -0.133715 -0.005777  -0.618974 0.432826 0.655387  0.156695 0.185985 0
0  0.000579 -0.133715 -0.005777  0.619135 0.433064 0.655078  0.156695 0.185985 0
Material_0
0  -0.000884 -0.123683 -0.007144  -0.583719 0.352934 0.731239  0.156179 0.188349 0
0  0.000579 -0.123683 -0.007144  0.583627 0.352713 0.731418  0.156179 0.188349 0
0  -0.000884 -0.122329 -0.010385  -0.620337 0.782026 -0.060154  0.154889 0.188594 0
Material_0
0  -0.000884 -0.125639 -0.045301  -0.902862 0.111182 -0.415305  0.141391 0.187860 0
0  -0.000884 -0.130405 -0.042548  -0.903117 -0.413243 -0.116661  0.142423 0.186800 0
0  -0.000884 -0.125639 -0.019809  -0.904505 0.110932 0.411783  0.151278 0.187860 0
Material_0
0  -0.000884 -0.134582 -0.024970  -0.610504 -0.687527 0.393181  0.149301 0.185822 0
0  0.000579 -0.134582 -0.024970  0.610517 -0.687561 0.393102  0.149301 0.185822 0
0  -0.000884 -0.130405 -0.022562  -0.903119 -0.413242 0.116649  0.150247 0.186800 0
Material_0
0  0.000579 -0.125639 -0.019809  0.904479 0.111015 0.411818  0.151278 0.187860 0
0  0.000579 -0.130405 -0.022562  0.903128 -0.413233 0.116610  0.150247 0.186800 0
0  0.000579 -0.130405 -0.042548  0.903123 -0.413237 -0.116634  0.142423 0.186800 0
Material_0
0  0.000579 -0.130405 -0.042548  0.903123 -0.413237 -0.116634  0.142423 0.186800 0
0  0.000579 -0.130405 -0.022562  0.903128 -0.413233 0.116610  0.150247 0.186800 0
0  0.000579 -0.134582 -0.029807  0.903760 -0.303050 0.302287  0.147409 0.185822 0
Material_0
0  0.000579 -0.125639 -0.045301  0.902866 0.111180 -0.415297  0.141391 0.187860 0
0  0.000579 -0.125639 -0.019809  0.904479 0.111015 0.411818  0.151278 0.187860 0
0  0.000579 -0.130405 -0.042548  0.903123 -0.413237 -0.116634  0.142423 0.186800 0
Material_0
0  0.000579 -0.129566 -0.012984  0.959144 -0.002230 0.282909  0.153944 0.186963 0
0  0.000579 -0.133715 -0.005777  0.619135 0.433064 0.655078  0.156695 0.185985 0
0  0.000579 -0.138510 -0.008549  0.619175 -0.784741 -0.028360  0.155663 0.184926 0
Material_0
0  0.000579 -0.133715 -0.005777  0.619135 0.433064 0.655078  0.156695 0.185985 0
0  0.000579 -0.137142 -0.005376  0.590691 -0.401272 0.700046  0.156867 0.185170 0
0  0.000579 -0.138510 -0.008549  0.619175 -0.784741 -0.028360  0.155663 0.184926 0
Material_0
0  0.000579 -0.138510 -0.008549  0.619175 -0.784741 -0.028360  0.155663 0.184926 0
0  0.000579 -0.137142 -0.005376  0.590691 -0.401272 0.700046  0.156867 0.185170 0
0  -0.000884 -0.137142 -0.005376  -0.590681 -0.401270 0.700056  0.156867 0.185170 0
Material_0
0  0.000579 -0.137142 -0.005376  0.590691 -0.401272 0.700046  0.156867 0.185170 0
0  -0.000884 -0.133715 -0.005777  -0.618974 0.432826 0.655387  0.156695 0.185985 0
0  -0.000884 -0.137142 -0.005376  -0.590681 -0.401270 0.700056  0.156867 0.185170 0
Material_0
0  -0.000884 -0.137142 -0.005376  -0.590681 -0.401270 0.700056  0.156867 0.185170 0
0  -0.000884 -0.133715 -0.005777  -0.618974 0.432826 0.655387  0.156695 0.185985 0
0  -0.000884 -0.138510 -0.008549  -0.619175 -0.784742 -0.028333  0.155663 0.184926 0
Material_0
0  -0.000884 -0.133715 -0.005777  -0.618974 0.432826 0.655387  0.156695 0.185985 0
0  -0.000884 -0.129566 -0.012984  -0.959120 -0.002204 0.282993  0.153944 0.186963 0
0  -0.000884 -0.138510 -0.008549  -0.619175 -0.784742 -0.028333  0.155663 0.184926 0
Material_0
0  0.000579 -0.133715 -0.005777  0.619135 0.433064 0.655078  0.156695 0.185985 0
0  -0.000884 -0.133715 -0.005777  -0.618974 0.432826 0.655387  0.156695 0.185985 0
0  0.000579 -0.137142 -0.005376  0.590691 -0.401272 0.700046  0.156867 0.185170 0
Material_0
0  -0.000884 -0.137142 -0.005376  -0.590681 -0.401270 0.700056  0.156867 0.185170 0
0  -0.000884 -0.138510 -0.008549  -0.619175 -0.784742 -0.028333  0.155663 0.184926 0
0  0.000579 -0.138510 -0.008549  0.619175 -0.784741 -0.028360  0.155663 0.184926 0
Material_0
0  -0.000884 -0.138510 -0.008549  -0.619175 -0.784742 -0.028333  0.155663 0.184926 0
0  0.000579 -0.134340 -0.015747  0.959024 -0.240131 0.150364  0.152826 0.185822 0
0  0.000579 -0.138510 -0.008549  0.619175 -0.784741 -0.028360  0.155663 0.184926 0
Material_0
0  0.000579 -0.138510 -0.008549  0.619175 -0.784741 -0.028360  0.155663 0.184926 0
0  0.000579 -0.134340 -0.015747  0.959024 -0.240131 0.150364  0.152826 0.185822 0
0  0.000579 -0.129566 -0.012984  0.959144 -0.002230 0.282909  0.153944 0.186963 0
Material_0
0  0.000579 -0.129566 -0.012984  0.959144 -0.002230 0.282909  0.153944 0.186963 0
0  0.000579 -0.134340 -0.015747  0.959024 -0.240131 0.150364  0.152826 0.185822 0
0  0.000579 -0.131457 -0.020736  0.839074 -0.273888 -0.470042  0.150934 0.186556 0
Material_0
0  0.000579 -0.134340 -0.015747  0.959024 -0.240131 0.150364  0.152826 0.185822 0
0  0.000579 -0.140223 -0.020707  0.621437 -0.348669 -0.701602  0.150934 0.184518 0
0  0.000579 -0.131457 -0.020736  0.839074 -0.273888 -0.470042  0.150934 0.186556 0
Material_0
0  0.000579 -0.140223 -0.020707  0.621437 -0.348669 -0.701602  0.150934 0.184518 0
0  -0.000884 -0.140223 -0.020707  -0.621463 -0.348655 -0.701586  0.150934 0.184518 0
0  0.000579 -0.131457 -0.020736  0.839074 -0.273888 -0.470042  0.150934 0.186556 0
Material_0
0  0.000579 -0.131457 -0.020736  0.839074 -0.273888 -0.470042  0.150934 0.186556 0
0  -0.000884 -0.140223 -0.020707  -0.621463 -0.348655 -0.701586  0.150934 0.184518 0
0  -0.000884 -0.131457 -0.020736  -0.839142 -0.273916 -0.469905  0.150934 0.186556 0
Material_0
0  -0.000884 -0.140223 -0.020707  -0.621463 -0.348655 -0.701586  0.150934 0.184518 0
0  -0.000884 -0.134340 -0.015747  -0.959026 -0.240135 0.150348  0.152826 0.185822 0
0  -0.000884 -0.131457 -0.020736  -0.839142 -0.273916 -0.469905  0.150934 0.186556 0
Material_0
0  -0.000884 -0.131457 -0.020736  -0.839142 -0.273916 -0.469905  0.150934 0.186556 0
0  -0.000884 -0.134340 -0.015747  -0.959026 -0.240135 0.150348  0.152826 0.185822 0
0  -0.000884 -0.129566 -0.012984  -0.959120 -0.002204 0.282993  0.153944 0.186963 0
Material_0
0  -0.000884 -0.129566 -0.012984  -0.959120 -0.002204 0.282993  0.153944 0.186963 0
0  -0.000884 -0.134340 -0.015747  -0.959026 -0.240135 0.150348  0.152826 0.185822 0
0  -0.000884 -0.138510 -0.008549  -0.619175 -0.784742 -0.028333  0.155663 0.184926 0
Material_0
0  -0.000884 -0.138510 -0.008549  -0.619175 -0.784742 -0.028333  0.155663 0.184926 0
0  -0.000884 -0.134340 -0.015747  -0.959026 -0.240135 0.150348  0.152826 0.185822 0
0  0.000579 -0.134340 -0.015747  0.959024 -0.240131 0.150364  0.152826 0.185822 0
Material_0
0  -0.000884 -0.134340 -0.015747  -0.959026 -0.240135 0.150348  0.152826 0.185822 0
0  0.000579 -0.139988 -0.015622  0.627065 -0.286457 0.724384  0.152912 0.184518 0
0  0.000579 -0.134340 -0.015747  0.959024 -0.240131 0.150364  0.152826 0.185822 0
Material_0
0  0.000579 -0.134340 -0.015747  0.959024 -0.240131 0.150364  0.152826 0.185822 0
0  0.000579 -0.139988 -0.015622  0.627065 -0.286457 0.724384  0.152912 0.184518 0
0  0.000579 -0.140223 -0.020707  0.621437 -0.348669 -0.701602  0.150934 0.184518 0
Material_0
0  0.000579 -0.139988 -0.015622  0.627065 -0.286457 0.724384  0.152912 0.184518 0
0  0.000579 -0.142349 -0.017916  0.582889 -0.811067 0.049095  0.151966 0.184029 0
0  0.000579 -0.140223 -0.020707  0.621437 -0.348669 -0.701602  0.150934 0.184518 0
Material_0
0  0.000579 -0.140223 -0.020707  0.621437 -0.348669 -0.701602  0.150934 0.184518 0
0  0.000579 -0.142349 -0.017916  0.582889 -0.811067 0.049095  0.151966 0.184029 0
0  -0.000884 -0.142349 -0.017916  -0.582888 -0.811069 0.049074  0.151966 0.184029 0
Material_0
0  0.000579 -0.142349 -0.017916  0.582889 -0.811067 0.049095  0.151966 0.184029 0
0  -0.000884 -0.139988 -0.015622  -0.627046 -0.286473 0.724394  0.152912 0.184518 0
0  -0.000884 -0.142349 -0.017916  -0.582888 -0.811069 0.049074  0.151966 0.184029 0
Material_0
0  -0.000884 -0.142349 -0.017916  -0.582888 -0.811069 0.049074  0.151966 0.184029 0
0  -0.000884 -0.139988 -0.015622  -0.627046 -0.286473 0.724394  0.152912 0.184518 0
0  -0.000884 -0.140223 -0.020707  -0.621463 -0.348655 -0.701586  0.150934 0.184518 0
Material_0
0  -0.000884 -0.140223 -0.020707  -0.621463 -0.348655 -0.701586  0.150934 0.184518 0
0  -0.000884 -0.139988 -0.015622  -0.627046 -0.286473 0.724394  0.152912 0.184518 0
0  -0.000884 -0.134340 -0.015747  -0.959026 -0.240135 0.150348  0.152826 0.185822 0
Material_0
0  -0.000884 -0.134340 -0.015747  -0.959026 -0.240135 0.150348  0.152826 0.185822 0
0  -0.000884 -0.139988 -0.015622  -0.627046 -0.286473 0.724394  0.152912 0.184518 0
0  0.000579 -0.139988 -0.015622  0.627065 -0.286457 0.724384  0.152912 0.184518 0
Material_0
0  -0.000884 -0.139988 -0.015622  -0.627046 -0.286473 0.724394  0.152912 0.184518 0
0  0.000579 -0.142349 -0.017916  0.582889 -0.811067 0.049095  0.151966 0.184029 0
0  0.000579 -0.139988 -0.015622  0.627065 -0.286457 0.724384  0.152912 0.184518 0
Material_0
0  -0.000884 -0.140223 -0.020707  -0.621463 -0.348655 -0.701586  0.150934 0.184518 0
0  0.000579 -0.140223 -0.020707  0.621437 -0.348669 -0.701602  0.150934 0.184518 0
0  -0.000884 -0.142349 -0.017916  -0.582888 -0.811069 0.049074  0.151966 0.184029 0
Material_0
0  -0.000884 -0.112503 -0.022562  -0.903119 0.413240 0.116653  0.150247 0.190876 0
0  -0.000884 -0.112503 -0.042548  -0.903117 0.413241 -0.116665  0.142423 0.190876 0
0  -0.000884 -0.117269 -0.045301  -0.902885 -0.111172 -0.415258  0.141391 0.189816 0
Material_0
0  -0.000884 -0.117269 -0.045301  -0.902885 -0.111172 -0.415258  0.141391 0.189816 0
0  -0.000884 -0.112503 -0.042548  -0.903117 0.413241 -0.116665  0.142423 0.190876 0
0  -0.000884 -0.111452 -0.044373  -0.836649 0.273910 0.474332  0.141735 0.191120 0
Material_0
0  -0.000884 -0.112503 -0.042548  -0.903117 0.413241 -0.116665  0.142423 0.190876 0
0  0.000579 -0.112503 -0.042548  0.903118 0.413241 -0.116662  0.142423 0.190876 0
0  -0.000884 -0.111452 -0.044373  -0.836649 0.273910 0.474332  0.141735 0.191120 0
Material_0
0  -0.000884 -0.111452 -0.044373  -0.836649 0.273910 0.474332  0.141735 0.191120 0
0  0.000579 -0.112503 -0.042548  0.903118 0.413241 -0.116662  0.142423 0.190876 0
0  0.000579 -0.111452 -0.044373  0.836725 0.273897 0.474207  0.141735 0.191120 0
Material_0
0  0.000579 -0.112503 -0.042548  0.903118 0.413241 -0.116662  0.142423 0.190876 0
0  0.000579 -0.117269 -0.045301  0.902834 -0.111194 -0.415364  0.141391 0.189816 0
0  0.000579 -0.111452 -0.044373  0.836725 0.273897 0.474207  0.141735 0.191120 0
Material_0
0  -0.000884 -0.100559 -0.047193  -0.582576 0.811071 -0.052629  0.140617 0.193647 0
0  -0.000884 -0.102685 -0.044402  -0.621464 0.348655 0.701586  0.141735 0.193158 0
0  0.000579 -0.102685 -0.044402  0.621335 0.348721 0.701666  0.141735 0.193158 0
Material_0
0  0.000579 -0.102685 -0.044402  0.621335 0.348721 0.701666  0.141735 0.193158 0
0  -0.000884 -0.102685 -0.044402  -0.621464 0.348655 0.701586  0.141735 0.193158 0
0  0.000579 -0.111452 -0.044373  0.836725 0.273897 0.474207  0.141735 0.191120 0
Material_0
0  -0.000884 -0.102685 -0.044402  -0.621464 0.348655 0.701586  0.141735 0.193158 0
0  -0.000884 -0.111452 -0.044373  -0.836649 0.273910 0.474332  0.141735 0.191120 0
0  0.000579 -0.111452 -0.044373  0.836725 0.273897 0.474207  0.141735 0.191120 0
Material_0
0  -0.000884 -0.102685 -0.044402  -0.621464 0.348655 0.701586  0.141735 0.193158 0
0  -0.000884 -0.100559 -0.047193  -0.582576 0.811071 -0.052629  0.140617 0.193647 0
0  -0.000884 -0.102920 -0.049487  -0.629218 0.286517 -0.722490  0.139757 0.193076 0
Material_0
0  -0.000884 -0.100559 -0.047193  -0.582576 0.811071 -0.052629  0.140617 0.193647 0
0  0.000579 -0.100559 -0.047193  0.582580 0.811066 -0.052654  0.140617 0.193647 0
0  -0.000884 -0.102920 -0.049487  -0.629218 0.286517 -0.722490  0.139757 0.193076 0
Material_0
0  -0.000884 -0.102920 -0.049487  -0.629218 0.286517 -0.722490  0.139757 0.193076 0
0  0.000579 -0.100559 -0.047193  0.582580 0.811066 -0.052654  0.140617 0.193647 0
0  0.000579 -0.102920 -0.049487  0.629241 0.286388 -0.722521  0.139757 0.193076 0
Material_0
0  0.000579 -0.100559 -0.047193  0.582580 0.811066 -0.052654  0.140617 0.193647 0
0  0.000579 -0.102685 -0.044402  0.621335 0.348721 0.701666  0.141735 0.193158 0
0  0.000579 -0.102920 -0.049487  0.629241 0.286388 -0.722521  0.139757 0.193076 0
Material_0
0  0.000579 -0.102920 -0.049487  0.629241 0.286388 -0.722521  0.139757 0.193076 0
0  0.000579 -0.102685 -0.044402  0.621335 0.348721 0.701666  0.141735 0.193158 0
0  0.000579 -0.108561 -0.049363  0.959022 0.240129 -0.150382  0.139843 0.191772 0
Material_0
0  0.000579 -0.102685 -0.044402  0.621335 0.348721 0.701666  0.141735 0.193158 0
0  0.000579 -0.111452 -0.044373  0.836725 0.273897 0.474207  0.141735 0.191120 0
0  0.000579 -0.108561 -0.049363  0.959022 0.240129 -0.150382  0.139843 0.191772 0
Material_0
0  0.000579 -0.100559 -0.047193  0.582580 0.811066 -0.052654  0.140617 0.193647 0
0  -0.000884 -0.100559 -0.047193  -0.582576 0.811071 -0.052629  0.140617 0.193647 0
0  0.000579 -0.102685 -0.044402  0.621335 0.348721 0.701666  0.141735 0.193158 0
Material_0
0  0.000579 -0.108561 -0.049363  0.959022 0.240129 -0.150382  0.139843 0.191772 0
0  -0.000884 -0.108561 -0.049363  -0.959024 0.240132 -0.150365  0.139843 0.191772 0
0  0.000579 -0.102920 -0.049487  0.629241 0.286388 -0.722521  0.139757 0.193076 0
Material_0
0  0.000579 -0.102920 -0.049487  0.629241 0.286388 -0.722521  0.139757 0.193076 0
0  -0.000884 -0.108561 -0.049363  -0.959024 0.240132 -0.150365  0.139843 0.191772 0
0  -0.000884 -0.102920 -0.049487  -0.629218 0.286517 -0.722490  0.139757 0.193076 0
Material_0
0  -0.000884 -0.102920 -0.049487  -0.629218 0.286517 -0.722490  0.139757 0.193076 0
0  -0.000884 -0.108561 -0.049363  -0.959024 0.240132 -0.150365  0.139843 0.191772 0
0  -0.000884 -0.102685 -0.044402  -0.621464 0.348655 0.701586  0.141735 0.193158 0
Material_0
0  -0.000884 -0.102685 -0.044402  -0.621464 0.348655 0.701586  0.141735 0.193158 0
0  -0.000884 -0.108561 -0.049363  -0.959024 0.240132 -0.150365  0.139843 0.191772 0
0  -0.000884 -0.111452 -0.044373  -0.836649 0.273910 0.474332  0.141735 0.191120 0
Material_0
0  -0.000884 -0.108561 -0.049363  -0.959024 0.240132 -0.150365  0.139843 0.191772 0
0  -0.000884 -0.113342 -0.052125  -0.959120 0.002203 -0.282991  0.138726 0.190713 0
0  -0.000884 -0.111452 -0.044373  -0.836649 0.273910 0.474332  0.141735 0.191120 0
Material_0
0  -0.000884 -0.113342 -0.052125  -0.959120 0.002203 -0.282991  0.138726 0.190713 0
0  -0.000884 -0.116218 -0.047126  -0.838395 -0.543479 -0.041536  0.140703 0.190061 0
0  -0.000884 -0.111452 -0.044373  -0.836649 0.273910 0.474332  0.141735 0.191120 0
Material_0
0  -0.000884 -0.111452 -0.044373  -0.836649 0.273910 0.474332  0.141735 0.191120 0
0  -0.000884 -0.116218 -0.047126  -0.838395 -0.543479 -0.041536  0.140703 0.190061 0
0  -0.000884 -0.117269 -0.045301  -0.902885 -0.111172 -0.415258  0.141391 0.189816 0
Material_0
0  -0.000884 -0.116218 -0.047126  -0.838395 -0.543479 -0.041536  0.140703 0.190061 0
0  0.000579 -0.116218 -0.047126  0.838394 -0.543483 -0.041506  0.140703 0.190061 0
0  -0.000884 -0.117269 -0.045301  -0.902885 -0.111172 -0.415258  0.141391 0.189816 0
Material_0
0  -0.000884 -0.117269 -0.045301  -0.902885 -0.111172 -0.415258  0.141391 0.189816 0
0  0.000579 -0.116218 -0.047126  0.838394 -0.543483 -0.041506  0.140703 0.190061 0
0  0.000579 -0.117269 -0.045301  0.902834 -0.111194 -0.415364  0.141391 0.189816 0
Material_0
0  0.000579 -0.116218 -0.047126  0.838394 -0.543483 -0.041506  0.140703 0.190061 0
0  0.000579 -0.111452 -0.044373  0.836725 0.273897 0.474207  0.141735 0.191120 0
0  0.000579 -0.117269 -0.045301  0.902834 -0.111194 -0.415364  0.141391 0.189816 0
Material_0
0  0.000579 -0.117269 -0.045301  0.902834 -0.111194 -0.415364  0.141391 0.189816 0
0  -0.000884 -0.121454 -0.047719  -0.610759 0.002196 -0.791813  0.140445 0.188838 0
0  -0.000884 -0.117269 -0.045301  -0.902885 -0.111172 -0.415258  0.141391 0.189816 0
Material_0
0  -0.000884 -0.121454 -0.047719  -0.610759 0.002196 -0.791813  0.140445 0.188838 0
0  -0.000884 -0.117269 -0.019809  -0.904591 -0.110684 0.411660  0.151278 0.189816 0
0  -0.000884 -0.117269 -0.045301  -0.902885 -0.111172 -0.415258  0.141391 0.189816 0
Material_0
0  -0.000884 -0.117269 -0.045301  -0.902885 -0.111172 -0.415258  0.141391 0.189816 0
0  -0.000884 -0.117269 -0.019809  -0.904591 -0.110684 0.411660  0.151278 0.189816 0
0  -0.000884 -0.112503 -0.022562  -0.903119 0.413240 0.116653  0.150247 0.190876 0
Material_0
0  -0.000884 -0.117269 -0.019809  -0.904591 -0.110684 0.411660  0.151278 0.189816 0
0  -0.000884 -0.111452 -0.020736  -0.838317 0.273586 -0.471567  0.150934 0.191120 0
0  -0.000884 -0.112503 -0.022562  -0.903119 0.413240 0.116653  0.150247 0.190876 0
Material_0
0  -0.000884 -0.112503 -0.022562  -0.903119 0.413240 0.116653  0.150247 0.190876 0
0  -0.000884 -0.111452 -0.020736  -0.838317 0.273586 -0.471567  0.150934 0.191120 0
0  0.000579 -0.111452 -0.020736  0.838462 0.273840 -0.471162  0.150934 0.191120 0
Material_0
0  -0.000884 -0.111452 -0.020736  -0.838317 0.273586 -0.471567  0.150934 0.191120 0
0  -0.000884 -0.117269 -0.019809  -0.904591 -0.110684 0.411660  0.151278 0.189816 0
0  -0.000884 -0.116218 -0.017983  -0.838396 -0.543477 0.041531  0.151966 0.190061 0
Material_0
0  -0.000884 -0.117269 -0.019809  -0.904591 -0.110684 0.411660  0.151278 0.189816 0
0  0.000579 -0.117269 -0.019809  0.904585 -0.110689 0.411673  0.151278 0.189816 0
0  -0.000884 -0.116218 -0.017983  -0.838396 -0.543477 0.041531  0.151966 0.190061 0
Material_0
0  -0.000884 -0.116218 -0.017983  -0.838396 -0.543477 0.041531  0.151966 0.190061 0
0  0.000579 -0.117269 -0.019809  0.904585 -0.110689 0.411673  0.151278 0.189816 0
0  0.000579 -0.116218 -0.017983  0.838398 -0.543476 0.041514  0.151966 0.190061 0
Material_0
0  0.000579 -0.117269 -0.019809  0.904585 -0.110689 0.411673  0.151278 0.189816 0
0  0.000579 -0.111452 -0.020736  0.838462 0.273840 -0.471162  0.150934 0.191120 0
0  0.000579 -0.116218 -0.017983  0.838398 -0.543476 0.041514  0.151966 0.190061 0
Material_0
0  -0.000884 -0.116218 -0.017983  -0.838396 -0.543477 0.041531  0.151966 0.190061 0
0  0.000579 -0.116218 -0.017983  0.838398 -0.543476 0.041514  0.151966 0.190061 0
0  -0.000884 -0.120579 -0.010385  -0.619937 -0.782027 -0.064120  0.154889 0.189001 0
Material_0
0  0.000579 -0.116218 -0.017983  0.838398 -0.543476 0.041514  0.151966 0.190061 0
0  0.000579 -0.120579 -0.010385  0.619937 -0.782025 -0.064153  0.154889 0.189001 0
0  -0.000884 -0.120579 -0.010385  -0.619937 -0.782027 -0.064120  0.154889 0.189001 0
Material_0
0  -0.000884 -0.120579 -0.010385  -0.619937 -0.782027 -0.064120  0.154889 0.189001 0
0  0.000579 -0.120579 -0.010385  0.619937 -0.782025 -0.064153  0.154889 0.189001 0
0  -0.000884 -0.119226 -0.007144  -0.581328 -0.352726 0.733241  0.156179 0.189327 0
Material_0
0  0.000579 -0.120579 -0.010385  0.619937 -0.782025 -0.064153  0.154889 0.189001 0
0  0.000579 -0.119226 -0.007144  0.581289 -0.352712 0.733279  0.156179 0.189327 0
0  -0.000884 -0.119226 -0.007144  -0.581328 -0.352726 0.733241  0.156179 0.189327 0
Material_0
0  -0.000884 -0.119226 -0.007144  -0.581328 -0.352726 0.733241  0.156179 0.189327 0
0  0.000579 -0.119226 -0.007144  0.581289 -0.352712 0.733279  0.156179 0.189327 0
0  -0.000884 -0.116056 -0.008033  -0.626237 0.483514 0.611589  0.155835 0.190061 0
Material_0
0  0.000579 -0.119226 -0.007144  0.581289 -0.352712 0.733279  0.156179 0.189327 0
0  0.000579 -0.116056 -0.008033  0.626261 0.483512 0.611566  0.155835 0.190061 0
0  -0.000884 -0.116056 -0.008033  -0.626237 0.483514 0.611589  0.155835 0.190061 0
Material_0
0  -0.000884 -0.116056 -0.008033  -0.626237 0.483514 0.611589  0.155835 0.190061 0
0  0.000579 -0.116056 -0.008033  0.626261 0.483512 0.611566  0.155835 0.190061 0
0  -0.000884 -0.113342 -0.012984  -0.959122 0.002205 0.282984  0.153944 0.190713 0
Material_0
0  -0.000884 -0.113342 -0.012984  -0.959122 0.002205 0.282984  0.153944 0.190713 0
0  0.000579 -0.116056 -0.008033  0.626261 0.483512 0.611566  0.155835 0.190061 0
0  0.000579 -0.113342 -0.012984  0.959126 0.002211 0.282969  0.153944 0.190713 0
Material_0
0  0.000579 -0.116056 -0.008033  0.626261 0.483512 0.611566  0.155835 0.190061 0
0  0.000579 -0.120579 -0.010385  0.619937 -0.782025 -0.064153  0.154889 0.189001 0
0  0.000579 -0.113342 -0.012984  0.959126 0.002211 0.282969  0.153944 0.190713 0
Material_0
0  0.000579 -0.113342 -0.012984  0.959126 0.002211 0.282969  0.153944 0.190713 0
0  0.000579 -0.120579 -0.010385  0.619937 -0.782025 -0.064153  0.154889 0.189001 0
0  0.000579 -0.116218 -0.017983  0.838398 -0.543476 0.041514  0.151966 0.190061 0
Material_0
0  -0.000884 -0.119226 -0.007144  -0.581328 -0.352726 0.733241  0.156179 0.189327 0
0  -0.000884 -0.116056 -0.008033  -0.626237 0.483514 0.611589  0.155835 0.190061 0
0  -0.000884 -0.120579 -0.010385  -0.619937 -0.782027 -0.064120  0.154889 0.189001 0
Material_0
0  -0.000884 -0.116056 -0.008033  -0.626237 0.483514 0.611589  0.155835 0.190061 0
0  -0.000884 -0.113342 -0.012984  -0.959122 0.002205 0.282984  0.153944 0.190713 0
0  -0.000884 -0.120579 -0.010385  -0.619937 -0.782027 -0.064120  0.154889 0.189001 0
Material_0
0  -0.000884 -0.120579 -0.010385  -0.619937 -0.782027 -0.064120  0.154889 0.189001 0
0  -0.000884 -0.113342 -0.012984  -0.959122 0.002205 0.282984  0.153944 0.190713 0
0  -0.000884 -0.116218 -0.017983  -0.838396 -0.543477 0.041531  0.151966 0.190061 0
Material_0
0  -0.000884 -0.113342 -0.012984  -0.959122 0.002205 0.282984  0.153944 0.190713 0
0  -0.000884 -0.108561 -0.015747  -0.959024 0.240132 0.150365  0.152826 0.191772 0
0  -0.000884 -0.116218 -0.017983  -0.838396 -0.543477 0.041531  0.151966 0.190061 0
Material_0
0  -0.000884 -0.116218 -0.017983  -0.838396 -0.543477 0.041531  0.151966 0.190061 0
0  -0.000884 -0.108561 -0.015747  -0.959024 0.240132 0.150365  0.152826 0.191772 0
0  -0.000884 -0.111452 -0.020736  -0.838317 0.273586 -0.471567  0.150934 0.191120 0
Material_0
0  0.000579 -0.120579 -0.010385  0.619937 -0.782025 -0.064153  0.154889 0.189001 0
0  0.000579 -0.116056 -0.008033  0.626261 0.483512 0.611566  0.155835 0.190061 0
0  0.000579 -0.119226 -0.007144  0.581289 -0.352712 0.733279  0.156179 0.189327 0
Material_0
0  -0.000884 -0.108561 -0.015747  -0.959024 0.240132 0.150365  0.152826 0.191772 0
0  -0.000884 -0.113342 -0.012984  -0.959122 0.002205 0.282984  0.153944 0.190713 0
0  -0.000884 -0.109194 -0.005777  -0.617153 -0.432976 0.657004  0.156695 0.191691 0
Material_0
0  -0.000884 -0.113342 -0.012984  -0.959122 0.002205 0.282984  0.153944 0.190713 0
0  0.000579 -0.113342 -0.012984  0.959126 0.002211 0.282969  0.153944 0.190713 0
0  -0.000884 -0.109194 -0.005777  -0.617153 -0.432976 0.657004  0.156695 0.191691 0
Material_0
0  -0.000884 -0.109194 -0.005777  -0.617153 -0.432976 0.657004  0.156695 0.191691 0
0  0.000579 -0.113342 -0.012984  0.959126 0.002211 0.282969  0.153944 0.190713 0
0  0.000579 -0.109194 -0.005777  0.617041 -0.433037 0.657069  0.156695 0.191691 0
Material_0
0  0.000579 -0.109194 -0.005777  0.617041 -0.433037 0.657069  0.156695 0.191691 0
0  0.000579 -0.113342 -0.012984  0.959126 0.002211 0.282969  0.153944 0.190713 0
0  0.000579 -0.108561 -0.015747  0.959027 0.240139 0.150337  0.152826 0.191772 0
Material_0
0  0.000579 -0.113342 -0.012984  0.959126 0.002211 0.282969  0.153944 0.190713 0
0  0.000579 -0.116218 -0.017983  0.838398 -0.543476 0.041514  0.151966 0.190061 0
0  0.000579 -0.108561 -0.015747  0.959027 0.240139 0.150337  0.152826 0.191772 0
Material_0
0  0.000579 -0.116218 -0.017983  0.838398 -0.543476 0.041514  0.151966 0.190061 0
0  0.000579 -0.111452 -0.020736  0.838462 0.273840 -0.471162  0.150934 0.191120 0
0  0.000579 -0.108561 -0.015747  0.959027 0.240139 0.150337  0.152826 0.191772 0
Material_0
0  0.000579 -0.108561 -0.015747  0.959027 0.240139 0.150337  0.152826 0.191772 0
0  0.000579 -0.111452 -0.020736  0.838462 0.273840 -0.471162  0.150934 0.191120 0
0  0.000579 -0.102685 -0.020707  0.621412 0.348680 -0.701619  0.150934 0.193158 0
Material_0
0  0.000579 -0.111452 -0.020736  0.838462 0.273840 -0.471162  0.150934 0.191120 0
0  -0.000884 -0.111452 -0.020736  -0.838317 0.273586 -0.471567  0.150934 0.191120 0
0  0.000579 -0.102685 -0.020707  0.621412 0.348680 -0.701619  0.150934 0.193158 0
Material_0
0  0.000579 -0.102685 -0.020707  0.621412 0.348680 -0.701619  0.150934 0.193158 0
0  -0.000884 -0.111452 -0.020736  -0.838317 0.273586 -0.471567  0.150934 0.191120 0
0  -0.000884 -0.102685 -0.020707  -0.621489 0.348641 -0.701570  0.150934 0.193158 0
Material_0
0  -0.000884 -0.111452 -0.020736  -0.838317 0.273586 -0.471567  0.150934 0.191120 0
0  -0.000884 -0.108561 -0.015747  -0.959024 0.240132 0.150365  0.152826 0.191772 0
0  -0.000884 -0.102685 -0.020707  -0.621489 0.348641 -0.701570  0.150934 0.193158 0
Material_0
0  -0.000884 -0.102685 -0.020707  -0.621489 0.348641 -0.701570  0.150934 0.193158 0
0  -0.000884 -0.108561 -0.015747  -0.959024 0.240132 0.150365  0.152826 0.191772 0
0  -0.000884 -0.102920 -0.015622  -0.629220 0.286507 0.722493  0.152912 0.193076 0
Material_0
0  -0.000884 -0.108561 -0.015747  -0.959024 0.240132 0.150365  0.152826 0.191772 0
0  0.000579 -0.108561 -0.015747  0.959027 0.240139 0.150337  0.152826 0.191772 0
0  -0.000884 -0.102920 -0.015622  -0.629220 0.286507 0.722493  0.152912 0.193076 0
Material_0
0  -0.000884 -0.102920 -0.015622  -0.629220 0.286507 0.722493  0.152912 0.193076 0
0  0.000579 -0.108561 -0.015747  0.959027 0.240139 0.150337  0.152826 0.191772 0
0  0.000579 -0.102920 -0.015622  0.629230 0.286453 0.722506  0.152912 0.193076 0
Material_0
0  0.000579 -0.108561 -0.015747  0.959027 0.240139 0.150337  0.152826 0.191772 0
0  0.000579 -0.102685 -0.020707  0.621412 0.348680 -0.701619  0.150934 0.193158 0
0  0.000579 -0.102920 -0.015622  0.629230 0.286453 0.722506  0.152912 0.193076 0
Material_0
0  0.000579 -0.102920 -0.015622  0.629230 0.286453 0.722506  0.152912 0.193076 0
0  0.000579 -0.102685 -0.020707  0.621412 0.348680 -0.701619  0.150934 0.193158 0
0  0.000579 -0.100559 -0.017916  0.582576 0.811070 0.052633  0.151966 0.193647 0
Material_0
0  0.000579 -0.102685 -0.020707  0.621412 0.348680 -0.701619  0.150934 0.193158 0
0  -0.000884 -0.102685 -0.020707  -0.621489 0.348641 -0.701570  0.150934 0.193158 0
0  0.000579 -0.100559 -0.017916  0.582576 0.811070 0.052633  0.151966 0.193647 0
Material_0
0  0.000579 -0.100559 -0.017916  0.582576 0.811070 0.052633  0.151966 0.193647 0
0  -0.000884 -0.102685 -0.020707  -0.621489 0.348641 -0.701570  0.150934 0.193158 0
0  -0.000884 -0.100559 -0.017916  -0.582580 0.811066 0.052657  0.151966 0.193647 0
Material_0
0  -0.000884 -0.102685 -0.020707  -0.621489 0.348641 -0.701570  0.150934 0.193158 0
0  -0.000884 -0.102920 -0.015622  -0.629220 0.286507 0.722493  0.152912 0.193076 0
0  -0.000884 -0.100559 -0.017916  -0.582580 0.811066 0.052657  0.151966 0.193647 0
Material_0
0  -0.000884 -0.102920 -0.015622  -0.629220 0.286507 0.722493  0.152912 0.193076 0
0  0.000579 -0.102920 -0.015622  0.629230 0.286453 0.722506  0.152912 0.193076 0
0  -0.000884 -0.100559 -0.017916  -0.582580 0.811066 0.052657  0.151966 0.193647 0
Material_0
0  -0.000884 -0.100559 -0.017916  -0.582580 0.811066 0.052657  0.151966 0.193647 0
0  0.000579 -0.102920 -0.015622  0.629230 0.286453 0.722506  0.152912 0.193076 0
0  0.000579 -0.100559 -0.017916  0.582576 0.811070 0.052633  0.151966 0.193647 0
Material_0
0  0.000579 -0.109194 -0.005777  0.617041 -0.433037 0.657069  0.156695 0.191691 0
0  0.000579 -0.108561 -0.015747  0.959027 0.240139 0.150337  0.152826 0.191772 0
0  0.000579 -0.104398 -0.008549  0.618996 0.784743 -0.031989  0.155663 0.192750 0
Material_0
0  0.000579 -0.108561 -0.015747  0.959027 0.240139 0.150337  0.152826 0.191772 0
0  -0.000884 -0.108561 -0.015747  -0.959024 0.240132 0.150365  0.152826 0.191772 0
0  0.000579 -0.104398 -0.008549  0.618996 0.784743 -0.031989  0.155663 0.192750 0
Material_0
0  0.000579 -0.104398 -0.008549  0.618996 0.784743 -0.031989  0.155663 0.192750 0
0  -0.000884 -0.108561 -0.015747  -0.959024 0.240132 0.150365  0.152826 0.191772 0
0  -0.000884 -0.104398 -0.008549  -0.618995 0.784742 -0.032011  0.155663 0.192750 0
Material_0
0  -0.000884 -0.108561 -0.015747  -0.959024 0.240132 0.150365  0.152826 0.191772 0
0  -0.000884 -0.109194 -0.005777  -0.617153 -0.432976 0.657004  0.156695 0.191691 0
0  -0.000884 -0.104398 -0.008549  -0.618995 0.784742 -0.032011  0.155663 0.192750 0
Material_0
0  -0.000884 -0.104398 -0.008549  -0.618995 0.784742 -0.032011  0.155663 0.192750 0
0  -0.000884 -0.109194 -0.005777  -0.617153 -0.432976 0.657004  0.156695 0.191691 0
0  -0.000884 -0.105759 -0.005376  -0.592930 0.401275 0.698149  0.156867 0.192424 0
Material_0
0  -0.000884 -0.109194 -0.005777  -0.617153 -0.432976 0.657004  0.156695 0.191691 0
0  0.000579 -0.109194 -0.005777  0.617041 -0.433037 0.657069  0.156695 0.191691 0
0  -0.000884 -0.105759 -0.005376  -0.592930 0.401275 0.698149  0.156867 0.192424 0
Material_0
0  -0.000884 -0.105759 -0.005376  -0.592930 0.401275 0.698149  0.156867 0.192424 0
0  0.000579 -0.109194 -0.005777  0.617041 -0.433037 0.657069  0.156695 0.191691 0
0  0.000579 -0.105759 -0.005376  0.592920 0.401260 0.698166  0.156867 0.192424 0
Material_0
0  0.000579 -0.109194 -0.005777  0.617041 -0.433037 0.657069  0.156695 0.191691 0
0  0.000579 -0.104398 -0.008549  0.618996 0.784743 -0.031989  0.155663 0.192750 0
0  0.000579 -0.105759 -0.005376  0.592920 0.401260 0.698166  0.156867 0.192424 0
Material_0
0  0.000579 -0.104398 -0.008549  0.618996 0.784743 -0.031989  0.155663 0.192750 0
0  -0.000884 -0.104398 -0.008549  -0.618995 0.784742 -0.032011  0.155663 0.192750 0
0  0.000579 -0.105759 -0.005376  0.592920 0.401260 0.698166  0.156867 0.192424 0
Material_0
0  0.000579 -0.105759 -0.005376  0.592920 0.401260 0.698166  0.156867 0.192424 0
0  -0.000884 -0.104398 -0.008549  -0.618995 0.784742 -0.032011  0.155663 0.192750 0
0  -0.000884 -0.105759 -0.005376  -0.592930 0.401275 0.698149  0.156867 0.192424 0
Material_0
0  -0.000884 -0.125639 -0.045301  -0.902862 0.111182 -0.415305  0.141391 0.187860 0
0  -0.000884 -0.131457 -0.044373  -0.839100 -0.273900 0.469989  0.141735 0.186556 0
0  -0.000884 -0.130405 -0.042548  -0.903117 -0.413243 -0.116661  0.142423 0.186800 0
Material_0
0  -0.000884 -0.131457 -0.044373  -0.839100 -0.273900 0.469989  0.141735 0.186556 0
0  0.000579 -0.131457 -0.044373  0.839123 -0.273909 0.469943  0.141735 0.186556 0
0  -0.000884 -0.130405 -0.042548  -0.903117 -0.413243 -0.116661  0.142423 0.186800 0
Material_0
0  -0.000884 -0.130405 -0.042548  -0.903117 -0.413243 -0.116661  0.142423 0.186800 0
0  0.000579 -0.131457 -0.044373  0.839123 -0.273909 0.469943  0.141735 0.186556 0
0  0.000579 -0.130405 -0.042548  0.903123 -0.413237 -0.116634  0.142423 0.186800 0
Material_0
0  0.000579 -0.130405 -0.042548  0.903123 -0.413237 -0.116634  0.142423 0.186800 0
0  0.000579 -0.131457 -0.044373  0.839123 -0.273909 0.469943  0.141735 0.186556 0
0  0.000579 -0.125639 -0.045301  0.902866 0.111180 -0.415297  0.141391 0.187860 0
Material_0
0  0.000579 -0.131457 -0.044373  0.839123 -0.273909 0.469943  0.141735 0.186556 0
0  0.000579 -0.126691 -0.047126  0.838304 0.543479 -0.043333  0.140703 0.187615 0
0  0.000579 -0.125639 -0.045301  0.902866 0.111180 -0.415297  0.141391 0.187860 0
Material_0
0  0.000579 -0.125639 -0.045301  0.902866 0.111180 -0.415297  0.141391 0.187860 0
0  0.000579 -0.126691 -0.047126  0.838304 0.543479 -0.043333  0.140703 0.187615 0
0  -0.000884 -0.126691 -0.047126  -0.838303 0.543479 -0.043349  0.140703 0.187615 0
Material_0
0  -0.000884 -0.126691 -0.047126  -0.838303 0.543479 -0.043349  0.140703 0.187615 0
0  0.000579 -0.126691 -0.047126  0.838304 0.543479 -0.043333  0.140703 0.187615 0
0  -0.000884 -0.122329 -0.054725  -0.620337 0.782025 0.060162  0.137694 0.188594 0
Material_0
0  0.000579 -0.126691 -0.047126  0.838304 0.543479 -0.043333  0.140703 0.187615 0
0  0.000579 -0.122329 -0.054725  0.620336 0.782026 0.060155  0.137694 0.188594 0
0  -0.000884 -0.122329 -0.054725  -0.620337 0.782025 0.060162  0.137694 0.188594 0
Material_0
0  -0.000884 -0.122329 -0.054725  -0.620337 0.782025 0.060162  0.137694 0.188594 0
0  0.000579 -0.122329 -0.054725  0.620336 0.782026 0.060155  0.137694 0.188594 0
0  -0.000884 -0.123683 -0.057965  -0.580675 0.352717 -0.733762  0.136490 0.188349 0
Material_0
0  0.000579 -0.122329 -0.054725  0.620336 0.782026 0.060155  0.137694 0.188594 0
0  0.000579 -0.123683 -0.057965  0.586564 0.352719 -0.729062  0.136490 0.188349 0
0  -0.000884 -0.123683 -0.057965  -0.580675 0.352717 -0.733762  0.136490 0.188349 0
Material_0
0  -0.000884 -0.123683 -0.057965  -0.580675 0.352717 -0.733762  0.136490 0.188349 0
0  0.000579 -0.123683 -0.057965  0.586564 0.352719 -0.729062  0.136490 0.188349 0
0  -0.000884 -0.126853 -0.057076  -0.629658 -0.483593 -0.608004  0.136834 0.187615 0
Material_0
0  -0.000884 -0.126853 -0.057076  -0.629658 -0.483593 -0.608004  0.136834 0.187615 0
0  0.000579 -0.123683 -0.057965  0.586564 0.352719 -0.729062  0.136490 0.188349 0
0  0.000579 -0.126853 -0.057076  0.629402 -0.483402 -0.608420  0.136834 0.187615 0
Material_0
0  0.000579 -0.123683 -0.057965  0.586564 0.352719 -0.729062  0.136490 0.188349 0
0  0.000579 -0.122329 -0.054725  0.620336 0.782026 0.060155  0.137694 0.188594 0
0  0.000579 -0.126853 -0.057076  0.629402 -0.483402 -0.608420  0.136834 0.187615 0
Material_0
0  0.000579 -0.126853 -0.057076  0.629402 -0.483402 -0.608420  0.136834 0.187615 0
0  0.000579 -0.122329 -0.054725  0.620336 0.782026 0.060155  0.137694 0.188594 0
0  0.000579 -0.129566 -0.052125  0.959112 -0.002195 -0.283018  0.138726 0.186963 0
Material_0
0  0.000579 -0.122329 -0.054725  0.620336 0.782026 0.060155  0.137694 0.188594 0
0  0.000579 -0.126691 -0.047126  0.838304 0.543479 -0.043333  0.140703 0.187615 0
0  0.000579 -0.129566 -0.052125  0.959112 -0.002195 -0.283018  0.138726 0.186963 0
Material_0
0  0.000579 -0.125639 -0.045301  0.902866 0.111180 -0.415297  0.141391 0.187860 0
0  -0.000884 -0.126691 -0.047126  -0.838303 0.543479 -0.043349  0.140703 0.187615 0
0  -0.000884 -0.125639 -0.045301  -0.902862 0.111182 -0.415305  0.141391 0.187860 0
Material_0
0  -0.000884 -0.125639 -0.045301  -0.902862 0.111182 -0.415305  0.141391 0.187860 0
0  -0.000884 -0.126691 -0.047126  -0.838303 0.543479 -0.043349  0.140703 0.187615 0
0  -0.000884 -0.131457 -0.044373  -0.839100 -0.273900 0.469989  0.141735 0.186556 0
Material_0
0  -0.000884 -0.131457 -0.044373  -0.839100 -0.273900 0.469989  0.141735 0.186556 0
0  -0.000884 -0.126691 -0.047126  -0.838303 0.543479 -0.043349  0.140703 0.187615 0
0  -0.000884 -0.134340 -0.049363  -0.959026 -0.240136 -0.150344  0.139843 0.185822 0
Material_0
0  -0.000884 -0.126691 -0.047126  -0.838303 0.543479 -0.043349  0.140703 0.187615 0
0  -0.000884 -0.129566 -0.052125  -0.959136 -0.002222 -0.282936  0.138726 0.186963 0
0  -0.000884 -0.134340 -0.049363  -0.959026 -0.240136 -0.150344  0.139843 0.185822 0
Material_0
0  -0.000884 -0.134340 -0.049363  -0.959026 -0.240136 -0.150344  0.139843 0.185822 0
0  -0.000884 -0.129566 -0.052125  -0.959136 -0.002222 -0.282936  0.138726 0.186963 0
0  -0.000884 -0.133714 -0.059332  -0.616454 0.433011 -0.657637  0.135974 0.185985 0
Material_0
0  -0.000884 -0.129566 -0.052125  -0.959136 -0.002222 -0.282936  0.138726 0.186963 0
0  0.000579 -0.129566 -0.052125  0.959112 -0.002195 -0.283018  0.138726 0.186963 0
0  -0.000884 -0.133714 -0.059332  -0.616454 0.433011 -0.657637  0.135974 0.185985 0
Material_0
0  -0.000884 -0.133714 -0.059332  -0.616454 0.433011 -0.657637  0.135974 0.185985 0
0  0.000579 -0.129566 -0.052125  0.959112 -0.002195 -0.283018  0.138726 0.186963 0
0  0.000579 -0.133714 -0.059332  0.616387 0.433034 -0.657684  0.135974 0.185985 0
Material_0
0  0.000579 -0.133714 -0.059332  0.616387 0.433034 -0.657684  0.135974 0.185985 0
0  0.000579 -0.129566 -0.052125  0.959112 -0.002195 -0.283018  0.138726 0.186963 0
0  0.000579 -0.134340 -0.049363  0.959024 -0.240131 -0.150369  0.139843 0.185822 0
Material_0
0  0.000579 -0.129566 -0.052125  0.959112 -0.002195 -0.283018  0.138726 0.186963 0
0  0.000579 -0.126691 -0.047126  0.838304 0.543479 -0.043333  0.140703 0.187615 0
0  0.000579 -0.134340 -0.049363  0.959024 -0.240131 -0.150369  0.139843 0.185822 0
Material_0
0  0.000579 -0.126691 -0.047126  0.838304 0.543479 -0.043333  0.140703 0.187615 0
0  0.000579 -0.131457 -0.044373  0.839123 -0.273909 0.469943  0.141735 0.186556 0
0  0.000579 -0.134340 -0.049363  0.959024 -0.240131 -0.150369  0.139843 0.185822 0
Material_0
0  0.000579 -0.134340 -0.049363  0.959024 -0.240131 -0.150369  0.139843 0.185822 0
0  0.000579 -0.131457 -0.044373  0.839123 -0.273909 0.469943  0.141735 0.186556 0
0  0.000579 -0.140223 -0.044402  0.621463 -0.348654 0.701587  0.141735 0.184518 0
Material_0
0  0.000579 -0.131457 -0.044373  0.839123 -0.273909 0.469943  0.141735 0.186556 0
0  -0.000884 -0.131457 -0.044373  -0.839100 -0.273900 0.469989  0.141735 0.186556 0
0  0.000579 -0.140223 -0.044402  0.621463 -0.348654 0.701587  0.141735 0.184518 0
Material_0
0  0.000579 -0.140223 -0.044402  0.621463 -0.348654 0.701587  0.141735 0.184518 0
0  -0.000884 -0.131457 -0.044373  -0.839100 -0.273900 0.469989  0.141735 0.186556 0
0  -0.000884 -0.140223 -0.044402  -0.621591 -0.348590 0.701505  0.141735 0.184518 0
Material_0
0  -0.000884 -0.131457 -0.044373  -0.839100 -0.273900 0.469989  0.141735 0.186556 0
0  -0.000884 -0.134340 -0.049363  -0.959026 -0.240136 -0.150344  0.139843 0.185822 0
0  -0.000884 -0.140223 -0.044402  -0.621591 -0.348590 0.701505  0.141735 0.184518 0
Material_0
0  -0.000884 -0.140223 -0.044402  -0.621591 -0.348590 0.701505  0.141735 0.184518 0
0  -0.000884 -0.134340 -0.049363  -0.959026 -0.240136 -0.150344  0.139843 0.185822 0
0  -0.000884 -0.139988 -0.049487  -0.629871 -0.286487 -0.721933  0.139757 0.184518 0
Material_0
0  -0.000884 -0.134340 -0.049363  -0.959026 -0.240136 -0.150344  0.139843 0.185822 0
0  0.000579 -0.134340 -0.049363  0.959024 -0.240131 -0.150369  0.139843 0.185822 0
0  -0.000884 -0.139988 -0.049487  -0.629871 -0.286487 -0.721933  0.139757 0.184518 0
Material_0
0  -0.000884 -0.139988 -0.049487  -0.629871 -0.286487 -0.721933  0.139757 0.184518 0
0  0.000579 -0.134340 -0.049363  0.959024 -0.240131 -0.150369  0.139843 0.185822 0
0  0.000579 -0.139988 -0.049487  0.629872 -0.286495 -0.721929  0.139757 0.184518 0
Material_0
0  0.000579 -0.134340 -0.049363  0.959024 -0.240131 -0.150369  0.139843 0.185822 0
0  0.000579 -0.140223 -0.044402  0.621463 -0.348654 0.701587  0.141735 0.184518 0
0  0.000579 -0.139988 -0.049487  0.629872 -0.286495 -0.721929  0.139757 0.184518 0
Material_0
0  0.000579 -0.139988 -0.049487  0.629872 -0.286495 -0.721929  0.139757 0.184518 0
0  0.000579 -0.140223 -0.044402  0.621463 -0.348654 0.701587  0.141735 0.184518 0
0  0.000579 -0.142349 -0.047193  0.582891 -0.811063 -0.049139  0.140617 0.184029 0
Material_0
0  0.000579 -0.140223 -0.044402  0.621463 -0.348654 0.701587  0.141735 0.184518 0
0  -0.000884 -0.140223 -0.044402  -0.621591 -0.348590 0.701505  0.141735 0.184518 0
0  0.000579 -0.142349 -0.047193  0.582891 -0.811063 -0.049139  0.140617 0.184029 0
Material_0
0  0.000579 -0.142349 -0.047193  0.582891 -0.811063 -0.049139  0.140617 0.184029 0
0  -0.000884 -0.140223 -0.044402  -0.621591 -0.348590 0.701505  0.141735 0.184518 0
0  -0.000884 -0.142349 -0.047193  -0.582888 -0.811068 -0.049095  0.140617 0.184029 0
Material_0
0  -0.000884 -0.140223 -0.044402  -0.621591 -0.348590 0.701505  0.141735 0.184518 0
0  -0.000884 -0.139988 -0.049487  -0.629871 -0.286487 -0.721933  0.139757 0.184518 0
0  -0.000884 -0.142349 -0.047193  -0.582888 -0.811068 -0.049095  0.140617 0.184029 0
Material_0
0  -0.000884 -0.139988 -0.049487  -0.629871 -0.286487 -0.721933  0.139757 0.184518 0
0  0.000579 -0.139988 -0.049487  0.629872 -0.286495 -0.721929  0.139757 0.184518 0
0  -0.000884 -0.142349 -0.047193  -0.582888 -0.811068 -0.049095  0.140617 0.184029 0
Material_0
0  -0.000884 -0.142349 -0.047193  -0.582888 -0.811068 -0.049095  0.140617 0.184029 0
0  0.000579 -0.139988 -0.049487  0.629872 -0.286495 -0.721929  0.139757 0.184518 0
0  0.000579 -0.142349 -0.047193  0.582891 -0.811063 -0.049139  0.140617 0.184029 0
Material_0
0  -0.000884 -0.123683 -0.057965  -0.580675 0.352717 -0.733762  0.136490 0.188349 0
0  -0.000884 -0.126853 -0.057076  -0.629658 -0.483593 -0.608004  0.136834 0.187615 0
0  -0.000884 -0.122329 -0.054725  -0.620337 0.782025 0.060162  0.137694 0.188594 0
Material_0
0  -0.000884 -0.122329 -0.054725  -0.620337 0.782025 0.060162  0.137694 0.188594 0
0  -0.000884 -0.126853 -0.057076  -0.629658 -0.483593 -0.608004  0.136834 0.187615 0
0  -0.000884 -0.129566 -0.052125  -0.959136 -0.002222 -0.282936  0.138726 0.186963 0
Material_0
0  -0.000884 -0.126853 -0.057076  -0.629658 -0.483593 -0.608004  0.136834 0.187615 0
0  0.000579 -0.126853 -0.057076  0.629402 -0.483402 -0.608420  0.136834 0.187615 0
0  -0.000884 -0.129566 -0.052125  -0.959136 -0.002222 -0.282936  0.138726 0.186963 0
Material_0
0  -0.000884 -0.129566 -0.052125  -0.959136 -0.002222 -0.282936  0.138726 0.186963 0
0  0.000579 -0.126853 -0.057076  0.629402 -0.483402 -0.608420  0.136834 0.187615 0
0  0.000579 -0.129566 -0.052125  0.959112 -0.002195 -0.283018  0.138726 0.186963 0
Material_0
0  -0.000884 -0.126691 -0.047126  -0.838303 0.543479 -0.043349  0.140703 0.187615 0
0  -0.000884 -0.122329 -0.054725  -0.620337 0.782025 0.060162  0.137694 0.188594 0
0  -0.000884 -0.129566 -0.052125  -0.959136 -0.002222 -0.282936  0.138726 0.186963 0
Material_0
0  0.000579 -0.133714 -0.059332  0.616387 0.433034 -0.657684  0.135974 0.185985 0
0  0.000579 -0.134340 -0.049363  0.959024 -0.240131 -0.150369  0.139843 0.185822 0
0  0.000579 -0.138510 -0.056560  0.618990 -0.784740 0.032165  0.137006 0.184926 0
Material_0
0  0.000579 -0.134340 -0.049363  0.959024 -0.240131 -0.150369  0.139843 0.185822 0
0  -0.000884 -0.134340 -0.049363  -0.959026 -0.240136 -0.150344  0.139843 0.185822 0
0  0.000579 -0.138510 -0.056560  0.618990 -0.784740 0.032165  0.137006 0.184926 0
Material_0
0  0.000579 -0.138510 -0.056560  0.618990 -0.784740 0.032165  0.137006 0.184926 0
0  -0.000884 -0.134340 -0.049363  -0.959026 -0.240136 -0.150344  0.139843 0.185822 0
0  -0.000884 -0.138510 -0.056560  -0.618989 -0.784742 0.032131  0.137006 0.184926 0
Material_0
0  -0.000884 -0.134340 -0.049363  -0.959026 -0.240136 -0.150344  0.139843 0.185822 0
0  -0.000884 -0.133714 -0.059332  -0.616454 0.433011 -0.657637  0.135974 0.185985 0
0  -0.000884 -0.138510 -0.056560  -0.618989 -0.784742 0.032131  0.137006 0.184926 0
Material_0
0  -0.000884 -0.138510 -0.056560  -0.618989 -0.784742 0.032131  0.137006 0.184926 0
0  -0.000884 -0.133714 -0.059332  -0.616454 0.433011 -0.657637  0.135974 0.185985 0
0  -0.000884 -0.137142 -0.059734  -0.590689 -0.401273 -0.700047  0.135802 0.185170 0
Material_0
0  -0.000884 -0.133714 -0.059332  -0.616454 0.433011 -0.657637  0.135974 0.185985 0
0  0.000579 -0.133714 -0.059332  0.616387 0.433034 -0.657684  0.135974 0.185985 0
0  -0.000884 -0.137142 -0.059734  -0.590689 -0.401273 -0.700047  0.135802 0.185170 0
Material_0
0  -0.000884 -0.137142 -0.059734  -0.590689 -0.401273 -0.700047  0.135802 0.185170 0
0  0.000579 -0.133714 -0.059332  0.616387 0.433034 -0.657684  0.135974 0.185985 0
0  0.000579 -0.137142 -0.059734  0.590679 -0.401270 -0.700057  0.135802 0.185170 0
Material_0
0  0.000579 -0.133714 -0.059332  0.616387 0.433034 -0.657684  0.135974 0.185985 0
0  0.000579 -0.138510 -0.056560  0.618990 -0.784740 0.032165  0.137006 0.184926 0
0  0.000579 -0.137142 -0.059734  0.590679 -0.401270 -0.700057  0.135802 0.185170 0
Material_0
0  0.000579 -0.138510 -0.056560  0.618990 -0.784740 0.032165  0.137006 0.184926 0
0  -0.000884 -0.138510 -0.056560  -0.618989 -0.784742 0.032131  0.137006 0.184926 0
0  0.000579 -0.137142 -0.059734  0.590679 -0.401270 -0.700057  0.135802 0.185170 0
Material_0
0  0.000579 -0.137142 -0.059734  0.590679 -0.401270 -0.700057  0.135802 0.185170 0
0  -0.000884 -0.138510 -0.056560  -0.618989 -0.784742 0.032131  0.137006 0.184926 0
0  -0.000884 -0.137142 -0.059734  -0.590689 -0.401273 -0.700047  0.135802 0.185170 0
Material_0
0  0.000579 -0.116218 -0.047126  0.838394 -0.543483 -0.041506  0.140703 0.190061 0
0  0.000579 -0.113342 -0.052125  0.959102 0.002184 -0.283051  0.138726 0.190713 0
0  0.000579 -0.111452 -0.044373  0.836725 0.273897 0.474207  0.141735 0.191120 0
Material_0
0  0.000579 -0.111452 -0.044373  0.836725 0.273897 0.474207  0.141735 0.191120 0
0  0.000579 -0.113342 -0.052125  0.959102 0.002184 -0.283051  0.138726 0.190713 0
0  0.000579 -0.108561 -0.049363  0.959022 0.240129 -0.150382  0.139843 0.191772 0
Material_0
0  0.000579 -0.113342 -0.052125  0.959102 0.002184 -0.283051  0.138726 0.190713 0
0  0.000579 -0.116218 -0.047126  0.838394 -0.543483 -0.041506  0.140703 0.190061 0
0  0.000579 -0.120579 -0.054725  0.619935 -0.782029 0.064120  0.137694 0.189001 0
Material_0
0  0.000579 -0.116218 -0.047126  0.838394 -0.543483 -0.041506  0.140703 0.190061 0
0  -0.000884 -0.116218 -0.047126  -0.838395 -0.543479 -0.041536  0.140703 0.190061 0
0  0.000579 -0.120579 -0.054725  0.619935 -0.782029 0.064120  0.137694 0.189001 0
Material_0
0  0.000579 -0.120579 -0.054725  0.619935 -0.782029 0.064120  0.137694 0.189001 0
0  -0.000884 -0.116218 -0.047126  -0.838395 -0.543479 -0.041536  0.140703 0.190061 0
0  -0.000884 -0.120579 -0.054725  -0.619935 -0.782027 0.064153  0.137694 0.189001 0
Material_0
0  -0.000884 -0.116218 -0.047126  -0.838395 -0.543479 -0.041536  0.140703 0.190061 0
0  -0.000884 -0.113342 -0.052125  -0.959120 0.002203 -0.282991  0.138726 0.190713 0
0  -0.000884 -0.120579 -0.054725  -0.619935 -0.782027 0.064153  0.137694 0.189001 0
Material_0
0  -0.000884 -0.120579 -0.054725  -0.619935 -0.782027 0.064153  0.137694 0.189001 0
0  -0.000884 -0.113342 -0.052125  -0.959120 0.002203 -0.282991  0.138726 0.190713 0
0  -0.000884 -0.116056 -0.057076  -0.628976 0.483492 -0.608790  0.136834 0.190061 0
Material_0
0  -0.000884 -0.113342 -0.052125  -0.959120 0.002203 -0.282991  0.138726 0.190713 0
0  0.000579 -0.113342 -0.052125  0.959102 0.002184 -0.283051  0.138726 0.190713 0
0  -0.000884 -0.116056 -0.057076  -0.628976 0.483492 -0.608790  0.136834 0.190061 0
Material_0
0  -0.000884 -0.116056 -0.057076  -0.628976 0.483492 -0.608790  0.136834 0.190061 0
0  0.000579 -0.113342 -0.052125  0.959102 0.002184 -0.283051  0.138726 0.190713 0
0  0.000579 -0.116056 -0.057076  0.628879 0.483514 -0.608872  0.136834 0.190061 0
Material_0
0  0.000579 -0.113342 -0.052125  0.959102 0.002184 -0.283051  0.138726 0.190713 0
0  0.000579 -0.120579 -0.054725  0.619935 -0.782029 0.064120  0.137694 0.189001 0
0  0.000579 -0.116056 -0.057076  0.628879 0.483514 -0.608872  0.136834 0.190061 0
Material_0
0  0.000579 -0.116056 -0.057076  0.628879 0.483514 -0.608872  0.136834 0.190061 0
0  0.000579 -0.120579 -0.054725  0.619935 -0.782029 0.064120  0.137694 0.189001 0
0  0.000579 -0.119226 -0.057965  0.581280 -0.352708 -0.733288  0.136490 0.189327 0
Material_0
0  0.000579 -0.120579 -0.054725  0.619935 -0.782029 0.064120  0.137694 0.189001 0
0  -0.000884 -0.120579 -0.054725  -0.619935 -0.782027 0.064153  0.137694 0.189001 0
0  0.000579 -0.119226 -0.057965  0.581280 -0.352708 -0.733288  0.136490 0.189327 0
Material_0
0  0.000579 -0.119226 -0.057965  0.581280 -0.352708 -0.733288  0.136490 0.189327 0
0  -0.000884 -0.120579 -0.054725  -0.619935 -0.782027 0.064153  0.137694 0.189001 0
0  -0.000884 -0.119226 -0.057965  -0.581288 -0.352710 -0.733280  0.136490 0.189327 0
Material_0
0  -0.000884 -0.120579 -0.054725  -0.619935 -0.782027 0.064153  0.137694 0.189001 0
0  -0.000884 -0.116056 -0.057076  -0.628976 0.483492 -0.608790  0.136834 0.190061 0
0  -0.000884 -0.119226 -0.057965  -0.581288 -0.352710 -0.733280  0.136490 0.189327 0
Material_0
0  -0.000884 -0.116056 -0.057076  -0.628976 0.483492 -0.608790  0.136834 0.190061 0
0  0.000579 -0.116056 -0.057076  0.628879 0.483514 -0.608872  0.136834 0.190061 0
0  -0.000884 -0.119226 -0.057965  -0.581288 -0.352710 -0.733280  0.136490 0.189327 0
Material_0
0  -0.000884 -0.119226 -0.057965  -0.581288 -0.352710 -0.733280  0.136490 0.189327 0
0  0.000579 -0.116056 -0.057076  0.628879 0.483514 -0.608872  0.136834 0.190061 0
0  0.000579 -0.119226 -0.057965  0.581280 -0.352708 -0.733288  0.136490 0.189327 0
Material_0
0  -0.000884 -0.108561 -0.049363  -0.959024 0.240132 -0.150365  0.139843 0.191772 0
0  0.000579 -0.108561 -0.049363  0.959022 0.240129 -0.150382  0.139843 0.191772 0
0  -0.000884 -0.104398 -0.056560  -0.619179 0.784740 0.028273  0.137006 0.192750 0
Material_0
0  -0.000884 -0.104398 -0.056560  -0.619179 0.784740 0.028273  0.137006 0.192750 0
0  0.000579 -0.108561 -0.049363  0.959022 0.240129 -0.150382  0.139843 0.191772 0
0  0.000579 -0.104398 -0.056560  0.619179 0.784742 0.028229  0.137006 0.192750 0
Material_0
0  0.000579 -0.108561 -0.049363  0.959022 0.240129 -0.150382  0.139843 0.191772 0
0  0.000579 -0.113342 -0.052125  0.959102 0.002184 -0.283051  0.138726 0.190713 0
0  0.000579 -0.104398 -0.056560  0.619179 0.784742 0.028229  0.137006 0.192750 0
Material_0
0  0.000579 -0.104398 -0.056560  0.619179 0.784742 0.028229  0.137006 0.192750 0
0  0.000579 -0.113342 -0.052125  0.959102 0.002184 -0.283051  0.138726 0.190713 0
0  0.000579 -0.109194 -0.059332  0.617075 -0.433017 -0.657050  0.135974 0.191691 0
Material_0
0  0.000579 -0.113342 -0.052125  0.959102 0.002184 -0.283051  0.138726 0.190713 0
0  -0.000884 -0.113342 -0.052125  -0.959120 0.002203 -0.282991  0.138726 0.190713 0
0  0.000579 -0.109194 -0.059332  0.617075 -0.433017 -0.657050  0.135974 0.191691 0
Material_0
0  0.000579 -0.109194 -0.059332  0.617075 -0.433017 -0.657050  0.135974 0.191691 0
0  -0.000884 -0.113342 -0.052125  -0.959120 0.002203 -0.282991  0.138726 0.190713 0
0  -0.000884 -0.109194 -0.059332  -0.617011 -0.433052 -0.657087  0.135974 0.191691 0
Material_0
0  -0.000884 -0.113342 -0.052125  -0.959120 0.002203 -0.282991  0.138726 0.190713 0
0  -0.000884 -0.104398 -0.056560  -0.619179 0.784740 0.028273  0.137006 0.192750 0
0  -0.000884 -0.109194 -0.059332  -0.617011 -0.433052 -0.657087  0.135974 0.191691 0
Material_0
0  -0.000884 -0.109194 -0.059332  -0.617011 -0.433052 -0.657087  0.135974 0.191691 0
0  -0.000884 -0.104398 -0.056560  -0.619179 0.784740 0.028273  0.137006 0.192750 0
0  -0.000884 -0.105759 -0.059734  -0.595799 0.401276 -0.695702  0.135802 0.192424 0
Material_0
0  -0.000884 -0.104398 -0.056560  -0.619179 0.784740 0.028273  0.137006 0.192750 0
0  0.000579 -0.104398 -0.056560  0.619179 0.784742 0.028229  0.137006 0.192750 0
0  -0.000884 -0.105759 -0.059734  -0.595799 0.401276 -0.695702  0.135802 0.192424 0
Material_0
0  -0.000884 -0.105759 -0.059734  -0.595799 0.401276 -0.695702  0.135802 0.192424 0
0  0.000579 -0.104398 -0.056560  0.619179 0.784742 0.028229  0.137006 0.192750 0
0  0.000579 -0.105759 -0.059734  0.595881 0.401194 -0.695679  0.135802 0.192424 0
Material_0
0  0.000579 -0.104398 -0.056560  0.619179 0.784742 0.028229  0.137006 0.192750 0
0  0.000579 -0.109194 -0.059332  0.617075 -0.433017 -0.657050  0.135974 0.191691 0
0  0.000579 -0.105759 -0.059734  0.595881 0.401194 -0.695679  0.135802 0.192424 0
Material_0
0  0.000579 -0.109194 -0.059332  0.617075 -0.433017 -0.657050  0.135974 0.191691 0
0  -0.000884 -0.109194 -0.059332  -0.617011 -0.433052 -0.657087  0.135974 0.191691 0
0  0.000579 -0.105759 -0.059734  0.595881 0.401194 -0.695679  0.135802 0.192424 0
Material_0
0  0.000579 -0.105759 -0.059734  0.595881 0.401194 -0.695679  0.135802 0.192424 0
0  -0.000884 -0.109194 -0.059332  -0.617011 -0.433052 -0.657087  0.135974 0.191691 0
0  -0.000884 -0.105759 -0.059734  -0.595799 0.401276 -0.695702  0.135802 0.192424 0
Material_0
0  -0.000884 -0.108561 -0.049363  -0.959024 0.240132 -0.150365  0.139843 0.191772 0
0  -0.000884 -0.104398 -0.056560  -0.619179 0.784740 0.028273  0.137006 0.192750 0
0  -0.000884 -0.113342 -0.052125  -0.959120 0.002203 -0.282991  0.138726 0.190713 0
Material_0
0  0.000579 -0.130405 -0.042548  0.903123 -0.413237 -0.116634  0.142423 0.186800 0
0  0.000579 -0.134582 -0.029807  0.903760 -0.303050 0.302287  0.147409 0.185822 0
0  0.000579 -0.134582 -0.035303  0.904873 -0.303164 -0.298825  0.145260 0.185822 0
Material_0
0  0.000579 -0.134582 -0.029807  0.903760 -0.303050 0.302287  0.147409 0.185822 0
0  0.000579 -0.136693 -0.029807  0.836691 0.273867 0.474284  0.147409 0.185333 0
0  0.000579 -0.134582 -0.035303  0.904873 -0.303164 -0.298825  0.145260 0.185822 0
Material_0
0  0.000579 -0.134582 -0.035303  0.904873 -0.303164 -0.298825  0.145260 0.185822 0
0  0.000579 -0.136693 -0.029807  0.836691 0.273867 0.474284  0.147409 0.185333 0
0  0.000579 -0.136693 -0.035303  0.838498 0.273828 -0.471105  0.145260 0.185333 0
Material_0
0  0.000579 -0.136693 -0.029807  0.836691 0.273867 0.474284  0.147409 0.185333 0
0  0.000579 -0.142452 -0.029797  0.958809 -0.244371 0.144805  0.147409 0.183948 0
0  0.000579 -0.136693 -0.035303  0.838498 0.273828 -0.471105  0.145260 0.185333 0
Material_0
0  0.000579 -0.142452 -0.029797  0.958809 -0.244371 0.144805  0.147409 0.183948 0
0  0.000579 -0.142452 -0.035312  0.959389 -0.244383 -0.140887  0.145260 0.183948 0
0  0.000579 -0.136693 -0.035303  0.838498 0.273828 -0.471105  0.145260 0.185333 0
Material_0
0  0.000579 -0.136693 -0.035303  0.838498 0.273828 -0.471105  0.145260 0.185333 0
0  0.000579 -0.142452 -0.035312  0.959389 -0.244383 -0.140887  0.145260 0.183948 0
0  0.000579 -0.141091 -0.042882  0.621811 0.433068 -0.652536  0.142337 0.184274 0
Material_0
0  0.000579 -0.142452 -0.035312  0.959389 -0.244383 -0.140887  0.145260 0.183948 0
0  0.000579 -0.145386 -0.040139  0.630158 -0.768225 0.112833  0.143368 0.183296 0
0  0.000579 -0.141091 -0.042882  0.621811 0.433068 -0.652536  0.142337 0.184274 0
Material_0
0  0.000579 -0.145386 -0.040139  0.630158 -0.768225 0.112833  0.143368 0.183296 0
0  0.000579 -0.144577 -0.043332  0.582134 -0.456522 -0.672836  0.142165 0.183459 0
0  0.000579 -0.141091 -0.042882  0.621811 0.433068 -0.652536  0.142337 0.184274 0
Material_0
0  0.000579 -0.141091 -0.042882  0.621811 0.433068 -0.652536  0.142337 0.184274 0
0  0.000579 -0.144577 -0.043332  0.582134 -0.456522 -0.672836  0.142165 0.183459 0
0  -0.000884 -0.144577 -0.043332  -0.582146 -0.456522 -0.672825  0.142165 0.183459 0
Material_0
0  0.000579 -0.144577 -0.043332  0.582134 -0.456522 -0.672836  0.142165 0.183459 0
0  -0.000884 -0.145386 -0.040139  -0.630145 -0.768228 0.112886  0.143368 0.183296 0
0  -0.000884 -0.144577 -0.043332  -0.582146 -0.456522 -0.672825  0.142165 0.183459 0
Material_0
0  -0.000884 -0.144577 -0.043332  -0.582146 -0.456522 -0.672825  0.142165 0.183459 0
0  -0.000884 -0.145386 -0.040139  -0.630145 -0.768228 0.112886  0.143368 0.183296 0
0  -0.000884 -0.141091 -0.042882  -0.621735 0.433118 -0.652575  0.142337 0.184274 0
Material_0
0  -0.000884 -0.141091 -0.042882  -0.621735 0.433118 -0.652575  0.142337 0.184274 0
0  -0.000884 -0.145386 -0.040139  -0.630145 -0.768228 0.112886  0.143368 0.183296 0
0  -0.000884 -0.142452 -0.035312  -0.959379 -0.244377 -0.140970  0.145260 0.183948 0
Material_0
0  -0.000884 -0.142452 -0.035312  -0.959379 -0.244377 -0.140970  0.145260 0.183948 0
0  -0.000884 -0.145386 -0.040139  -0.630145 -0.768228 0.112886  0.143368 0.183296 0
0  0.000579 -0.145386 -0.040139  0.630158 -0.768225 0.112833  0.143368 0.183296 0
Material_0
0  -0.000884 -0.145386 -0.040139  -0.630145 -0.768228 0.112886  0.143368 0.183296 0
0  0.000579 -0.144577 -0.043332  0.582134 -0.456522 -0.672836  0.142165 0.183459 0
0  0.000579 -0.145386 -0.040139  0.630158 -0.768225 0.112833  0.143368 0.183296 0
Material_0
0  0.000579 -0.134582 -0.029807  0.903760 -0.303050 0.302287  0.147409 0.185822 0
0  -0.000884 -0.134582 -0.029807  -0.903735 -0.303100 0.302312  0.147409 0.185822 0
0  0.000579 -0.136693 -0.029807  0.836691 0.273867 0.474284  0.147409 0.185333 0
Material_0
0  -0.000884 -0.144577 -0.043332  -0.582146 -0.456522 -0.672825  0.142165 0.183459 0
0  -0.000884 -0.141091 -0.042882  -0.621735 0.433118 -0.652575  0.142337 0.184274 0
0  0.000579 -0.141091 -0.042882  0.621811 0.433068 -0.652536  0.142337 0.184274 0
Material_0
0  0.000579 -0.141091 -0.042882  0.621811 0.433068 -0.652536  0.142337 0.184274 0
0  -0.000884 -0.141091 -0.042882  -0.621735 0.433118 -0.652575  0.142337 0.184274 0
0  0.000579 -0.136693 -0.035303  0.838498 0.273828 -0.471105  0.145260 0.185333 0
Material_0
0  -0.000884 -0.141091 -0.042882  -0.621735 0.433118 -0.652575  0.142337 0.184274 0
0  -0.000884 -0.136693 -0.035303  -0.838495 0.273789 -0.471133  0.145260 0.185333 0
0  0.000579 -0.136693 -0.035303  0.838498 0.273828 -0.471105  0.145260 0.185333 0
Material_0
0  0.000579 -0.136693 -0.035303  0.838498 0.273828 -0.471105  0.145260 0.185333 0
0  -0.000884 -0.136693 -0.035303  -0.838495 0.273789 -0.471133  0.145260 0.185333 0
0  0.000579 -0.134582 -0.035303  0.904873 -0.303164 -0.298825  0.145260 0.185822 0
Material_0
0  -0.000884 -0.136693 -0.035303  -0.838495 0.273789 -0.471133  0.145260 0.185333 0
0  -0.000884 -0.141091 -0.042882  -0.621735 0.433118 -0.652575  0.142337 0.184274 0
0  -0.000884 -0.142452 -0.035312  -0.959379 -0.244377 -0.140970  0.145260 0.183948 0
Material_0
0  0.000579 -0.145386 -0.040139  0.630158 -0.768225 0.112833  0.143368 0.183296 0
0  0.000579 -0.142452 -0.035312  0.959389 -0.244383 -0.140887  0.145260 0.183948 0
0  -0.000884 -0.142452 -0.035312  -0.959379 -0.244377 -0.140970  0.145260 0.183948 0
Material_0
0  -0.000884 -0.142452 -0.035312  -0.959379 -0.244377 -0.140970  0.145260 0.183948 0
0  0.000579 -0.142452 -0.035312  0.959389 -0.244383 -0.140887  0.145260 0.183948 0
0  -0.000884 -0.150770 -0.035322  -0.616139 -0.352715 -0.704248  0.145260 0.182073 0
Material_0
0  0.000579 -0.142452 -0.035312  0.959389 -0.244383 -0.140887  0.145260 0.183948 0
0  0.000579 -0.150770 -0.035322  0.616224 -0.352690 -0.704186  0.145260 0.182073 0
0  -0.000884 -0.150770 -0.035322  -0.616139 -0.352715 -0.704248  0.145260 0.182073 0
Material_0
0  -0.000884 -0.150770 -0.035322  -0.616139 -0.352715 -0.704248  0.145260 0.182073 0
0  0.000579 -0.150770 -0.035322  0.616224 -0.352690 -0.704186  0.145260 0.182073 0
0  -0.000884 -0.152837 -0.032550  -0.594859 -0.803331 -0.028308  0.146292 0.181584 0
Material_0
0  0.000579 -0.150770 -0.035322  0.616224 -0.352690 -0.704186  0.145260 0.182073 0
0  0.000579 -0.152837 -0.032550  0.594857 -0.803332 -0.028337  0.146292 0.181584 0
0  -0.000884 -0.152837 -0.032550  -0.594859 -0.803331 -0.028308  0.146292 0.181584 0
Material_0
0  -0.000884 -0.152837 -0.032550  -0.594859 -0.803331 -0.028308  0.146292 0.181584 0
0  0.000579 -0.152837 -0.032550  0.594857 -0.803332 -0.028337  0.146292 0.181584 0
0  -0.000884 -0.150770 -0.029788  -0.616162 -0.352708 0.704231  0.147409 0.182073 0
Material_0
0  0.000579 -0.152837 -0.032550  0.594857 -0.803332 -0.028337  0.146292 0.181584 0
0  0.000579 -0.150770 -0.029788  0.616137 -0.352722 0.704246  0.147409 0.182073 0
0  -0.000884 -0.150770 -0.029788  -0.616162 -0.352708 0.704231  0.147409 0.182073 0
Material_0
0  -0.000884 -0.150770 -0.029788  -0.616162 -0.352708 0.704231  0.147409 0.182073 0
0  0.000579 -0.150770 -0.029788  0.616137 -0.352722 0.704246  0.147409 0.182073 0
0  -0.000884 -0.142452 -0.029797  -0.958808 -0.244371 0.144810  0.147409 0.183948 0
Material_0
0  -0.000884 -0.142452 -0.029797  -0.958808 -0.244371 0.144810  0.147409 0.183948 0
0  0.000579 -0.150770 -0.029788  0.616137 -0.352722 0.704246  0.147409 0.182073 0
0  0.000579 -0.142452 -0.029797  0.958809 -0.244371 0.144805  0.147409 0.183948 0
Material_0
0  0.000579 -0.150770 -0.029788  0.616137 -0.352722 0.704246  0.147409 0.182073 0
0  0.000579 -0.150770 -0.035322  0.616224 -0.352690 -0.704186  0.145260 0.182073 0
0  0.000579 -0.142452 -0.029797  0.958809 -0.244371 0.144805  0.147409 0.183948 0
Material_0
0  0.000579 -0.142452 -0.029797  0.958809 -0.244371 0.144805  0.147409 0.183948 0
0  0.000579 -0.150770 -0.035322  0.616224 -0.352690 -0.704186  0.145260 0.182073 0
0  0.000579 -0.142452 -0.035312  0.959389 -0.244383 -0.140887  0.145260 0.183948 0
Material_0
0  0.000579 -0.152837 -0.032550  0.594857 -0.803332 -0.028337  0.146292 0.181584 0
0  0.000579 -0.150770 -0.035322  0.616224 -0.352690 -0.704186  0.145260 0.182073 0
0  0.000579 -0.150770 -0.029788  0.616137 -0.352722 0.704246  0.147409 0.182073 0
Material_0
0  -0.000884 -0.152837 -0.032550  -0.594859 -0.803331 -0.028308  0.146292 0.181584 0
0  -0.000884 -0.150770 -0.029788  -0.616162 -0.352708 0.704231  0.147409 0.182073 0
0  -0.000884 -0.150770 -0.035322  -0.616139 -0.352715 -0.704248  0.145260 0.182073 0
Material_0
0  -0.000884 -0.150770 -0.029788  -0.616162 -0.352708 0.704231  0.147409 0.182073 0
0  -0.000884 -0.142452 -0.029797  -0.958808 -0.244371 0.144810  0.147409 0.183948 0
0  -0.000884 -0.150770 -0.035322  -0.616139 -0.352715 -0.704248  0.145260 0.182073 0
Material_0
0  -0.000884 -0.150770 -0.035322  -0.616139 -0.352715 -0.704248  0.145260 0.182073 0
0  -0.000884 -0.142452 -0.029797  -0.958808 -0.244371 0.144810  0.147409 0.183948 0
0  -0.000884 -0.142452 -0.035312  -0.959379 -0.244377 -0.140970  0.145260 0.183948 0
Material_0
0  -0.000884 -0.142452 -0.035312  -0.959379 -0.244377 -0.140970  0.145260 0.183948 0
0  -0.000884 -0.142452 -0.029797  -0.958808 -0.244371 0.144810  0.147409 0.183948 0
0  -0.000884 -0.136693 -0.035303  -0.838495 0.273789 -0.471133  0.145260 0.185333 0
Material_0
0  -0.000884 -0.142452 -0.029797  -0.958808 -0.244371 0.144810  0.147409 0.183948 0
0  -0.000884 -0.136693 -0.029807  -0.836657 0.273904 0.474322  0.147409 0.185333 0
0  -0.000884 -0.136693 -0.035303  -0.838495 0.273789 -0.471133  0.145260 0.185333 0
Material_0
0  -0.000884 -0.136693 -0.029807  -0.836657 0.273904 0.474322  0.147409 0.185333 0
0  -0.000884 -0.134582 -0.035303  -0.904865 -0.303122 -0.298892  0.145260 0.185822 0
0  -0.000884 -0.136693 -0.035303  -0.838495 0.273789 -0.471133  0.145260 0.185333 0
Material_0
0  -0.000884 -0.136693 -0.035303  -0.838495 0.273789 -0.471133  0.145260 0.185333 0
0  -0.000884 -0.134582 -0.035303  -0.904865 -0.303122 -0.298892  0.145260 0.185822 0
0  0.000579 -0.134582 -0.035303  0.904873 -0.303164 -0.298825  0.145260 0.185822 0
Material_0
0  -0.000884 -0.134582 -0.035303  -0.904865 -0.303122 -0.298892  0.145260 0.185822 0
0  0.000579 -0.134582 -0.040139  0.610494 -0.687504 -0.393238  0.143368 0.185822 0
0  0.000579 -0.134582 -0.035303  0.904873 -0.303164 -0.298825  0.145260 0.185822 0
Material_0
0  0.000579 -0.134582 -0.035303  0.904873 -0.303164 -0.298825  0.145260 0.185822 0
0  0.000579 -0.134582 -0.040139  0.610494 -0.687504 -0.393238  0.143368 0.185822 0
0  0.000579 -0.130405 -0.042548  0.903123 -0.413237 -0.116634  0.142423 0.186800 0
Material_0
0  0.000579 -0.134582 -0.040139  0.610494 -0.687504 -0.393238  0.143368 0.185822 0
0  -0.000884 -0.134582 -0.040139  -0.610506 -0.687537 -0.393160  0.143368 0.185822 0
0  0.000579 -0.130405 -0.042548  0.903123 -0.413237 -0.116634  0.142423 0.186800 0
Material_0
0  0.000579 -0.130405 -0.042548  0.903123 -0.413237 -0.116634  0.142423 0.186800 0
0  -0.000884 -0.134582 -0.040139  -0.610506 -0.687537 -0.393160  0.143368 0.185822 0
0  -0.000884 -0.130405 -0.042548  -0.903117 -0.413243 -0.116661  0.142423 0.186800 0
Material_0
0  -0.000884 -0.134582 -0.040139  -0.610506 -0.687537 -0.393160  0.143368 0.185822 0
0  -0.000884 -0.134582 -0.035303  -0.904865 -0.303122 -0.298892  0.145260 0.185822 0
0  -0.000884 -0.130405 -0.042548  -0.903117 -0.413243 -0.116661  0.142423 0.186800 0
Material_0
0  -0.000884 -0.130405 -0.042548  -0.903117 -0.413243 -0.116661  0.142423 0.186800 0
0  -0.000884 -0.134582 -0.035303  -0.904865 -0.303122 -0.298892  0.145260 0.185822 0
0  -0.000884 -0.134582 -0.029807  -0.903735 -0.303100 0.302312  0.147409 0.185822 0
Material_0
0  -0.000884 -0.134582 -0.035303  -0.904865 -0.303122 -0.298892  0.145260 0.185822 0
0  -0.000884 -0.136693 -0.029807  -0.836657 0.273904 0.474322  0.147409 0.185333 0
0  -0.000884 -0.134582 -0.029807  -0.903735 -0.303100 0.302312  0.147409 0.185822 0
Material_0
0  -0.000884 -0.134582 -0.029807  -0.903735 -0.303100 0.302312  0.147409 0.185822 0
0  -0.000884 -0.136693 -0.029807  -0.836657 0.273904 0.474322  0.147409 0.185333 0
0  0.000579 -0.136693 -0.029807  0.836691 0.273867 0.474284  0.147409 0.185333 0
Material_0
0  -0.000884 -0.136693 -0.029807  -0.836657 0.273904 0.474322  0.147409 0.185333 0
0  0.000579 -0.141091 -0.022227  0.619132 0.433065 0.655080  0.150333 0.184274 0
0  0.000579 -0.136693 -0.029807  0.836691 0.273867 0.474284  0.147409 0.185333 0
Material_0
0  0.000579 -0.136693 -0.029807  0.836691 0.273867 0.474284  0.147409 0.185333 0
0  0.000579 -0.141091 -0.022227  0.619132 0.433065 0.655080  0.150333 0.184274 0
0  0.000579 -0.142452 -0.029797  0.958809 -0.244371 0.144805  0.147409 0.183948 0
Material_0
0  0.000579 -0.141091 -0.022227  0.619132 0.433065 0.655080  0.150333 0.184274 0
0  0.000579 -0.145386 -0.024970  0.630145 -0.768228 -0.112887  0.149301 0.183296 0
0  0.000579 -0.142452 -0.029797  0.958809 -0.244371 0.144805  0.147409 0.183948 0
Material_0
0  0.000579 -0.145386 -0.024970  0.630145 -0.768228 -0.112887  0.149301 0.183296 0
0  -0.000884 -0.145386 -0.024970  -0.630157 -0.768225 -0.112835  0.149301 0.183296 0
0  0.000579 -0.142452 -0.029797  0.958809 -0.244371 0.144805  0.147409 0.183948 0
Material_0
0  0.000579 -0.142452 -0.029797  0.958809 -0.244371 0.144805  0.147409 0.183948 0
0  -0.000884 -0.145386 -0.024970  -0.630157 -0.768225 -0.112835  0.149301 0.183296 0
0  -0.000884 -0.142452 -0.029797  -0.958808 -0.244371 0.144810  0.147409 0.183948 0
Material_0
0  -0.000884 -0.145386 -0.024970  -0.630157 -0.768225 -0.112835  0.149301 0.183296 0
0  -0.000884 -0.141091 -0.022227  -0.619191 0.433186 0.654945  0.150333 0.184274 0
0  -0.000884 -0.142452 -0.029797  -0.958808 -0.244371 0.144810  0.147409 0.183948 0
Material_0
0  -0.000884 -0.142452 -0.029797  -0.958808 -0.244371 0.144810  0.147409 0.183948 0
0  -0.000884 -0.141091 -0.022227  -0.619191 0.433186 0.654945  0.150333 0.184274 0
0  -0.000884 -0.136693 -0.029807  -0.836657 0.273904 0.474322  0.147409 0.185333 0
Material_0
0  -0.000884 -0.136693 -0.029807  -0.836657 0.273904 0.474322  0.147409 0.185333 0
0  -0.000884 -0.141091 -0.022227  -0.619191 0.433186 0.654945  0.150333 0.184274 0
0  0.000579 -0.141091 -0.022227  0.619132 0.433065 0.655080  0.150333 0.184274 0
Material_0
0  -0.000884 -0.141091 -0.022227  -0.619191 0.433186 0.654945  0.150333 0.184274 0
0  0.000579 -0.144577 -0.021778  0.582146 -0.456521 0.672826  0.150504 0.183459 0
0  0.000579 -0.141091 -0.022227  0.619132 0.433065 0.655080  0.150333 0.184274 0
Material_0
0  0.000579 -0.141091 -0.022227  0.619132 0.433065 0.655080  0.150333 0.184274 0
0  0.000579 -0.144577 -0.021778  0.582146 -0.456521 0.672826  0.150504 0.183459 0
0  0.000579 -0.145386 -0.024970  0.630145 -0.768228 -0.112887  0.149301 0.183296 0
Material_0
0  0.000579 -0.144577 -0.021778  0.582146 -0.456521 0.672826  0.150504 0.183459 0
0  -0.000884 -0.144577 -0.021778  -0.582133 -0.456523 0.672836  0.150504 0.183459 0
0  0.000579 -0.145386 -0.024970  0.630145 -0.768228 -0.112887  0.149301 0.183296 0
Material_0
0  0.000579 -0.145386 -0.024970  0.630145 -0.768228 -0.112887  0.149301 0.183296 0
0  -0.000884 -0.144577 -0.021778  -0.582133 -0.456523 0.672836  0.150504 0.183459 0
0  -0.000884 -0.145386 -0.024970  -0.630157 -0.768225 -0.112835  0.149301 0.183296 0
Material_0
0  -0.000884 -0.145386 -0.024970  -0.630157 -0.768225 -0.112835  0.149301 0.183296 0
0  -0.000884 -0.144577 -0.021778  -0.582133 -0.456523 0.672836  0.150504 0.183459 0
0  -0.000884 -0.141091 -0.022227  -0.619191 0.433186 0.654945  0.150333 0.184274 0
Material_0
0  -0.000884 -0.144577 -0.021778  -0.582133 -0.456523 0.672836  0.150504 0.183459 0
0  0.000579 -0.144577 -0.021778  0.582146 -0.456521 0.672826  0.150504 0.183459 0
0  -0.000884 -0.141091 -0.022227  -0.619191 0.433186 0.654945  0.150333 0.184274 0
Material_0
0  -0.000884 -0.134582 -0.040139  -0.610506 -0.687537 -0.393160  0.143368 0.185822 0
0  0.000579 -0.134582 -0.040139  0.610494 -0.687504 -0.393238  0.143368 0.185822 0
0  -0.000884 -0.134582 -0.035303  -0.904865 -0.303122 -0.298892  0.145260 0.185822 0
Material_0
0  -0.003191 0.058487 0.005759  -0.000000 0.865654 -0.500644  0.144744 0.843493 0
0  -0.003191 0.058869 0.008684  0.003731 0.965898 0.258898  0.144744 0.843575 0
0  0.003915 0.058869 0.008684  0.003730 0.966957 0.254913  0.141219 0.843575 0
Material_0
0  0.003915 0.058869 0.008684  0.003730 0.966957 0.254913  0.141219 0.843575 0
0  -0.003191 0.058869 0.008684  0.003731 0.965898 0.258898  0.144744 0.843575 0
0  0.003915 0.057075 0.011026  -0.000015 0.498750 0.866746  0.141219 0.843249 0
Material_0
0  -0.003191 0.058869 0.008684  0.003731 0.965898 0.258898  0.144744 0.843575 0
0  -0.003191 0.057075 0.011026  0.000027 0.501189 0.865338  0.144744 0.843249 0
0  0.003915 0.057075 0.011026  -0.000015 0.498750 0.866746  0.141219 0.843249 0
Material_0
0  -0.003191 0.057075 0.011026  0.000027 0.501189 0.865338  0.144744 0.843249 0
0  0.003915 0.054148 0.011418  -0.000001 -0.257069 0.966393  0.141219 0.842841 0
0  0.003915 0.057075 0.011026  -0.000015 0.498750 0.866746  0.141219 0.843249 0
Material_0
0  0.003915 0.054148 0.011418  -0.000001 -0.257069 0.966393  0.141219 0.842841 0
0  0.005204 0.055148 0.007690  0.999998 0.002199 -0.000002  0.140531 0.842923 0
0  0.003915 0.057075 0.011026  -0.000015 0.498750 0.866746  0.141219 0.843249 0
Material_0
0  0.003915 0.057075 0.011026  -0.000015 0.498750 0.866746  0.141219 0.843249 0
0  0.005204 0.055148 0.007690  0.999998 0.002199 -0.000002  0.140531 0.842923 0
0  0.003915 0.058869 0.008684  0.003730 0.966957 0.254913  0.141219 0.843575 0
Material_0
0  0.005204 0.055148 0.007690  0.999998 0.002199 -0.000002  0.140531 0.842923 0
0  0.003915 0.058487 0.005759  0.000007 0.865673 -0.500610  0.141219 0.843493 0
0  0.003915 0.058869 0.008684  0.003730 0.966957 0.254913  0.141219 0.843575 0
Material_0
0  0.003915 0.058869 0.008684  0.003730 0.966957 0.254913  0.141219 0.843575 0
0  0.003915 0.058487 0.005759  0.000007 0.865673 -0.500610  0.141219 0.843493 0
0  -0.003191 0.058487 0.005759  -0.000000 0.865654 -0.500644  0.144744 0.843493 0
Material_0
0  -0.003191 0.057075 0.011026  0.000027 0.501189 0.865338  0.144744 0.843249 0
0  -0.003191 0.058869 0.008684  0.003731 0.965898 0.258898  0.144744 0.843575 0
0  -0.004482 0.055148 0.007690  -0.999998 0.002199 -0.000002  0.145432 0.842923 0
Material_0
0  -0.004482 0.055148 0.007690  -0.999998 0.002199 -0.000002  0.145432 0.842923 0
0  -0.003191 0.058869 0.008684  0.003731 0.965898 0.258898  0.144744 0.843575 0
0  -0.003191 0.058487 0.005759  -0.000000 0.865654 -0.500644  0.144744 0.843493 0
Material_0
0  -0.004482 0.055148 0.007690  -0.999998 0.002199 -0.000002  0.145432 0.842923 0
0  -0.003191 0.054148 0.011418  0.000001 -0.257085 0.966389  0.144744 0.842841 0
0  -0.003191 0.057075 0.011026  0.000027 0.501189 0.865338  0.144744 0.843249 0
Material_0
0  -0.003191 0.057075 0.011026  0.000027 0.501189 0.865338  0.144744 0.843249 0
0  -0.003191 0.054148 0.011418  0.000001 -0.257085 0.966389  0.144744 0.842841 0
0  0.003915 0.054148 0.011418  -0.000001 -0.257069 0.966393  0.141219 0.842841 0
Material_0
0  -0.003191 0.054148 0.011418  0.000001 -0.257085 0.966389  0.144744 0.842841 0
0  0.003915 0.051809 0.009621  0.000009 -0.865637 0.500672  0.141219 0.842434 0
0  0.003915 0.054148 0.011418  -0.000001 -0.257069 0.966393  0.141219 0.842841 0
Material_0
0  0.003915 0.054148 0.011418  -0.000001 -0.257069 0.966393  0.141219 0.842841 0
0  0.003915 0.051809 0.009621  0.000009 -0.865637 0.500672  0.141219 0.842434 0
0  0.005204 0.055148 0.007690  0.999998 0.002199 -0.000002  0.140531 0.842923 0
Material_0
0  0.003915 0.051809 0.009621  0.000009 -0.865637 0.500672  0.141219 0.842434 0
0  0.003915 0.051419 0.006686  -0.000030 -0.966956 -0.254944  0.141219 0.842352 0
0  0.005204 0.055148 0.007690  0.999998 0.002199 -0.000002  0.140531 0.842923 0
Material_0
0  0.005204 0.055148 0.007690  0.999998 0.002199 -0.000002  0.140531 0.842923 0
0  0.003915 0.051419 0.006686  -0.000030 -0.966956 -0.254944  0.141219 0.842352 0
0  0.003915 0.053221 0.004345  -0.000022 -0.498678 -0.866787  0.141219 0.842678 0
Material_0
0  0.003915 0.053221 0.004345  -0.000022 -0.498678 -0.866787  0.141219 0.842678 0
0  0.003915 0.051419 0.006686  -0.000030 -0.966956 -0.254944  0.141219 0.842352 0
0  -0.003191 0.051419 0.006686  0.000030 -0.966944 -0.254990  0.144744 0.842352 0
Material_0
0  0.003915 0.051419 0.006686  -0.000030 -0.966956 -0.254944  0.141219 0.842352 0
0  -0.003191 0.051809 0.009621  0.000005 -0.865664 0.500624  0.144744 0.842434 0
0  -0.003191 0.051419 0.006686  0.000030 -0.966944 -0.254990  0.144744 0.842352 0
Material_0
0  -0.003191 0.051419 0.006686  0.000030 -0.966944 -0.254990  0.144744 0.842352 0
0  -0.003191 0.051809 0.009621  0.000005 -0.865664 0.500624  0.144744 0.842434 0
0  -0.004482 0.055148 0.007690  -0.999998 0.002199 -0.000002  0.145432 0.842923 0
Material_0
0  -0.004482 0.055148 0.007690  -0.999998 0.002199 -0.000002  0.145432 0.842923 0
0  -0.003191 0.051809 0.009621  0.000005 -0.865664 0.500624  0.144744 0.842434 0
0  -0.003191 0.054148 0.011418  0.000001 -0.257085 0.966389  0.144744 0.842841 0
Material_0
0  -0.003191 0.054148 0.011418  0.000001 -0.257085 0.966389  0.144744 0.842841 0
0  -0.003191 0.051809 0.009621  0.000005 -0.865664 0.500624  0.144744 0.842434 0
0  0.003915 0.051809 0.009621  0.000009 -0.865637 0.500672  0.141219 0.842434 0
Material_0
0  -0.003191 0.051809 0.009621  0.000005 -0.865664 0.500624  0.144744 0.842434 0
0  0.003915 0.051419 0.006686  -0.000030 -0.966956 -0.254944  0.141219 0.842352 0
0  0.003915 0.051809 0.009621  0.000009 -0.865637 0.500672  0.141219 0.842434 0
Material_0
0  0.003915 0.053221 0.004345  -0.000022 -0.498678 -0.866787  0.141219 0.842678 0
0  0.003915 0.056148 0.003962  -0.000034 0.257029 -0.966404  0.141219 0.843167 0
0  0.005204 0.055148 0.007690  0.999998 0.002199 -0.000002  0.140531 0.842923 0
Material_0
0  0.005204 0.055148 0.007690  0.999998 0.002199 -0.000002  0.140531 0.842923 0
0  0.003915 0.056148 0.003962  -0.000034 0.257029 -0.966404  0.141219 0.843167 0
0  0.003915 0.058487 0.005759  0.000007 0.865673 -0.500610  0.141219 0.843493 0
Material_0
0  0.003915 0.056148 0.003962  -0.000034 0.257029 -0.966404  0.141219 0.843167 0
0  -0.003191 0.056148 0.003962  0.000037 0.257057 -0.966396  0.144744 0.843167 0
0  0.003915 0.058487 0.005759  0.000007 0.865673 -0.500610  0.141219 0.843493 0
Material_0
0  0.003915 0.058487 0.005759  0.000007 0.865673 -0.500610  0.141219 0.843493 0
0  -0.003191 0.056148 0.003962  0.000037 0.257057 -0.966396  0.144744 0.843167 0
0  -0.003191 0.058487 0.005759  -0.000000 0.865654 -0.500644  0.144744 0.843493 0
Material_0
0  -0.003191 0.058487 0.005759  -0.000000 0.865654 -0.500644  0.144744 0.843493 0
0  -0.003191 0.056148 0.003962  0.000037 0.257057 -0.966396  0.144744 0.843167 0
0  -0.004482 0.055148 0.007690  -0.999998 0.002199 -0.000002  0.145432 0.842923 0
Material_0
0  -0.003191 0.056148 0.003962  0.000037 0.257057 -0.966396  0.144744 0.843167 0
0  -0.003191 0.053221 0.004345  0.000025 -0.498596 -0.866835  0.144744 0.842678 0
0  -0.004482 0.055148 0.007690  -0.999998 0.002199 -0.000002  0.145432 0.842923 0
Material_0
0  -0.004482 0.055148 0.007690  -0.999998 0.002199 -0.000002  0.145432 0.842923 0
0  -0.003191 0.053221 0.004345  0.000025 -0.498596 -0.866835  0.144744 0.842678 0
0  -0.003191 0.051419 0.006686  0.000030 -0.966944 -0.254990  0.144744 0.842352 0
Material_0
0  -0.003191 0.051419 0.006686  0.000030 -0.966944 -0.254990  0.144744 0.842352 0
0  -0.003191 0.053221 0.004345  0.000025 -0.498596 -0.866835  0.144744 0.842678 0
0  0.003915 0.053221 0.004345  -0.000022 -0.498678 -0.866787  0.141219 0.842678 0
Material_0
0  0.003915 0.053221 0.004345  -0.000022 -0.498678 -0.866787  0.141219 0.842678 0
0  -0.003191 0.053221 0.004345  0.000025 -0.498596 -0.866835  0.144744 0.842678 0
0  0.003915 0.056148 0.003962  -0.000034 0.257029 -0.966404  0.141219 0.843167 0
Material_0
0  -0.003191 0.053221 0.004345  0.000025 -0.498596 -0.866835  0.144744 0.842678 0
0  -0.003191 0.056148 0.003962  0.000037 0.257057 -0.966396  0.144744 0.843167 0
0  0.003915 0.056148 0.003962  -0.000034 0.257029 -0.966404  0.141219 0.843167 0
Material_0
0  0.000495 -0.075561 -0.031088  0.003715 0.991982 0.126324  0.147581 0.538824 0
0  -0.000438 -0.077995 -0.031384  -0.917322 -0.393254 -0.062221  0.149043 0.536624 0
0  -0.000438 -0.080966 -0.026127  -0.916451 -0.244374 -0.316857  0.149043 0.533853 0
Material_0
0  -0.000438 -0.080966 -0.026127  -0.916451 -0.244374 -0.316857  0.149043 0.533853 0
0  -0.000438 -0.077995 -0.031384  -0.917322 -0.393254 -0.062221  0.149043 0.536624 0
0  0.001429 -0.080966 -0.026127  0.916468 -0.244367 -0.316815  0.146120 0.533853 0
Material_0
0  -0.000438 -0.077995 -0.031384  -0.917322 -0.393254 -0.062221  0.149043 0.536624 0
0  0.001429 -0.077995 -0.031384  0.917323 -0.393253 -0.062218  0.146120 0.536624 0
0  0.001429 -0.080966 -0.026127  0.916468 -0.244367 -0.316815  0.146120 0.533853 0
Material_0
0  0.001429 -0.080966 -0.026127  0.916468 -0.244367 -0.316815  0.146120 0.533853 0
0  0.001429 -0.077995 -0.031384  0.917323 -0.393253 -0.062218  0.146120 0.536624 0
0  0.000495 -0.079451 -0.024196  -0.003542 0.618003 0.786168  0.147581 0.535238 0
Material_0
0  0.001429 -0.077995 -0.031384  0.917323 -0.393253 -0.062218  0.146120 0.536624 0
0  0.000495 -0.075561 -0.031088  0.003715 0.991982 0.126324  0.147581 0.538824 0
0  0.000495 -0.079451 -0.024196  -0.003542 0.618003 0.786168  0.147581 0.535238 0
Material_0
0  0.000495 -0.079451 -0.024196  -0.003542 0.618003 0.786168  0.147581 0.535238 0
0  0.000495 -0.075561 -0.031088  0.003715 0.991982 0.126324  0.147581 0.538824 0
0  -0.000438 -0.080966 -0.026127  -0.916451 -0.244374 -0.316857  0.149043 0.533853 0
Material_0
0  0.000495 -0.075561 -0.031088  0.003715 0.991982 0.126324  0.147581 0.538824 0
0  0.001429 -0.077995 -0.031384  0.917323 -0.393253 -0.062218  0.146120 0.536624 0
0  0.001429 -0.079613 -0.037195  0.917289 -0.311511 0.248074  0.146120 0.535075 0
Material_0
0  0.001429 -0.079613 -0.037195  0.917289 -0.311511 0.248074  0.146120 0.535075 0
0  0.001429 -0.077995 -0.031384  0.917323 -0.393253 -0.062218  0.146120 0.536624 0
0  -0.000438 -0.079613 -0.037195  -0.917296 -0.311506 0.248055  0.149043 0.535075 0
Material_0
0  0.001429 -0.077995 -0.031384  0.917323 -0.393253 -0.062218  0.146120 0.536624 0
0  -0.000438 -0.077995 -0.031384  -0.917322 -0.393254 -0.062221  0.149043 0.536624 0
0  -0.000438 -0.079613 -0.037195  -0.917296 -0.311506 0.248055  0.149043 0.535075 0
Material_0
0  -0.000438 -0.079613 -0.037195  -0.917296 -0.311506 0.248055  0.149043 0.535075 0
0  -0.000438 -0.077995 -0.031384  -0.917322 -0.393254 -0.062221  0.149043 0.536624 0
0  0.000495 -0.077686 -0.038705  -0.000216 0.787261 -0.616620  0.147581 0.536868 0
Material_0
0  -0.000438 -0.077995 -0.031384  -0.917322 -0.393254 -0.062221  0.149043 0.536624 0
0  0.000495 -0.075561 -0.031088  0.003715 0.991982 0.126324  0.147581 0.538824 0
0  0.000495 -0.077686 -0.038705  -0.000216 0.787261 -0.616620  0.147581 0.536868 0
Material_0
0  0.000495 -0.075561 -0.031088  0.003715 0.991982 0.126324  0.147581 0.538824 0
0  0.001429 -0.079613 -0.037195  0.917289 -0.311511 0.248074  0.146120 0.535075 0
0  0.000495 -0.077686 -0.038705  -0.000216 0.787261 -0.616620  0.147581 0.536868 0
Material_0
0  0.000495 -0.077686 -0.038705  -0.000216 0.787261 -0.616620  0.147581 0.536868 0
0  0.001429 -0.079613 -0.037195  0.917289 -0.311511 0.248074  0.146120 0.535075 0
0  0.001429 -0.084872 -0.040158  0.919039 -0.045976 0.391476  0.146120 0.530266 0
Material_0
0  0.001429 -0.079613 -0.037195  0.917289 -0.311511 0.248074  0.146120 0.535075 0
0  -0.000438 -0.084872 -0.040158  -0.919034 -0.045979 0.391489  0.149043 0.530266 0
0  0.001429 -0.084872 -0.040158  0.919039 -0.045976 0.391476  0.146120 0.530266 0
Material_0
0  0.001429 -0.084872 -0.040158  0.919039 -0.045976 0.391476  0.146120 0.530266 0
0  -0.000438 -0.084872 -0.040158  -0.919034 -0.045979 0.391489  0.149043 0.530266 0
0  -0.000438 -0.090682 -0.038543  -0.917753 0.244321 0.313109  0.149043 0.524887 0
Material_0
0  -0.000438 -0.090682 -0.038543  -0.917753 0.244321 0.313109  0.149043 0.524887 0
0  -0.000438 -0.084872 -0.040158  -0.919034 -0.045979 0.391489  0.149043 0.530266 0
0  0.000495 -0.092197 -0.040474  -0.000008 -0.618066 -0.786126  0.147581 0.523501 0
Material_0
0  -0.000438 -0.084872 -0.040158  -0.919034 -0.045979 0.391489  0.149043 0.530266 0
0  0.000495 -0.084570 -0.042596  -0.000017 0.119996 -0.992774  0.147581 0.530511 0
0  0.000495 -0.092197 -0.040474  -0.000008 -0.618066 -0.786126  0.147581 0.523501 0
Material_0
0  0.000495 -0.092197 -0.040474  -0.000008 -0.618066 -0.786126  0.147581 0.523501 0
0  0.000495 -0.084570 -0.042596  -0.000017 0.119996 -0.992774  0.147581 0.530511 0
0  0.001429 -0.090682 -0.038543  0.917680 0.244380 0.313276  0.146120 0.524887 0
Material_0
0  0.000495 -0.084570 -0.042596  -0.000017 0.119996 -0.992774  0.147581 0.530511 0
0  0.001429 -0.084872 -0.040158  0.919039 -0.045976 0.391476  0.146120 0.530266 0
0  0.001429 -0.090682 -0.038543  0.917680 0.244380 0.313276  0.146120 0.524887 0
Material_0
0  0.001429 -0.084872 -0.040158  0.919039 -0.045976 0.391476  0.146120 0.530266 0
0  -0.000438 -0.090682 -0.038543  -0.917753 0.244321 0.313109  0.149043 0.524887 0
0  0.001429 -0.090682 -0.038543  0.917680 0.244380 0.313276  0.146120 0.524887 0
Material_0
0  0.001429 -0.090682 -0.038543  0.917680 0.244380 0.313276  0.146120 0.524887 0
0  -0.000438 -0.090682 -0.038543  -0.917753 0.244321 0.313109  0.149043 0.524887 0
0  -0.000438 -0.093646 -0.033286  -0.917197 0.393254 0.064038  0.149043 0.522197 0
Material_0
0  -0.000438 -0.093646 -0.033286  -0.917197 0.393254 0.064038  0.149043 0.522197 0
0  -0.000438 -0.090682 -0.038543  -0.917753 0.244321 0.313109  0.149043 0.524887 0
0  0.000495 -0.096080 -0.033582  0.000000 -0.991987 -0.126342  0.147581 0.519915 0
Material_0
0  -0.000438 -0.090682 -0.038543  -0.917753 0.244321 0.313109  0.149043 0.524887 0
0  0.000495 -0.092197 -0.040474  -0.000008 -0.618066 -0.786126  0.147581 0.523501 0
0  0.000495 -0.096080 -0.033582  0.000000 -0.991987 -0.126342  0.147581 0.519915 0
Material_0
0  0.000495 -0.096080 -0.033582  0.000000 -0.991987 -0.126342  0.147581 0.519915 0
0  0.000495 -0.092197 -0.040474  -0.000008 -0.618066 -0.786126  0.147581 0.523501 0
0  0.001429 -0.093646 -0.033286  0.917196 0.393255 0.064047  0.146120 0.522197 0
Material_0
0  0.000495 -0.092197 -0.040474  -0.000008 -0.618066 -0.786126  0.147581 0.523501 0
0  0.001429 -0.090682 -0.038543  0.917680 0.244380 0.313276  0.146120 0.524887 0
0  0.001429 -0.093646 -0.033286  0.917196 0.393255 0.064047  0.146120 0.522197 0
Material_0
0  0.001429 -0.090682 -0.038543  0.917680 0.244380 0.313276  0.146120 0.524887 0
0  -0.000438 -0.093646 -0.033286  -0.917197 0.393254 0.064038  0.149043 0.522197 0
0  0.001429 -0.093646 -0.033286  0.917196 0.393255 0.064047  0.146120 0.522197 0
Material_0
0  0.001429 -0.093646 -0.033286  0.917196 0.393255 0.064047  0.146120 0.522197 0
0  -0.000438 -0.093646 -0.033286  -0.917197 0.393254 0.064038  0.149043 0.522197 0
0  -0.000438 -0.092028 -0.027475  -0.918426 0.311375 -0.244006  0.149043 0.523664 0
Material_0
0  -0.000438 -0.092028 -0.027475  -0.918426 0.311375 -0.244006  0.149043 0.523664 0
0  -0.000438 -0.093646 -0.033286  -0.917197 0.393254 0.064038  0.149043 0.522197 0
0  0.000495 -0.093962 -0.025964  -0.000222 -0.787580 0.616212  0.147581 0.521871 0
Material_0
0  -0.000438 -0.093646 -0.033286  -0.917197 0.393254 0.064038  0.149043 0.522197 0
0  0.000495 -0.096080 -0.033582  0.000000 -0.991987 -0.126342  0.147581 0.519915 0
0  0.000495 -0.093962 -0.025964  -0.000222 -0.787580 0.616212  0.147581 0.521871 0
Material_0
0  0.000495 -0.093962 -0.025964  -0.000222 -0.787580 0.616212  0.147581 0.521871 0
0  0.000495 -0.096080 -0.033582  0.000000 -0.991987 -0.126342  0.147581 0.519915 0
0  0.001429 -0.092028 -0.027475  0.918314 0.311458 -0.244321  0.146120 0.523664 0
Material_0
0  0.000495 -0.096080 -0.033582  0.000000 -0.991987 -0.126342  0.147581 0.519915 0
0  0.001429 -0.093646 -0.033286  0.917196 0.393255 0.064047  0.146120 0.522197 0
0  0.001429 -0.092028 -0.027475  0.918314 0.311458 -0.244321  0.146120 0.523664 0
Material_0
0  0.001429 -0.093646 -0.033286  0.917196 0.393255 0.064047  0.146120 0.522197 0
0  -0.000438 -0.092028 -0.027475  -0.918426 0.311375 -0.244006  0.149043 0.523664 0
0  0.001429 -0.092028 -0.027475  0.918314 0.311458 -0.244321  0.146120 0.523664 0
Material_0
0  0.001429 -0.092028 -0.027475  0.918314 0.311458 -0.244321  0.146120 0.523664 0
0  -0.000438 -0.092028 -0.027475  -0.918426 0.311375 -0.244006  0.149043 0.523664 0
0  -0.000438 -0.086777 -0.024512  -0.917578 0.045853 -0.394904  0.149043 0.528473 0
Material_0
0  -0.000438 -0.086777 -0.024512  -0.917578 0.045853 -0.394904  0.149043 0.528473 0
0  -0.000438 -0.092028 -0.027475  -0.918426 0.311375 -0.244006  0.149043 0.523664 0
0  0.000495 -0.087071 -0.022074  -0.000030 -0.119967 0.992778  0.147581 0.528229 0
Material_0
0  -0.000438 -0.092028 -0.027475  -0.918426 0.311375 -0.244006  0.149043 0.523664 0
0  0.000495 -0.093962 -0.025964  -0.000222 -0.787580 0.616212  0.147581 0.521871 0
0  0.000495 -0.087071 -0.022074  -0.000030 -0.119967 0.992778  0.147581 0.528229 0
Material_0
0  0.000495 -0.087071 -0.022074  -0.000030 -0.119967 0.992778  0.147581 0.528229 0
0  0.000495 -0.093962 -0.025964  -0.000222 -0.787580 0.616212  0.147581 0.521871 0
0  0.001429 -0.086777 -0.024512  0.917640 0.045958 -0.394746  0.146120 0.528473 0
Material_0
0  0.000495 -0.093962 -0.025964  -0.000222 -0.787580 0.616212  0.147581 0.521871 0
0  0.001429 -0.092028 -0.027475  0.918314 0.311458 -0.244321  0.146120 0.523664 0
0  0.001429 -0.086777 -0.024512  0.917640 0.045958 -0.394746  0.146120 0.528473 0
Material_0
0  0.001429 -0.086777 -0.024512  0.917640 0.045958 -0.394746  0.146120 0.528473 0
0  0.001429 -0.092028 -0.027475  0.918314 0.311458 -0.244321  0.146120 0.523664 0
0  -0.000438 -0.086777 -0.024512  -0.917578 0.045853 -0.394904  0.149043 0.528473 0
Material_0
0  0.001429 -0.079613 -0.037195  0.917289 -0.311511 0.248074  0.146120 0.535075 0
0  -0.000438 -0.079613 -0.037195  -0.917296 -0.311506 0.248055  0.149043 0.535075 0
0  -0.000438 -0.084872 -0.040158  -0.919034 -0.045979 0.391489  0.149043 0.530266 0
Material_0
0  -0.000438 -0.084872 -0.040158  -0.919034 -0.045979 0.391489  0.149043 0.530266 0
0  -0.000438 -0.079613 -0.037195  -0.917296 -0.311506 0.248055  0.149043 0.535075 0
0  0.000495 -0.084570 -0.042596  -0.000017 0.119996 -0.992774  0.147581 0.530511 0
Material_0
0  -0.000438 -0.079613 -0.037195  -0.917296 -0.311506 0.248055  0.149043 0.535075 0
0  0.000495 -0.077686 -0.038705  -0.000216 0.787261 -0.616620  0.147581 0.536868 0
0  0.000495 -0.084570 -0.042596  -0.000017 0.119996 -0.992774  0.147581 0.530511 0
Material_0
0  0.000495 -0.084570 -0.042596  -0.000017 0.119996 -0.992774  0.147581 0.530511 0
0  0.000495 -0.077686 -0.038705  -0.000216 0.787261 -0.616620  0.147581 0.536868 0
0  0.001429 -0.084872 -0.040158  0.919039 -0.045976 0.391476  0.146120 0.530266 0
Material_0
0  0.001429 -0.086777 -0.024512  0.917640 0.045958 -0.394746  0.146120 0.528473 0
0  0.001429 -0.080966 -0.026127  0.916468 -0.244367 -0.316815  0.146120 0.533853 0
0  0.000495 -0.087071 -0.022074  -0.000030 -0.119967 0.992778  0.147581 0.528229 0
Material_0
0  0.001429 -0.080966 -0.026127  0.916468 -0.244367 -0.316815  0.146120 0.533853 0
0  0.000495 -0.079451 -0.024196  -0.003542 0.618003 0.786168  0.147581 0.535238 0
0  0.000495 -0.087071 -0.022074  -0.000030 -0.119967 0.992778  0.147581 0.528229 0
Material_0
0  0.000495 -0.087071 -0.022074  -0.000030 -0.119967 0.992778  0.147581 0.528229 0
0  0.000495 -0.079451 -0.024196  -0.003542 0.618003 0.786168  0.147581 0.535238 0
0  -0.000438 -0.086777 -0.024512  -0.917578 0.045853 -0.394904  0.149043 0.528473 0
Material_0
0  0.000495 -0.079451 -0.024196  -0.003542 0.618003 0.786168  0.147581 0.535238 0
0  -0.000438 -0.080966 -0.026127  -0.916451 -0.244374 -0.316857  0.149043 0.533853 0
0  -0.000438 -0.086777 -0.024512  -0.917578 0.045853 -0.394904  0.149043 0.528473 0
Material_0
0  -0.000438 -0.086777 -0.024512  -0.917578 0.045853 -0.394904  0.149043 0.528473 0
0  -0.000438 -0.080966 -0.026127  -0.916451 -0.244374 -0.316857  0.149043 0.533853 0
0  0.001429 -0.086777 -0.024512  0.917640 0.045958 -0.394746  0.146120 0.528473 0
Material_0
0  -0.000438 -0.080966 -0.026127  -0.916451 -0.244374 -0.316857  0.149043 0.533853 0
0  0.001429 -0.080966 -0.026127  0.916468 -0.244367 -0.316815  0.146120 0.533853 0
0  0.001429 -0.086777 -0.024512  0.917640 0.045958 -0.394746  0.146120 0.528473 0
end
